exe,mean,median,std,min,max,n,pct_vs_baseline,cov
som-rs-bc-l4bits,55.4418,55.239,0.7573266798416652,54.716,56.722,5,0.14643103218149478,0.013659850146309558
som-rs-bc-l3bits,55.4794,55.511,0.18187028344399933,55.184,55.636,5,0.14565406258899705,0.0032781588020778765
som-rs-bc-nan,56.3864,55.562,2.3631807590618217,54.908,60.575,5,0.1272257140019577,0.041910474140250516
som-rs-bc-baseline,63.560199999999995,63.642,0.2725191736373801,63.165,63.807,5,0.0,0.004287575772848105
