exe,mean,median,std,min,max,n,pct_vs_baseline,cov
som-rs-bc-nan,119.3856,118.916,84.70425380791426,38.491,200.688,10,0.2924222016725637,0.7095014290493515
som-rs-bc-l3bits,137.5306,138.13299999999998,79.3474091171224,61.39,213.926,10,0.12190741551334772,0.5769436701150319
som-rs-bc-l4bits,140.2937,140.202,86.03946003246288,57.38,224.823,10,0.09981132438591334,0.6132809957429513
som-rs-bc-baseline,154.2966,154.42649999999998,115.2147837101549,44.116,264.437,10,0.0,0.74670980248531
