exe,mean,median,std,min,max,n,pct_vs_baseline,cov
som-rs-bc-nan,3460.7023999999997,3448.124,3609.010741626519,36.928,6936.917,10,0.2886941101898852,1.0428549827418039
som-rs-bc-l3bits,3807.2693999999997,3788.404,3973.7801075972206,37.296,7656.742,10,0.17138724147022533,1.0437349423177726
som-rs-bc-l4bits,3992.5858,3965.0865,4168.4616799828855,37.623,7993.075,10,0.11701714713306854,1.044050620022464
som-rs-bc-baseline,4459.7868,4429.923500000001,4649.964854593893,48.306,8952.764,10,0.0,1.0426428578590108
