exe,mean,median,std,min,max,n,pct_vs_baseline,cov
som-rs-bc-nan,47.2796,47.26,0.25782998274056596,46.988,47.649,5,0.29732062030981643,0.0054533029623889786
som-rs-bc-l3bits,48.0468,48.064,0.4183147140610761,47.592,48.662,5,0.27660530982292286,0.008706401135165633
som-rs-bc-l4bits,48.1168,48.146,0.5647244460796782,47.261,48.795,5,0.2747481129252154,0.01173653372792202
som-rs-bc-baseline,61.336800000000004,61.51,0.2966626029684256,60.92,61.591,5,0.0,0.004836616891791316
