exe,mean,median,std,min,max,n,pct_vs_baseline,cov
som-rs-bc-l3bits,8118272.0,8118272.0,0.0,8118272.0,8118272.0,5,0.631180625630676,0.0
som-rs-bc-l4bits,8118272.0,8118272.0,0.0,8118272.0,8118272.0,5,0.631180625630676,0.0
som-rs-bc-nan,8118272.0,8118272.0,0.0,8118272.0,8118272.0,5,0.631180625630676,0.0
som-rs-bc-baseline,13242368.0,13242368.0,0.0,13242368.0,13242368.0,5,0.0,0.0
