exe,mean,median,std,min,max,n,pct_vs_baseline,cov
som-rs-bc-nan,3.2470933333333334,2.951,0.7983724351612005,2.643,6.992,75,0.27981127736806655,0.2458729556571212
som-rs-bc-l4bits,3.5797333333333334,3.058,1.1651940835123789,2.669,7.899,75,0.1608872169249107,0.32549745330537994
som-rs-bc-l3bits,3.7123866666666663,3.294,0.9430217373513281,2.786,7.173,75,0.11940566535813457,0.2540203437908753
som-rs-bc-baseline,4.155666666666667,3.69,1.2678757328200085,2.931,9.065,75,0.0,0.30509562833560805
