exe,mean,median,std,min,max,n,pct_vs_baseline,cov
som-rs-bc-l4bits,3.612586666666667,3.257,1.0424969906409782,2.736,7.508,75,0.12664978740994437,0.2885735587356552
som-rs-bc-l3bits,3.780933333333333,3.194,1.1899079039235851,2.754,7.038,75,0.07648552385654339,0.31471274392308385
som-rs-bc-nan,3.7968666666666664,3.099,1.452919821947863,2.628,8.152,75,0.07196811405896097,0.382662850582374
som-rs-bc-baseline,4.07012,3.685,1.094775072048308,2.849,8.548,75,0.0,0.2689785736165784
