exe,mean,median,std,min,max,n,pct_vs_baseline,cov
som-rs-bc-l3bits,8.199493333333333,7.725,1.3978519077627771,7.299,14.777,75,0.15345013187806744,0.1704802785899101
som-rs-bc-nan,8.225773333333333,7.75,1.5260027148618593,7.279,16.33,75,0.14976504742006025,0.185514802441496
som-rs-bc-l4bits,8.258213333333334,7.828,1.4983825359847671,6.969,13.264,75,0.1452485283338123,0.18144149049004551
som-rs-bc-baseline,9.457706666666667,9.462,1.686461678744547,7.782,16.678,75,0.0,0.1783161328832938
