exe,mean,median,std,min,max,n,pct_vs_baseline,cov
som-rs-bc-l3bits,8.008066666666666,7.649,1.505045032399213,7.08,17.211,75,0.14505373748137296,0.1879411217521349
som-rs-bc-nan,8.089306666666666,7.623,1.3819889698520726,7.228,14.816,75,0.13355409116232475,0.17084146105460288
som-rs-bc-l4bits,8.197373333333333,7.561,1.7369859167405346,7.035,16.698,75,0.11861035160856392,0.21189542626750374
som-rs-bc-baseline,9.169666666666666,9.006,2.0561298356137203,7.277,23.631,75,0.0,0.2242316880599499
