exe,mean,median,std,min,max,n,pct_vs_baseline,cov
som-rs-bc-l4bits,8.947493333333334,8.624,1.1691795040937014,8.18,16.463,75,0.42416349010970666,0.13067117912655998
som-rs-bc-nan,9.63304,9.161,1.1317237085227263,8.649,13.833,75,0.3228112136286503,0.11748354709652678
som-rs-bc-l3bits,10.13764,9.579,1.8659447693225442,8.787,17.676,75,0.2569684200004472,0.1840610604955931
som-rs-bc-baseline,12.742693333333333,12.705,2.25949441829501,10.441,19.421,75,0.0,0.17731686380495776
