exe,mean,median,std,min,max,n,pct_vs_baseline,cov
som-rs-bc-nan,9.468693333333334,9.171,0.789707711466432,8.667,12.033,75,0.3922075837285537,0.08340197360562583
som-rs-bc-l4bits,9.576626666666666,9.204,1.1079166932938946,8.723,15.462,75,0.37651671360966366,0.11568966107347765
som-rs-bc-l3bits,10.035586666666667,9.719,1.5812928861256892,8.988,21.612,75,0.31356412978347703,0.15756855464942315
som-rs-bc-baseline,13.182386666666666,13.017,1.6841144508624124,10.543,20.148,75,0.0,0.12775489700365936
