exe,mean,median,std,min,max,n,pct_vs_baseline,cov
som-rs-bc-nan,40.228,38.207,6.262807854007356,27.724,57.321,75,0.10307348115740278,0.15568280436530169
som-rs-bc-l4bits,40.2764,38.683,5.970830858024293,28.209,55.388,75,0.10174792185994774,0.14824638890328562
som-rs-bc-l3bits,41.17188,44.676,5.885032891501462,27.875,54.498,75,0.07778512907353274,0.14293816292822822
som-rs-bc-baseline,44.37444,46.076,10.772332398500511,26.777,65.878,75,0.0,0.24275985000600597
