exe,mean,median,std,min,max,n,pct_vs_baseline,cov
som-rs-bc-l3bits,38.96013333333334,37.741,6.44660555417897,27.277,53.857,75,0.12905534204195046,0.16546672207262217
som-rs-bc-nan,39.84457333333333,38.255,6.947620740270054,27.868,58.134,75,0.10399341708766374,0.17436805464441468
som-rs-bc-l4bits,41.121559999999995,39.305,6.511261664681122,28.815,55.035,75,0.06971006612265374,0.15834179599901177
som-rs-bc-baseline,43.988146666666665,46.25,10.504443840447582,26.762,62.289,75,0.0,0.23880169173864374
