exe,mean,median,std,min,max,n,pct_vs_baseline,cov
som-rs-bc-nan,25.3014,25.871,2.661234074635299,21.925,29.031,5,0.4943837099923325,0.10518129726557815
som-rs-bc-l3bits,27.438200000000002,26.247,4.025758773200401,22.769,32.393,5,0.37800584586452457,0.14672095010607114
som-rs-bc-l4bits,29.250799999999998,26.144,5.861028510423745,23.4,37.3,5,0.2926142190982812,0.20037156284353747
som-rs-bc-baseline,37.81,40.467,6.786011236359694,28.432,44.741,5,0.0,0.1794766261930625
