exe,mean,median,std,min,max,n,pct_vs_baseline,cov
som-rs-bc-l4bits,24.9602,25.376,1.9415093870491558,23.013,27.573,5,0.5179605932644769,0.07778420794100832
som-rs-bc-l3bits,28.5332,30.269,7.27921065088791,20.946,37.039,5,0.3278777003630857,0.2551137149316554
som-rs-bc-nan,28.588,26.587,4.129064906246932,25.759,35.759,5,0.32533230726178797,0.14443350028847532
som-rs-bc-baseline,37.8886,35.259,5.780194918858704,34.219,48.047,5,0.0,0.1525576273300862
