exe,mean,median,std,min,max,n,pct_vs_baseline,cov
som-rs-bc-nan,15.9648,16.643,1.8565630072798498,12.695,17.32,5,0.2778988775305673,0.11629102821706816
som-rs-bc-l3bits,16.4464,13.481,5.767218072866673,11.188,25.284,5,0.24047815935402284,0.35066750613305486
som-rs-bc-l4bits,16.6286,14.774,4.261068269812159,12.264,23.141,5,0.22688620809929905,0.25624936974923684
som-rs-bc-baseline,20.401400000000002,22.978,6.09099596125297,13.503,27.326,5,0.0,0.2985577441378028
