exe,mean,median,std,min,max,n,pct_vs_baseline,cov
som-rs-bc-l3bits,14.575999999999999,14.334,3.066171961909508,10.848,18.698,5,0.3244923161361142,0.21035757148116824
som-rs-bc-baseline,19.305799999999998,17.475,4.005513912096675,15.64,24.815,5,0.0,0.2074772302674158
som-rs-bc-nan,19.3474,18.516,6.814559178699677,10.72,29.739,5,-0.002150159711382549,0.3522209278094047
som-rs-bc-l4bits,23.6792,23.282,3.726997544941504,20.232,29.259,5,-0.18469373965336677,0.15739541643896346
