exe,mean,median,std,min,max,n,pct_vs_baseline,cov
som-rs-bc-l3bits,3.9232666666666667,3.451,1.159523076857794,3.014,8.022,75,0.5818042787473026,0.2955504112706573
som-rs-bc-nan,4.021,3.495,1.3213464263312549,2.993,9.223,75,0.5433573737876152,0.3286113967498769
som-rs-bc-l4bits,4.113133333333334,3.51,1.3220738145698112,3.025,8.778,75,0.5087864888082079,0.3214274149236943
som-rs-bc-baseline,6.20584,5.634,1.8335975791220283,4.586,13.053,75,0.0,0.29546323771190175
