exe,mean,median,std,min,max,n,pct_vs_baseline,cov
som-rs-bc-l4bits,4.13552,3.525,1.2867636793469448,3.089,8.404,75,0.5700855031531706,0.3111491854342247
som-rs-bc-l3bits,4.301306666666667,3.676,1.3819686699360025,3.078,9.284,75,0.5095691851778372,0.3212904303349685
som-rs-bc-nan,4.570986666666667,3.971,1.5503224380695724,3.115,8.93,75,0.4205073157071848,0.3391658193569234
som-rs-bc-baseline,6.493119999999999,5.698,2.2057662513683716,4.555,14.385,75,0.0,0.3397082221441113
