exe,mean,median,std,min,max,n,pct_vs_baseline,cov
som-rs-bc-l3bits,479.9743500000001,600.296,281.2635771381628,4.442,713.947,20,0.18445516932311046,0.585997099924533
som-rs-bc-nan,484.9416,613.2275,284.09129980405584,5.678,703.679,20,0.17232281165402186,0.585825798001359
som-rs-bc-l4bits,523.76255,694.8295,307.51385910256994,5.765,734.032,20,0.08543098394491921,0.58712456456188
som-rs-bc-baseline,568.5081,735.4275,332.78684724149906,6.355,825.808,20,0.0,0.5853686996570481
