exe,mean,median,std,min,max,n,pct_vs_baseline,cov
som-rs-bc-l4bits,495.41274999999996,625.332,293.1207565431146,5.464,767.956,20,0.18179639098913003,0.5916697875521263
som-rs-bc-nan,517.79345,681.2935,304.21532489210324,5.569,776.331,20,0.13071534605159663,0.5875225437712726
som-rs-bc-l3bits,520.2041,677.97,305.54442690624086,5.866,727.825,20,0.12547555853558245,0.5873548995600781
som-rs-bc-baseline,585.4770000000001,742.0540000000001,345.09247858478375,6.185,892.548,20,0.0,0.5894210679237335
