exe,mean,median,std,min,max,n,pct_vs_baseline,cov
som-rs-bc-l3bits,22.028399999999998,21.706,1.6956179699448817,20.36,24.818,5,0.15457318733997938,0.07697417742300311
som-rs-bc-l4bits,22.9868,19.523,7.662162273144574,16.838,35.316,5,0.10643499747681284,0.33332879187814635
som-rs-bc-nan,23.9848,24.706,4.986829172931434,18.143,29.077,5,0.06039658450351881,0.20791622915060512
som-rs-bc-baseline,25.4334,22.743,6.453358180048588,21.982,36.962,5,0.0,0.2537355674054035
