exe,mean,median,std,min,max,n,pct_vs_baseline,cov
som-rs-bc-nan,19.5534,18.245,2.3145014149920065,17.664,23.074,5,0.14819929014902788,0.1183682334014548
som-rs-bc-l3bits,19.8692,19.529,1.3880906670675368,18.084,21.415,5,0.12994987216395226,0.0698614270865227
som-rs-bc-baseline,22.4512,23.33,3.0525010565108723,18.763,25.9,5,0.0,0.13596159922457918
som-rs-bc-l4bits,22.8802,20.291,6.766003377179174,17.924,34.565,5,-0.018749836102831208,0.29571434590515705
