exe,mean,median,std,min,max,n,pct_vs_baseline,cov
som-rs-bc-l3bits,17.2338,18.076,2.106061300152492,14.001,18.966,5,0.193445438614815,0.12220527684854718
som-rs-bc-baseline,20.5676,21.414,2.112736803295667,18.192,23.204,5,0.0,0.10272160112485983
som-rs-bc-nan,20.613400000000002,19.334,5.084004405977634,13.852,25.896,5,-0.0022218556861072214,0.24663589732783692
som-rs-bc-l4bits,24.5966,22.718,8.785241419562697,16.613,38.058,5,-0.16380312726149138,0.3571730003156004
