exe,mean,median,std,min,max,n,pct_vs_baseline,cov
som-rs-bc-l3bits,18.6066,18.793,1.1722473288517243,17.188,20.314,5,0.22218997560005582,0.06300169449828148
som-rs-bc-nan,20.918799999999997,20.997,0.7838588520900944,19.932,21.717,5,0.08709868634912143,0.037471501811293884
som-rs-bc-l4bits,21.7174,21.428,1.8296966415228506,19.882,23.654,5,0.04712350465525339,0.08425026207201831
som-rs-bc-baseline,22.7408,24.115,3.9680099798261583,17.565,26.601,5,0.0,0.17448858350744734
