exe,mean,median,std,min,max,n,pct_vs_baseline,cov
som-rs-bc-l4bits,56.4208,57.217,7.996639806818862,49.099,68.541,5,0.2956533760598927,0.1417321237348436
som-rs-bc-nan,58.696600000000004,55.847,5.220254907569169,54.737,67.336,5,0.24541796288030304,0.08893624004745025
som-rs-bc-l3bits,62.0262,62.36,8.663060181021487,52.938,75.635,5,0.17856325230305892,0.13966775622271696
som-rs-bc-baseline,73.1018,76.945,5.4234781459871275,66.013,77.061,5,0.0,0.07419076063772886
