exe,mean,median,std,min,max,n,pct_vs_baseline,cov
som-rs-bc-l3bits,52.9458,49.766,5.346320014739109,49.101,61.213,5,0.3555182847364662,0.10097722604510857
som-rs-bc-nan,58.624199999999995,61.093,5.531402823877505,51.233,64.327,5,0.22422139662460205,0.09435357452856509
som-rs-bc-l4bits,61.397800000000004,60.882,2.1941072672045916,58.534,64.433,5,0.16891810455749212,0.03573592648604008
som-rs-bc-baseline,71.76899999999999,71.725,4.967536159908652,64.514,76.969,5,0.0,0.06921562457201093
