exe,mean,median,std,min,max,n,pct_vs_baseline,cov
som-rs-bc-l3bits,3.9560933333333335,3.574,1.2141283178693476,2.777,8.202,75,0.30857040784342815,0.30690082755108933
som-rs-bc-nan,4.0834399999999995,3.502,1.410600736891527,2.782,8.234,75,0.2677611686878385,0.34544421783876517
som-rs-bc-l4bits,4.232413333333333,3.845,1.3692433705984952,2.806,7.625,75,0.22313825681801736,0.32351362278695894
som-rs-bc-baseline,5.176826666666667,4.617,1.7982298681588897,3.053,9.827,75,0.0,0.34736142118444946
