exe,mean,median,std,min,max,n,pct_vs_baseline,cov
som-rs-bc-l4bits,3.755973333333333,3.239,1.184078144943708,2.78,7.818,75,0.5058537866793518,0.31525201056016766
som-rs-bc-l3bits,3.8704400000000003,3.445,1.0944167549491892,2.884,8.697,75,0.4613187820161704,0.28276287836762465
som-rs-bc-nan,4.510586666666667,4.05,1.4924027705514182,2.783,7.814,75,0.2539270575298409,0.33086666565577977
som-rs-bc-baseline,5.655946666666667,5.099,1.751654853801641,4.034,12.884,75,0.0,0.3097014446980242
