exe,mean,median,std,min,max,n,pct_vs_baseline,cov
som-rs-bc-l3bits,6.7866,5.921,2.626004531603097,4.612,10.864,5,0.6721775263018301,0.38693963569432366
som-rs-bc-nan,7.005,6.719,1.881047713376777,4.979,9.16,5,0.6200428265524625,0.2685292952714885
som-rs-bc-l4bits,8.6318,10.383,2.9379553604505295,5.292,11.138,5,0.31471998887833363,0.3403641604822319
som-rs-bc-baseline,11.3484,7.806,5.301086662185405,7.227,17.723,5,0.0,0.4671219433739915
