exe,mean,median,std,min,max,n,pct_vs_baseline,cov
som-rs-bc-l4bits,3.64516,3.294,0.9954447198464967,2.708,6.872,75,0.30002158112858335,0.2730867012275172
som-rs-bc-l3bits,3.90516,3.269,1.3251961103213403,2.773,7.965,75,0.21346799277537087,0.33934489504177556
som-rs-bc-nan,3.96348,3.363,1.2443095595550169,2.697,7.848,75,0.19561260979408668,0.3139436958316976
som-rs-bc-baseline,4.738786666666667,4.116,1.475605604428169,3.332,10.773,75,0.0,0.31138890779950046
