exe,mean,median,std,min,max,n,pct_vs_baseline,cov
som-rs-bc-l4bits,3.596306666666667,3.17,1.0825928082471583,2.779,7.74,75,0.2505978355572196,0.3010290580281877
som-rs-bc-nan,3.879173333333333,3.466,1.0454168491412736,2.783,7.214,75,0.15940509661852365,0.26949475037841575
som-rs-bc-l3bits,4.03292,3.705,1.1748475434158554,2.762,7.82,75,0.11520519458192413,0.29131436860038273
som-rs-bc-baseline,4.497533333333333,3.979,1.3786062814593871,3.037,8.717,75,0.0,0.30652497253147365
