exe,mean,median,std,min,max,n,pct_vs_baseline,cov
som-rs-bc-nan,4.058093333333334,3.521,1.3661142385586915,2.728,7.937,75,0.22948379698840493,0.3366394329419131
som-rs-bc-l4bits,4.088626666666666,3.717,1.3488601772080224,2.694,7.4,75,0.22030217155230614,0.32990543944862233
som-rs-bc-l3bits,4.3232,3.767,1.5973461605916097,2.77,7.995,75,0.1540895632864543,0.3694823650517232
som-rs-bc-baseline,4.98936,4.222,1.7442030910139745,3.251,10.953,75,0.0,0.3495845340913413
