exe,mean,median,std,min,max,n,pct_vs_baseline,cov
som-rs-bc-nan,3.8826533333333333,3.467,1.1496198254479881,2.783,7.112,75,0.2745236075673336,0.29609128777433685
som-rs-bc-l3bits,3.94336,3.492,1.1384156919014983,2.9,7.536,75,0.2549027563634394,0.28869179884704876
som-rs-bc-l4bits,4.199973333333333,3.716,1.4054131735786697,2.85,7.831,75,0.1782297030457336,0.3346243087841835
som-rs-bc-baseline,4.948533333333333,4.866,0.871533059541561,3.992,8.279,75,0.0,0.1761194683020345
