exe,mean,median,std,min,max,n,pct_vs_baseline,cov
som-rs-bc-l3bits,4.727066666666667,4.231,1.1805837806200217,3.927,9.662,75,0.44633740445096315,0.24974976319775932
som-rs-bc-nan,4.7737066666666665,4.452,0.9909823650943177,3.841,8.06,75,0.43220641960963957,0.20759180114983697
som-rs-bc-l4bits,4.996786666666667,4.56,1.4808199180013586,4.062,11.337,75,0.3682660056196114,0.2963544407208416
som-rs-bc-baseline,6.8369333333333335,6.161,1.6754388479838154,5.807,16.254,75,0.0,0.24505706963899243
