exe,mean,median,std,min,max,n,pct_vs_baseline,cov
som-rs-bc-nan,4.835400000000001,4.422,1.2626248292582636,3.842,10.303,75,0.513176434903696,0.26112107152629843
som-rs-bc-l3bits,5.069653333333333,4.455,1.4726763602305775,3.897,10.404,75,0.44325713263760314,0.290488572571151
som-rs-bc-l4bits,5.22396,4.518,1.6459506613077617,3.993,10.331,75,0.4006258342968425,0.3150771945626999
som-rs-bc-baseline,7.316813333333333,6.985,1.3280254057051006,5.475,12.219,75,0.0,0.18150325082847096
