exe,mean,median,std,min,max,n,pct_vs_baseline,cov
som-rs-bc-l3bits,7.4963999999999995,6.363,3.4703705565832594,4.303,11.746,5,0.4101435355637373,0.46293828458770336
som-rs-bc-l4bits,9.0462,9.928,2.4452286600643305,4.805,10.866,5,0.16855696314474566,0.2703045101881818
som-rs-bc-nan,9.2666,9.979,2.42844956711067,5.186,11.557,5,0.14076360261584608,0.262064788283801
som-rs-bc-baseline,10.571,10.589,2.754647799628838,7.204,14.761,5,0.0,0.26058535612797634
