exe,mean,median,std,min,max,n,pct_vs_baseline,cov
som-rs-bc-nan,3.4840666666666666,3.052,0.965709924178921,2.649,6.472,75,0.2443849141807466,0.2771789453451678
som-rs-bc-l3bits,3.7512266666666663,3.483,0.8738136602232724,2.66,5.961,75,0.15576060453114016,0.23294077854264716
som-rs-bc-l4bits,4.044919999999999,3.626,1.3105965606794734,2.655,7.485,75,0.07184320085440521,0.3240105022298274
som-rs-bc-baseline,4.33552,3.72,1.5672568595427439,2.913,9.435,75,0.0,0.36149224534605856
