exe,mean,median,std,min,max,n,pct_vs_baseline,cov
som-rs-bc-l4bits,3.53112,3.136,1.1125874391389332,2.638,8.046,75,0.24692071259732495,0.31508060874140026
som-rs-bc-nan,3.6734933333333335,3.297,1.1465768720864742,2.609,7.287,75,0.19859389064723132,0.31212166949710196
som-rs-bc-l3bits,4.014693333333333,3.543,1.361571021991849,2.656,7.974,75,0.09672801907659201,0.33914695568076164
som-rs-bc-baseline,4.403026666666666,3.843,1.2774313751423978,3.012,9.745,75,0.0,0.2901257411891815
