exe,mean,median,std,min,max,n,pct_vs_baseline,cov
som-rs-bc-l4bits,27.1464,26.012,5.273584009001847,22.31,35.724,5,0.29922199628680035,0.1942645805337668
som-rs-bc-l3bits,27.857799999999997,26.58,2.455716840354361,25.607,31.434,5,0.2660439805009729,0.08815185837913839
som-rs-bc-nan,28.6712,28.291,5.068347827448308,22.576,36.669,5,0.23012639861603268,0.17677487609337275
som-rs-bc-baseline,35.2692,34.518,3.2219631748361106,32.661,40.793,5,0.0,0.09135345215757973
