exe,mean,median,std,min,max,n,pct_vs_baseline,cov
som-rs-bc-l3bits,27.4762,29.265,4.838761845761787,22.202,32.456,5,0.2966713009804851,0.17610738914994747
som-rs-bc-l4bits,28.192200000000003,27.024,2.5481367114030617,26.697,32.685,5,0.26373961592213435,0.09038445780758726
som-rs-bc-nan,29.118399999999998,30.951,3.9248859601267387,22.8,32.669,5,0.22354250233529327,0.13479057778335138
som-rs-bc-baseline,35.6276,35.341,3.4176038096888903,31.346,39.529,5,0.0,0.09592573762164418
