exe,mean,median,std,min,max,n,pct_vs_baseline,cov
som-rs-bc-l4bits,1801.9038,1821.706,139.60331767261118,1630.245,1956.518,5,0.32263886673639286,0.0774754555002388
som-rs-bc-l3bits,1878.6592,1856.449,146.20012545719655,1682.096,2024.795,5,0.26860049976068034,0.07782152582927045
som-rs-bc-nan,1895.6937999999998,1971.449,129.39933534875678,1724.1,1999.436,5,0.2572009255925194,0.0682596183775865
som-rs-bc-baseline,2383.268,2440.702,242.18679673239848,2073.329,2674.57,5,0.0,0.1016196234466281
