exe,mean,median,std,min,max,n,pct_vs_baseline,cov
som-rs-bc-nan,1758.1367999999998,1738.417,47.30277556549934,1718.585,1831.875,5,0.18297904918434127,0.026905059700416567
som-rs-bc-l4bits,1806.0932,1694.116,161.5861049833803,1688.552,2028.483,5,0.15156792573052158,0.08946720190485202
som-rs-bc-l3bits,1907.3626,1998.54,138.75418429114137,1726.801,2019.316,5,0.09042664462436245,0.0727466210625821
som-rs-bc-baseline,2079.839,2058.609,63.058289510579094,2008.182,2172.884,5,0.0,0.03031883213584277
