exe,mean,median,std,min,max,n,pct_vs_baseline,cov
som-rs-bc-nan,909.4294666666666,913.28,58.244498291827234,853.332,1036.576,15,0.21996941379071222,0.06404509687299983
som-rs-bc-l3bits,927.7868,907.409,76.76067222422097,850.477,1024.719,15,0.19583091000360575,0.08273524933122671
som-rs-bc-l4bits,1015.4025333333334,1064.638,85.07862602227479,885.053,1141.742,15,0.09264660753915788,0.08378807736768314
som-rs-bc-baseline,1109.4761333333333,1166.131,73.25236620153521,975.121,1171.541,15,0.0,0.06602428299332071
