exe,mean,median,std,min,max,n,pct_vs_baseline,cov
som-rs-bc-nan,5.0642,4.89,0.9510713432755714,3.769,6.321,5,0.13012914181904356,0.1878028796800228
som-rs-bc-baseline,5.7232,5.352,0.7573346024050397,5.056,6.872,5,0.0,0.132327125105717
som-rs-bc-l4bits,6.606999999999999,6.283,1.396759284916338,4.87,8.296,5,-0.1337672165884667,0.21140597622466142
som-rs-bc-l3bits,7.216800000000001,8.052,2.3745847426444904,4.328,9.818,5,-0.20696153419798258,0.3290356865431341
