exe,mean,median,std,min,max,n,pct_vs_baseline,cov
som-rs-bc-l4bits,7.3862,7.532,2.3100237444667098,4.849,10.619,5,0.2988816983022393,0.3127486047584292
som-rs-bc-nan,7.4342,6.312,2.9067077080435864,3.987,11.497,5,0.29049527857738555,0.3909913249634912
som-rs-bc-l3bits,7.896599999999999,8.383,1.851871566820982,4.807,9.506,5,0.21492794367196022,0.23451505291150396
som-rs-bc-baseline,9.5938,10.282,2.9567666800070644,4.79,12.899,5,0.0,0.308195572141077
