exe,mean,median,std,min,max,n,pct_vs_baseline,cov
som-rs-bc-l4bits,892.8800666666666,866.232,72.4989018423892,830.838,1010.711,15,0.2494544806726937,0.08119668536564471
som-rs-bc-nan,909.1287333333333,846.678,82.06283499809042,841.942,1095.022,15,0.22712324349224922,0.09026536285703553
som-rs-bc-l3bits,954.5832666666666,969.096,69.1140899119158,853.765,1041.209,15,0.16869113356201737,0.072402368997371
som-rs-bc-baseline,1115.613,1168.764,92.22308556507355,977.765,1263.343,15,0.0,0.08266583982534584
