exe,mean,median,std,min,max,n,pct_vs_baseline,cov
som-rs-bc-nan,2146.0950000000003,2064.6695000000004,2260.0267448069435,3.317,4630.781,10,0.29732677257996487,1.053087931711757
som-rs-bc-l4bits,2224.5473,2163.2235,2341.434291626208,3.552,4660.873,10,0.2515744214564464,1.0525441700548277
som-rs-bc-l3bits,2328.3599999999997,2278.1575000000003,2450.1016497238547,3.386,4847.389,10,0.19577148722706128,1.0522864375456782
som-rs-bc-baseline,2784.1865000000003,2650.6549999999997,2932.612948354846,4.983,5917.925,10,0.0,1.053310526559498
