exe,mean,median,std,min,max,n,pct_vs_baseline,cov
som-rs-bc-nan,2128.0792,2000.956,2239.2396413851334,7.005,4435.131,10,0.2157643380941836,1.0522351054345784
som-rs-bc-l3bits,2313.9893,2220.8955,2439.1810129197074,3.402,5031.373,10,0.11808762469212786,1.054102114007056
som-rs-bc-l4bits,2320.215,2134.962,2451.408369912601,2.815,5066.097,10,0.1150875242165057,1.0565436263073038
som-rs-bc-baseline,2587.2428,2507.656,2723.9460290300176,4.441,5580.107,10,0.0,1.0528374178990922
