exe,mean,median,std,min,max,n,pct_vs_baseline,cov
som-rs-bc-l4bits,4.64836,4.403,1.001830023345116,3.991,9.425,75,0.48439736451852533,0.2155233293774828
som-rs-bc-nan,4.8822,4.345,1.3258160159343786,3.974,9.942,75,0.4133000150205508,0.2715611846983693
som-rs-bc-l3bits,4.969666666666667,4.29,1.4852893733284847,4.023,10.832,75,0.38842578308404296,0.2988710255540582
som-rs-bc-baseline,6.900013333333333,6.734,1.8005769682906472,5.437,18.878,75,0.0,0.26095267955385315
