exe,mean,median,std,min,max,n,pct_vs_baseline,cov
som-rs-bc-l4bits,4.726839999999999,4.283,0.9575929005810576,4.01,7.933,75,0.43171618530209077,0.2025862734048662
som-rs-bc-nan,4.728466666666667,4.392,0.7167303826694119,4.026,6.906,75,0.43122365248776906,0.15157775938699194
som-rs-bc-l3bits,4.993546666666667,4.457,1.3481072546685926,4.057,11.602,75,0.35524783987867004,0.26996989207442257
som-rs-bc-baseline,6.767493333333333,6.474,1.774653520605698,5.306,11.678,75,0.0,0.26223203085618574
