exe,mean,median,std,min,max,n,pct_vs_baseline,cov
som-rs-bc-l3bits,3.57144,3.229,0.9337784655381076,2.838,7.712,75,0.5862845238895236,0.26145713368784235
som-rs-bc-l4bits,3.8051066666666666,3.416,1.021319622964453,2.897,7.093,75,0.4888728480673341,0.26840761966316834
som-rs-bc-nan,4.221986666666667,3.908,1.3832393091241681,2.835,8.272,75,0.3418611775183247,0.32762758822643556
som-rs-bc-baseline,5.66532,5.047,1.5870099980951768,3.952,10.723,75,0.0,0.2801271592946518
