exe,mean,median,std,min,max,n,pct_vs_baseline,cov
som-rs-bc-l4bits,3.6975200000000004,3.238,0.9855434275401401,2.869,7.81,75,0.3159739501070986,0.26654174353083687
som-rs-bc-l3bits,3.7508933333333334,3.292,1.2196035086035946,2.798,7.623,75,0.2972482999605426,0.3251501443043598
som-rs-bc-nan,3.89896,3.374,1.2255087464263845,2.815,7.581,75,0.24798407780536325,0.31431682972546127
som-rs-bc-baseline,4.8658399999999995,4.236,1.5387589509696407,3.31,11.025,75,0.0,0.31623706307022853
