exe,mean,median,std,min,max,n,pct_vs_baseline,cov
som-rs-bc-l3bits,3.4663066666666666,3.06,0.957382283686677,2.641,6.496,75,0.2245387020959868,0.27619664840772223
som-rs-bc-nan,3.6363866666666667,3.134,1.1139236823454695,2.657,7.726,75,0.16726494065537567,0.30632707257354447
som-rs-bc-l4bits,4.237213333333333,3.7,1.4543557159335085,2.779,7.938,75,0.0017495775525422363,0.3432340081846659
som-rs-bc-baseline,4.244626666666666,3.7,1.3324397737348697,2.934,8.72,75,0.0,0.31391212428612564
