exe,mean,median,std,min,max,n,pct_vs_baseline,cov
som-rs-bc-l4bits,3.846146666666667,3.229,1.2582078599097763,2.85,7.766,75,0.3867524552712498,0.3271346542278964
som-rs-bc-l3bits,3.866266666666667,3.477,1.1032022226881815,2.816,7.959,75,0.37953581404972914,0.2853404376370438
som-rs-bc-nan,4.15768,3.48,1.428858438319471,2.824,8.263,75,0.2828436371566194,0.3436672467143866
som-rs-bc-baseline,5.333653333333333,5.057,1.1463481676355758,4.075,10.07,75,0.0,0.21492738578852313
