exe,mean,median,std,min,max,n,pct_vs_baseline,cov
som-rs-bc-nan,3.790826666666667,3.49,0.8778614736089326,2.816,6.327,75,0.2322448577618954,0.2315752079429287
som-rs-bc-l3bits,4.19184,3.544,1.4720121734954912,2.801,8.224,75,0.11436187131824371,0.3511613452554227
som-rs-bc-l4bits,4.271346666666667,4.02,1.323127626510774,2.779,7.493,75,0.09361918645485723,0.3097682604028333
som-rs-bc-baseline,4.671226666666667,4.385,1.1764653263671412,3.505,9.76,75,0.0,0.25185361583120375
