exe,mean,median,std,min,max,n,pct_vs_baseline,cov
som-rs-bc-nan,3.42952,3.105,0.8658505638497436,2.664,7.084,75,0.24745931403422827,0.25246989778445483
som-rs-bc-l4bits,3.8489066666666667,3.251,1.20909274869836,2.734,7.727,75,0.11153297213407787,0.31413927471135356
som-rs-bc-l3bits,3.849493333333333,3.263,1.2890522012927397,2.626,7.198,75,0.11136357338801295,0.3348628221097685
som-rs-bc-baseline,4.278186666666667,3.811,1.3195786355861843,2.942,8.038,75,0.0,0.30844344541289714
