exe,mean,median,std,min,max,n,pct_vs_baseline,cov
som-rs-bc-nan,1520.5792,1423.3165,1566.8393491753318,33.135,3292.107,10,0.26722218744015436,1.0304227160119854
som-rs-bc-l3bits,1656.8760000000002,1555.5315,1710.4284613533405,33.694,3488.4,10,0.16297882279663645,1.0323213453229694
som-rs-bc-l4bits,1704.5629000000001,1609.8615,1747.9232902520794,44.886,3507.774,10,0.13044329428969714,1.0254378352667886
som-rs-bc-baseline,1926.9116999999999,1817.4855,1986.2533889415495,40.208,4000.121,10,0.0,1.0307962679045177
