exe,mean,median,std,min,max,n,pct_vs_baseline,cov
som-rs-bc-nan,1521.3789000000002,1455.1445,1560.2222248638848,38.388,3092.325,10,0.33922844598409996,1.0255316574088706
som-rs-bc-l4bits,1538.3201999999999,1455.7205,1572.421917601549,44.507,3229.988,10,0.3244797149514125,1.0221681530292257
som-rs-bc-l3bits,1579.1127000000001,1463.6055,1629.8334293059283,35.374,3390.037,10,0.29026503301505935,1.0321197652997967
som-rs-bc-baseline,2037.4738999999997,1913.1580000000001,2099.8040319499896,43.356,4129.267,10,0.0,1.0305918676798707
