exe,mean,median,std,min,max,n,pct_vs_baseline,cov
som-rs-bc-nan,52.6206,50.682,34.21707766338648,15.398,94.338,10,0.24515683971676472,0.650260119865347
som-rs-bc-l3bits,54.113099999999996,50.2935,42.02293138130392,12.608,98.917,10,0.21081401730819338,0.7765759378284357
som-rs-bc-l4bits,56.7047,54.149,38.06828485191665,16.009,99.135,10,0.1554756484030424,0.6713426726870374
som-rs-bc-baseline,65.5209,64.261,50.91198769652498,15.13,125.41,10,0.0,0.777034315714909
