exe,mean,median,std,min,max,n,pct_vs_baseline,cov
som-rs-bc-nan,51.9234,50.3865,34.998581279817614,15.022,94.04,10,0.29016012048517603,0.6740425565316912
som-rs-bc-l4bits,52.1557,51.2205,38.41932813065725,12.842,98.165,10,0.2844137841118035,0.7366276002557198
som-rs-bc-l3bits,55.4101,54.3455,38.6816212760588,11.323,98.364,10,0.2089763418582531,0.698096940378357
som-rs-bc-baseline,66.98949999999999,63.494,51.710957242584904,17.225,127.955,10,0.0,0.7719263055043687
