exe,mean,median,std,min,max,n,pct_vs_baseline,cov
som-rs-bc-l3bits,14.6964,15.785,1.9308966311017275,11.531,16.145,5,0.0028442339620586843,0.13138568840680218
som-rs-bc-baseline,14.7382,12.308,4.408002121142865,10.167,19.808,5,0.0,0.2990868709301587
som-rs-bc-l4bits,15.0972,16.035,2.5282450830566248,11.789,17.537,5,-0.02377924383329355,0.16746450222932893
som-rs-bc-nan,17.342599999999997,17.614,5.19054489432468,9.863,24.466,5,-0.15017356105774204,0.2992945056868452
