exe,mean,median,std,min,max,n,pct_vs_baseline,cov
som-rs-bc-l3bits,12.6978,11.246,3.3129967099289432,9.22,17.219,5,0.23460756981524344,0.2609110798665078
som-rs-bc-nan,13.3232,13.465,3.8793071159680053,9.555,19.174,5,0.176654257235499,0.2911693223826112
som-rs-bc-baseline,15.6768,17.356,4.552712345404659,9.584,20.624,5,0.0,0.2904108201549206
som-rs-bc-l4bits,15.847399999999999,18.064,5.043672897799776,10.341,21.781,5,-0.010765172835922487,0.3182650086323167
