exe,mean,median,std,min,max,n,pct_vs_baseline,cov
som-rs-bc-l4bits,21.6626,23.83,3.2422454873127666,17.946,24.174,5,0.613610554596401,0.1496701913580441
som-rs-bc-l3bits,22.031799999999997,19.651,6.114885256486829,16.984,31.971,5,0.5865703210813462,0.27754814661021027
som-rs-bc-nan,27.71,28.146,4.433242210842987,23.15,33.953,5,0.2614579574160951,0.15998708808527562
som-rs-bc-baseline,34.955,33.276,5.280196066435413,28.981,42.131,5,0.0,0.15105696084781614
