exe,mean,median,std,min,max,n,pct_vs_baseline,cov
som-rs-bc-l3bits,21.119400000000002,21.275,3.545803829881174,17.295,25.029,5,0.4954875611996552,0.16789320860825466
som-rs-bc-l4bits,24.901,23.455,4.872563134531967,20.43,31.153,5,0.2683747640657004,0.19567740791662855
som-rs-bc-baseline,31.583800000000004,31.059,2.14423137744041,29.316,34.424,5,0.0,0.06789022782060454
som-rs-bc-nan,32.1146,31.124,4.692374057979606,27.479,39.873,5,-0.01652830799698579,0.14611342062425206
