exe,mean,median,std,min,max,n,pct_vs_baseline,cov
som-rs-bc-l4bits,35.0348,33.035,5.051059314638862,31.435,43.727,5,0.31038281936817125,0.1441726316302323
som-rs-bc-l3bits,37.1754,33.734,6.498895583097174,31.132,47.013,5,0.2349295501864137,0.17481709902508577
som-rs-bc-nan,39.416199999999996,40.416,5.7253388720668745,32.156,45.726,5,0.16472414895398368,0.14525344584376157
som-rs-bc-baseline,45.909000000000006,45.561,3.5942424792993597,41.954,51.432,5,0.0,0.07829058527302618
