exe,mean,median,std,min,max,n,pct_vs_baseline,cov
som-rs-bc-l4bits,36.079,37.128,2.5667189172170755,31.492,37.389,5,0.48378280994484335,0.07114163134280538
som-rs-bc-nan,38.9796,38.674,9.224567106374153,31.292,54.145,5,0.37336966002729666,0.23665114845647858
som-rs-bc-l3bits,39.3558,37.313,4.975804025481709,34.081,45.086,5,0.3602416924570204,0.1264312763425393
som-rs-bc-baseline,53.53340000000001,54.001,2.2716384615514857,50.507,56.612,5,0.0,0.04243404045981547
