exe,mean,median,std,min,max,n,pct_vs_baseline,cov
som-rs-bc-nan,1464.405,1392.931,1515.8405692530246,24.73,3068.681,10,0.3348376985874808,1.0351238689112812
som-rs-bc-l3bits,1517.3841,1442.928,1569.6530994514858,25.311,3154.816,10,0.2882321621796353,1.0344467820978787
som-rs-bc-l4bits,1532.1608,1449.3915000000002,1589.255864107392,25.37,3205.461,10,0.2758079961319986,1.0372644073046327
som-rs-bc-baseline,1954.743,1895.7250000000001,2023.6892303870836,32.957,4093.725,10,0.0,1.0352712506897754
