exe,mean,median,std,min,max,n,pct_vs_baseline,cov
som-rs-bc-nan,1584.471,1561.9965000000002,1641.2952170297292,24.799,3206.648,10,0.1960202490294869,1.0358632105161465
som-rs-bc-l3bits,1588.3682000000001,1478.2905,1648.8849288619804,27.125,3452.633,10,0.1930857089684872,1.038099937320566
som-rs-bc-l4bits,1604.6618999999998,1478.5569999999998,1667.4456568682433,24.343,3446.125,10,0.18097114413946036,1.0391258475497196
som-rs-bc-baseline,1895.0594,1826.4085,1963.9098544796466,30.111,3902.461,10,0.0,1.0363315548207335
