exe,mean,median,std,min,max,n,pct_vs_baseline,cov
som-rs-bc-l4bits,22.6036,21.902,3.3887966595828685,19.566,28.204,5,0.296784582986781,0.14992287332915413
som-rs-bc-nan,22.874599999999997,24.357,2.3915140183574093,19.937,25.078,5,0.2814213144710729,0.10454888908909488
som-rs-bc-l3bits,24.1198,22.976,5.56974292045872,19.674,33.267,5,0.2152671249347009,0.23091994628722956
som-rs-bc-baseline,29.312,24.772,10.428835769154677,24.481,47.966,5,0.0,0.3557872464913577
