exe,mean,median,std,min,max,n,pct_vs_baseline,cov
som-rs-bc-nan,22.225,21.182,6.264978052635143,16.834,32.938,5,0.050969628796400324,0.28188877627154746
som-rs-bc-baseline,23.3578,24.043,3.0185852977843757,20.181,26.787,5,0.0,0.12923243189788317
som-rs-bc-l4bits,24.4524,24.157,4.8100924939131895,19.441,32.079,5,-0.04476452209190096,0.19671249014056655
som-rs-bc-l3bits,26.065199999999997,25.104,3.6248955433225936,21.651,30.078,5,-0.10387029449227314,0.13907031380241064
