exe,mean,median,std,min,max,n,pct_vs_baseline,cov
som-rs-bc-nan,1431.3362,1391.0430000000001,1484.102968185294,19.401,3016.245,10,0.30541776278696786,1.036865390664537
som-rs-bc-l4bits,1466.7526,1340.4270000000001,1529.7926473247717,16.892,3077.346,10,0.2738969748545188,1.0429793322505592
som-rs-bc-l3bits,1512.9022,1427.5555,1575.476458433434,17.265,3228.942,10,0.23503799518567692,1.0413604120831035
som-rs-bc-baseline,1868.4917,1780.895,1943.126113864063,21.823,3814.659,10,0.0,1.0399436689304336
