exe,mean,median,std,min,max,n,pct_vs_baseline,cov
som-rs-bc-nan,1367.1592,1353.2075000000002,1418.9226493243857,16.415,2775.636,10,0.2908678082259917,1.03786204951434
som-rs-bc-l3bits,1435.1778,1364.676,1492.2673151496538,17.235,2988.822,10,0.22968861419121755,1.0397787055719883
som-rs-bc-l4bits,1499.2761999999998,1389.0275000000001,1563.5530608496078,18.51,3221.287,10,0.1771158643083912,1.0428719277005851
som-rs-bc-baseline,1764.8218000000002,1681.1075,1835.4953564590796,21.024,3781.309,10,0.0,1.0400457181904028
