exe,mean,median,std,min,max,n,pct_vs_baseline,cov
som-rs-bc-nan,1386.4629,1757.896,778.3115530520572,74.844,1985.374,20,0.24306968473516322,0.5613648609364572
som-rs-bc-l4bits,1415.1662000000001,1796.251,793.7388493814109,77.43,1994.504,20,0.2178569555999852,0.5608803046464866
som-rs-bc-l3bits,1470.50225,1869.894,831.7075304467168,76.048,2100.556,20,0.17202812848467253,0.565594190996115
som-rs-bc-baseline,1723.47,2196.5609999999997,955.2152012984188,117.098,2417.651,20,0.0,0.5542395291466743
