exe,mean,median,std,min,max,n,pct_vs_baseline,cov
som-rs-bc-nan,1330.93125,1659.411,746.0541366512977,77.214,1942.764,20,0.289285753865949,0.5605504691931289
som-rs-bc-l4bits,1410.40095,1794.6805,792.0576943919036,75.415,2012.092,20,0.21664034613703298,0.5615833528699081
som-rs-bc-l3bits,1415.0646499999998,1776.1,795.6508407816558,78.397,2052.33,20,0.2126306031318077,0.5622717243213275
som-rs-bc-baseline,1715.9507,2172.8995,959.2857136359926,99.421,2440.28,20,0.0,0.5590403696539723
