exe,mean,median,std,min,max,n,pct_vs_baseline,cov
som-rs-bc-l4bits,7.006613333333333,6.821,1.3636698686377986,5.688,12.902,75,0.28686612267267475,0.1946261059034415
som-rs-bc-l3bits,7.561626666666666,7.369,1.5626934282291682,6.33,14.085,75,0.19241186199794735,0.20666101318091631
som-rs-bc-nan,7.828879999999999,7.439,1.8363622453688748,6.563,17.653,75,0.15170667238906876,0.23456257413178833
som-rs-bc-baseline,9.016573333333332,9.011,1.614321522391887,7.337,17.383,75,0.0,0.1790393603769526
