exe,mean,median,std,min,max,n,pct_vs_baseline,cov
som-rs-bc-nan,58.724720000000005,62.637,14.189191726556274,39.65,91.487,75,0.1347757242038219,0.24162212653472462
som-rs-bc-l4bits,58.92234666666667,63.188,13.32502900001239,40.171,84.55,75,0.1309696649330101,0.22614559252696187
som-rs-bc-l3bits,59.28286666666667,62.685,14.380561651563351,38.577,88.127,75,0.12409183991327444,0.24257534191829483
som-rs-bc-baseline,66.63938666666667,55.436,19.6656624443596,45.804,105.114,75,0.0,0.2951056939153442
