exe,mean,median,std,min,max,n,pct_vs_baseline,cov
som-rs-bc-l3bits,57.16977333333334,55.157,14.081232216863166,38.887,84.598,75,0.1387178259467181,0.24630554567290858
som-rs-bc-nan,57.81562666666666,55.367,13.634367590338341,39.601,84.525,75,0.12599730822485844,0.23582495557726393
som-rs-bc-l4bits,59.87930666666667,64.128,14.425652626553225,40.866,90.372,75,0.08719094498533475,0.24091215195355006
som-rs-bc-baseline,65.10024,55.191,18.745724287146917,45.955,99.401,75,0.0,0.2879516924537746
