exe,mean,median,std,min,max,n,pct_vs_baseline,cov
som-rs-bc-l3bits,7.565546666666667,7.288,1.0814004095457732,6.747,13.566,75,0.19555317439057052,0.1429375109548074
som-rs-bc-l4bits,7.581026666666666,7.252,1.301111624242416,5.968,12.304,75,0.1931119267926773,0.17162736413569527
som-rs-bc-nan,7.763466666666667,7.391,1.5951127498345328,6.548,14.154,75,0.16507402191460852,0.20546397869953278
som-rs-bc-baseline,9.045013333333333,8.889,1.7875533822558742,7.26,15.866,75,0.0,0.19762860665647158
