exe,mean,median,std,min,max,n,pct_vs_baseline,cov
som-rs-bc-nan,32.5094,33.361,3.85992542674078,26.406,36.129,5,0.16243917143964537,0.11873259508759867
som-rs-bc-l3bits,33.9562,31.891,6.851913506459344,28.15,45.799,5,0.1129101607364782,0.20178681673624682
som-rs-bc-baseline,37.790200000000006,38.417,5.882582868094594,31.382,46.472,5,0.0,0.1556642427956082
som-rs-bc-l4bits,38.5444,39.334,6.430595718905052,30.368,45.335,5,-0.01956704475877158,0.16683605709013635
