exe,mean,median,std,min,max,n,pct_vs_baseline,cov
som-rs-bc-l3bits,26.5262,25.496,2.5191990195298173,25.169,31.025,5,0.5007049633946816,0.09497021886021433
som-rs-bc-l4bits,30.2394,31.662,2.733110645400217,26.412,32.568,5,0.3164282360099737,0.09038243633802977
som-rs-bc-nan,31.1062,31.091,4.754636547623803,26.38,36.788,5,0.2797448740122548,0.1528517320541822
som-rs-bc-baseline,39.808,39.297,1.285030738931952,38.963,42.033,5,0.0,0.03228071590966519
