exe,mean,median,std,min,max,n,pct_vs_baseline,cov
som-rs-bc-l3bits,26.6976,24.505,4.514274005861851,23.376,34.241,5,0.1717083183507131,0.1690891318269002
som-rs-bc-l4bits,29.3776,27.986,2.204365396208169,27.699,32.407,5,0.06481809269647609,0.07503558480638885
som-rs-bc-baseline,31.281799999999997,30.809,3.64696328470688,28.019,37.201,5,0.0,0.11658418903985321
som-rs-bc-nan,32.0966,31.611,2.2493928736439077,29.134,34.465,5,-0.025385866415757574,0.07008196736239687
