exe,mean,median,std,min,max,n,pct_vs_baseline,cov
som-rs-bc-nan,22.861399999999996,22.58,2.116652971084301,20.496,25.086,5,0.4331318291968125,0.09258632328222688
som-rs-bc-l4bits,24.1404,25.614,2.652584833704665,21.205,26.866,5,0.3572020347633016,0.10988156093953144
som-rs-bc-l3bits,27.3944,28.573,4.58787699268409,20.875,32.204,5,0.19598896124755427,0.16747499462240786
som-rs-bc-baseline,32.763400000000004,34.893,4.186591370076616,25.855,36.082,5,0.0,0.12778256744039435
