exe,mean,median,std,min,max,n,pct_vs_baseline,cov
som-rs-bc-nan,22.871000000000002,22.441,3.259027999266038,19.835,28.232,5,0.3595207905207467,0.142496086715318
som-rs-bc-l3bits,24.734,23.784,1.403983618138047,23.666,26.3,5,0.25711975418452315,0.05676330630460285
som-rs-bc-l4bits,30.279200000000003,28.091,3.9371417551315067,27.313,36.43,5,0.02689635129065482,0.13002793188497405
som-rs-bc-baseline,31.0936,30.808,5.2933330048278675,24.38,39.005,5,0.0,0.1702386666332579
