exe,mean,median,std,min,max,n,pct_vs_baseline,cov
som-rs-bc-nan,23.1066,24.697,2.4566643645398534,20.062,25.234,5,0.16133918447543127,0.10631872991006264
som-rs-bc-baseline,26.834600000000002,25.401,2.346408383039917,24.99,29.755,5,0.0,0.08743966308571459
som-rs-bc-l3bits,27.075799999999997,27.151,3.875012993526603,22.615,32.411,5,-0.008908324038440107,0.1431172114407184
som-rs-bc-l4bits,28.5322,28.846,4.389220625578076,21.599,32.58,5,-0.05949769032882135,0.15383393588920855
