exe,mean,median,std,min,max,n,pct_vs_baseline,cov
som-rs-bc-l4bits,15.3102,13.759,3.6790355665581695,11.938,20.99,5,0.4617052683831693,0.24029964119072053
som-rs-bc-nan,15.6538,16.449,3.886859940877726,11.5,21.22,5,0.429620922715251,0.24830136713626888
som-rs-bc-l3bits,15.911599999999998,16.28,3.8116613569413547,10.267,20.216,5,0.4064581814525252,0.23955236160671178
som-rs-bc-baseline,22.378999999999998,20.345,3.683354653030305,19.187,27.435,5,0.0,0.16458977849905293
