exe,mean,median,std,min,max,n,pct_vs_baseline,cov
som-rs-bc-l4bits,11.451600000000001,11.384,0.7773250928665559,10.474,12.487,5,0.488281113556184,0.06787916910008697
som-rs-bc-nan,12.6044,12.203,2.18246117949438,10.573,15.816,5,0.3521627368220621,0.17315073938421344
som-rs-bc-l3bits,14.966799999999997,13.904,2.9607305179634293,11.902,19.458,5,0.13873373065718808,0.19781987585612354
som-rs-bc-baseline,17.0432,15.313,2.7759860770544225,14.732,20.748,5,0.0,0.16287939336828897
