exe,mean,median,std,min,max,n,pct_vs_baseline,cov
som-rs-bc-l3bits,20.906799999999997,19.201,6.369156710271777,15.375,31.719,5,0.24800543363881622,0.3046452211850583
som-rs-bc-nan,20.997,20.342,4.857722666023658,16.222,28.515,5,0.24264418726484727,0.2313531774074229
som-rs-bc-l4bits,21.6334,20.321,4.784009542214564,17.289,29.375,5,0.20608873316260956,0.2211399753258648
som-rs-bc-baseline,26.0918,25.843,2.5728452537997697,23.117,29.638,5,0.0,0.09860742661678266
