exe,mean,median,std,min,max,n,pct_vs_baseline,cov
som-rs-bc-nan,19.6752,19.476,2.808582952308868,15.841,22.455,5,0.48574855655851024,0.14274736482012218
som-rs-bc-l3bits,24.227800000000002,23.54,3.5694255420165306,20.719,29.177,5,0.2065643599501399,0.14732767903055705
som-rs-bc-l4bits,24.694,21.487,5.358495964354177,20.425,32.043,5,0.18378553494776062,0.21699586799846834
som-rs-bc-baseline,29.232400000000002,29.229,3.5708175954534536,25.416,33.973,5,0.0,0.12215273448137866
