exe,mean,median,std,min,max,n,pct_vs_baseline,cov
som-rs-bc-l3bits,19.080000000000002,17.838,4.516253535841406,14.682,26.348,5,0.4350314465408802,0.23670091906925605
som-rs-bc-l4bits,19.779400000000003,17.327,4.248150456375103,16.861,26.84,5,0.38428870440963814,0.21477650769867146
som-rs-bc-nan,19.9114,20.948,2.502897880457771,17.238,22.948,5,0.37511174503048483,0.12570175278773824
som-rs-bc-baseline,27.380399999999998,26.404,6.978085074001322,19.895,37.685,5,0.0,0.25485694416448706
