exe,mean,median,std,min,max,n,pct_vs_baseline,cov
som-rs-bc-l3bits,18.48,19.567,2.8423764704908465,14.251,20.857,5,0.05186147186147183,0.1538082505676865
som-rs-bc-l4bits,18.729599999999998,18.491,3.0833082557538742,14.715,23.375,5,0.03784384076541958,0.1646222159444876
som-rs-bc-baseline,19.4384,18.495,4.342194928834954,16.053,26.831,5,0.0,0.2233823220447647
som-rs-bc-nan,27.0014,27.776,1.261242760137794,25.411,28.161,5,-0.2800965875843474,0.046710272805772814
