exe,mean,median,std,min,max,n,pct_vs_baseline,cov
som-rs-bc-l3bits,306.62666666666667,0.0,617.4657616798254,0.0,1592.0,75,0.004435361134061067,2.013737971300035
som-rs-bc-baseline,307.9866666666667,0.0,620.4576883745281,0.0,1684.0,75,0.0,2.0145602246023464
som-rs-bc-l4bits,309.3333333333333,0.0,623.0011785450075,0.0,1621.0,75,-0.004353448275861926,2.014012430641188
som-rs-bc-nan,309.9066666666667,0.0,624.14129492931,0.0,1619.0,75,-0.006195413672933858,2.013965371066482
