exe,mean,median,std,min,max,n,pct_vs_baseline,cov
som-rs-bc-l3bits,305.74666666666667,0.0,615.69633383308,0.0,1576.0,75,0.015001526318084712,2.0137466764415417
som-rs-bc-l4bits,307.70666666666665,0.0,619.7752594709249,0.0,1599.0,75,0.008536268307479,2.0141755984192464
som-rs-bc-nan,308.2133333333333,0.0,620.6967813791324,0.0,1603.0,75,0.0068783526561688735,2.0138544126767144
som-rs-bc-baseline,310.3333333333333,0.0,624.9450210052714,0.0,1598.0,75,0.0,2.0137863190288017
