exe,mean,median,std,min,max,n,pct_vs_baseline,cov
som-rs-bc-nan,7995.2,8039.0,80.11054861876808,7872.0,8056.0,5,0.5025515309185513,0.010019830475631389
som-rs-bc-l4bits,8001.6,7977.0,77.50354830586787,7914.0,8115.0,5,0.5013497300539893,0.00968600633696609
som-rs-bc-l3bits,8034.0,8007.0,82.55906976220112,7964.0,8177.0,5,0.49529499626587015,0.010276209828503998
som-rs-bc-baseline,12013.2,11977.0,184.11871170524756,11847.0,12328.0,5,0.0,0.01532636697176835
