exe,mean,median,std,min,max,n,pct_vs_baseline,cov
som-rs-bc-nan,7925.8,7937.0,95.63838141666754,7796.0,8029.0,5,0.5012995533573898,0.012066716472364625
som-rs-bc-l3bits,7956.8,7946.0,63.50354320823373,7881.0,8053.0,5,0.49545043233460695,0.007981040519836332
som-rs-bc-l4bits,8179.0,8006.0,387.19504129056196,7809.0,8770.0,5,0.4548233280352121,0.047340144429705584
som-rs-bc-baseline,11899.0,11867.0,256.8180289621427,11623.0,12318.0,5,0.0,0.02158316068259036
