exe,mean,median,std,min,max,n,pct_vs_baseline,cov
som-rs-bc-l3bits,18971.2,18745.5,20003.607112496265,0.0,39263.0,10,0.6888915830311209,1.0544197052635713
som-rs-bc-nan,19116.8,18762.0,20163.952036575898,0.0,40136.0,10,0.6760284147974556,1.0547765335503798
som-rs-bc-l4bits,19167.9,18737.0,20212.550245660077,0.0,39493.0,10,0.6715602648177419,1.054499984122417
som-rs-bc-baseline,32040.3,31931.5,33774.25200767262,0.0,64702.0,10,0.0,1.0541178455779947
