exe,mean,median,std,min,max,n,pct_vs_baseline,cov
som-rs-bc-nan,18924.2,18754.0,19949.284480624585,0.0,38303.0,10,0.699680831950624,1.0541679162461073
som-rs-bc-l3bits,18984.0,18623.0,20014.435595894833,0.0,38648.0,10,0.6943268015170669,1.0542791611828293
som-rs-bc-l4bits,19105.9,18950.5,20140.972488106592,0.0,38833.0,10,0.683516610052392,1.054175542010928
som-rs-bc-baseline,32165.1,31731.5,33908.25548594324,0.0,65292.0,10,0.0,1.0541940017579066
