exe,mean,median,std,min,max,n,pct_vs_baseline,cov
som-rs-bc-l4bits,12066.5,11851.0,12720.576858425531,0.0,24455.0,10,0.8070857332283596,1.054206013212243
som-rs-bc-nan,12077.7,11732.0,12734.846516110389,0.0,24745.0,10,0.805409970441392,1.0544099055375102
som-rs-bc-l3bits,12137.2,11859.0,12800.598317613476,0.0,25324.0,10,0.7965593382328708,1.0546582669490059
som-rs-bc-baseline,21805.2,20930.0,23000.437482795845,0.0,45346.0,10,0.0,1.0548143324893073
