exe,mean,median,std,min,max,n,pct_vs_baseline,cov
som-rs-bc-nan,11972.4,11869.5,12621.065549310802,0.0,24366.0,10,0.7682252514115802,1.05418007661879
som-rs-bc-l4bits,12202.3,11982.0,12864.971512254162,0.0,25002.0,10,0.7349106316022391,1.0543070988464602
som-rs-bc-l3bits,12248.7,12039.0,12912.361915363641,0.0,24679.0,10,0.7283385175569652,1.0541822328380677
som-rs-bc-baseline,21169.9,21038.5,22315.714211440034,0.0,42733.0,10,0.0,1.0541246870056085
