exe,mean,median,std,min,max,n,pct_vs_baseline,cov
som-rs-bc-l3bits,12169.0,11890.0,12837.113192268389,0.0,25661.0,10,0.7580080532500617,1.0549028837429855
som-rs-bc-nan,12179.9,11886.0,12844.67008745478,0.0,25028.0,10,0.7564347818947612,1.0545792730198755
som-rs-bc-l4bits,12211.0,12084.5,12872.281192978622,0.0,24722.0,10,0.7519613463270822,1.0541545486019672
som-rs-bc-baseline,21393.2,21142.0,22551.98620373233,0.0,43287.0,10,0.0,1.0541660996827182
