exe,mean,median,std,min,max,n,pct_vs_baseline,cov
som-rs-bc-l4bits,12076.9,11853.5,12731.642465832041,0.0,24490.0,10,0.7857065968915864,1.0542144478990503
som-rs-bc-nan,12146.7,12069.0,12804.613379125856,0.0,24663.0,10,0.7754451826421989,1.054163960509921
som-rs-bc-l3bits,12269.1,12049.0,12936.411888326857,0.0,25108.0,10,0.7577328410396849,1.0543896364302887
som-rs-bc-baseline,21565.8,21316.5,22737.31958599244,0.0,44358.0,10,0.0,1.0543230293331314
