exe,mean,median,std,min,max,n,pct_vs_baseline,cov
som-rs-bc-nan,11016.7,10827.5,11615.27049524796,0.0,22633.0,10,0.8398159158368659,1.0543330121767824
som-rs-bc-l4bits,11139.4,10912.5,11745.36125171692,0.0,22874.0,10,0.8195504246189202,1.0543980153075498
som-rs-bc-l3bits,11196.3,10963.0,11805.620846303114,0.0,22928.0,10,0.8103034038030423,1.0544216255640806
som-rs-bc-baseline,20268.7,19862.0,21370.185425546082,0.0,41550.0,10,0.0,1.0543441575210093
