exe,mean,median,std,min,max,n,pct_vs_baseline,cov
som-rs-bc-l3bits,10967.7,10768.0,11562.642845243758,0.0,22205.0,10,0.8412611577632503,1.054244996238387
som-rs-bc-nan,11051.7,10795.0,11651.408727893999,0.0,22326.0,10,0.8272663934055395,1.0542639347696732
som-rs-bc-l4bits,11140.8,11005.0,11745.033142188706,0.0,22704.0,10,0.8126525922734456,1.054236064033885
som-rs-bc-baseline,20194.4,19990.0,21288.643003567264,0.0,41038.0,10,0.0,1.0541854674348958
