exe,mean,median,std,min,max,n,pct_vs_baseline,cov
som-rs-bc-l3bits,301.0,0.0,606.1514840546228,0.0,1552.0,75,0.8769435215946846,2.0137923058293117
som-rs-bc-nan,303.44,0.0,611.1035485308746,0.0,1552.0,75,0.8618507777484843,2.013918891810159
som-rs-bc-l4bits,306.94666666666666,0.0,618.1254332020088,0.0,1568.0,75,0.8405803396898486,2.0137877368555084
som-rs-bc-baseline,564.96,0.0,700.2595356703808,0.0,1565.0,75,0.0,1.2394851594278902
