exe,mean,median,std,min,max,n,pct_vs_baseline,cov
som-rs-bc-l4bits,302.56,0.0,609.3125998404466,0.0,1560.0,75,0.8705270579940068,2.0138570856704345
som-rs-bc-l3bits,305.85333333333335,0.0,615.8685954380584,0.0,1559.0,75,0.850385805832861,2.0136075965758917
som-rs-bc-nan,306.56,0.0,617.5089941351769,0.0,1666.0,75,0.8461203897007656,2.0143169171946007
som-rs-bc-baseline,565.9466666666667,0.0,702.534963895389,0.0,1608.0,75,0.0,1.2413448214709082
