exe,mean,median,std,min,max,n,pct_vs_baseline,cov
som-rs-bc-l4bits,23.05385,25.201999999999998,4.836406683468081,10.364,26.948,20,0.24779158361835418,0.209787375361082
som-rs-bc-nan,23.28085,25.8465,4.63927830452562,11.787,27.09,20,0.23562498791925535,0.1992744381981594
som-rs-bc-l3bits,23.53725,25.898,4.588704425285157,12.787,28.764,20,0.22216486632890398,0.19495499369234542
som-rs-bc-baseline,28.766399999999997,32.8745,7.7309141857459815,12.161,36.01,20,0.0,0.26874805974143384
