exe,mean,median,std,min,max,n,pct_vs_baseline,cov
som-rs-bc-l4bits,21.8305,24.5885,5.482979467598365,11.392,26.5,20,0.3385080506630631,0.2511614240442667
som-rs-bc-nan,22.63795,25.0675,4.9577260860939925,11.39,26.007,20,0.29076616919818266,0.2190006641985689
som-rs-bc-l3bits,23.16685,25.7695,4.586404155935118,13.206,27.42,20,0.26129793217463737,0.1979727134217694
som-rs-bc-baseline,29.220299999999998,32.3825,5.979722393662031,15.817,34.606,20,0.0,0.2046427447241141
