exe,mean,median,std,min,max,n,pct_vs_baseline,cov
som-rs-bc-l3bits,10.37625,11.263,2.1363885629972055,4.34,12.866,20,0.2148994097096737,0.20589216364266524
som-rs-bc-l4bits,10.497499999999999,10.9765,1.304263998946289,6.256,11.249,20,0.20086687306501583,0.12424520113801278
som-rs-bc-nan,10.549949999999999,10.809999999999999,1.037570769938889,6.77,12.372,20,0.19489665827800162,0.09834840638475909
som-rs-bc-baseline,12.606100000000001,13.557500000000001,2.2093086772968027,6.761,15.194,20,0.0,0.1752571118186277
