exe,mean,median,std,min,max,n,pct_vs_baseline,cov
som-rs-bc-nan,9.899750000000001,10.735,1.7703020519852417,4.617,10.923,20,0.24206166822394493,0.17882290481933802
som-rs-bc-l4bits,10.44195,11.062000000000001,1.5882023759087203,6.52,11.835,20,0.17756740838636453,0.15209825520221035
som-rs-bc-l3bits,11.2295,11.2485,0.9912581850727308,8.002,13.167,20,0.09498196714012197,0.08827269113252868
som-rs-bc-baseline,12.2961,13.4315,2.3469652947448623,5.714,13.615,20,0.0,0.19087070654474692
