exe,mean,median,std,min,max,n,pct_vs_baseline,cov
som-rs-bc-nan,29.463150000000002,33.371,7.580198999436141,14.346,34.513,20,0.2824918584740599,0.2572772768504434
som-rs-bc-l3bits,30.181400000000004,33.5125,6.786445573036705,14.496,34.992,20,0.25197141285692504,0.2248552278236498
som-rs-bc-l4bits,30.95555,34.178,6.507133757209123,14.901,35.863,20,0.22066156149704996,0.21020895307009962
som-rs-bc-baseline,37.78625,42.705,9.367074378262128,19.047,43.787,20,0.0,0.24789637442884985
