exe,mean,median,std,min,max,n,pct_vs_baseline,cov
som-rs-bc-nan,8.8087,9.729,2.0642479476733606,3.993,10.456,20,0.4608568801298716,0.2343419514427056
som-rs-bc-l4bits,9.632000000000001,10.279,1.6265807210542194,5.497,10.999,20,0.3359894102990031,0.16887258316592807
som-rs-bc-l3bits,10.1593,10.831,1.670210421662965,5.665,11.595,20,0.2666473083775456,0.16440211645122843
som-rs-bc-baseline,12.86825,13.32,1.8692594051346139,8.33,18.258,20,0.0,0.1452613529527802
