exe,mean,median,std,min,max,n,pct_vs_baseline,cov
som-rs-bc-l4bits,8.8766,9.794,1.9473270587356946,4.076,10.068,20,0.4022317103395445,0.21937758361711632
som-rs-bc-nan,9.2669,9.712499999999999,1.649815074166608,4.325,11.882,20,0.3431730136291533,0.1780331150834268
som-rs-bc-l3bits,10.0651,10.6765,1.84298698913076,4.276,11.762,20,0.23665437998628946,0.18310667446232626
som-rs-bc-baseline,12.44705,13.3115,2.0583064186748037,7.712,16.393,20,0.0,0.16536499963242723
