exe,mean,median,std,min,max,n,pct_vs_baseline,cov
som-rs-bc-l4bits,47.7774,54.355999999999995,12.066655601720232,25.829,55.927,20,0.1689208705371159,0.2525599049282764
som-rs-bc-nan,48.5025,54.8425,11.844522409336017,23.078,55.652,20,0.15144580176279576,0.24420436903945195
som-rs-bc-l3bits,48.57295,56.2915,14.95366409410997,21.925,58.534,20,0.14977574967137053,0.30785991161973836
som-rs-bc-baseline,55.848,62.7625,13.064521354053747,28.685,64.102,20,0.0,0.2339299769741754
