exe,mean,median,std,min,max,n,pct_vs_baseline,cov
som-rs-bc-l4bits,3790.4897499999997,4430.8515,1193.174894474617,1608.473,4551.928,20,0.24749718687407074,0.31478119535203
som-rs-bc-l3bits,3897.7868499999995,4526.504000000001,1139.2156579768878,1893.461,4615.466,20,0.21315646082596862,0.29227243608174414
som-rs-bc-nan,3977.28745,4666.4715,1291.1783216910405,1726.999,4769.126,20,0.18890710300559244,0.3246379191654957
som-rs-bc-baseline,4728.6253,5570.7155,1544.813855951655,2043.073,5666.421,20,0.0,0.3266940723663715
