exe,mean,median,std,min,max,n,pct_vs_baseline,cov
som-rs-bc-nan,5.9632,6.464,1.1892591501921648,2.75,6.656,20,0.45425275020123435,0.19943304772473922
som-rs-bc-l3bits,6.08735,6.617,1.1577842847439237,2.857,6.802,20,0.4245936244835604,0.19019512345173578
som-rs-bc-l4bits,6.5149,6.711,1.119129450204841,3.146,8.397,20,0.3311025495402846,0.1717799889798525
som-rs-bc-baseline,8.672,9.039000000000001,1.7968507538409935,4.318,12.594,20,0.0,0.2072014245665352
