exe,mean,median,std,min,max,n,pct_vs_baseline,cov
som-rs-bc-nan,61.9286,69.5765,14.70942200159655,32.759,71.502,20,0.3502194462655379,0.23752227567870984
som-rs-bc-l3bits,62.2821,70.931,15.644084124509702,32.365,71.969,20,0.3425558868438925,0.2511810636524732
som-rs-bc-l4bits,72.95515,80.7975,19.4413765899732,39.029,88.847,20,0.1461452687027578,0.2664839506186088
som-rs-bc-baseline,83.6172,96.39099999999999,24.708437166705878,38.818,104.051,20,0.0,0.2954946729465454
