exe,mean,median,std,min,max,n,pct_vs_baseline,cov
som-rs-bc-nan,62.2038,69.66300000000001,14.547822776513401,32.39,71.685,20,0.36937293220028344,0.23387353789500642
som-rs-bc-l3bits,63.197199999999995,70.378,13.812488497161207,31.84,72.026,20,0.3478476894545961,0.21856171629694365
som-rs-bc-l4bits,68.255,75.929,16.02984357870951,34.715,79.515,20,0.2479701120797011,0.2348522976882208
som-rs-bc-baseline,85.1802,99.098,26.457697028712804,37.457,102.038,20,0.0,0.31060853377560516
