exe,mean,median,std,min,max,n,pct_vs_baseline,cov
som-rs-bc-l3bits,29.6089,33.717,8.406500378936087,11.171,36.903,20,0.24538230059205168,0.2839180239365896
som-rs-bc-l4bits,29.6344,33.394999999999996,7.523384102775477,11.977,37.242,20,0.2443106659827765,0.2538733398609547
som-rs-bc-nan,33.95375,37.542,7.8360435161401485,19.013,42.048,20,0.08601848102197818,0.23078580469433121
som-rs-bc-baseline,36.874399999999994,42.22,10.911215704373573,13.698,45.004,20,0.0,0.2959021897135567
