exe,mean,median,std,min,max,n,pct_vs_baseline,cov
som-rs-bc-nan,63.6921,72.9525,17.630700594790834,31.358,76.066,20,0.3600768384148112,0.2768114192308125
som-rs-bc-l3bits,65.30735,75.11500000000001,18.46340305712899,30.649,77.913,20,0.3264379889859257,0.28271554514352504
som-rs-bc-l4bits,67.7423,77.565,18.497471312530664,31.275,80.692,20,0.2787600952432969,0.2730564405479392
som-rs-bc-baseline,86.62615,98.20750000000001,22.98225540733318,43.447,102.742,20,0.0,0.2653038996577036
