exe,mean,median,std,min,max,n,pct_vs_baseline,cov
som-rs-bc-nan,64.7834,72.6115,15.850847858445272,32.626,75.894,20,0.3311944109139069,0.24467452863612085
som-rs-bc-l4bits,66.2869,75.7505,17.494102936944817,33.203,77.213,20,0.30100065020388644,0.26391493548415773
som-rs-bc-l3bits,68.28495000000001,75.697,15.488349082880262,38.817,82.442,20,0.26293275458208565,0.2268193662421992
som-rs-bc-baseline,86.2393,99.444,25.30503837100222,42.06,105.471,20,0.0,0.2934281513301038
