exe,mean,median,std,min,max,n,pct_vs_baseline,cov
som-rs-bc-l4bits,48.91775,55.076499999999996,11.536705499245256,24.343,57.752,20,0.3048392454681583,0.23583884171380035
som-rs-bc-nan,49.2341,55.7465,12.472889480367957,25.62,57.701,20,0.29645509920969415,0.253338427641979
som-rs-bc-l3bits,50.5797,55.732,10.832203775876135,27.783,58.437,20,0.2619647803367753,0.2141610918189735
som-rs-bc-baseline,63.8298,72.838,17.8582698920372,29.01,79.19,20,0.0,0.279779505686015
