exe,mean,median,std,min,max,n,pct_vs_baseline,cov
som-rs-bc-l4bits,48.4106,55.396,13.928982074116277,21.775,59.604,20,0.27563178312187797,0.2877258714850937
som-rs-bc-l3bits,48.6942,55.244,12.66232279181867,25.005,57.562,20,0.2682023731779142,0.2600375977389231
som-rs-bc-nan,49.5603,55.7775,11.845090544631823,26.022,58.477,20,0.24603967288333606,0.23900360862690145
som-rs-bc-baseline,61.754099999999994,72.2525,19.085623627553588,26.803,74.372,20,0.0,0.30905840466549733
