exe,mean,median,std,min,max,n,pct_vs_baseline,cov
som-rs-bc-nan,32.2235,36.965,8.708707490660986,16.024,37.595,20,0.32488401322016536,0.27025951528111425
som-rs-bc-l3bits,32.71625,37.2415,8.422230901326746,15.426,38.428,20,0.30492950750773695,0.25743264895355505
som-rs-bc-l4bits,33.26415,37.551500000000004,8.219410942365258,15.361,39.035,20,0.2834357709425912,0.24709517430522823
som-rs-bc-baseline,42.6924,48.6015,12.357204016068394,20.857,52.343,20,0.0,0.2894473961657905
