exe,mean,median,std,min,max,n,pct_vs_baseline,cov
som-rs-bc-nan,165.33775,192.515,50.0966351426762,77.53,197.426,20,0.3883756129498557,0.3029957474483365
som-rs-bc-l3bits,173.59365,204.69,57.0519434737697,74.666,212.308,20,0.32234618028942896,0.3286522489375026
som-rs-bc-l4bits,185.5188,218.421,64.375447094288,75.826,229.736,20,0.23734575687207982,0.34700228275672335
som-rs-bc-baseline,229.5509,271.5235,75.15935873644533,100.349,276.67,20,0.0,0.3274191420571443
