exe,mean,median,std,min,max,n,pct_vs_baseline,cov
som-rs-bc-nan,165.49425,192.498,49.37656126765432,75.539,197.378,20,0.3927417417825694,0.29835816813970467
som-rs-bc-l3bits,175.3888,204.8435,55.50666899106998,74.475,211.479,20,0.31417028909485656,0.3164778423198629
som-rs-bc-l4bits,176.5535,204.8835,54.673556230546566,76.658,218.254,20,0.30550088216886095,0.30967132472902864
som-rs-bc-baseline,230.49075,271.2785,73.08755389248458,101.156,281.162,20,0.0,0.3170953883940444
