exe,mean,median,std,min,max,n,pct_vs_baseline,cov
som-rs-bc-l3bits,30.82345,33.83,6.501803729290094,12.808,34.842,20,0.20420978183817828,0.21093692397476901
som-rs-bc-nan,31.021049999999995,34.426,7.455990064335764,18.078,38.936,20,0.1965391242398309,0.24035260135732883
som-rs-bc-l4bits,32.8296,35.070499999999996,7.064813584906093,17.751,53.013,20,0.13062297438896597,0.21519645639624282
som-rs-bc-baseline,37.1179,41.478,8.720130158975477,18.253,42.873,20,0.0,0.23493059033446068
