exe,mean,median,std,min,max,n,pct_vs_baseline,cov
som-rs-bc-l3bits,63408128.0,63414272.0,58742.69030040084,63320064.0,63483904.0,60,0.4616291463454023,0.0009264220874081134
som-rs-bc-l4bits,63408128.0,63414272.0,58742.69030040084,63320064.0,63483904.0,60,0.4616291463454023,0.0009264220874081134
som-rs-bc-nan,63408128.0,63414272.0,58742.69030040084,63320064.0,63483904.0,60,0.4616291463454023,0.0009264220874081134
som-rs-bc-baseline,92679168.0,92678143.0,35935.67861176601,92635136.0,92725250.0,60,0.0,0.00038774278392061104
