exe,mean,median,std,min,max,n,pct_vs_baseline,cov
som-rs-bc-baseline,9031680.0,9031680.0,2642348.616394135,6524928.0,11538432.0,10,0.0,0.29256446379789086
som-rs-bc-l3bits,71399424.0,71399424.0,72528583.7132302,2592768.0,140206080.0,10,-0.8735048618879615,1.0158146893906341
som-rs-bc-l4bits,71399424.0,71399424.0,72528583.7132302,2592768.0,140206080.0,10,-0.8735048618879615,1.0158146893906341
som-rs-bc-nan,73207809.0,73207809.0,74434788.8753914,2592768.0,143822850.0,10,-0.8766295546421831,1.0167602321685572
