exe,mean,median,std,min,max,n,pct_vs_baseline,cov
som-rs-bc-baseline,0.0,0.0,0.0,0.0,0.0,5,,
som-rs-bc-nan,35502080.0,35502080.0,37353397.14825794,65536.0,70938624.0,10,-1.0,1.0521467234668487
som-rs-bc-l3bits,35733503.0,35733503.0,37036055.20641217,598016.0,70868990.0,10,-1.0,1.036451847623564
som-rs-bc-l4bits,35733503.0,35733503.0,37036055.20641217,598016.0,70868990.0,10,-1.0,1.036451847623564
