exe,mean,median,std,min,max,n,pct_vs_baseline,cov
som-rs-bc-l3bits,1331200.0,1331200.0,0.0,1331200.0,1331200.0,5,1.3015384615384615,0.0
som-rs-bc-l4bits,1331200.0,1331200.0,0.0,1331200.0,1331200.0,5,1.3015384615384615,0.0
som-rs-bc-nan,1331200.0,1331200.0,0.0,1331200.0,1331200.0,5,1.3015384615384615,0.0
som-rs-bc-baseline,3063808.0,3063808.0,0.0,3063808.0,3063808.0,5,0.0,0.0
