exe,mean,median,std,min,max,n,pct_vs_baseline,cov
som-rs-bc-baseline,35303424.0,35303424.0,0.0,35303424.0,35303424.0,5,0.0,0.0
som-rs-bc-l3bits,57710591.0,57710591.0,44978212.526439965,15040512.0,100380670.0,10,-0.3882678484439711,0.7793753580939756
som-rs-bc-l4bits,57710591.0,57710591.0,44978212.526439965,15040512.0,100380670.0,10,-0.3882678484439711,0.7793753580939756
som-rs-bc-nan,58875904.0,58875904.0,46206560.282107905,15040512.0,102711296.0,10,-0.4003756783080562,0.7848127526348964
