exe,mean,median,std,min,max,n,pct_vs_baseline,cov
som-rs-bc-nan,33.422000000000004,33.436,0.05816786054170965,33.331,33.48,5,0.28277781102267974,0.0017404063353991276
som-rs-bc-l3bits,33.7518,33.785,0.18706068534034462,33.5,33.999,5,0.270243364798322,0.005542243238593041
som-rs-bc-l4bits,34.2804,34.11,0.3528963020491984,34.015,34.883,5,0.25065635173451906,0.010294404442456868
som-rs-bc-baseline,42.873000000000005,42.655,0.5927153617040818,42.516,43.928,5,0.0,0.013824909889769359
