exe,mean,median,std,min,max,n,pct_vs_baseline,cov
som-rs-bc-nan,8.0406,8.018,0.08708788664332107,7.941,8.139,5,0.16523642514240255,0.010831018411974364
som-rs-bc-l3bits,8.1234,8.117,0.0852543254034653,8.04,8.235,5,0.1533594307802153,0.010494906738984329
som-rs-bc-l4bits,8.1244,8.083,0.10674877048472292,8.03,8.262,5,0.15321746836689498,0.013139280498833505
som-rs-bc-baseline,9.369200000000001,9.358,0.09868485192773946,9.255,9.472,5,0.0,0.010532900560105392
