exe,mean,median,std,min,max,n,pct_vs_baseline,cov
som-rs-bc-l3bits,61.9292,61.73,0.6265163206174297,61.287,62.916,5,0.30760610503607344,0.010116654512207968
som-rs-bc-l4bits,63.4652,63.456,0.2937025706390713,63.172,63.87,5,0.27595910829872117,0.0046277734985326014
som-rs-bc-nan,63.7164,64.176,0.8267710081999706,62.564,64.448,5,0.2709286777030717,0.012975795999145756
som-rs-bc-baseline,80.979,81.042,0.5964142855431926,80.256,81.868,5,0.0,0.0073650487847860885
