exe,mean,median,std,min,max,n,pct_vs_baseline,cov
som-rs-bc-nan,326.4266666666667,0.0,658.0252022885194,0.0,1788.0,75,0.03296299321950813,2.0158438923143107
som-rs-bc-l3bits,331.3066666666667,0.0,668.4848130101575,0.0,1913.0,75,0.017747907276239427,2.01772218994534
som-rs-bc-baseline,337.18666666666667,0.0,680.3045362056481,0.0,1849.0,75,0.0,2.0175902651517896
som-rs-bc-l4bits,342.53333333333336,0.0,690.4759097767147,0.0,1837.0,75,-0.015609186453873214,2.0157918736182796
