exe,mean,median,std,min,max,n,pct_vs_baseline,cov
som-rs-bc-l3bits,8252.2,8319.0,153.9470688256193,8077.0,8418.0,5,0.425607716730084,0.018655276026468007
som-rs-bc-nan,8257.4,8161.0,435.76404165557295,7736.0,8940.0,5,0.4247099571293629,0.05277254846023845
som-rs-bc-l4bits,8392.2,8180.0,348.4289023602951,8161.0,8968.0,5,0.40182550463525635,0.04151818383264163
som-rs-bc-baseline,11764.4,11818.0,422.8969141528466,11211.0,12167.0,5,0.0,0.035947172329472525
