exe,mean,median,std,min,max,n,pct_vs_baseline,cov
som-rs-bc-l4bits,22272.6,21617.0,23498.171546834117,0.0,46497.0,10,0.6371146610633696,1.0550259757205769
som-rs-bc-nan,22455.5,21506.0,23701.57438863503,0.0,47909.0,10,0.6237803656119882,1.0554908324746735
som-rs-bc-l3bits,22462.8,22001.5,23685.79118749842,0.0,46375.0,10,0.6232526666310525,1.054445179919619
som-rs-bc-baseline,36462.8,35665.0,38449.6819053451,0.0,75093.0,10,0.0,1.05449065637705
