exe,mean,median,std,min,max,n,pct_vs_baseline,cov
som-rs-bc-l4bits,14541.2,14400.0,15328.583407767625,0.0,29369.0,10,0.8616620361455725,1.0541484477049778
som-rs-bc-l3bits,14654.9,14103.0,15462.700989082656,0.0,30988.0,10,0.8472183365290791,1.0551215626911583
som-rs-bc-nan,14871.7,14496.5,15681.06536240443,0.0,30315.0,10,0.8202895432263964,1.0544231905165131
som-rs-bc-baseline,27070.8,23678.0,29673.47467876169,0.0,75936.0,10,0.0,1.0961432495072805
