exe,mean,median,std,min,max,n,pct_vs_baseline,cov
som-rs-bc-nan,14608.2,13772.0,15415.696227474702,0.0,30313.0,10,0.6836639695513478,1.0552769148474626
som-rs-bc-l4bits,14765.4,14497.5,15569.891865748816,0.0,30490.0,10,0.6657388218402482,1.054484935440206
som-rs-bc-l3bits,14871.6,14465.0,15682.328867585677,0.0,30410.0,10,0.6538435676053684,1.0545152416408239
som-rs-bc-baseline,24595.3,24117.5,25937.529981990705,0.0,51078.0,10,0.0,1.0545726208662105
