exe,mean,median,std,min,max,n,pct_vs_baseline,cov
som-rs-bc-l4bits,13467.3,13174.0,14197.989905069113,0.0,27304.0,10,0.7359158851440155,1.0542565996947506
som-rs-bc-nan,13783.7,12996.0,14566.038507050878,0.0,29720.0,10,0.6960685447303698,1.0567582366890513
som-rs-bc-l3bits,13822.6,13464.5,14576.680998544673,0.0,28687.0,10,0.691295414755545,1.0545542082202097
som-rs-bc-baseline,23378.1,22515.5,24671.05558904559,0.0,49348.0,10,0.0,1.0553062733517948
