exe,mean,median,std,min,max,n,pct_vs_baseline,cov
som-rs-bc-l3bits,328.38666666666666,0.0,662.2036694400143,0.0,1809.0,75,0.7975151244467904,2.0165364086240234
som-rs-bc-l4bits,329.88,0.0,664.7572399817155,0.0,1736.0,75,0.7893779556202254,2.0151486600634034
som-rs-bc-nan,341.70666666666665,0.0,690.069576855045,0.0,1936.0,75,0.7274465428437646,2.0194794078401896
som-rs-bc-baseline,590.28,0.0,741.9571736748474,0.0,2023.0,75,0.0,1.256958009207236
