rank,exe,geo_mean_speedup_vs_baseline,median_speedup_vs_baseline,win_rate
1,som-rs-bc-nan,1.2591611377452023,1.2702272864061808,0.5769230769230769
2,som-rs-bc-l3bits,1.2116541548963211,1.2406403428435593,0.2692307692307692
3,som-rs-bc-l4bits,1.2025818334505094,1.2351978585862602,0.15384615384615385
4,som-rs-bc-baseline,1.0,1.0,0.0
