rank,exe,geo_mean_speedup_vs_baseline,median_speedup_vs_baseline,win_rate
1,som-rs-bc-l3bits,1.6679134961139956,1.7008343190930313,0.8846153846153846
2,som-rs-bc-l4bits,1.6655788511948093,1.7151187462657578,0.8846153846153846
3,som-rs-bc-nan,1.6418756862498793,1.7089634658145458,0.8461538461538461
4,som-rs-bc-baseline,1.0,1.0,0.8076923076923077
