rank,exe,geo_mean_speedup_vs_baseline,median_speedup_vs_baseline,win_rate
1,som-rs-bc-l3bits,1.677099931268481,1.7272727272727273,1.0
2,som-rs-bc-l4bits,1.677099931268481,1.7272727272727273,1.0
3,som-rs-bc-nan,1.677099931268481,1.7272727272727273,1.0
4,som-rs-bc-baseline,1.0,1.0,0.8076923076923077
