exe,mean,median,std,min,max,n,pct_vs_baseline,cov
som-rs-bc-nan,3.5741466666666666,3.043,1.1944059667187423,2.646,7.598,75,0.23990808062344016,0.3341793379264633
som-rs-bc-l4bits,3.7616,3.372,1.1408315364656585,2.731,7.414,75,0.17811924003969937,0.30328358583200193
som-rs-bc-l3bits,4.06764,3.491,1.4553169585110077,2.748,8.281,75,0.08948022276635426,0.3577791934662379
som-rs-bc-baseline,4.431613333333333,3.714,1.694687206196721,2.854,9.974,75,0.0,0.38240863512386486
