exe,mean,median,std,min,max,n,pct_vs_baseline,cov
som-rs-bc-nan,3.5597600000000003,3.179,0.9234402165346244,2.627,6.476,75,0.09124210620940731,0.259410807620352
som-rs-bc-l3bits,3.8132933333333336,3.274,1.2792138926165015,2.756,7.988,75,0.018689007227348453,0.3354617074523076
som-rs-bc-baseline,3.88456,3.542,1.2660924055768834,2.818,9.407,75,0.0,0.3259294245878255
som-rs-bc-l4bits,3.972413333333333,3.265,1.3417485474874509,2.718,7.687,75,-0.02211585904118729,0.33776660052682944
