exe,mean,median,std,min,max,n,pct_vs_baseline,cov
som-rs-bc-l4bits,7.998173333333334,7.746,0.9088522666102136,7.093,12.157,75,0.08794508079344787,0.11363247940907509
som-rs-bc-nan,8.014653333333333,7.71,0.9986404473398138,7.254,12.749,75,0.08570801149228346,0.12460182690452994
som-rs-bc-l3bits,8.34924,7.792,1.4830932142526185,7.239,15.251,75,0.04219944969043099,0.17763212151676303
som-rs-bc-baseline,8.701573333333334,8.291,1.2745083225087797,7.523,12.918,75,0.0,0.14646872165364497
