exe,mean,median,std,min,max,n,pct_vs_baseline,cov
som-rs-bc-nan,9.455733333333333,9.137,0.8560062094579866,8.681,13.576,75,0.38371640486195324,0.09052774430941227
som-rs-bc-l4bits,9.706853333333333,9.238,1.389983547378163,8.827,18.817,75,0.3479191334232583,0.1431961006977369
som-rs-bc-l3bits,10.0072,9.59,1.9207908140532512,8.758,22.45,75,0.30746395928265,0.19194088396886755
som-rs-bc-baseline,13.084053333333333,12.961,2.1546361070663123,10.203,22.758,75,0.0,0.16467649987157235
