exe,mean,median,std,min,max,n,pct_vs_baseline,cov
som-rs-bc-l4bits,9.390613333333334,9.035,0.9070216614912862,8.803,15.15,75,0.3608142031191428,0.09658811722890157
som-rs-bc-nan,9.628386666666668,9.102,1.4246527020440602,8.763,18.041,75,0.3272088504962407,0.147963802386145
som-rs-bc-l3bits,9.900986666666666,9.505,1.5117034824127173,8.71,19.098,75,0.29066732743134005,0.15268210465348073
som-rs-bc-baseline,12.77888,12.754,1.8657057642937482,10.331,18.919,75,0.0,0.14599916145184463
