exe,mean,median,std,min,max,n,pct_vs_baseline,cov
som-rs-bc-l3bits,7.978479999999999,7.547,1.0325606501393592,7.285,12.069,75,0.13829200549478093,0.129418216269184
som-rs-bc-l4bits,8.028146666666666,7.481,1.407550236186043,7.053,14.987,75,0.1312498858183957,0.1753269209729655
som-rs-bc-nan,8.428733333333334,7.899,1.640829152077177,7.244,17.574,75,0.0774857432117122,0.1946709057205721
som-rs-bc-baseline,9.08184,9.228,1.237114210026159,7.564,13.892,75,0.0,0.13621845463321958
