exe,mean,median,std,min,max,n,pct_vs_baseline,cov
som-rs-bc-nan,39.85308,38.334,6.015710244873026,27.932,52.706,75,0.07085023290546189,0.1509471851328185
som-rs-bc-l3bits,40.57382666666666,43.612,6.549259659776147,27.541,58.54,75,0.0518278285804612,0.16141587318301126
som-rs-bc-l4bits,41.66769333333334,39.406,7.118328985079281,28.285,59.224,75,0.0242150833403465,0.1708356862505935
som-rs-bc-baseline,42.676680000000005,45.924,10.476730647409926,26.919,68.093,75,0.0,0.24549076093571304
