exe,mean,median,std,min,max,n,pct_vs_baseline,cov
som-rs-bc-l4bits,39.362026666666665,38.636,6.3004117282305625,28.402,61.423,75,0.1211014879992629,0.16006319444842007
som-rs-bc-l3bits,40.45149333333333,44.254,6.346067944912142,27.582,52.23,75,0.09090723309102389,0.1568809312580502
som-rs-bc-nan,40.69374666666667,38.448,6.495772498623537,27.752,57.851,75,0.08441296959303468,0.15962581552964739
som-rs-bc-baseline,44.12882666666666,46.045,10.811828645457652,26.828,72.568,75,0.0,0.24500603034670126
