exe,mean,median,std,min,max,n,pct_vs_baseline,cov
som-rs-bc-nan,24.5748,25.68,3.0038811061691515,21.314,28.324,5,0.4318814395234143,0.12223420358127642
som-rs-bc-l3bits,26.503999999999998,24.458,3.5428485008535153,24.038,32.254,5,0.3276562028373078,0.13367221931985798
som-rs-bc-l4bits,30.0536,30.193,2.706320066067575,26.876,34.222,5,0.17084808475523738,0.09004977992877974
som-rs-bc-baseline,35.1882,33.359,5.724495060701862,27.808,42.43,5,0.0,0.16268223611045357
