exe,mean,median,std,min,max,n,pct_vs_baseline,cov
som-rs-bc-nan,26.7746,24.406,6.933988880867925,22.41,38.941,5,0.3273027421511432,0.25897637615007973
som-rs-bc-l3bits,28.403,30.404,5.375141951613928,21.192,34.107,5,0.25120585853607014,0.18924557094722136
som-rs-bc-l4bits,29.232799999999997,28.987,4.998274622307181,22.171,35.371,5,0.2156892258011549,0.17098172676949117
som-rs-bc-baseline,35.538,33.621,4.744521682951823,31.289,43.565,5,0.0,0.13350559071843726
