exe,mean,median,std,min,max,n,pct_vs_baseline,cov
som-rs-bc-l4bits,15.4536,16.682,2.681467564599655,10.892,17.645,5,0.21764507946368483,0.17351733994665677
som-rs-bc-nan,17.8016,17.571,4.494317167268016,11.67,24.105,5,0.057039816645694685,0.2524670348321508
som-rs-bc-l3bits,18.3822,18.286,1.0284236481139477,16.918,19.47,5,0.02365331679559568,0.05594671193404204
som-rs-bc-baseline,18.817,18.305,4.161065668792071,14.859,25.812,5,0.0,0.2211333192747022
