exe,mean,median,std,min,max,n,pct_vs_baseline,cov
som-rs-bc-l4bits,14.4906,14.04,2.125534944431637,12.852,18.184,5,0.2768691427546133,0.14668370836484595
som-rs-bc-l3bits,16.915799999999997,16.712,2.221003534441131,14.237,19.919,5,0.09380579103560005,0.13129757590188648
som-rs-bc-nan,17.244999999999997,16.264,4.176970133960738,12.817,22.252,5,0.07292548564801415,0.2422134029551023
som-rs-bc-baseline,18.5026,19.375,1.9812617949175726,15.935,20.558,5,0.0,0.10708018305089946
