exe,mean,median,std,min,max,n,pct_vs_baseline,cov
som-rs-bc-nan,3.851266666666667,3.424,0.9484268102570774,3.006,6.742,75,0.3716664647129082,0.2462636042489252
som-rs-bc-l4bits,3.8795999999999995,3.433,1.0758682100542825,3.046,8.345,75,0.36164896724748274,0.2773142102418503
som-rs-bc-l3bits,4.282266666666667,3.533,1.5655312139915905,3.022,9.026,75,0.2336114830152256,0.3655847091863165
som-rs-bc-baseline,5.282653333333333,5.535,0.6337786827739942,4.508,6.832,75,0.0,0.11997355169510666
