exe,mean,median,std,min,max,n,pct_vs_baseline,cov
som-rs-bc-nan,3.6130133333333334,3.321,0.893931772191443,2.993,7.376,75,0.5212823275862069,0.24742000366954353
som-rs-bc-l3bits,4.22592,3.766,1.349205529591797,3.016,8.279,75,0.30064301580089836,0.3192690655743121
som-rs-bc-l4bits,4.351653333333334,3.81,1.411496986558265,3.047,8.363,75,0.2630632342037047,0.32435878468220464
som-rs-bc-baseline,5.496413333333333,5.126,1.3785668928993615,4.547,13.687,75,0.0,0.25081208586314985
