exe,mean,median,std,min,max,n,pct_vs_baseline,cov
som-rs-bc-nan,465.18965,593.6005,271.3085729637158,6.31,683.033,20,0.18338574385737116,0.5832214301494365
som-rs-bc-l3bits,468.95525,602.274,274.420694365781,4.77,694.568,20,0.17388343557301056,0.5851745862015214
som-rs-bc-l4bits,481.42735000000005,599.5825,282.60485514700656,6.836,751.036,20,0.14347221860162285,0.5870145415440284
som-rs-bc-baseline,550.4988000000001,698.8050000000001,322.54029584054337,7.501,815.676,20,0.0,0.5859055384690091
