exe,mean,median,std,min,max,n,pct_vs_baseline,cov
som-rs-bc-l4bits,458.11695,596.663,267.28507061591614,5.225,676.721,20,0.2731324392166672,0.5834428754839046
som-rs-bc-nan,485.39174999999994,623.381,284.37248603693877,6.856,702.602,20,0.2015934551833647,0.5858618034545062
som-rs-bc-l3bits,499.41105,639.9735000000001,293.0334351861531,4.886,718.067,20,0.16786272550437142,0.5867580126353894
som-rs-bc-baseline,583.2435499999999,724.814,344.19893967121226,6.942,898.656,20,0.0,0.5901461570748829
