exe,mean,median,std,min,max,n,pct_vs_baseline,cov
som-rs-bc-l3bits,18.050800000000002,17.025,3.130419253071384,15.268,23.393,5,0.4015445298823319,0.17342274320647194
som-rs-bc-l4bits,19.778200000000002,19.878,1.9335025730523354,16.906,21.934,5,0.27913561395880304,0.09775927905736291
som-rs-bc-baseline,25.299,22.566,6.1673653613192085,19.817,32.99,5,0.0,0.24377901740460922
som-rs-bc-nan,26.782999999999998,26.662,3.22924611945265,21.936,30.181,5,-0.0554082813725123,0.1205707396278479
