exe,mean,median,std,min,max,n,pct_vs_baseline,cov
som-rs-bc-l4bits,17.8098,18.078,0.8888831194257211,16.29,18.627,5,0.29306336960549806,0.049909775484605165
som-rs-bc-nan,18.760399999999997,17.958,2.156588347367203,16.968,22.385,5,0.22754312274791588,0.11495428388345683
som-rs-bc-l3bits,19.9854,19.453,1.6895065255866861,18.297,22.717,5,0.15230117986129876,0.08453703831730594
som-rs-bc-baseline,23.0292,22.599,2.7899559494730375,19.231,26.985,5,0.0,0.12114862650344074
