exe,mean,median,std,min,max,n,pct_vs_baseline,cov
som-rs-bc-nan,19.5624,18.218,5.446817309218292,13.634,27.544,5,0.14237516869095823,0.2784329790423615
som-rs-bc-l4bits,20.071199999999997,23.116,5.624062206270484,13.899,24.734,5,0.1134162381920365,0.28020557845422717
som-rs-bc-l3bits,20.775799999999997,18.111,5.757874147634699,15.424,27.756,5,0.07565532975866174,0.27714331807365783
som-rs-bc-baseline,22.3476,23.125,2.315538986931552,19.713,24.792,5,0.0,0.10361466049739355
