exe,mean,median,std,min,max,n,pct_vs_baseline,cov
som-rs-bc-l3bits,19.339,19.694,2.156369054684285,16.442,21.831,5,0.22323801644345642,0.11150364831088913
som-rs-bc-nan,19.4158,19.572,2.9496937468150817,16.529,23.398,5,0.21839944787235144,0.15192233885882023
som-rs-bc-baseline,23.656200000000002,22.947,7.527134826745167,17.271,36.004,5,0.0,0.31818867048575705
som-rs-bc-l4bits,25.686799999999998,25.681,4.964222416451545,19.15,32.249,5,-0.07905227587710406,0.19325966708393202
