exe,mean,median,std,min,max,n,pct_vs_baseline,cov
som-rs-bc-nan,56.6232,57.711,4.327155901975338,49.247,60.279,5,0.3289570352788258,0.07642019352448004
som-rs-bc-l3bits,58.409400000000005,54.847,7.199574244356403,52.577,69.453,5,0.28831660657359937,0.12326054101491202
som-rs-bc-l4bits,59.17999999999999,58.818,2.7884683071535865,56.222,63.787,5,0.2715410611693143,0.047118423574748006
som-rs-bc-baseline,75.24980000000001,78.409,6.029058276381147,65.589,80.218,5,0.0,0.0801205887109487
