exe,mean,median,std,min,max,n,pct_vs_baseline,cov
som-rs-bc-l4bits,54.834799999999994,57.524,4.956340050884321,49.136,59.368,5,0.32864896014939426,0.09038676261943732
som-rs-bc-l3bits,60.435,60.711,2.2311683038264962,57.031,62.823,5,0.20552990816579797,0.036918479421303815
som-rs-bc-nan,60.7386,61.892,2.04435253809122,58.471,62.498,5,0.19950410447392608,0.03365820973962554
som-rs-bc-baseline,72.8562,72.514,7.129902853475635,64.769,80.19,5,0.0,0.09786267817255957
