exe,mean,median,std,min,max,n,pct_vs_baseline,cov
som-rs-bc-nan,5.173,5.06,0.613921819126833,4.587,6.076,5,0.8886912816547456,0.11867810151301623
som-rs-bc-l4bits,7.6968000000000005,9.075,2.819426572904497,4.296,10.265,5,0.26938467934726096,0.3663115285449144
som-rs-bc-l3bits,8.826600000000001,9.615,1.2328123539290154,7.222,9.786,5,0.10690413069585092,0.13967012824066066
som-rs-bc-baseline,9.770199999999999,8.529,3.415616737867409,6.66,15.023,5,0.0,0.3495953755161009
