exe,mean,median,std,min,max,n,pct_vs_baseline,cov
som-rs-bc-nan,4.488346666666667,4.237,0.8304410988978922,3.845,7.771,75,0.47967477259629376,0.18502160384920333
som-rs-bc-l3bits,4.940693333333334,4.526,1.2538914342992415,3.937,9.623,75,0.34420270299445144,0.25378855753698026
som-rs-bc-l4bits,5.0061599999999995,4.432,1.2927843828498786,3.977,9.729,75,0.32662426557148283,0.2582387264589783
som-rs-bc-baseline,6.6412933333333335,6.449,1.7081631969420799,5.235,13.379,75,0.0,0.2572033956652138
