exe,mean,median,std,min,max,n,pct_vs_baseline,cov
som-rs-bc-l3bits,3.65568,3.284,0.9885301012518946,2.772,7.021,75,0.2765194619514473,0.2704093633063875
som-rs-bc-nan,3.70968,3.311,1.133492154266532,2.778,8.145,75,0.25793779157950714,0.30554984641978067
som-rs-bc-l4bits,4.00956,3.45,1.267147586702704,2.759,7.692,75,0.163855053089782,0.3160315811966161
som-rs-bc-baseline,4.666546666666666,4.018,1.491248862561206,3.037,9.307,75,0.0,0.31956154498855815
