exe,mean,median,std,min,max,n,pct_vs_baseline,cov
som-rs-bc-nan,3.7884800000000003,3.485,1.0104208697637107,2.779,7.532,75,0.26214559225159784,0.2667087776004389
som-rs-bc-l3bits,4.027973333333334,3.372,1.4099332164875593,2.894,8.379,75,0.18710153658746487,0.35003538996142625
som-rs-bc-l4bits,4.099306666666666,3.528,1.3344176579189015,2.86,7.949,75,0.16644440685904627,0.32552276919647427
som-rs-bc-baseline,4.7816133333333335,4.242,1.1401530349313036,3.91,9.341,75,0.0,0.23844526009310044
