exe,mean,median,std,min,max,n,pct_vs_baseline,cov
som-rs-bc-l3bits,5.5882,5.009,1.3822288884262262,4.515,7.87,5,0.7937081707884468,0.2473477843359626
som-rs-bc-nan,7.567,7.582,1.092956998239181,5.988,9.076,5,0.3246464913439935,0.14443729327860194
som-rs-bc-l4bits,8.885,10.055,2.756177878875019,4.237,11.319,5,0.12814856499718608,0.31020572637873034
som-rs-bc-baseline,10.023599999999998,9.261,3.175542284398052,6.636,15.221,5,0.0,0.3168065649465314
