exe,mean,median,std,min,max,n,pct_vs_baseline,cov
som-rs-bc-l4bits,3.789813333333333,3.206,1.2957059298222635,2.797,8.199,75,0.2892701839316625,0.34189175451621107
som-rs-bc-nan,3.807533333333333,3.367,1.1590400423711944,2.783,7.828,75,0.2832700085794828,0.304407063813281
som-rs-bc-l3bits,4.798546666666667,4.387,1.5978612842182525,2.905,8.221,75,0.018244412891680994,0.33298858909049944
som-rs-bc-baseline,4.886093333333333,4.811,0.9041965998449515,3.936,10.227,75,0.0,0.1850551223973655
