exe,mean,median,std,min,max,n,pct_vs_baseline,cov
som-rs-bc-l3bits,3.6794533333333335,3.252,0.9275430388984701,2.776,7.124,75,0.24824339847586052,0.2520871865653422
som-rs-bc-nan,3.7886800000000003,3.463,1.0372484020559236,2.779,7.426,75,0.21225686342824757,0.273775669113233
som-rs-bc-l4bits,3.8155466666666666,3.254,1.2085176009110135,2.761,7.949,75,0.20372091722985952,0.3167351120270263
som-rs-bc-baseline,4.592853333333333,3.819,1.625628050717408,2.993,9.324,75,0.0,0.3539473030673905
