exe,mean,median,std,min,max,n,pct_vs_baseline,cov
som-rs-bc-l3bits,3.82708,3.288,1.2623003964234547,2.773,8.053,75,0.1763711933554215,0.32983381492507463
som-rs-bc-nan,3.9845599999999997,3.469,1.3214518657573244,2.703,8.283,75,0.12987799573018544,0.3316431088394514
som-rs-bc-l4bits,4.2001333333333335,3.594,1.4330105555271573,2.708,7.902,75,0.07188660677438818,0.34118215823160153
som-rs-bc-baseline,4.502066666666667,3.962,1.354230432039933,3.127,9.314,75,0.0,0.3008019499281662
