exe,mean,median,std,min,max,n,pct_vs_baseline,cov
som-rs-bc-l4bits,3.76728,3.19,1.3221688320863343,2.691,8.163,75,0.2247173911504674,0.3509611263527888
som-rs-bc-nan,3.889826666666667,3.328,1.2764854661237728,2.704,7.837,75,0.18613340097416486,0.3281599864236725
som-rs-bc-l3bits,3.966466666666667,3.429,1.2693874063450399,2.791,8.003,75,0.1632149520143873,0.32002976780637005
som-rs-bc-baseline,4.613853333333333,4.036,1.4022232992290855,3.134,9.879,75,0.0,0.3039158807018325
