exe,mean,median,std,min,max,n,pct_vs_baseline,cov
som-rs-bc-nan,4.4526,4.314,0.8260177015314154,3.835,8.41,75,0.6109239545434129,0.1855135654519641
som-rs-bc-l3bits,4.508866666666667,4.224,0.6965343617633781,3.922,6.672,75,0.5908210488962489,0.15448102888309953
som-rs-bc-l4bits,4.945586666666666,4.373,1.3717824180687412,3.983,10.503,75,0.4503436060164081,0.2773750639766515
som-rs-bc-baseline,7.1728000000000005,6.509,2.109302074915597,5.22,16.475,75,0.0,0.2940695509306821
