exe,mean,median,std,min,max,n,pct_vs_baseline,cov
som-rs-bc-l3bits,3.8516799999999995,3.411,1.3072991464765737,2.658,7.453,75,0.020420526454257182,0.33941011363264184
som-rs-bc-baseline,3.930333333333333,3.541,1.3632033848507235,2.859,9.81,75,0.0,0.3468416720000145
som-rs-bc-nan,4.078533333333334,3.573,1.3703416553006964,2.606,7.463,75,-0.03633659158521052,0.33598883306924787
som-rs-bc-l4bits,4.08132,3.541,1.4448658607897398,2.65,8.489,75,-0.036994567117174526,0.35401925376832494
