exe,mean,median,std,min,max,n,pct_vs_baseline,cov
som-rs-bc-nan,3.36456,3.039,1.0554250999581265,2.599,7.531,75,0.25303358140935694,0.3136888924430316
som-rs-bc-l3bits,3.8316799999999995,3.496,1.1819990300448757,2.662,8.123,75,0.10027629307944985,0.30848062208871196
som-rs-bc-l4bits,3.896986666666667,3.274,1.3011288912754613,2.677,7.633,75,0.08183759075388153,0.33388076546548645
som-rs-bc-baseline,4.215906666666666,3.625,1.4292899217304935,2.907,8.223,75,0.0,0.3390231413402163
