exe,mean,median,std,min,max,n,pct_vs_baseline,cov
som-rs-bc-l4bits,26.7588,25.852,4.518038811254281,22.743,34.282,5,0.49651703364874367,0.16884310250288806
som-rs-bc-nan,27.413999999999998,26.884,3.064365431863503,24.489,31.964,5,0.460749981761144,0.11178104004754882
som-rs-bc-l3bits,27.443399999999997,26.471,4.969483202507077,22.335,34.104,5,0.45918508639600075,0.18108117807950463
som-rs-bc-baseline,40.045,43.209,7.438756784570928,30.326,47.8,5,0.0,0.18575993968213078
