exe,mean,median,std,min,max,n,pct_vs_baseline,cov
som-rs-bc-l4bits,24.77,22.755,5.118997069739347,21.403,33.67,5,0.2154703270084779,0.20666116551228692
som-rs-bc-nan,26.960199999999997,25.811,4.992204643241299,22.087,33.907,5,0.11672762071497989,0.18516942171205333
som-rs-bc-baseline,30.1072,31.088,2.3234069165774627,26.917,32.29,5,0.0,0.07717113901583218
som-rs-bc-l3bits,33.4518,33.038,4.417884471101527,29.432,40.225,5,-0.09998266162060043,0.132067167420035
