exe,mean,median,std,min,max,n,pct_vs_baseline,cov
som-rs-bc-l3bits,1825.0734,1733.939,168.13816519844622,1672.352,2009.028,5,0.16624668355804206,0.09212679621457757
som-rs-bc-nan,1838.7096000000001,1774.985,143.58770266913533,1715.413,2022.132,5,0.1575975890918282,0.07809156088005159
som-rs-bc-l4bits,1840.7484,1828.421,121.67689509639871,1685.185,2024.646,5,0.156315442132124,0.06610186112148662
som-rs-bc-baseline,2128.4858,2091.221,139.91820512964009,2006.105,2351.918,5,0.0,0.06573602940157744
