exe,mean,median,std,min,max,n,pct_vs_baseline,cov
som-rs-bc-l4bits,1848.6358,1819.159,130.66701879854764,1688.474,2022.683,5,0.17786661926594727,0.07068294295639392
som-rs-bc-nan,1860.7984000000001,1787.928,141.8898110006494,1721.915,2066.103,5,0.17016781613741694,0.07625211360921709
som-rs-bc-l3bits,1890.3748,1896.698,135.46953469027656,1674.87,2007.68,5,0.15185962064242475,0.07166279125720283
som-rs-bc-baseline,2177.4464,2264.303,163.45690584921772,1991.081,2318.557,5,0.0,0.07506816509890564
