exe,mean,median,std,min,max,n,pct_vs_baseline,cov
som-rs-bc-l3bits,6.3382,6.393,2.166312812130326,3.858,9.128,5,0.11627906976744184,0.3417867552507536
som-rs-bc-nan,6.475399999999999,5.261,2.579466088166309,4.043,10.118,5,0.09262748247212538,0.39834853262598596
som-rs-bc-l4bits,6.8104,6.328,2.8782125182133442,4.046,9.811,5,0.03888171032538468,0.4226201865108282
som-rs-bc-baseline,7.0752,5.911,2.946057908460049,4.675,11.543,5,0.0,0.416392173855163
