exe,mean,median,std,min,max,n,pct_vs_baseline,cov
som-rs-bc-nan,5.5034,3.923,2.3436847697589362,3.672,8.524,5,0.9029690736635536,0.42586124391447766
som-rs-bc-l4bits,5.5906,4.265,2.4620959160845053,3.237,8.743,5,0.8732873036883342,0.4403992265739822
som-rs-bc-l3bits,5.7656,5.803,1.4004450364080703,3.942,7.367,5,0.8164284723185793,0.24289666928126652
som-rs-bc-baseline,10.472800000000001,11.836,2.6853441492665326,6.018,12.68,5,0.0,0.25641128917448364
