exe,mean,median,std,min,max,n,pct_vs_baseline,cov
som-rs-bc-l3bits,901.2379999999999,894.861,51.33869238693167,847.83,1002.673,15,0.24784219040919298,0.056964633522922546
som-rs-bc-nan,913.3228666666668,855.365,86.11493859277898,840.729,1082.641,15,0.23133104518059078,0.09428750963727721
som-rs-bc-l4bits,933.9105999999999,915.777,68.34083759970004,840.819,1011.321,15,0.204186781903964,0.07317706598436728
som-rs-bc-baseline,1124.6028000000001,1157.945,64.51319320683831,977.874,1234.372,15,0.0,0.05736531440864126
