exe,mean,median,std,min,max,n,pct_vs_baseline,cov
som-rs-bc-nan,913.2942,908.693,66.93717363020343,840.647,1012.691,15,0.18246650422175015,0.0732920165596184
som-rs-bc-l3bits,972.4961333333333,974.554,70.51790176955747,850.742,1096.253,15,0.11048235873020085,0.07251226956332454
som-rs-bc-l4bits,976.6307333333333,1008.442,50.588952412651544,886.741,1018.564,15,0.1057810932429526,0.05179946799338032
som-rs-bc-baseline,1079.9397999999999,1079.329,73.28176019037748,968.446,1162.557,15,0.0,0.06785726407192094
