exe,mean,median,std,min,max,n,pct_vs_baseline,cov
som-rs-bc-nan,2166.455,2010.1770000000001,2286.138900780916,3.672,4790.07,10,0.2908434747086832,1.0552441203629506
som-rs-bc-l3bits,2357.9617000000003,2168.9025,2484.365698939047,7.454,5085.532,10,0.18600497200611854,1.0536073164119022
som-rs-bc-l4bits,2378.2586,2322.861,2501.897022858819,4.334,5004.552,10,0.17588318612618492,1.0519869550177676
som-rs-bc-baseline,2796.5543000000002,2699.6495,2940.7968262804047,4.892,5802.417,10,0.0,1.051578661025965
