exe,mean,median,std,min,max,n,pct_vs_baseline,cov
som-rs-bc-nan,2186.6297999999997,2056.5370000000003,2302.8927158511265,3.775,4630.332,10,0.30278522683629405,1.0531699128270944
som-rs-bc-l3bits,2386.3196,2251.202,2512.0142784260333,5.958,5108.129,10,0.19376675278533528,1.0526730277143235
som-rs-bc-l4bits,2424.6219,2316.0674999999997,2557.3604727103752,3.545,5192.808,10,0.17490854965881475,1.0547460916320088
som-rs-bc-baseline,2848.709,2805.8120000000004,2996.352076328185,4.417,5775.822,10,0.0,1.0518280653896854
