exe,mean,median,std,min,max,n,pct_vs_baseline,cov
som-rs-bc-l4bits,3.423653333333333,3.258,0.5645401738830708,2.89,5.74,75,0.4423267153216448,0.16489408211590859
som-rs-bc-l3bits,3.70696,3.305,0.9333939731909505,2.813,7.017,75,0.33209602117818005,0.2517949946023023
som-rs-bc-nan,4.366986666666667,4.072,1.378941912162045,2.844,7.762,75,0.130762936456565,0.3157650841225479
som-rs-bc-baseline,4.938026666666667,4.859,1.1454826785450953,3.981,10.246,75,0.0,0.23197174820409272
