exe,mean,median,std,min,max,n,pct_vs_baseline,cov
som-rs-bc-nan,3.753213333333333,3.334,1.1132845644494678,2.824,7.368,75,0.37812931852172893,0.296621712003972
som-rs-bc-l4bits,3.8692533333333334,3.345,1.075029579647517,2.898,8.1,75,0.33679883112676334,0.2778390265600384
som-rs-bc-l3bits,3.9022266666666665,3.451,1.1675256067952093,2.805,7.538,75,0.3255030461240933,0.2991947179205059
som-rs-bc-baseline,5.172413333333333,4.972,1.2583266569120666,3.995,10.441,75,0.0,0.2432765086275781
