exe,mean,median,std,min,max,n,pct_vs_baseline,cov
som-rs-bc-l4bits,3.5220133333333337,3.169,0.9445387333184061,2.682,6.413,75,0.16325889358738,0.2681814757425883
som-rs-bc-l3bits,3.871253333333333,3.581,1.20035425056391,2.64,7.486,75,0.05831703083239215,0.310068638553899
som-rs-bc-nan,3.883706666666667,3.41,1.2324070248724464,2.65,8.162,75,0.054923475168052516,0.31732752513211937
som-rs-bc-baseline,4.097013333333334,3.726,1.310627645116699,2.931,8.737,75,0.0,0.31989831091185905
