exe,mean,median,std,min,max,n,pct_vs_baseline,cov
som-rs-bc-l3bits,3.6112133333333336,3.172,1.1690066387499438,2.643,7.502,75,0.22355182560985964,0.32371575170024397
som-rs-bc-nan,3.7403866666666667,3.166,1.1662411425269317,2.683,7.618,75,0.18129676432739572,0.31179694680236225
som-rs-bc-l4bits,4.029426666666667,3.457,1.3460747055021842,2.67,7.82,75,0.09655964289377805,0.3340611002149646
som-rs-bc-baseline,4.418506666666667,3.743,1.4612902145608073,2.952,9.355,75,0.0,0.33072038242803165
