exe,mean,median,std,min,max,n,pct_vs_baseline,cov
som-rs-bc-l3bits,4.61728,4.201,1.057138840762484,4.029,10.775,75,0.48086607988541585,0.22895272557923366
som-rs-bc-nan,4.758933333333333,4.354,1.1031797326467352,4.031,9.088,75,0.43678695505995746,0.23181239479016347
som-rs-bc-l4bits,4.99372,4.544,1.157729961512521,3.992,8.324,75,0.36923442510459803,0.23183717980033341
som-rs-bc-baseline,6.837573333333333,6.483,1.722423655181247,5.068,14.885,75,0.0,0.25190569390815754
