exe,mean,median,std,min,max,n,pct_vs_baseline,cov
som-rs-bc-l3bits,3.85048,3.374,1.2272287872341554,2.8,8.201,75,0.20067108516340837,0.3187209873143492
som-rs-bc-nan,4.014093333333333,3.549,1.1984466880692457,2.795,7.513,75,0.15173206402774242,0.29855974651043965
som-rs-bc-l4bits,4.134893333333333,3.533,1.4351221397623395,2.853,8.092,75,0.11808446489550728,0.3470759761063581
som-rs-bc-baseline,4.62316,4.275,1.3754310876073566,3.269,9.507,75,0.0,0.29750886571249024
