exe,mean,median,std,min,max,n,pct_vs_baseline,cov
som-rs-bc-l4bits,4.452053333333334,4.228,0.5265986443699341,3.984,6.042,75,0.3900432459629115,0.11828219586391614
som-rs-bc-l3bits,4.66276,4.437,0.7791440702220367,4.029,7.901,75,0.32722822248339356,0.16709932962924035
som-rs-bc-nan,5.123893333333333,4.444,1.525636389797344,3.988,11.456,75,0.20778210319236434,0.297749443742781
som-rs-bc-baseline,6.188546666666667,5.631,1.3191526179898785,5.017,12.079,75,0.0,0.2131603248780885
