exe,mean,median,std,min,max,n,pct_vs_baseline,cov
som-rs-bc-nan,3.6135200000000003,3.352,0.9963740934277918,2.812,7.628,75,0.19334056543204392,0.27573504323424025
som-rs-bc-l3bits,3.93016,3.366,1.298830992480171,2.801,8.162,75,0.09719706067946343,0.33047789211639506
som-rs-bc-l4bits,4.0987599999999995,3.449,1.3242138702090587,2.853,8.208,75,0.05206452683250551,0.3230767037369982
som-rs-bc-baseline,4.3121599999999995,4.111,0.8718933117228435,3.304,7.583,75,0.0,0.20219410034016444
