exe,mean,median,std,min,max,n,pct_vs_baseline,cov
som-rs-bc-nan,1521.1143,1476.1365,1561.6861081367613,38.796,3190.969,10,0.27556791754571,1.0266724256926394
som-rs-bc-l3bits,1598.7678,1566.84,1643.1983638831923,37.016,3210.739,10,0.21361250833298007,1.027790504589342
som-rs-bc-l4bits,1768.6214,1645.803,1817.3965879011412,43.153,3606.466,10,0.09706045624009763,1.0275780830771024
som-rs-bc-baseline,1940.2846000000002,1804.0874999999999,2003.2391454053272,39.17,4047.679,10,0.0,1.0324460367336457
