exe,mean,median,std,min,max,n,pct_vs_baseline,cov
som-rs-bc-nan,1492.6203,1432.117,1538.68463713387,32.776,3198.386,10,0.3250278051290072,1.0308613899555499
som-rs-bc-l3bits,1622.9171,1481.722,1677.3448781526681,32.561,3506.285,10,0.21864721247930685,1.0335370045411858
som-rs-bc-l4bits,1649.9743999999998,1539.5629999999999,1695.0901655689916,39.163,3421.663,10,0.19866308228782237,1.027343312459267
som-rs-bc-baseline,1977.7634000000003,1785.983,2045.0687329112327,37.809,4077.418,10,0.0,1.034031033697576
