exe,mean,median,std,min,max,n,pct_vs_baseline,cov
som-rs-bc-nan,51.3393,51.6295,35.52655608617932,14.215,93.661,10,0.2974972389572901,0.6919953346886171
som-rs-bc-l3bits,53.6025,51.42100000000001,38.0636174763893,15.362,99.221,10,0.24271442563313284,0.7101089963413889
som-rs-bc-l4bits,56.048199999999994,52.908,41.02529604957843,13.894,101.599,10,0.1884877658872186,0.731964559960506
som-rs-bc-baseline,66.6126,65.241,50.55210053927861,15.062,126.761,10,0.0,0.7588969735347159
