exe,mean,median,std,min,max,n,pct_vs_baseline,cov
som-rs-bc-l3bits,53.193000000000005,51.088,38.5684220430249,13.632,98.935,10,0.22057037580132732,0.7250657425417799
som-rs-bc-nan,54.0437,50.686,35.567209980386274,16.616,93.798,10,0.20135742001380375,0.6581194474172988
som-rs-bc-l4bits,60.5157,64.955,42.78886552740353,15.317,101.138,10,0.07287530343365445,0.7070704879461616
som-rs-bc-baseline,64.92580000000001,63.376999999999995,47.82952159214362,18.836,126.17,10,0.0,0.7366797419845981
