exe,mean,median,std,min,max,n,pct_vs_baseline,cov
som-rs-bc-nan,11.232800000000001,11.653,0.6426026766206319,10.461,11.765,5,0.17637632647247314,0.057207702141997704
som-rs-bc-baseline,13.213999999999999,14.753,3.142159050716561,8.889,16.404,5,0.0,0.2377901506520782
som-rs-bc-l3bits,14.232,13.607,5.725151832047775,9.256,23.81,5,-0.07152894884766725,0.4022731753827835
som-rs-bc-l4bits,16.3772,11.805,7.391381007633147,10.296,26.813,5,-0.1931465696211807,0.45132141071936277
