exe,mean,median,std,min,max,n,pct_vs_baseline,cov
som-rs-bc-nan,10.9824,11.441,2.544313227572424,8.029,14.691,5,0.3513803904428905,0.23167187751060095
som-rs-bc-l4bits,13.2668,11.35,3.5752919740910674,9.833,17.208,5,0.11868724937437825,0.26949166144745285
som-rs-bc-l3bits,14.0696,13.988,2.156992651818731,11.01,16.921,5,0.05485585944163329,0.15330874024981028
som-rs-bc-baseline,14.841400000000002,13.381,4.216287739232228,11.87,22.231,5,0.0,0.28408962356868134
