exe,mean,median,std,min,max,n,pct_vs_baseline,cov
som-rs-bc-l4bits,20.986600000000003,20.347,3.1475220888819826,17.529,25.943,5,0.365090105114692,0.14997770429140414
som-rs-bc-l3bits,21.6696,20.797,3.4946774243125787,19.037,27.758,5,0.3220640897847675,0.16127097059071596
som-rs-bc-baseline,28.6486,27.878,3.0021968289903977,25.776,33.222,5,0.0,0.10479384085052665
som-rs-bc-nan,30.025600000000004,28.976,4.187666569821433,26.3,37.024,5,-0.045860865394863226,0.13946987137047825
