exe,mean,median,std,min,max,n,pct_vs_baseline,cov
som-rs-bc-l3bits,19.887999999999998,20.216,1.060687512889634,18.036,20.732,5,0.4474557522123894,0.053333040672246285
som-rs-bc-l4bits,21.119999999999997,18.897,5.483421924309675,17.169,30.699,5,0.36302083333333335,0.2596317199010263
som-rs-bc-baseline,28.787,29.442,4.735673552938378,24.248,35.545,5,0.0,0.16450736627430362
som-rs-bc-nan,31.053199999999997,27.471,6.562988206602233,25.919,41.118,5,-0.07297798616567686,0.21134659895283686
