exe,mean,median,std,min,max,n,pct_vs_baseline,cov
som-rs-bc-l4bits,35.739999999999995,34.037,4.400678697655625,30.719,41.833,5,0.4347565752658089,0.12313034968258606
som-rs-bc-l3bits,37.7956,39.518,4.260207893988274,30.737,40.899,5,0.3567240631184583,0.11271703304057282
som-rs-bc-nan,40.7216,38.639,5.858548096585024,33.945,49.555,5,0.25923834034026183,0.14386831795865151
som-rs-bc-baseline,51.278200000000005,49.906,3.9659930912698265,47.468,57.906,5,0.0,0.07734267371455757
