exe,mean,median,std,min,max,n,pct_vs_baseline,cov
som-rs-bc-l3bits,34.9276,36.542,3.28623299539153,31.13,37.971,5,0.39685520906102933,0.09408699697063441
som-rs-bc-l4bits,38.465199999999996,38.51,3.040610991231863,33.73,42.114,5,0.2683880494576918,0.07904836036812139
som-rs-bc-nan,39.8154,38.611,3.678710140796636,35.848,43.724,5,0.22537510611471956,0.09239415253385967
som-rs-bc-baseline,48.7888,48.804,4.416578449433453,43.09,54.356,5,0.0,0.09052443285002813
