exe,mean,median,std,min,max,n,pct_vs_baseline,cov
som-rs-bc-nan,1481.2549000000001,1361.514,1541.4078321984634,21.311,3128.344,10,0.28507321731053836,1.0406094401432617
som-rs-bc-l3bits,1627.833,1542.932,1687.2732217860996,21.175,3353.578,10,0.16935889615212352,1.0365149384403065
som-rs-bc-l4bits,1663.2537,1484.911,1730.544586809665,22.788,3534.75,10,0.14445619450598546,1.040457379899209
som-rs-bc-baseline,1903.521,1802.8915,1977.4354840133494,26.997,3959.999,10,0.0,1.0388304011425928
