exe,mean,median,std,min,max,n,pct_vs_baseline,cov
som-rs-bc-nan,1516.1017,1495.647,1571.035903492982,22.549,3075.953,10,0.2759380851561608,1.0362338512600981
som-rs-bc-l3bits,1606.9565,1511.0089999999998,1670.7057624470663,23.939,3399.19,10,0.20379854712930934,1.0396708077953984
som-rs-bc-l4bits,1675.7224999999999,1582.5935000000002,1741.560690356992,24.619,3535.849,10,0.1543987145843062,1.0392894350687492
som-rs-bc-baseline,1934.4519,1903.5135,1997.6267464023094,31.192,3968.7,10,0.0,1.0326577499302565
