exe,mean,median,std,min,max,n,pct_vs_baseline,cov
som-rs-bc-nan,20.9486,20.54,3.5798460581427243,16.506,26.524,5,0.40133469539730604,0.17088712649736615
som-rs-bc-l4bits,23.5084,20.225,4.710847620121031,20.156,30.186,5,0.2487451294005547,0.20038997210022932
som-rs-bc-l3bits,24.698600000000003,22.213,6.024582251077664,20.425,35.249,5,0.18856939259715122,0.24392403824822717
som-rs-bc-baseline,29.356,30.719,2.9667705506156015,25.916,32.795,5,0.0,0.1010618119163238
