exe,mean,median,std,min,max,n,pct_vs_baseline,cov
som-rs-bc-l3bits,19.7776,19.122,3.359918942474654,16.57,24.711,5,0.4343600841355879,0.16988506909203613
som-rs-bc-nan,23.5154,23.399,4.728753567273304,18.054,30.801,5,0.20636689148387877,0.2010917767621773
som-rs-bc-l4bits,27.496,25.988,3.9838008860885608,22.87,31.828,5,0.03172097759674153,0.14488656117575505
som-rs-bc-baseline,28.3682,29.277,2.8205116025288754,25.392,32.091,5,0.0,0.09942511694534285
