exe,mean,median,std,min,max,n,pct_vs_baseline,cov
som-rs-bc-nan,1425.7172999999998,1285.1015,1479.6267006103676,23.405,2966.449,10,0.24509353993249583,1.0378121248934609
som-rs-bc-l3bits,1506.853,1375.9295000000002,1572.160891612348,18.039,3254.426,10,0.17805213912704154,1.043340585718944
som-rs-bc-l4bits,1529.3628,1405.3835,1596.301092432391,19.26,3264.813,10,0.16071307606017338,1.0437687463251957
som-rs-bc-baseline,1775.1514,1632.8895,1846.5343396143312,24.671,3704.289,10,0.0,1.0402123106876018
