exe,mean,median,std,min,max,n,pct_vs_baseline,cov
som-rs-bc-l3bits,1401.0313,1365.2485,1455.4744058614667,17.553,2834.184,10,0.284157534524746,1.0388593073270145
som-rs-bc-nan,1439.249,1353.5195,1498.1680024283733,18.61,2992.629,10,0.25005812058927956,1.0409373238601334
som-rs-bc-l4bits,1619.7579,1524.9915,1689.1022787719353,17.343,3374.064,10,0.1107492669120489,1.042811570032741
som-rs-bc-baseline,1799.1449,1699.1979999999999,1870.510137906558,24.53,3753.054,10,0.0,1.039666198040279
