exe,mean,median,std,min,max,n,pct_vs_baseline,cov
som-rs-bc-nan,1378.7757,1795.182,772.8408080841201,73.438,1938.067,20,0.26958054163559764,0.560526855879546
som-rs-bc-l3bits,1383.81135,1713.155,772.423663077682,83.566,1992.062,20,0.2649605742863723,0.5581856682109755
som-rs-bc-l4bits,1493.4442000000001,1937.432,833.7697616000412,88.218,2058.483,20,0.17210057128348022,0.558286517567942
som-rs-bc-baseline,1750.4668000000001,2300.9425,976.8844345999927,98.301,2423.582,20,0.0,0.5580708155104642
