exe,mean,median,std,min,max,n,pct_vs_baseline,cov
som-rs-bc-nan,1387.57045,1781.849,777.0926082827123,73.882,1979.065,20,0.2520474906337189,0.560038308889262
som-rs-bc-l3bits,1397.3856,1767.1855,783.820817268939,74.624,2023.832,20,0.24325318652203087,0.5609194894157625
som-rs-bc-l4bits,1478.4649,1906.6095,827.9117489585917,78.745,2048.703,20,0.17507294221188485,0.559980658964979
som-rs-bc-baseline,1737.3041,2236.2799999999997,973.8854798329542,98.35,2445.173,20,0.0,0.5605728322594496
