exe,mean,median,std,min,max,n,pct_vs_baseline,cov
som-rs-bc-l4bits,56.16706666666666,56.342,12.873530305340585,40.252,82.702,75,0.18699973650039303,0.22920068768662633
som-rs-bc-nan,58.35610666666666,62.225,13.872080267011667,39.657,83.022,75,0.14247329271223963,0.23771428663412664
som-rs-bc-l3bits,58.44861333333333,61.868,14.299591985195349,38.674,83.51,75,0.14066509932599502,0.24465237359258737
som-rs-bc-baseline,66.67029333333333,55.497,19.259294020187653,45.949,106.439,75,0.0,0.28887369557377557
