exe,mean,median,std,min,max,n,pct_vs_baseline,cov
som-rs-bc-l3bits,55.5956,55.274,12.997280290350975,38.558,79.443,75,0.1750822007496995,0.23378253477525157
som-rs-bc-nan,59.052933333333335,62.847,13.748531118920592,39.507,80.907,75,0.10628543431091186,0.2328170734773648
som-rs-bc-l4bits,59.21089333333333,63.395,14.27765819485146,40.366,89.651,75,0.10333413874068653,0.2411322881834265
som-rs-bc-baseline,65.32939999999999,54.809,19.507858282850627,45.786,103.37,75,0.0,0.2986076449936878
