exe,mean,median,std,min,max,n,pct_vs_baseline,cov
som-rs-bc-l4bits,7.588973333333334,7.23,1.4773665940900835,6.176,12.995,75,0.2415680294040652,0.19467278763531695
som-rs-bc-l3bits,7.703266666666667,7.335,1.7562267625342243,6.33,15.15,75,0.2231468900639555,0.22798467695967392
som-rs-bc-nan,7.869173333333333,7.427,1.8682188393525292,6.578,15.747,75,0.19735914657702303,0.2374097964571284
som-rs-bc-baseline,9.422226666666667,8.84,2.6651086564398505,7.269,22.593,75,0.0,0.2828533796441447
