exe,mean,median,std,min,max,n,pct_vs_baseline,cov
som-rs-bc-l4bits,7.722213333333334,7.212,2.087563342902589,6.123,16.98,75,0.1473929754163743,0.27033225485904583
som-rs-bc-l3bits,7.739786666666667,7.524,1.926650252930489,6.269,18.772,75,0.14478779776875816,0.24892808237571865
som-rs-bc-nan,7.908853333333333,7.64,1.4534056063523964,6.57,14.499,75,0.12031579799178638,0.18376944736435408
som-rs-bc-baseline,8.860413333333332,8.601,2.1216952496181563,7.267,18.357,75,0.0,0.23945781870426172
