exe,mean,median,std,min,max,n,pct_vs_baseline,cov
som-rs-bc-l4bits,30.034399999999998,30.979,2.9467588635651882,26.095,32.759,5,0.3300348933223236,0.09811279278311498
som-rs-bc-l3bits,30.882600000000004,30.07,7.914179098301985,24.899,44.252,5,0.29350508053078395,0.2562666063835941
som-rs-bc-nan,32.6408,31.657,1.6309205069530497,31.135,34.762,5,0.22383029827700285,0.04996570264678102
som-rs-bc-baseline,39.946799999999996,39.519,3.7498836248609098,34.907,44.775,5,0.0,0.09387194030212458
