exe,mean,median,std,min,max,n,pct_vs_baseline,cov
som-rs-bc-nan,32.784000000000006,32.138,3.6702510132142194,29.957,38.939,5,0.21566617862371862,0.11195250772371336
som-rs-bc-l4bits,34.1944,32.516,3.447208479335127,31.639,40.004,5,0.16552417939779596,0.10081207681185009
som-rs-bc-l3bits,35.6808,33.652,6.78038986342231,30.167,47.384,5,0.11697047151409157,0.19002908744821614
som-rs-bc-baseline,39.8544,39.11,6.802365051950683,32.074,50.763,5,0.0,0.17068040296556172
