exe,mean,median,std,min,max,n,pct_vs_baseline,cov
som-rs-bc-l4bits,24.397,21.983,4.930562696082467,19.994,31.795,5,0.3827191867852606,0.20209708964554934
som-rs-bc-l3bits,26.046,26.295,4.375228108339038,21.441,30.907,5,0.29517776242033333,0.16798080735387538
som-rs-bc-nan,27.1556,25.278,6.735077824346202,20.227,35.614,5,0.2422557409889674,0.248018008232048
som-rs-bc-baseline,33.7342,34.01,4.513240432327976,26.66,39.177,5,0.0,0.1337882751726134
