exe,mean,median,std,min,max,n,pct_vs_baseline,cov
som-rs-bc-l3bits,25.061799999999998,25.464,1.7987390583405936,22.612,27.312,5,0.4340230949093842,0.07177214159958956
som-rs-bc-nan,26.661,25.597,2.8683601586969503,23.451,30.743,5,0.34800645137091624,0.10758636805434718
som-rs-bc-l4bits,28.988800000000005,28.935,3.3171290598950183,25.571,34.273,5,0.23976156308643315,0.11442795355085474
som-rs-bc-baseline,35.9392,36.329,3.926792482421244,30.833,41.641,5,0.0,0.10926210050366297
