exe,mean,median,std,min,max,n,pct_vs_baseline,cov
som-rs-bc-nan,23.2682,20.754,3.785143748921565,20.235,27.684,5,0.09611400967844519,0.16267454074322746
som-rs-bc-baseline,25.5046,25.332,0.35922736532730815,25.28,26.131,5,0.0,0.014084806871203946
som-rs-bc-l3bits,27.187400000000004,24.954,4.973217399229596,22.892,32.781,5,-0.061896319618647055,0.1829236116447176
som-rs-bc-l4bits,28.623200000000004,28.564,3.0427072977859715,25.185,32.136,5,-0.10895357612007062,0.10630213595216366
