exe,mean,median,std,min,max,n,pct_vs_baseline,cov
som-rs-bc-baseline,23.9594,22.535,3.2371516492126218,21.009,28.057,5,0.0,0.1351098795968439
som-rs-bc-l3bits,24.5088,22.941,4.186770915634149,19.505,30.39,5,-0.022416438177307874,0.17082725044205138
som-rs-bc-l4bits,25.998199999999997,24.9,5.090553182120778,20.745,34.513,5,-0.07842081374864407,0.19580406267052253
som-rs-bc-nan,28.858600000000003,30.635,4.8255514503525925,21.776,33.914,5,-0.16976568509906942,0.16721363650186052
