exe,mean,median,std,min,max,n,pct_vs_baseline,cov
som-rs-bc-l4bits,13.713999999999999,13.674,2.2511960154548962,11.032,17.233,5,0.35257401195858273,0.16415312931711365
som-rs-bc-baseline,18.549200000000003,16.886,6.714674467165181,12.438,29.696,5,0.0,0.36199267176833394
som-rs-bc-l3bits,19.4112,19.075,5.538634461670132,10.737,24.33,5,-0.044407352456313776,0.28533189404416687
som-rs-bc-nan,20.1104,22.089,4.213567111130424,13.869,24.288,5,-0.07763147426207317,0.20952179524675912
