exe,mean,median,std,min,max,n,pct_vs_baseline,cov
som-rs-bc-nan,14.910599999999999,12.839,4.99107110748785,10.854,22.988,5,0.06793824527517334,0.3347330830072466
som-rs-bc-baseline,15.923599999999999,11.441,8.382174258508348,11.21,30.64,5,0.0,0.5263994485234714
som-rs-bc-l4bits,16.9232,15.252,4.198427110240215,12.361,21.533,5,-0.05906684315023181,0.24808707042640957
som-rs-bc-l3bits,17.0006,16.01,5.426587629440806,11.189,23.003,5,-0.06335070526922582,0.3191997711516538
