exe,mean,median,std,min,max,n,pct_vs_baseline,cov
som-rs-bc-l4bits,19.8194,18.945,2.6535305349665754,17.033,24.131,5,0.2046580623025922,0.13388551293008746
som-rs-bc-l3bits,20.751600000000003,19.537,4.89315519884665,17.19,29.109,5,0.15054260876269754,0.23579652647731497
som-rs-bc-nan,22.356,23.044,3.5695900324827226,18.169,26.715,5,0.06797280372159586,0.15967033603876912
som-rs-bc-baseline,23.8756,23.941,4.383881590554198,19.602,30.035,5,0.0,0.18361346272153153
