exe,mean,median,std,min,max,n,pct_vs_baseline,cov
som-rs-bc-nan,20.0734,19.505,4.219492777574101,14.849,26.482,5,0.08843544192812369,0.21020319315980857
som-rs-bc-baseline,21.848599999999998,20.409,2.5229128601677857,19.411,25.122,5,0.0,0.11547251815529536
som-rs-bc-l4bits,21.8876,21.817,4.596416082123115,14.671,27.14,5,-0.001781830808311624,0.21000091751142727
som-rs-bc-l3bits,25.2338,23.722,5.11940286556938,19.428,33.233,5,-0.1341533974272603,0.20287879215850882
