exe,mean,median,std,min,max,n,pct_vs_baseline,cov
som-rs-bc-l3bits,16.3726,16.357,1.7281234909577494,13.698,17.962,5,0.2749349522983524,0.10554972887371276
som-rs-bc-baseline,20.874000000000002,21.683,4.665193350762646,15.645,27.421,5,0.0,0.22349302245677136
som-rs-bc-nan,21.011000000000003,19.544,4.05447216046676,18.581,28.201,5,-0.006520394079291836,0.19296902386686782
som-rs-bc-l4bits,21.0988,18.431,5.477011977346772,15.266,27.839,5,-0.010654634386789708,0.2595887907059535
