exe,mean,median,std,min,max,n,pct_vs_baseline,cov
som-rs-bc-nan,18.586599999999997,15.947,6.108024173167623,14.285,29.1,5,0.09586476278609335,0.3286251478574685
som-rs-bc-baseline,20.3684,18.925,4.415760444136434,16.685,27.336,5,0.0,0.21679466448697166
som-rs-bc-l3bits,21.0896,18.052,6.1829443067198975,16.51,30.933,5,-0.03419695015552693,0.2931750392003593
som-rs-bc-l4bits,22.551,22.364,2.7883981064403263,19.537,26.416,5,-0.09678506496385952,0.12364853471865223
