exe,mean,median,std,min,max,n,pct_vs_baseline,cov
som-rs-bc-l4bits,18.46156,18.374,0.64473990649488,18.337,23.958,75,1.0694784189418445,0.03492337085787334
som-rs-bc-nan,18.74134666666667,18.695,0.16572922342029942,18.5,19.462,75,1.0385834956008138,0.008842973046065317
som-rs-bc-l3bits,19.4854,19.42,0.6057531831686236,19.195,24.57,75,0.9607398359797592,0.031087541603899517
som-rs-bc-baseline,38.205799999999996,37.79,1.4274969777977196,37.594,49.026,75,0.0,0.03736335786183563
