exe,mean,median,std,min,max,n,pct_vs_baseline,cov
som-rs-bc-l4bits,53.7556,53.769,0.18751746585318588,53.541,53.953,5,0.9565366213008506,0.003488333603441983
som-rs-bc-l3bits,55.403800000000004,55.229,0.7212358837440088,54.659,56.379,5,0.8983318833726206,0.013017805344471115
som-rs-bc-nan,55.913599999999995,55.593,0.8007660707097909,55.43,57.336,5,0.8810235792365366,0.014321490133166009
som-rs-bc-baseline,105.1748,105.002,0.6631008218966408,104.525,106.272,5,0.0,0.00630475001518083
