exe,mean,median,std,min,max,n,pct_vs_baseline,cov
som-rs-bc-l4bits,25.363599999999998,25.342,0.12597340989272296,25.27,25.578,5,1.183309940229305,0.004966700700717681
som-rs-bc-nan,25.875999999999998,25.876,0.036214637924461945,25.823,25.918,5,1.1400757458648942,0.0013995454445997044
som-rs-bc-l3bits,26.7192,26.283,1.0483425966734357,26.165,28.591,5,1.0725395969939218,0.039235553335183526
som-rs-bc-baseline,55.376599999999996,55.102,0.49805702484756115,54.992,56.161,5,0.0,0.008993997913334535
