exe,mean,median,std,min,max,n,pct_vs_baseline,cov
som-rs-bc-l4bits,35.362,35.227,0.34788647573597903,35.023,35.735,5,0.9500424184152476,0.009837861991289491
som-rs-bc-nan,35.455799999999996,35.425,0.1386639823458115,35.31,35.669,5,0.9448834887380908,0.003910897013910602
som-rs-bc-l3bits,35.9974,36.185,0.2881922969130152,35.619,36.239,5,0.9156216837882734,0.008005919786234984
som-rs-bc-baseline,68.95739999999999,68.919,0.3577643078899831,68.435,69.407,5,0.0,0.00518819311473436
