exe,mean,median,std,min,max,n,pct_vs_baseline,cov
som-rs-bc-l4bits,116.71700000000001,116.421,0.9032795801965171,115.851,118.189,5,0.7282263937558366,0.007739057551140939
som-rs-bc-nan,117.60119999999999,115.572,4.659688369408411,115.147,125.917,5,0.7152324976275755,0.039622796105893573
som-rs-bc-l3bits,119.208,119.694,1.7025176944748632,116.537,120.911,5,0.6921129454399035,0.014281908047067842
som-rs-bc-baseline,201.7134,201.339,0.7964680156792158,200.919,202.62,5,0.0,0.0039485131661020825
