exe,mean,median,std,min,max,n,pct_vs_baseline,cov
som-rs-bc-nan,5.831053333333333,5.828,0.04760873566596509,5.742,6.145,75,2.3702155585383085,0.0081646887696617
som-rs-bc-l4bits,5.92928,5.818,0.3825857459092967,5.771,8.106,75,2.314383309047079,0.06452482357205204
som-rs-bc-l3bits,6.387693333333333,6.117,1.8203778637543488,6.035,21.776,75,2.0765263204036093,0.28498203792203797
som-rs-bc-baseline,19.651906666666665,19.59,0.17372113202403336,19.49,20.269,75,0.0,0.008839912328644279
