exe,mean,median,std,min,max,n,pct_vs_baseline,cov
som-rs-bc-l4bits,6.0269200000000005,6.02,0.05259502596973179,5.887,6.204,75,2.1425271946533218,0.00872668393967927
som-rs-bc-nan,6.224506666666667,6.16,0.2974396315463266,6.131,8.574,75,2.042772867675725,0.04778525391243749
som-rs-bc-l3bits,6.3033600000000005,6.309,0.041356276689537896,6.182,6.364,75,2.004708599857853,0.006560989169195143
som-rs-bc-baseline,18.93976,18.932,0.3245901715386024,18.465,21.347,75,0.0,0.017138029813397977
