exe,mean,median,std,min,max,n,pct_vs_baseline,cov
som-rs-bc-l3bits,5.828586666666666,5.824,0.0911273378943536,5.718,6.537,75,0.8903862342843547,0.015634551411151748
som-rs-bc-nan,5.840013333333333,5.824,0.062322720106245705,5.772,6.084,75,0.8866874733162708,0.010671674283776585
som-rs-bc-l4bits,5.944013333333333,5.897,0.29162598655818744,5.832,8.21,75,0.8536768647894462,0.049062135329135774
som-rs-bc-baseline,11.018279999999999,11.003,0.13854441769943573,10.85,11.473,75,0.0,0.012574051276554575
