exe,mean,median,std,min,max,n,pct_vs_baseline,cov
som-rs-bc-nan,7.972800000000001,7.989,0.03331966386385042,7.923,8.004,5,1.2158087497491468,0.004179167151295707
som-rs-bc-l4bits,11.4982,11.495,0.050741501751524865,11.429,11.56,5,0.5364317893235462,0.004412995229820743
som-rs-bc-l3bits,11.8214,11.818,0.0671550444866211,11.742,11.926,5,0.49442536417006444,0.0056808029917455715
som-rs-bc-baseline,17.6662,17.592,0.15125045454477204,17.537,17.879,5,0.0,0.00856157263841528
