exe,mean,median,std,min,max,n,pct_vs_baseline,cov
som-rs-bc-nan,2329.0556,2314.286,52.22353272205385,2310.814,2516.369,15,1.4007740590935938,0.022422621736490036
som-rs-bc-l4bits,3697.1178,3683.796,34.007560004463,3678.413,3781.244,15,0.5124041399672647,0.009198397736870327
som-rs-bc-l3bits,3812.8290666666667,3798.857,34.493502358035386,3795.915,3900.477,15,0.46650588549856464,0.009046695184841065
som-rs-bc-baseline,5591.536266666666,5556.932,75.88563886671508,5551.495,5772.57,15,0.0,0.013571518675305577
