exe,mean,median,std,min,max,n,pct_vs_baseline,cov
som-rs-bc-l3bits,5.604586666666666,5.603,0.03223314281132845,5.538,5.712,75,0.9616290466855717,0.005751207846072821
som-rs-bc-nan,5.6377999999999995,5.595,0.28107477123894814,5.535,7.909,75,0.9500727234027457,0.04985539948897587
som-rs-bc-l4bits,5.658533333333333,5.658,0.02418751818678466,5.598,5.739,75,0.9429274959353424,0.0042745207568718625
som-rs-bc-baseline,10.994119999999999,10.815,0.5191653374095464,10.656,13.561,75,0.0,0.04722209120962355
