exe,mean,median,std,min,max,n,pct_vs_baseline,cov
som-rs-bc-nan,3751.5104999999994,3727.7855,3879.503176901428,71.182,7558.333,10,0.8822902668138608,1.0341176379224926
som-rs-bc-l3bits,4556.1266000000005,4508.0695,4728.105902717756,70.926,9171.758,10,0.5498760943122165,1.0377468226448658
som-rs-bc-l4bits,4570.9838,4522.9415,4725.850531070425,87.27,9115.752,10,0.5448384875045935,1.033880393772217
som-rs-bc-baseline,7061.431699999999,7011.1155,7303.781423955007,132.47,14131.183,10,0.0,1.0343201965622648
