exe,mean,median,std,min,max,n,pct_vs_baseline,cov
som-rs-bc-nan,118.8623,118.4135,84.39945019706387,38.565,200.105,10,0.8551062868546206,0.7100607189753511
som-rs-bc-l4bits,134.756,134.659,105.84559553215031,33.913,237.318,10,0.6363071032087624,0.7854610965905067
som-rs-bc-l3bits,135.14780000000002,134.952,105.08392681492467,35.201,236.004,10,0.6315633698809744,0.777548186614393
som-rs-bc-baseline,220.5022,220.055,171.32904253952717,57.236,384.67,10,0.0,0.7769947081685679
