exe,mean,median,std,min,max,n,pct_vs_baseline,cov
som-rs-bc-nan,21.7158,21.577,0.3236212292171188,21.488,22.264,5,0.5985135247147237,0.014902569982092244
som-rs-bc-l4bits,22.249,22.214,0.08949580995778433,22.182,22.397,5,0.5602049530315971,0.004022464378524174
som-rs-bc-l3bits,24.336599999999997,24.292,0.2081076644431917,24.15,24.693,5,0.4263701585266637,0.008551221799396453
som-rs-bc-baseline,34.713,34.663,0.10030702866699037,34.643,34.879,5,0.0,0.0028896099060003563
