exe,mean,median,std,min,max,n,pct_vs_baseline,cov
som-rs-bc-l4bits,73.6092,73.476,0.4484135368161791,73.153,74.341,5,1.110024290441956,0.006091813751761725
som-rs-bc-nan,73.7524,73.721,0.8789393039340103,72.948,75.113,5,1.1059274003286674,0.011917433248735097
som-rs-bc-l3bits,77.4846,77.097,1.3500771459438894,75.833,78.893,5,1.0044912150285348,0.017423812550415044
som-rs-bc-baseline,155.3172,155.204,0.7948079642278497,154.378,156.561,5,0.0,0.0051173209678506285
