exe,mean,median,std,min,max,n,pct_vs_baseline,cov
som-rs-bc-nan,3677.2002,3650.7960000000003,3816.484595558117,56.243,7379.107,10,0.8670392762406569,1.0378778385680814
som-rs-bc-l3bits,4383.536,4343.117499999999,4560.305075636691,56.968,8760.466,10,0.5661961484974685,1.0403256812848556
som-rs-bc-l4bits,4411.6695,4393.163500000001,4591.6240618127995,55.281,8817.219,10,0.556208414977595,1.0407905809383045
som-rs-bc-baseline,6865.477199999999,6827.335499999999,7118.764017904479,111.728,13714.545,10,0.0,1.0368928204880616
