exe,mean,median,std,min,max,n,pct_vs_baseline,cov
som-rs-bc-nan,41.188599999999994,41.261,0.11545258767130269,41.056,41.282,5,1.0774777486974552,0.0028030228672813037
som-rs-bc-l4bits,41.6112,41.642,0.39186056193497903,41.036,42.129,5,1.0563790517937481,0.009417189649300647
som-rs-bc-l3bits,42.699400000000004,42.646,0.3591508039807247,42.315,43.28,5,1.0039719527674857,0.008411144043727187
som-rs-bc-baseline,85.5684,85.648,0.3329974474376595,85.149,85.919,5,0.0,0.0038915937126048814
