exe,mean,median,std,min,max,n,pct_vs_baseline,cov
som-rs-bc-nan,3662.7344,4800.023499999999,2054.5607463607043,192.859,4960.39,20,1.0824386556666519,0.5609363175120491
som-rs-bc-l4bits,4052.77745,5316.853,2276.93392631542,204.687,5425.55,20,0.8820228335015041,0.5618206167021138
som-rs-bc-l3bits,4443.19455,5831.540999999999,2497.414729182043,226.452,5934.608,20,0.7166522001608056,0.5620763846998423
som-rs-bc-baseline,7627.4197,10018.222000000002,4279.618539640741,399.239,10128.417,20,0.0,0.5610833949049298
