exe,mean,median,std,min,max,n,pct_vs_baseline,cov
som-rs-bc-nan,129.47276,134.592,20.095925516059893,104.344,156.461,75,0.4712956352105777,0.15521354079468064
som-rs-bc-l4bits,130.13653333333332,136.208,19.930304718472602,105.377,152.617,75,0.4637911567748336,0.15314919037702407
som-rs-bc-l3bits,132.39617333333334,137.103,20.842040897999258,106.841,168.313,75,0.4388082515577236,0.15742177718026135
som-rs-bc-baseline,190.49270666666666,168.408,28.952592229447866,163.275,236.617,75,0.0,0.15198793033116229
