exe,mean,median,std,min,max,n,pct_vs_baseline,cov
som-rs-bc-l4bits,63.3654,63.261,0.34121737939325464,63.047,63.741,5,0.8481631931621989,0.00538491636434481
som-rs-bc-l3bits,63.8432,63.175,1.4840036051169119,62.554,66.338,5,0.8343316124505036,0.023244505368103602
som-rs-bc-nan,63.898399999999995,63.937,1.183670689000957,62.344,65.628,5,0.8327469858400212,0.018524261781217636
som-rs-bc-baseline,117.1096,117.212,0.26954925338423585,116.646,117.338,5,0.0,0.002301683665423124
