exe,mean,median,std,min,max,n,pct_vs_baseline,cov
som-rs-bc-l4bits,47.3608,47.429,0.19553951007405168,47.024,47.506,5,0.8589170791033935,0.004128720589053642
som-rs-bc-nan,47.66760000000001,47.615,0.5928784023726978,47.023,48.593,5,0.8469526470810358,0.01243776490472979
som-rs-bc-l3bits,48.882999999999996,48.675,0.8150027607315202,48.197,50.16,5,0.8010310332835548,0.01667251929569626
som-rs-bc-baseline,88.0398,87.644,0.8199924999657044,87.146,88.927,5,0.0,0.009313884174722165
