exe,mean,median,std,min,max,n,pct_vs_baseline,cov
som-rs-bc-l3bits,45.9276,45.952,0.10336730624331819,45.777,46.051,5,0.8904623799196998,0.0022506576926144234
som-rs-bc-l4bits,47.6892,47.728,0.17648002719854605,47.456,47.87,5,0.8206302475193545,0.003700628804814215
som-rs-bc-nan,48.870599999999996,48.894,0.08845224700367936,48.781,48.986,5,0.7766182531010466,0.0018099275843488595
som-rs-bc-baseline,86.8244,86.798,0.2705675516391408,86.55,87.2,5,0.0,0.0031162616918647386
