exe,mean,median,std,min,max,n,pct_vs_baseline,cov
som-rs-bc-nan,19.956599999999998,19.897,0.18233842162309175,19.752,20.243,5,1.046130102322039,0.009136747823932522
som-rs-bc-l4bits,20.6304,20.682,0.0956937824521533,20.504,20.725,5,0.9793023887079262,0.004638484103660292
som-rs-bc-l3bits,20.9574,20.887,0.2701153457321517,20.771,21.43,5,0.9484191741341963,0.012888781324599028
som-rs-bc-baseline,40.833800000000004,40.878,0.5397348423068482,40.185,41.385,5,0.0,0.013217845077040298
