exe,mean,median,std,min,max,n,pct_vs_baseline,cov
som-rs-bc-nan,34.4108,34.415,0.020191582404553016,34.377,34.428,5,0.8739639880502632,0.0005867803830353556
som-rs-bc-l3bits,34.942,34.932,0.04741307836451693,34.897,35.007,5,0.8454753591666189,0.0013569079721972676
som-rs-bc-l4bits,35.494600000000005,35.496,0.06408041822584881,35.423,35.595,5,0.8167439554185705,0.0018053568212023463
som-rs-bc-baseline,64.4846,64.476,0.1348269260941569,64.312,64.689,5,0.0,0.0020908391475508398
