exe,mean,median,std,min,max,n,pct_vs_baseline,cov
som-rs-bc-l4bits,6244.4,6492.0,739.3174554952695,5258.0,7165.0,5,0.5479789891743003,0.11839687648056972
som-rs-bc-l3bits,6511.0,6405.0,384.51983043791125,6041.0,7050.0,5,0.48459530026109676,0.059056954452144254
som-rs-bc-nan,6837.4,6858.0,255.47954908367907,6514.0,7188.0,5,0.41372451516658404,0.03736501434517201
som-rs-bc-baseline,9666.2,9965.0,588.0061224171054,8976.0,10218.0,5,0.0,0.0608311562368982
