exe,mean,median,std,min,max,n,pct_vs_baseline,cov
som-rs-bc-nan,14609.9,13825.5,15417.076502300224,0.0,30279.0,10,0.6740018754406258,1.0552485987104787
som-rs-bc-l3bits,14998.2,14661.0,15813.637284880975,0.0,30664.0,10,0.6306623461482044,1.0543690099399243
som-rs-bc-l4bits,15266.9,14980.0,16097.273844074069,0.0,31417.0,10,0.6019624154215983,1.0543904685348087
som-rs-bc-baseline,24457.0,23737.0,25792.804655562373,0.0,50311.0,10,0.0,1.0546185000434385
