exe,mean,median,std,min,max,n,pct_vs_baseline,cov
som-rs-bc-nan,328.2,0.0,661.8684649270313,0.0,1832.0,75,0.8051594556164943,2.0166619894181332
som-rs-bc-l3bits,332.92,0.0,671.3466853212966,0.0,1842.0,75,0.7795666626617006,2.01654056626606
som-rs-bc-l4bits,341.38666666666666,0.0,689.0409687214373,0.0,1931.0,75,0.7354319637556634,2.018359344403523
som-rs-bc-baseline,592.4533333333334,0.0,744.3462993347474,0.0,1892.0,75,0.0,1.2563796293402811
