exe,mean,median,std,min,max,n,pct_vs_baseline,cov
som-rs-bc-l3bits,8.5,8.5,8.959786703810408,0.0,17.0,10,1.1176470588235294,1.0540925533894598
som-rs-bc-l4bits,8.5,8.5,8.959786703810408,0.0,17.0,10,1.1176470588235294,1.0540925533894598
som-rs-bc-nan,8.5,8.5,8.959786703810408,0.0,17.0,10,1.1176470588235294,1.0540925533894598
som-rs-bc-baseline,18.0,18.0,18.973665961010276,0.0,36.0,10,0.0,1.0540925533894598
