rank,exe,geo_mean_speedup_vs_baseline,median_speedup_vs_baseline,win_rate
1,som-rs-bc-nan,1.401760764460855,1.59769474557301,0.8846153846153846
2,som-rs-bc-l3bits,1.2749080665597006,1.5704268418162637,0.7692307692307693
3,som-rs-bc-l4bits,1.2749080665597006,1.5704268418162637,0.7692307692307693
4,som-rs-bc-baseline,1.0,1.0,0.19230769230769232
