exe,mean,median,std,min,max,n,pct_vs_baseline,cov
som-rs-bc-l3bits,8000.6,8009.0,82.95962873590985,7875.0,8078.0,5,0.4854385921055919,0.010369175903795946
som-rs-bc-nan,8056.4,8064.0,38.266173051404174,8015.0,8094.0,5,0.47515019115237567,0.004749785642644876
som-rs-bc-l4bits,8104.8,8102.0,44.67325822010297,8053.0,8160.0,5,0.46634093376764385,0.005511950723041034
som-rs-bc-baseline,11884.4,11846.0,130.70692407060903,11773.0,12110.0,5,0.0,0.010998192931120547
