exe,mean,median,std,min,max,n,pct_vs_baseline,cov
som-rs-bc-l4bits,47.8514,47.656,0.46612262335141225,47.311,48.432,5,0.30392423210188224,0.009741044637177017
som-rs-bc-nan,47.9622,47.852,0.6644525566208608,47.054,48.72,5,0.3009119681749377,0.013853671362465875
som-rs-bc-l3bits,48.972,48.961,0.39920232965252284,48.534,49.463,5,0.2740872335211959,0.008151644401954644
som-rs-bc-baseline,62.394600000000004,62.566,1.0290341588110674,61.28,63.533,5,0.0,0.016492359255625765
