exe,mean,median,std,min,max,n,pct_vs_baseline,cov
som-rs-bc-l3bits,2831.0,2777.0,2984.524417725544,0.0,5736.0,10,0.8300600494524901,1.054229748401817
som-rs-bc-l4bits,2932.4,2893.0,3091.813642508229,0.0,6029.0,10,0.7667780657481924,1.0543628572187385
som-rs-bc-nan,2937.6,2873.0,3097.1062551284153,0.0,5978.0,10,0.7636505991285403,1.0542981532980717
som-rs-bc-baseline,5180.9,5038.0,5462.758693594697,0.0,10576.0,10,0.0,1.0544034228791712
