exe,mean,median,std,min,max,n,pct_vs_baseline,cov
som-rs-bc-l4bits,8241.8,8350.0,252.57315771870933,7859.0,8488.0,5,0.43291513989662467,0.030645387866571543
som-rs-bc-l3bits,8299.0,8323.0,181.20844351188475,8079.0,8551.0,5,0.4230389203518494,0.021834973311469424
som-rs-bc-nan,8499.6,8631.0,297.4589047246694,8074.0,8813.0,5,0.38945362134688666,0.03499681217053384
som-rs-bc-baseline,11809.8,11582.0,483.30032071166687,11484.0,12628.0,5,0.0,0.04092366684547299
