exe,mean,median,std,min,max,n,pct_vs_baseline,cov
som-rs-bc-l3bits,22438.7,21822.0,23661.67785940427,0.0,46383.0,10,0.6229638971954701,1.0545030620938054
som-rs-bc-l4bits,23198.7,22594.0,24471.920939222477,0.0,48383.0,10,0.5697948591946962,1.0548832882541899
som-rs-bc-nan,27005.7,21532.5,31522.818208226385,0.0,90254.0,10,0.3485005017459275,1.1672653628021634
som-rs-bc-baseline,36417.2,35125.0,38404.84959481029,0.0,75052.0,10,0.0,1.0545799675650596
