exe,mean,median,std,min,max,n,pct_vs_baseline,cov
som-rs-bc-l4bits,334.93333333333334,0.0,676.5005010551936,0.0,1968.0,75,0.744028662420382,2.019806432290586
som-rs-bc-nan,336.74666666666667,0.0,679.9010876657053,0.0,1900.0,75,0.7346373139056066,2.0190284120576454
som-rs-bc-l3bits,337.41333333333336,0.0,682.2139256570188,0.0,2084.0,75,0.7312099897257567,2.0218937968970363
som-rs-bc-baseline,584.1333333333333,0.0,734.2536444679143,0.0,2046.0,75,0.0,1.2569966522504812
