exe,mean,median,std,min,max,n,pct_vs_baseline,cov
som-rs-bc-nan,5481.205599999999,5445.693499999999,5771.100635201154,6.229,11018.977,10,0.25369719756544096,1.0528889183067962
som-rs-bc-l3bits,5605.8268,5583.2255000000005,5902.178851498953,6.498,11242.155,10,0.22582668804537454,1.0528650031604532
som-rs-bc-l4bits,5641.673000000001,5600.512,5940.227568454689,6.335,11386.421,10,0.2180380004300142,1.0529195095948825
som-rs-bc-baseline,6871.7721,6809.666,7234.273309899195,8.82,13861.889,10,0.0,1.052752216549672
