exe,mean,median,std,min,max,n,pct_vs_baseline,cov
som-rs-bc-l4bits,39.3414,39.338,0.10627699657028299,39.234,39.472,5,0.3652793240708263,0.002701403523267677
som-rs-bc-l3bits,40.6466,40.805,0.7521258538303282,39.831,41.583,5,0.32143893954229874,0.01850402872147555
som-rs-bc-nan,40.9838,40.803,0.534550933026965,40.642,41.93,5,0.3105666141255814,0.013042981202986668
som-rs-bc-baseline,53.712,53.759,0.3912805898584828,53.193,54.092,5,0.0,0.007284789057538032
