exe,mean,median,std,min,max,n,pct_vs_baseline,cov
som-rs-bc-nan,3547.9063,3514.308,3700.9088820304387,36.814,7132.314,10,0.25241596712968417,1.0431247527676926
som-rs-bc-l3bits,3635.2947,3604.3920000000003,3793.091374898318,36.444,7287.49,10,0.22230929448443337,1.0434068453647838
som-rs-bc-l4bits,3651.9712,3630.183,3810.1184179662328,36.48,7394.276,10,0.21672769489529387,1.0433046180556498
som-rs-bc-baseline,4443.4545,4415.229,4630.352701681644,49.999,8871.787,10,0.0,1.0420614640437174
