exe,mean,median,std,min,max,n,pct_vs_baseline,cov
som-rs-bc-l4bits,4510.3922,4505.345,23.562053851479305,4486.035,4549.539,5,0.2429412236035704,0.005223947897807934
som-rs-bc-l3bits,4674.0896,4522.131,365.04266770995406,4491.91,5326.693,5,0.19941055473134273,0.07809920197292625
som-rs-bc-nan,4687.8542,4674.346,43.37447516339571,4656.307,4763.993,5,0.19588881411883508,0.009252522222938526
som-rs-bc-baseline,5606.1524,5605.706,38.747959672736634,5553.106,5643.414,5,0.0,0.006911685039589119
