exe,mean,median,std,min,max,n,pct_vs_baseline,cov
som-rs-bc-nan,6.534999999999999,6.514,0.07766917020285437,6.465,6.656,5,0.3814537107880642,0.011885106381462032
som-rs-bc-l3bits,6.6786,6.662,0.07260027548157076,6.616,6.802,5,0.35175036684335015,0.010870582978703735
som-rs-bc-l4bits,6.712000000000001,6.711,0.02149418526020448,6.679,6.738,5,0.3450238379022643,0.0032023517968123474
som-rs-bc-baseline,9.0278,9.024,0.07111399299715894,8.964,9.136,5,0.0,0.007877222911136595
