exe,mean,median,std,min,max,n,pct_vs_baseline,cov
som-rs-bc-nan,56.602199999999996,56.474,0.249500901801975,56.374,56.971,5,0.2856814752783461,0.0044079718067844545
som-rs-bc-l3bits,56.67380000000001,56.486,0.47541213699273677,56.283,57.426,5,0.2840571833898553,0.00838856997400451
som-rs-bc-l4bits,56.89919999999999,56.258,1.5429081955839117,55.937,59.604,5,0.27897053034137564,0.02711651825656445
som-rs-bc-baseline,72.77239999999999,72.467,0.9009923973042153,72.217,74.372,5,0.0,0.012380963075344711
