exe,mean,median,std,min,max,n,pct_vs_baseline,cov
som-rs-bc-l3bits,44.625600000000006,44.555,0.1580610641492718,44.472,44.829,5,0.3447483059051304,0.003541937008113544
som-rs-bc-l4bits,48.659800000000004,48.631,0.08870005636976618,48.548,48.769,5,0.23326030933131636,0.0018228610962183604
som-rs-bc-nan,48.849000000000004,48.843,0.0482130687677135,48.778,48.908,5,0.22848369465086282,0.0009869816939489754
som-rs-bc-baseline,60.0102,59.914,0.1652004842607901,59.856,60.24,5,0.0,0.0027528734158658043
