exe,mean,median,std,min,max,n,pct_vs_baseline,cov
som-rs-bc-l3bits,9.445386666666666,9.235,0.6648726944459519,8.842,11.799,75,0.3021157418648117,0.07039126273065426
som-rs-bc-nan,9.471533333333333,9.253,0.8858574153668074,8.724,14.829,75,0.2985211827722367,0.0935284060342367
som-rs-bc-l4bits,9.782066666666667,9.087,1.8226199462500325,8.668,19.169,75,0.2572994118488934,0.18632258482359207
som-rs-bc-baseline,12.298986666666666,12.635,1.5940482333010153,10.252,16.608,75,0.0,0.12960809508162857
