exe,mean,median,std,min,max,n,pct_vs_baseline,cov
som-rs-bc-nan,39.80886666666667,38.285,6.333882866865409,27.769,56.124,75,0.12602987944059363,0.15910733957590878
som-rs-bc-l3bits,40.00756,37.919,6.541420217807898,27.627,56.334,75,0.12043757063248384,0.16350460307521625
som-rs-bc-l4bits,41.833706666666664,45.323,6.958476970618685,28.303,57.559,75,0.07152764851819637,0.16633661047691092
som-rs-bc-baseline,44.82597333333333,46.05,10.056679830614849,26.749,63.195,75,0.0,0.22434939127437833
