exe,mean,median,std,min,max,n,pct_vs_baseline,cov
som-rs-bc-nan,25.0476,26.323,3.2279597736031342,21.335,28.414,5,0.4748798288059535,0.12887301672028995
som-rs-bc-l3bits,26.9812,27.019,1.9711442615902057,24.952,29.857,5,0.3691829866722014,0.07305621179155136
som-rs-bc-l4bits,28.3068,30.383,6.728684990397457,20.702,35.148,5,0.30506450746817015,0.23770560396786133
som-rs-bc-baseline,36.9422,37.02,3.8776324219812253,32.609,41.122,5,0.0,0.10496484838426584
