exe,mean,median,std,min,max,n,pct_vs_baseline,cov
som-rs-bc-nan,57.03920000000001,55.658,6.225592156574346,49.942,63.819,5,0.2917572476472319,0.10914585331796985
som-rs-bc-l4bits,57.39059999999999,57.41,7.182236162923077,48.411,64.566,5,0.28384787752698193,0.1251465599405317
som-rs-bc-l3bits,58.8846,58.296,4.148772866764341,53.587,65.139,5,0.2512745267862906,0.07045599132480039
som-rs-bc-baseline,73.6808,76.09,6.601782085164579,64.998,79.845,5,0.0,0.08959976120189492
