exe,mean,median,std,min,max,n,pct_vs_baseline,cov
som-rs-bc-l3bits,5.9136,5.919,1.110516231308665,4.634,7.583,5,0.25385551948051943,0.18779021768612436
som-rs-bc-l4bits,6.814,6.33,1.4915706486787677,5.489,9.015,5,0.08817141179923671,0.2188979525504502
som-rs-bc-nan,7.0436000000000005,6.346,2.3573745565777195,4.914,10.924,5,0.05270032369810873,0.3346831956070361
som-rs-bc-baseline,7.4148,7.854,1.4267395347434653,5.47,9.009,5,0.0,0.1924178042217545
