exe,mean,median,std,min,max,n,pct_vs_baseline,cov
som-rs-bc-l4bits,3.555133333333333,3.152,0.9406644766640536,2.707,7.438,75,0.1432370093948656,0.26459330451667645
som-rs-bc-l3bits,3.8299466666666664,3.289,1.2463705025190341,2.591,7.951,75,0.06120537796870984,0.3254276393367621
som-rs-bc-baseline,4.06436,3.688,1.1115479423345214,2.922,8.796,75,0.0,0.27348658640832046
som-rs-bc-nan,4.1750799999999995,3.649,1.4772142039407568,2.639,8.277,75,-0.026519252325703846,0.3538169816963404
