exe,mean,median,std,min,max,n,pct_vs_baseline,cov
som-rs-bc-l4bits,3.776586666666667,3.263,1.023097101060402,2.902,7.271,75,0.30867732414455373,0.2709052356961847
som-rs-bc-nan,3.7832266666666667,3.367,1.079022926056233,2.835,7.946,75,0.3063804442063567,0.28521233886494585
som-rs-bc-l3bits,3.8148666666666666,3.404,1.1471187918095154,2.818,8.748,75,0.2955454974398408,0.3006969553700912
som-rs-bc-baseline,4.942333333333334,4.926,0.8203404588757456,3.97,8.691,75,0.0,0.16598242237993097
