exe,mean,median,std,min,max,n,pct_vs_baseline,cov
som-rs-bc-nan,22.869400000000002,21.385,4.166609208937166,20.166,30.242,5,0.5043595371981775,0.18219145272447748
som-rs-bc-l4bits,28.6038,29.507,1.974421105033068,26.239,30.608,5,0.20277026129395415,0.06902653161583663
som-rs-bc-l3bits,29.878800000000002,31.192,4.084281295405595,23.819,34.673,5,0.1514451718275165,0.13669495747505236
som-rs-bc-baseline,34.403800000000004,33.109,3.92927012306357,29.178,38.496,5,0.0,0.11421035243384653
