exe,mean,median,std,min,max,n,pct_vs_baseline,cov
som-rs-bc-l4bits,9.0618,9.7695,1.5005644762449966,5.489,10.119,20,0.3048180273234897,0.16559231899236318
som-rs-bc-nan,9.116499999999998,10.005500000000001,1.6589679892854126,4.914,10.924,20,0.2969889760324689,0.18197422138818767
som-rs-bc-l3bits,9.580200000000001,10.6465,2.2368013957905446,4.634,11.279,20,0.2342122293897828,0.2334817014039941
som-rs-bc-baseline,11.824,13.0685,2.743799536179136,5.47,15.248,20,0.0,0.23205341138186197
