exe,mean,median,std,min,max,n,pct_vs_baseline,cov
som-rs-bc-nan,3150.800775,1481.595,3407.874248583799,22.556,7448.277,40,0.2560023173791428,1.0815898852201464
som-rs-bc-l3bits,3362.0281499999996,1520.8805,3651.79297612457,25.737,7995.83,40,0.17709099937191186,1.0861875074200584
som-rs-bc-l4bits,3477.9764999999998,1471.3415,3815.333662752823,20.905,8434.223,40,0.13784928535313568,1.0969981144935348
som-rs-bc-baseline,3957.4130749999995,1796.9885000000002,4314.839816002113,30.613,9452.713,40,0.0,1.0903182797014723
