exe,mean,median,std,min,max,n,pct_vs_baseline,cov
som-rs-bc-l4bits,25.007213333333333,24.861,0.6943972360554451,24.78,29.344,75,0.20838094181892042,0.027767877483967765
som-rs-bc-l3bits,25.013626666666667,24.996,0.0891988021573505,24.852,25.355,75,0.20807112070114298,0.0035660083739963004
som-rs-bc-nan,25.223626666666664,25.063,0.6972162752076392,24.972,30.459,75,0.19801329124228495,0.02764139687053881
som-rs-bc-baseline,30.218239999999998,30.057,0.5156640651704442,29.951,33.208,75,0.0,0.017064662441308436
