exe,mean,median,std,min,max,n,pct_vs_baseline,cov
som-rs-bc-l4bits,53.8446,53.776,0.38325161447800676,53.47,54.492,5,0.30505937457052323,0.0071177353806696824
som-rs-bc-l3bits,54.723400000000005,54.841,0.38586305861017384,54.118,55.038,5,0.28410149954132935,0.007051152863494845
som-rs-bc-nan,55.517399999999995,55.845,0.854768565168372,54.115,56.236,5,0.26573650783358005,0.015396408426337906
som-rs-bc-baseline,70.2704,70.283,0.38798943284579385,69.64,70.631,5,0.0,0.005521377889492501
