exe,mean,median,std,min,max,n,pct_vs_baseline,cov
som-rs-bc-l4bits,5.817506666666667,5.817,0.01802128871215526,5.776,5.87,75,0.38224852342240556,0.0030977684676176146
som-rs-bc-nan,5.8186800000000005,5.822,0.023949925238274095,5.762,5.891,75,0.3819697938364026,0.0041160409643207895
som-rs-bc-l3bits,6.134440000000001,6.131,0.015170419296170403,6.11,6.199,75,0.3108352188626833,0.002472991715000946
som-rs-bc-baseline,8.04124,8.037,0.0634956563741048,7.945,8.286,75,0.0,0.007896251868381592
