exe,mean,median,std,min,max,n,pct_vs_baseline,cov
som-rs-bc-l4bits,9.855653333333333,9.847,0.055070591880695074,9.821,10.27,75,0.3670543065638132,0.005587716006044762
som-rs-bc-nan,10.024666666666667,10.013,0.052183494680953214,9.997,10.43,75,0.3440061182416705,0.005205509212038959
som-rs-bc-l3bits,10.6834,10.632,0.24752832215782974,10.6,12.662,75,0.261135343929211,0.02316943315403614
som-rs-bc-baseline,13.473213333333334,13.36,0.6970981413967037,13.303,19.115,75,0.0,0.05173956087164831
