exe,mean,median,std,min,max,n,pct_vs_baseline,cov
som-rs-bc-nan,5.821613333333333,5.818,0.03044662735209118,5.775,5.906,75,0.32590736588482927,0.005229929507300012
som-rs-bc-l4bits,5.94492,5.933,0.10785322358575028,5.853,6.59,75,0.2984060340593313,0.018142081573133077
som-rs-bc-l3bits,6.17016,6.158,0.08910820024751563,6.122,6.897,75,0.2510080775863186,0.014441797335484919
som-rs-bc-baseline,7.71892,7.653,0.19625719198389938,7.609,8.506,75,0.0,0.025425472991545368
