exe,mean,median,std,min,max,n,pct_vs_baseline,cov
som-rs-bc-l4bits,45.9394,45.902,0.13342338625593284,45.757,46.074,5,0.49153885335899017,0.002904334541938572
som-rs-bc-l3bits,46.1984,46.163,0.2565361572956153,45.879,46.551,5,0.4831769065595344,0.005552922986415445
som-rs-bc-nan,61.236799999999995,61.331,0.31096816557326296,60.762,61.555,5,0.11894155148538132,0.005078125662563409
som-rs-bc-baseline,68.5204,68.076,1.1674610486007677,67.739,70.589,5,0.0,0.01703815285084103
