exe,mean,median,std,min,max,n,pct_vs_baseline,cov
som-rs-bc-l3bits,61.7208,61.891,0.3738137236646091,61.26,62.14,5,0.3030518074943942,0.006056527518512545
som-rs-bc-nan,63.527,63.603,0.3124363935267449,63.058,63.887,5,0.26600343161175566,0.004918166976667321
som-rs-bc-l4bits,64.99260000000001,64.349,2.1548977469940427,63.232,68.436,5,0.23745472561491598,0.03315604771918714
som-rs-bc-baseline,80.4254,80.475,0.2522544350452529,80.081,80.702,5,0.0,0.0031365020882115962
