exe,mean,median,std,min,max,n,pct_vs_baseline,cov
som-rs-bc-l3bits,33.0632,32.998,0.15101556211199046,32.978,33.332,5,0.28407413680466487,0.004567481735342933
som-rs-bc-nan,34.443,34.434,0.055659680200300155,34.398,34.538,5,0.23263362657143682,0.0016159939668524855
som-rs-bc-l4bits,35.4656,35.497,0.09514883078630308,35.355,35.554,5,0.19709239375620302,0.0026828484725001994
som-rs-bc-baseline,42.4556,42.556,0.19166715941965673,42.164,42.627,5,0.0,0.0045145318737612175
