exe,mean,median,std,min,max,n,pct_vs_baseline,cov
som-rs-bc-nan,119.26469999999999,119.199,84.01333518231232,38.621,200.798,10,0.2987816176957643,0.7044275060626684
som-rs-bc-l4bits,123.94120000000001,124.184,94.08428760047497,33.612,214.548,10,0.24977650692425102,0.759104217164873
som-rs-bc-l3bits,124.9257,123.74650000000001,94.5819651543335,34.936,218.769,10,0.23992741285420038,0.7571057448894303
som-rs-bc-baseline,154.8988,155.0815,113.90913610008053,45.826,264.066,10,0.0,0.7353777827851509
