exe,mean,median,std,min,max,n,pct_vs_baseline,cov
som-rs-bc-nan,21.793200000000002,21.782,0.20744324525035807,21.557,22.117,5,0.18919663014151178,0.009518714335221907
som-rs-bc-l4bits,23.0018,22.949,0.25767654142354496,22.723,23.293,5,0.1267118225530175,0.011202451174410044
som-rs-bc-l3bits,24.528399999999998,24.467,0.2263002430400811,24.353,24.901,5,0.05658746595782849,0.009226049927434365
som-rs-bc-baseline,25.9164,25.591,0.5473278724859522,25.419,26.578,5,0.0,0.021118977654533508
