exe,mean,median,std,min,max,n,pct_vs_baseline,cov
som-rs-bc-nan,3667.7032,3658.402,3806.225134538033,56.356,7307.286,10,0.25936692478279033,1.0377680327399539
som-rs-bc-l4bits,4007.5593,3973.7785,4165.8926059587775,55.109,8039.939,10,0.15256787341861666,1.039508662032469
som-rs-bc-l3bits,4019.7653,3963.044,4177.48082563954,56.952,8135.032,10,0.14906810604091736,1.0392350084815996
som-rs-bc-baseline,4618.9841,4594.9205,4789.794664662927,72.589,9237.494,10,0.0,1.036980115316467
