exe,mean,median,std,min,max,n,pct_vs_baseline,cov
som-rs-bc-nan,2641.8,2636.0,45.80065501715011,2573.0,2694.0,5,0.43493072904837615,0.017336912338992396
som-rs-bc-l4bits,2661.4,2640.0,55.28833511691232,2606.0,2721.0,5,0.424363117156384,0.020774154624224963
som-rs-bc-l3bits,2762.2,2775.0,93.31773679210185,2662.0,2852.0,5,0.3723843313300994,0.0337838450481869
som-rs-bc-baseline,3790.8,3730.0,116.88327510811801,3696.0,3955.0,5,0.0,0.030833405905908516
