exe,mean,median,std,min,max,n,pct_vs_baseline,cov
som-rs-bc-l3bits,3145.5,3088.0,3316.430117192615,0.0,6466.0,10,0.7231282784930855,1.0543411594953473
som-rs-bc-nan,3221.9,3152.5,3397.3354411950554,0.0,6615.0,10,0.6822682268226823,1.054450926842874
som-rs-bc-l4bits,3252.5,3203.5,3429.0288307656765,0.0,6625.0,10,0.6664411990776327,1.0542748134560112
som-rs-bc-baseline,5420.1,5354.5,5713.56974326131,0.0,10914.0,10,0.0,1.0541447101089112
