exe,mean,median,std,min,max,n,pct_vs_baseline,cov
som-rs-bc-l3bits,64.52,0.0,130.40377626765596,0.0,372.0,75,0.9439966935317214,2.021137263912833
som-rs-bc-nan,66.04,0.0,134.0496519547484,0.0,414.0,75,0.8992529779931353,2.029825135595827
som-rs-bc-l4bits,69.26666666666667,0.0,140.27919393927334,0.0,434.0,75,0.8107795957651587,2.0252049173138595
som-rs-bc-baseline,125.42666666666666,0.0,155.56802399622515,0.0,374.0,75,0.0,1.2403105984603897
