rank,exe,geo_mean_speedup_vs_baseline,median_speedup_vs_baseline,win_rate
1,som-rs-bc-l3bits,1.5827604117058147,1.73388477313055,0.8809523809523809
2,som-rs-bc-nan,1.5782455519180392,1.7344493594140544,0.9285714285714286
3,som-rs-bc-l4bits,1.5712036612698654,1.7041230853973799,0.8571428571428571
4,som-rs-bc-baseline,1.0,1.0,0.8333333333333334
