rank,exe,geo_mean_speedup_vs_baseline,median_speedup_vs_baseline,win_rate
1,som-rs-bc-nan,1.2673394166448873,1.2738786421043267,0.46511627906976744
2,som-rs-bc-l3bits,1.2537139059573092,1.2606141264851896,0.18604651162790697
3,som-rs-bc-l4bits,1.2498861152764276,1.2512270755352304,0.3488372093023256
4,som-rs-bc-baseline,1.0,1.0,0.0
