rank,exe,geo_mean_speedup_vs_baseline,median_speedup_vs_baseline,win_rate
1,som-rs-bc-nan,1.2682916214453135,1.272857367482832,0.5348837209302325
2,som-rs-bc-l4bits,1.251140430285806,1.2536107383264694,0.27906976744186046
3,som-rs-bc-l3bits,1.2505661060118398,1.2481759406590676,0.18604651162790697
4,som-rs-bc-baseline,1.0,1.0,0.0
