rank,exe,geo_mean_speedup_vs_baseline,median_speedup_vs_baseline,win_rate
1,som-rs-bc-nan,1.573146910250123,1.737235049664022,0.8809523809523809
2,som-rs-bc-l3bits,1.5705044928509746,1.7236828892756728,0.9047619047619048
3,som-rs-bc-l4bits,1.5702860493787976,1.7351351237520034,0.8571428571428571
4,som-rs-bc-baseline,1.0,1.0,0.8571428571428571
