rank,exe,geo_mean_speedup_vs_baseline,median_speedup_vs_baseline,win_rate
1,som-rs-bc-l3bits,1.6752157451521108,1.7439496294352987,1.0
2,som-rs-bc-nan,1.6304905594620904,1.6758051301443246,0.8076923076923077
3,som-rs-bc-l4bits,1.6125835855753103,1.6647728980671537,0.8076923076923077
4,som-rs-bc-baseline,1.0,1.0,0.8076923076923077
