rank,exe,geo_mean_speedup_vs_baseline,median_speedup_vs_baseline,win_rate
1,som-rs-bc-l3bits,1.1606203289075385,1.1352529852926636,0.3076923076923077
2,som-rs-bc-nan,1.1551906572297916,1.1568651457348806,0.5769230769230769
3,som-rs-bc-l4bits,1.1520387316531426,1.1354090022459697,0.11538461538461539
4,som-rs-bc-baseline,1.0,1.0,0.0
