exe,mean,median,std,min,max,n,pct_vs_baseline,cov
som-rs-bc-l3bits,291.7266666666667,0.0,594.8026332580059,0.0,2084.0,300,0.8660389862656823,2.0389038823716468
som-rs-bc-l4bits,296.49666666666667,0.0,601.1471057887713,0.0,1968.0,300,0.8360183925620299,2.0275003849018134
som-rs-bc-nan,298.18666666666667,0.0,605.4888998556319,0.0,1900.0,300,0.8256125916651762,2.030570000410141
som-rs-bc-baseline,544.3733333333333,0.0,680.1552945501278,0.0,2046.0,300,0.0,1.2494280173229055
