rank,exe,geo_mean_speedup_vs_baseline,median_speedup_vs_baseline,win_rate
1,som-rs-bc-nan,1.1603887218442512,1.1765584792463901,0.6538461538461539
2,som-rs-bc-l3bits,1.1262016144846738,1.1490399501416757,0.23076923076923078
3,som-rs-bc-l4bits,1.118521961755671,1.1462878466011492,0.11538461538461539
4,som-rs-bc-baseline,1.0,1.0,0.0
