exe,mean,median,std,min,max,n,pct_vs_baseline,cov
som-rs-bc-l4bits,309.0933333333333,0.0,622.444270235938,0.0,1594.0,75,0.006643085152273409,2.0137744917477076
som-rs-bc-baseline,311.14666666666665,0.0,626.569352804519,0.0,1608.0,75,0.0,2.0137427776970744
som-rs-bc-l3bits,311.14666666666665,0.0,626.6559401995543,0.0,1640.0,75,0.0,2.0140210625199937
som-rs-bc-nan,312.5466666666667,0.0,630.0448781384295,0.0,1802.0,75,-0.004479331086557847,2.015842577551393
