exe,mean,median,std,min,max,n,pct_vs_baseline,cov
som-rs-bc-l4bits,8048.0,8058.0,51.60910772334666,7968.0,8101.0,5,0.5060884691848906,0.00641266249047548
som-rs-bc-l3bits,8085.8,8092.0,128.0105464405179,7969.0,8280.0,5,0.4990477132751243,0.015831525197323445
som-rs-bc-nan,8187.8,8190.0,157.4331604205416,7986.0,8422.0,5,0.4803732382324921,0.01922777307952583
som-rs-bc-baseline,12121.0,12094.0,140.23729889013129,12012.0,12355.0,5,0.0,0.01156977962957935
