exe,mean,median,std,min,max,n,pct_vs_baseline,cov
som-rs-bc-l3bits,18886.6,18760.5,19908.832993311175,0.0,38047.0,10,0.7021539080618007,1.0541247759422647
som-rs-bc-nan,18940.2,18612.0,19967.516947949905,0.0,38593.0,10,0.6973368813423302,1.0542400263962315
som-rs-bc-l4bits,19001.1,18719.0,20031.052557078583,0.0,38606.0,10,0.6918967849229785,1.0542048911420172
som-rs-bc-baseline,32147.9,31550.5,33893.55524268425,0.0,65788.0,10,0.0,1.0543007550317205
