exe,mean,median,std,min,max,n,pct_vs_baseline,cov
som-rs-bc-l4bits,11996.2,11829.5,12646.008345192038,0.0,24253.0,10,0.7822643837215117,1.0541678485847217
som-rs-bc-nan,12109.0,11983.5,12765.529862354586,0.0,24725.0,10,0.7656619043686514,1.0542183386204134
som-rs-bc-l3bits,12156.1,11960.0,12814.626941723882,0.0,24492.0,10,0.7588206743939256,1.0541725505486037
som-rs-bc-baseline,21380.4,21126.5,22543.570057409568,0.0,44214.0,10,0.0,1.0544035685679205
