exe,mean,median,std,min,max,n,pct_vs_baseline,cov
som-rs-bc-l3bits,12103.1,11912.5,12759.073202583679,0.0,24566.0,10,0.7827746610372548,1.0541987757337936
som-rs-bc-l4bits,12259.9,11934.5,12925.792539208831,0.0,24867.0,10,0.7599735723782413,1.0543146795005531
som-rs-bc-nan,12425.4,11960.0,13109.919265790906,0.0,26062.0,10,0.7365316207124115,1.0550903202947919
som-rs-bc-baseline,21577.1,21479.0,22744.607876007296,0.0,43415.0,10,0.0,1.054108655751111
