exe,mean,median,std,min,max,n,pct_vs_baseline,cov
som-rs-bc-nan,11078.9,10845.5,11680.520569164144,0.0,22553.0,10,0.8376463367301807,1.0543032764231237
som-rs-bc-l3bits,11166.2,10856.0,11776.473597813567,0.0,23114.0,10,0.8232791818165532,1.0546536510015552
som-rs-bc-l4bits,11172.1,10904.0,11782.62196296827,0.0,23253.0,10,0.8223163057974774,1.0546470191788713
som-rs-bc-baseline,20359.1,20087.0,21462.876308485153,0.0,41424.0,10,0.0,1.0542153783067598
