exe,mean,median,std,min,max,n,pct_vs_baseline,cov
som-rs-bc-nan,305.56,0.0,615.2713582837449,0.0,1553.0,75,0.8639874329100665,2.0135860658585707
som-rs-bc-l3bits,307.28,0.0,618.760018974304,0.0,1562.0,75,0.8535537620411351,2.0136683772920594
som-rs-bc-l4bits,308.56,0.0,621.5255912193321,0.0,1621.0,75,0.8458646616541352,2.014277907762938
som-rs-bc-baseline,569.56,0.0,706.1290219752163,0.0,1610.0,75,0.0,1.2397798686270391
