exe,mean,median,std,min,max,n,pct_vs_baseline,cov
som-rs-bc-l3bits,54.0116,53.911,0.26628424662379097,53.722,54.42,5,0.32143095186959836,0.004930130687181846
som-rs-bc-l4bits,54.53439999999999,54.626,0.3123336357166783,54.199,54.855,5,0.30876290928294825,0.005727277383022063
som-rs-bc-nan,55.0086,55.008,0.15880428205813613,54.792,55.197,5,0.2974807575542735,0.002886899176822099
som-rs-bc-baseline,71.3726,71.771,0.977600276186541,69.984,72.288,5,0.0,0.013697136943120202
