exe,mean,median,std,min,max,n,pct_vs_baseline,cov
som-rs-bc-l4bits,35.1632,35.235,0.20827913961796585,34.887,35.38,5,0.2909177776766618,0.005923213462311901
som-rs-bc-l3bits,35.1676,35.125,0.1637980463863969,35.017,35.383,5,0.29075626428872026,0.004657640737110206
som-rs-bc-nan,35.317600000000006,35.088,0.611127891688803,34.898,36.39,5,0.2852741975672184,0.01730377748456302
som-rs-bc-baseline,45.3928,45.047,0.6359356885723593,44.835,46.34,5,0.0,0.014009615810709171
