exe,mean,median,std,min,max,n,pct_vs_baseline,cov
som-rs-bc-l4bits,19136.3,19008.0,20172.151970531606,0.0,38624.0,10,0.6495456279427059,1.0541302117196953
som-rs-bc-l3bits,19194.7,18699.0,20237.977375057355,0.0,39267.0,10,0.6445268746060111,1.0543523668021566
som-rs-bc-nan,19269.1,18726.5,20317.32314744681,0.0,39388.0,10,0.6381771852343909,1.0543991752311634
som-rs-bc-baseline,31566.2,31352.0,33274.48550332688,0.0,63612.0,10,0.0,1.0541175530576021
