exe,mean,median,std,min,max,n,pct_vs_baseline,cov
som-rs-bc-l4bits,5.168293333333334,5.117,0.1432504679803057,5.085,5.745,75,0.41454819385896546,0.02771717059022173
som-rs-bc-nan,5.206466666666667,5.153,0.2542729079389146,5.122,7.339,75,0.4041768569855435,0.048837901828286866
som-rs-bc-l3bits,5.22192,5.194,0.12675415233882925,5.132,5.956,75,0.4000214480497595,0.024273476487351252
som-rs-bc-baseline,7.3107999999999995,7.233,0.5537586067905353,7.181,11.949,75,0.0,0.0757452818830409
