exe,mean,median,std,min,max,n,pct_vs_baseline,cov
som-rs-bc-l4bits,5.406266666666667,5.376,0.13399952937929993,5.356,6.199,75,0.3454657557895775,0.024785963704953496
som-rs-bc-nan,5.6128800000000005,5.612,0.018667039893308562,5.575,5.664,75,0.2959383893236034,0.0033257507542132666
som-rs-bc-l3bits,5.914666666666667,5.903,0.04489788213067322,5.86,6.094,75,0.22981514878268716,0.007590940396304083
som-rs-bc-baseline,7.273946666666667,7.227,0.19815649653018486,7.188,8.746,75,0.0,0.02724195070583207
