exe,mean,median,std,min,max,n,pct_vs_baseline,cov
som-rs-bc-l3bits,6.323173333333333,6.32,0.05554140732757802,6.223,6.561,75,0.6387615501077517,0.008783786937293831
som-rs-bc-l4bits,6.328293333333334,6.282,0.2893359486326774,6.245,8.631,75,0.6374356856614314,0.04572100776502312
som-rs-bc-nan,6.389333333333333,6.358,0.10648275248403635,6.33,6.925,75,0.6217925709515859,0.016665706252718546
som-rs-bc-baseline,10.362173333333333,10.312,0.22551385007705532,10.231,11.979,75,0.0,0.021763180640070552
