exe,mean,median,std,min,max,n,pct_vs_baseline,cov
som-rs-bc-l4bits,5.788586666666666,5.741,0.1672823388792161,5.717,6.648,75,0.4334967199823103,0.028898649793481442
som-rs-bc-l3bits,5.79608,5.783,0.037525760521309875,5.749,5.9,75,0.4316434555768729,0.006474334467659155
som-rs-bc-nan,6.000826666666667,5.972,0.10636670040456697,5.932,6.417,75,0.38279614808626383,0.017725341242634397
som-rs-bc-baseline,8.297920000000001,8.192,0.27717005025210933,8.127,9.377,75,0.0,0.03340235266815169
