exe,mean,median,std,min,max,n,pct_vs_baseline,cov
som-rs-bc-nan,73.8292,74.099,0.746326805092779,72.904,74.624,5,0.3643355203632168,0.010108829637769054
som-rs-bc-l4bits,78.3472,79.329,1.7539575821552822,76.335,79.825,5,0.2856592194743399,0.022386984884658064
som-rs-bc-l3bits,78.7188,78.839,0.9116639731830981,77.239,79.749,5,0.27959013602849647,0.011581273764121125
som-rs-bc-baseline,100.7278,101.77,1.5871950730770334,98.291,101.876,5,0.0,0.01575726932462571
