exe,mean,median,std,min,max,n,pct_vs_baseline,cov
som-rs-bc-l3bits,0.2,0.0,0.4006683379765066,0.0,1.0,300,1.0,2.0033416898825327
som-rs-bc-l4bits,0.2,0.0,0.4006683379765066,0.0,1.0,300,1.0,2.0033416898825327
som-rs-bc-nan,0.2,0.0,0.4006683379765066,0.0,1.0,300,1.0,2.0033416898825327
som-rs-bc-baseline,0.4,0.0,0.49071649206571843,0.0,1.0,300,0.0,1.226791230164296
