exe,mean,median,std,min,max,n,pct_vs_baseline,cov
som-rs-bc-l4bits,9.858,9.814,0.11778794505381233,9.794,10.068,5,0.3561168594035302,0.011948462675371509
som-rs-bc-nan,10.4042,10.042,0.8268544007260289,10.004,11.882,5,0.2849233963207167,0.07947313591876635
som-rs-bc-l3bits,10.7112,10.67,0.1289755790837944,10.622,10.938,5,0.24809545149002932,0.012041188576797595
som-rs-bc-baseline,13.3686,13.355,0.028474550040343084,13.347,13.417,5,0.0,0.0021299575153975047
