exe,mean,median,std,min,max,n,pct_vs_baseline,cov
som-rs-bc-nan,193.9826,193.556,1.1712938572365088,192.638,195.349,5,0.4041393403325866,0.006038138767273502
som-rs-bc-l3bits,208.71480000000003,208.816,2.284451728533556,206.567,212.308,5,0.3050277220398361,0.010945326965474206
som-rs-bc-l4bits,227.2692,227.112,1.3590817488289595,225.626,228.804,5,0.1984844404785162,0.005980052505262303
som-rs-bc-baseline,272.3786,272.307,2.7963750284967173,268.007,275.565,5,0.0,0.010266500483138973
