exe,mean,median,std,min,max,n,pct_vs_baseline,cov
som-rs-bc-l3bits,63.222,63.297,0.2928907646205335,62.83,63.543,5,0.3034133687640377,0.004632734880587983
som-rs-bc-l4bits,64.0666,63.854,0.6244079595905268,63.52,65.059,5,0.2862302666287895,0.009746232195723306
som-rs-bc-nan,64.31980000000001,64.141,1.0176333819210162,63.416,65.983,5,0.2811669190513648,0.015821463716009936
som-rs-bc-baseline,82.4044,80.903,4.179655882964525,79.862,89.836,5,0.0,0.05072127074482097
