exe,mean,median,std,min,max,n,pct_vs_baseline,cov
som-rs-bc-nan,19.9172,19.895,0.07978847034503099,19.841,20.035,5,0.3289819854196374,0.004006008391994406
som-rs-bc-l3bits,21.0948,21.121,0.21179046248591998,20.747,21.304,5,0.2547926503214064,0.010039936974321633
som-rs-bc-l4bits,21.8998,21.874,0.4341350020442939,21.274,22.313,5,0.2086685723157291,0.019823697113411715
som-rs-bc-baseline,26.469600000000003,26.543,0.3077999350227342,26.158,26.869,5,0.0,0.011628431673419096
