exe,mean,median,std,min,max,n,pct_vs_baseline,cov
som-rs-bc-l3bits,33.7192,33.739,0.04642951647389716,33.664,33.772,5,0.26224821466701465,0.001376945967694879
som-rs-bc-nan,34.4368,34.414,0.04897652498902157,34.396,34.517,5,0.23594526785299452,0.0014222147525037626
som-rs-bc-l4bits,36.0988,36.112,0.07935489902961117,35.965,36.165,5,0.17904196261371563,0.0021982697216974298
som-rs-bc-baseline,42.562,42.511,0.16890529891036493,42.375,42.805,5,0.0,0.0039684530546112715
