exe,mean,median,std,min,max,n,pct_vs_baseline,cov
som-rs-bc-l3bits,7941.2,7975.0,108.85403070166949,7776.0,8053.0,5,0.4968518611796706,0.013707503992050256
som-rs-bc-l4bits,8059.8,8073.0,52.413738656959,7990.0,8120.0,5,0.4748256780565274,0.006503106610208566
som-rs-bc-nan,8060.4,8011.0,197.1643984090434,7893.0,8389.0,5,0.4747158949928043,0.02446087023088723
som-rs-bc-baseline,11886.8,11888.0,94.08347357533104,11777.0,12031.0,5,0.0,0.007914953862715873
