exe,mean,median,std,min,max,n,pct_vs_baseline,cov
som-rs-bc-l3bits,304.8666666666667,0.0,614.082447438658,0.0,1621.0,75,0.8439973759020334,2.0142656268488675
som-rs-bc-l4bits,307.48,0.0,619.336378933347,0.0,1633.0,75,0.8283248774988072,2.014233052339492
som-rs-bc-nan,311.9866666666667,0.0,628.2801598644344,0.0,1608.0,75,0.801914611735544,2.0138045211262265
som-rs-bc-baseline,562.1733333333333,0.0,696.7026077198244,0.0,1556.0,75,0.0,1.2393021269593443
