exe,mean,median,std,min,max,n,pct_vs_baseline,cov
som-rs-bc-l3bits,5.0,5.0,5.270462766947299,0.0,10.0,10,1.2999999999999998,1.0540925533894598
som-rs-bc-l4bits,5.0,5.0,5.270462766947299,0.0,10.0,10,1.2999999999999998,1.0540925533894598
som-rs-bc-nan,5.0,5.0,5.270462766947299,0.0,10.0,10,1.2999999999999998,1.0540925533894598
som-rs-bc-baseline,11.5,11.5,12.122064363978788,0.0,23.0,10,0.0,1.0540925533894598
