exe,mean,median,std,min,max,n,pct_vs_baseline,cov
som-rs-bc-nan,35.5798,35.299,0.4868929040353748,35.208,36.313,5,0.3142738295324876,0.013684531785883417
som-rs-bc-l4bits,35.5844,35.352,0.5301931723438164,35.061,36.171,5,0.3141039331842044,0.014899595675178345
som-rs-bc-l3bits,36.0548,36.067,0.14037521148692736,35.843,36.2,5,0.2969590734104752,0.0038933848332795454
som-rs-bc-baseline,46.7616,46.829,0.33766003613101697,46.19,47.072,5,0.0,0.007220882863952837
