exe,mean,median,std,min,max,n,pct_vs_baseline,cov
som-rs-bc-nan,118.6546,117.253,87.71239800519777,34.788,204.481,10,0.2883057209749982,0.7392245897352295
som-rs-bc-l3bits,119.41720000000001,118.636,91.73475976822164,31.882,208.837,10,0.2800785816448552,0.7681871603774132
som-rs-bc-l4bits,120.11800000000001,121.3115,90.80013283886514,32.662,209.925,10,0.2726102665712049,0.7559244479500585
som-rs-bc-baseline,152.8634,150.68900000000002,118.8087561664637,39.843,270.049,10,0.0,0.7772217297696092
