exe,mean,median,std,min,max,n,pct_vs_baseline,cov
som-rs-bc-l3bits,32.9696,32.975,0.028632149762111456,32.941,33.012,5,0.2288593128215084,0.0008684409201843959
som-rs-bc-nan,36.6008,36.062,1.320064657507353,35.736,38.936,5,0.10694301763895875,0.03606655202911829
som-rs-bc-l4bits,36.802800000000005,32.735,9.06187382388433,32.712,53.013,5,0.10086732531220433,0.2462278365745087
som-rs-bc-baseline,40.515,40.456,0.11645600027478387,40.4,40.648,5,0.0,0.0028743922072018723
