exe,mean,median,std,min,max,n,pct_vs_baseline,cov
som-rs-bc-nan,1331200.0,1331200.0,0.0,1331200.0,1331200.0,5,0.8,0.0
som-rs-bc-baseline,2396160.0,2396160.0,0.0,2396160.0,2396160.0,5,0.0,0.0
som-rs-bc-l3bits,9117696.0,9117696.0,0.0,9117696.0,9117696.0,5,-0.7371967654986523,0.0
som-rs-bc-l4bits,9117696.0,9117696.0,0.0,9117696.0,9117696.0,5,-0.7371967654986523,0.0
