exe,mean,median,std,min,max,n,pct_vs_baseline,cov
som-rs-bc-nan,19.0186,18.328,3.113002296818943,16.365,24.357,5,0.35006782833647065,0.1636819900949041
som-rs-bc-l4bits,19.2906,19.033,2.5295750235958607,15.954,22.9,5,0.3310316941930267,0.1311299297894239
som-rs-bc-l3bits,22.2228,16.512,8.444689911417708,15.5,32.686,5,0.15540795939305596,0.38000116598348127
som-rs-bc-baseline,25.6764,21.968,6.246752780445214,21.136,35.588,5,0.0,0.24328771870064392
