exe,mean,median,std,min,max,n,pct_vs_baseline,cov
som-rs-bc-nan,5.06708,5.532,1.0041632135588712,2.63,7.631,300,0.3358193147401134,0.19817394111773867
som-rs-bc-l4bits,5.0964833333333335,5.558999999999999,1.065369885547893,2.717,11.556,300,0.32811252203316665,0.20904019808715676
som-rs-bc-l3bits,5.176839999999999,5.6025,0.9700365857321368,2.741,8.231,300,0.3074971089184395,0.18738005921220993
som-rs-bc-baseline,6.768703333333334,7.765000000000001,1.7820887491053428,2.835,10.686,300,0.0,0.26328362484572515
