exe,mean,median,std,min,max,n,pct_vs_baseline,cov
som-rs-bc-l3bits,78.37972,93.2405,25.36384409837007,27.353,109.086,300,0.12547722803806893,0.32360212690693546
som-rs-bc-nan,78.76772666666666,94.1425,25.349618988751516,27.769,104.604,300,0.11993317229162992,0.32182748013062945
som-rs-bc-l4bits,78.84305333333333,93.053,25.611100323944807,28.289,139.848,300,0.11886318794688999,0.3248364851582546
som-rs-bc-baseline,88.21459,90.0945,31.144263685795096,26.572,137.556,300,0.0,0.3530511640511518
