exe,mean,median,std,min,max,n,pct_vs_baseline,cov
som-rs-bc-nan,1048.952675,1572.842,726.3702190764247,4.617,1833.252,80,0.24559552936933016,0.692471868739383
som-rs-bc-l4bits,1096.7674875,1630.734,764.4916871656733,6.52,1890.072,80,0.19129239094990957,0.6970408002413303
som-rs-bc-l3bits,1105.1914875,1608.858,772.8959683527102,8.002,1976.066,80,0.18221211190789233,0.6993321764548156
som-rs-bc-baseline,1306.5707625,1954.2465,918.2493225337424,5.714,2266.211,80,0.0,0.7027934107271457
