exe,mean,median,std,min,max,n,pct_vs_baseline,cov
som-rs-bc-nan,7.876583333333333,9.006,1.8899053973922946,3.984,11.607,300,0.43414805488843533,0.23993974511693456
som-rs-bc-l3bits,8.079699999999999,9.171,1.9397708696533842,4.03,10.247,300,0.3980948137513358,0.2400795660300982
som-rs-bc-l4bits,8.71691,10.473500000000001,2.545538799777084,3.982,10.884,300,0.29589346071792266,0.2920230677817121
som-rs-bc-baseline,11.296186666666667,13.278500000000001,3.298570449227556,5.004,15.957,300,0.0,0.29200743105291777
