exe,mean,median,std,min,max,n,pct_vs_baseline,cov
som-rs-bc-l3bits,28.802999999999997,33.197500000000005,8.10064730357038,13.533,33.783,20,0.2655209526785405,0.2812431796538687
som-rs-bc-nan,31.04755,34.412,7.17584326586888,14.131,36.252,20,0.17403144531533088,0.23112430017405172
som-rs-bc-l4bits,31.14425,34.4635,7.198864558679413,16.496,36.177,20,0.1703861868563219,0.2311458634797567
som-rs-bc-baseline,36.4508,41.444,9.81191048299544,15.356,43.226,20,0.0,0.26918230828940487
