exe,mean,median,std,min,max,n,pct_vs_baseline,cov
som-rs-bc-l3bits,4838.3,4751.0,5100.651048858589,0.0,9807.0,10,0.6719302234255833,1.0542238077131614
som-rs-bc-nan,4966.1,4908.5,5235.6498365638545,0.0,10185.0,10,0.6289039689092044,1.0542779719626778
som-rs-bc-l4bits,5010.7,4900.5,5282.912181952509,0.0,10216.0,10,0.61440517292993,1.0543261783687927
som-rs-bc-baseline,8089.3,7975.0,8528.093652419891,0.0,16512.0,10,0.0,1.0542437111270309
