exe,mean,median,std,min,max,n,pct_vs_baseline,cov
som-rs-bc-l3bits,2775.5,2742.5,2925.8821366859224,0.0,5633.0,10,0.8316699693748875,1.0541819984456575
som-rs-bc-nan,2906.7,2875.0,3064.1000509484384,0.0,5860.0,10,0.74899370420064,1.054150772679822
som-rs-bc-l4bits,2917.6,2879.5,3075.724059288948,0.0,5913.0,10,0.7424595557992872,1.054196620266297
som-rs-bc-baseline,5083.8,5049.0,5358.880600357586,0.0,10224.0,10,0.0,1.0541092490573167
