exe,mean,median,std,min,max,n,pct_vs_baseline,cov
som-rs-bc-l3bits,64.38666666666667,0.0,129.89724559979865,0.0,364.0,75,0.9420169807413543,2.0174556678370053
som-rs-bc-nan,64.93333333333334,0.0,131.02262372555333,0.0,377.0,75,0.9256673511293634,2.017802213432546
som-rs-bc-l4bits,65.69333333333333,0.0,132.75052535482482,0.0,364.0,75,0.9033894865029433,2.0207609907878754
som-rs-bc-baseline,125.04,0.0,155.0982635342877,0.0,389.0,75,0.0,1.240389183735506
