rank,exe,geo_mean_speedup_vs_baseline,median_speedup_vs_baseline,win_rate
1,som-rs-bc-l3bits,1.5786616846847024,1.7008343190930313,0.9047619047619048
2,som-rs-bc-l4bits,1.5764580175348215,1.7151187462657578,0.9047619047619048
3,som-rs-bc-nan,1.5581224459929048,1.7089634658145458,0.8571428571428571
4,som-rs-bc-baseline,1.0,1.0,0.8333333333333334
