exe,mean,median,std,min,max,n,pct_vs_baseline,cov
som-rs-bc-l3bits,227.24,0.0,461.1336453989438,0.0,1410.0,75,0.06424925189227237,2.0292802561122327
som-rs-bc-l4bits,228.09333333333333,0.0,463.240850709181,0.0,1469.0,75,0.06026772666160052,2.030926743624749
som-rs-bc-nan,237.48,0.0,481.1842193723449,0.0,1504.0,75,0.01835944079501428,2.0262094465737954
som-rs-bc-baseline,241.84,0.0,494.5131113502424,0.0,1618.0,75,0.0,2.0447945391591236
