exe,mean,median,std,min,max,n,pct_vs_baseline,cov
som-rs-bc-l4bits,6375.8,6371.0,421.9131427201575,5943.0,6978.0,5,1.0074657297907712,0.06617414955302198
som-rs-bc-nan,6567.2,6644.0,421.88588504475945,5998.0,7155.0,5,0.9489584602265808,0.06424136390619434
som-rs-bc-l3bits,6677.6,6527.0,313.17295540962664,6408.0,7186.0,5,0.9167365520546304,0.046899028904041365
som-rs-bc-baseline,12799.2,13191.0,908.513731321657,11782.0,13777.0,5,0.0,0.07098207163898189
