exe,mean,median,std,min,max,n,pct_vs_baseline,cov
som-rs-bc-l4bits,8631.4,7881.5,9154.35876994609,0.0,19279.0,10,1.3963435827328126,1.0605879428535452
som-rs-bc-l3bits,8837.1,8654.0,9320.045653798532,0.0,18407.0,10,1.3405642122415724,1.054649789387755
som-rs-bc-nan,8850.3,8587.0,9342.208982771568,0.0,18997.0,10,1.33707331954849,1.055581051802941
som-rs-bc-baseline,20683.8,20097.0,21813.045626668256,0.0,42722.0,10,0.0,1.054595655859574
