exe,mean,median,std,min,max,n,pct_vs_baseline,cov
som-rs-bc-nan,235.18666666666667,0.0,484.34267781143285,0.0,1694.0,75,1.9360507965304157,2.0593968385882118
som-rs-bc-l3bits,244.13333333333333,0.0,506.85472446423114,0.0,1906.0,75,1.8284543965046423,2.0761389587557257
som-rs-bc-l4bits,256.2266666666667,0.0,523.1804653074112,0.0,1670.0,75,1.694957589634178,2.0418657906049766
som-rs-bc-baseline,690.52,909.0,596.7144584010555,0.0,1750.0,75,0.0,0.8641523176751658
