rank,exe,geo_mean_speedup_vs_baseline,median_speedup_vs_baseline,win_rate
1,som-rs-bc-l4bits,1.4861872310368731,1.4861872310368731,1.0
2,som-rs-bc-nan,1.4646535610699323,1.4646535610699323,0.9615384615384616
3,som-rs-bc-l3bits,1.4448181586978637,1.4448181586978637,0.9615384615384616
4,som-rs-bc-baseline,1.0,1.0,0.9615384615384616
