exe,mean,median,std,min,max,n,pct_vs_baseline,cov
som-rs-bc-l4bits,15.707983333333335,18.3265,4.380023268869901,7.049,23.958,300,1.0609102165671596,0.2788405854477331
som-rs-bc-nan,15.960163333333334,18.5205,4.530772652216818,7.248,20.235,300,1.0283466188420376,0.2838800930535685
som-rs-bc-l3bits,16.15111333333333,19.186999999999998,5.134556129727277,6.353,24.57,300,1.0043660560861234,0.3179072565313729
som-rs-bc-baseline,32.37274333333333,37.818,10.357959640642543,12.182,49.387,300,0.0,0.31995927975548594
