exe,mean,median,std,min,max,n,pct_vs_baseline,cov
som-rs-bc-l4bits,21.013913333333335,24.845,6.675811209897221,8.47,26.651,300,0.6605742481092682,0.3176852927868371
som-rs-bc-nan,21.144466666666666,24.987000000000002,6.549483715430138,8.679,30.423,300,0.6503212818483637,0.30974929841834764
som-rs-bc-l3bits,21.275356666666667,25.002000000000002,6.733161069618071,8.33,30.628,300,0.6401681945950923,0.3164770008376548
som-rs-bc-baseline,34.89516333333333,40.3245,10.782439524072922,13.668,50.706,300,0.0,0.3089952444433204
