exe,mean,median,std,min,max,n,pct_vs_baseline,cov
som-rs-bc-l4bits,46.869099999999996,53.7155,12.462784524123686,23.673,54.35,20,0.9610350956173686,0.2659062052423385
som-rs-bc-l3bits,47.345549999999996,55.031499999999994,14.042333396123835,20.901,56.379,20,0.941300713583431,0.2965924653135054
som-rs-bc-nan,48.61085,55.492000000000004,12.785446740131405,22.081,57.336,20,0.890770270423167,0.26301631714177814
som-rs-bc-baseline,91.91195,104.90450000000001,24.560212952263395,45.92,109.639,20,0.0,0.26721457821603606
