exe,mean,median,std,min,max,n,pct_vs_baseline,cov
som-rs-bc-l3bits,22.98435,25.296,5.46629775870672,10.013,28.591,20,1.04278563457309,0.23782694566984577
som-rs-bc-l4bits,23.1706,25.2575,4.026627273537992,13.535,26.063,20,1.0263653077606967,0.1737817438278677
som-rs-bc-nan,23.31475,25.122500000000002,4.215814423097867,12.941,25.974,20,1.0138367342562113,0.18082177261595628
som-rs-bc-baseline,46.9521,55.394999999999996,15.803599589633805,17.208,58.782,20,0.0,0.33658983495165934
