exe,mean,median,std,min,max,n,pct_vs_baseline,cov
som-rs-bc-nan,5.44678,6.134,1.2156049397309672,2.796,8.574,300,1.92379779123323,0.22317863760441345
som-rs-bc-l4bits,5.46131,5.9719999999999995,1.0411198822730332,2.69,8.447,300,1.9160189283035267,0.19063555855152578
som-rs-bc-l3bits,5.58314,6.227,1.3534896778674166,2.732,10.086,300,1.8523883215060577,0.24242445610667412
som-rs-bc-baseline,15.925283333333333,18.695,4.780654489455115,6.29,21.347,300,0.0,0.30019274316135336
