exe,mean,median,std,min,max,n,pct_vs_baseline,cov
som-rs-bc-nan,8.50355,9.995000000000001,2.3655080091397576,3.816,11.628,300,2.133862524083079,0.27817887930802515
som-rs-bc-l4bits,8.5745,9.827,2.257264008932066,4.014,12.021,300,2.1079312690730263,0.26325313533524586
som-rs-bc-l3bits,9.38232,10.8575,2.6610919975952645,3.812,12.613,300,1.8403376421467894,0.28362835605641934
som-rs-bc-baseline,26.648956666666667,31.2975,8.014899900571184,10.725,38.862,300,0.0,0.3007584875019316
