exe,mean,median,std,min,max,n,pct_vs_baseline,cov
som-rs-bc-l4bits,6.085693333333333,6.6875,1.3293945987879243,2.81,8.178,300,3.1239146676248337,0.21844587394938145
som-rs-bc-nan,6.39053,7.1884999999999994,1.4895172802602814,2.818,8.097,300,2.927198526569784,0.233081963508548
som-rs-bc-l3bits,6.725186666666667,7.457,1.7584421727023072,2.832,9.65,300,2.731774483583108,0.2614711323059643
som-rs-bc-baseline,25.096880000000002,28.878500000000003,7.782292042647644,10.931,53.081,300,0.0,0.3100900208570804
