exe,mean,median,std,min,max,n,pct_vs_baseline,cov
som-rs-bc-nan,5.14163,5.7735,1.1574354651353915,2.609,7.115,300,0.900382433845557,0.22511060989129741
som-rs-bc-l4bits,5.235399999999999,5.862,1.1568650002323295,2.628,8.439,300,0.8663451375889777,0.22096974447651177
som-rs-bc-l3bits,5.23561,5.7795000000000005,1.098193827842655,2.605,8.077,300,0.8662702785985457,0.20975470438834348
som-rs-bc-baseline,9.771063333333332,10.998,2.8047855448317645,3.958,14.031,300,0.0,0.2870501857523966
