exe,mean,median,std,min,max,n,pct_vs_baseline,cov
som-rs-bc-l4bits,48.3923,54.384,11.148410049962514,26.161,55.241,20,0.4708641664066391,0.2303757012988123
som-rs-bc-nan,48.787349999999996,54.948,11.160155258658747,27.699,55.508,20,0.45895401164441196,0.22875100325512143
som-rs-bc-l3bits,49.87135,56.2625,12.337043415643544,23.796,58.309,20,0.4272422944235519,0.24737737028661835
som-rs-bc-baseline,71.1785,81.436,19.336832550996117,32.369,83.638,20,0.0,0.27166676104436194
