exe,mean,median,std,min,max,n,pct_vs_baseline,cov
som-rs-bc-nan,4633.903475,2170.989,5095.0891437066975,3.372,11032.673,40,0.8587158475501044,1.0995242285893099
som-rs-bc-l3bits,5504.071024999999,2374.941,6097.740266650982,4.68,14153.819,40,0.5648616789061149,1.1078600255982314
som-rs-bc-l4bits,5510.818775,2364.5175000000004,6089.820301205803,6.285,13302.918,40,0.5629455760863775,1.1050663340323332
som-rs-bc-baseline,8613.109825,3639.6705,9591.274413309135,7.154,20640.967,40,0.0,1.1135669471518825
