exe,mean,median,std,min,max,n,pct_vs_baseline,cov
som-rs-bc-nan,5.959066666666667,6.679,1.348557342214146,2.828,8.564,300,1.3125601324592218,0.2263034494575458
som-rs-bc-l4bits,5.984446666666667,6.765499999999999,1.337223022484194,2.922,9.078,300,1.302752579742822,0.22344973511628374
som-rs-bc-l3bits,6.057926666666666,6.676,1.2118487305661554,2.801,9.068,300,1.2748211984518356,0.20004347976582013
som-rs-bc-baseline,13.7807,15.6985,4.3004090522556515,5.52,18.664,300,0.0,0.31206027649217033
