exe,mean,median,std,min,max,n,pct_vs_baseline,cov
som-rs-bc-nan,3195.388725,1415.032,3468.216925755321,32.309,7644.182,40,0.8745036333568463,1.0853818499830006
som-rs-bc-l3bits,3808.32575,1743.9795000000001,4136.298195259384,32.227,9171.758,40,0.5728086745205554,1.0861198507662806
som-rs-bc-l4bits,3841.273025,1720.0075,4158.808330085185,44.696,9118.718,40,0.5593184176227619,1.0826640811571016
som-rs-bc-baseline,5989.767775,2626.088,6545.55017221681,47.695,14356.305,40,0.0,1.0927886385740238
