exe,mean,median,std,min,max,n,pct_vs_baseline,cov
som-rs-bc-nan,102.169325,58.931,78.54059185375307,14.796,204.594,40,0.8396022974606128,0.7687296735468603
som-rs-bc-l4bits,115.137725,61.870000000000005,96.0802260101068,12.531,239.833,40,0.6324008920620936,0.834480844658923
som-rs-bc-l3bits,115.189075,64.232,95.39476135092198,10.554,240.202,40,0.6316731860204625,0.8281580640431567
som-rs-bc-baseline,187.950925,102.6175,158.274144949375,17.268,396.888,40,0.0,0.8421035701174389
