exe,mean,median,std,min,max,n,pct_vs_baseline,cov
som-rs-bc-l4bits,37.9607,43.3585,10.460912927354101,17.826,45.507,20,1.0502809484545859,0.27557218195012473
som-rs-bc-l3bits,39.01665,45.173500000000004,10.915955315500335,17.238,46.198,20,0.9947919670192087,0.2797768469486831
som-rs-bc-nan,52.4464,60.208,14.244385957466298,25.409,61.855,20,0.48399318161017746,0.2715989268561102
som-rs-bc-baseline,77.8301,89.9025,24.85522957341912,31.214,102.412,20,0.0,0.3193524044478822
