exe,mean,median,std,min,max,n,pct_vs_baseline,cov
som-rs-bc-nan,3158.1875499999996,1521.5785,3401.926762726404,23.897,7443.6,40,0.8413257391886053,1.077176927863706
som-rs-bc-l3bits,3680.636,1666.5755,4017.8968908146076,24.984,9058.947,40,0.5799584704925995,1.091631144947397
som-rs-bc-l4bits,3695.9344499999997,1558.2749999999999,4052.0052547776695,22.567,9330.21,40,0.5734186045967347,1.096341212106094
som-rs-bc-baseline,5815.252025,2467.8999999999996,6391.077394379917,40.046,13934.513,40,0.0,1.0990198476187139
