exe,mean,median,std,min,max,n,pct_vs_baseline,cov
som-rs-bc-nan,36.33795,41.043,8.941788885399424,17.237,43.298,20,1.021624775200582,0.24607301417387123
som-rs-bc-l3bits,36.53075,41.41,9.683543429719474,18.676,43.437,20,1.0109551542193906,0.26507923953708795
som-rs-bc-l4bits,37.5537,40.4725,6.450198961435628,21.653,42.129,20,0.9561774206003668,0.17175934625444705
som-rs-bc-baseline,73.4617,85.05799999999999,21.24746389349239,33.527,86.36,20,0.0,0.28923185678377156
