exe,mean,median,std,min,max,n,pct_vs_baseline,cov
som-rs-bc-nan,2985.4180499999998,1359.695,3246.834158817383,19.462,7091.229,40,0.8667405055717408,1.087564322463108
som-rs-bc-l3bits,3483.210325,1471.052,3819.781430823258,15.442,8350.85,40,0.599961035944621,1.096626696185295
som-rs-bc-l4bits,3517.9973250000003,1545.3980000000001,3848.255233575137,15.537,8443.708,40,0.5841401471219139,1.093876679845155
som-rs-bc-baseline,5573.0008,2417.9345,6134.61410237894,35.487,13383.557,40,0.0,1.1007739497146565
