exe,mean,median,std,min,max,n,pct_vs_baseline,cov
som-rs-bc-nan,3090.5350875,4719.013,2042.70470216972,79.664,5082.05,80,1.042076281717672,0.6609550269892285
som-rs-bc-l4bits,3323.0909375,4912.8099999999995,2216.9356509248714,79.769,5425.55,80,0.8991681295209815,0.6671305999807209
som-rs-bc-l3bits,3612.5055375,5345.023499999999,2462.840110564213,91.935,5983.757,80,0.7470169483442626,0.6817540028654455
som-rs-bc-baseline,6311.1084,9723.6545,4268.437048977017,142.31,10208.274,80,0.0,0.6763371468911891
