exe,mean,median,std,min,max,n,pct_vs_baseline,cov
som-rs-bc-nan,113.61376333333334,113.36500000000001,36.410212427064124,39.589,162.79,300,0.43642200743929793,0.32047360600352254
som-rs-bc-l4bits,114.39469,113.8965,37.035024674615734,40.263,165.239,300,0.42661613052144287,0.32374776027292645
som-rs-bc-l3bits,114.93108333333332,114.0065,38.12946794833538,38.265,173.201,300,0.4199579893167862,0.3317594060933796
som-rs-bc-baseline,163.19731,167.20049999999998,56.76803133607105,55.676,248.56,300,0.0,0.34784906280667893
