exe,mean,median,std,min,max,n,pct_vs_baseline,cov
som-rs-bc-l3bits,14.263340000000001,16.5635,4.067879425589847,5.568,19.342,300,0.6192002247252979,0.28519823727050236
som-rs-bc-nan,14.399983333333333,16.505,3.809086150341659,6.567,17.506,300,0.6038354211058115,0.2645201777091172
som-rs-bc-l4bits,14.402413333333334,16.314,4.016095766601019,5.92,19.26,300,0.6035648192293699,0.27884880635289494
som-rs-bc-baseline,23.095203333333334,27.2685,6.935447546546078,9.31,31.243,300,0.0,0.30029818081472087
