exe,mean,median,std,min,max,n,pct_vs_baseline,cov
som-rs-bc-l3bits,55.2076,62.701499999999996,14.551208126366761,27.077,66.338,20,0.8388727276679298,0.2635725538941516
som-rs-bc-l4bits,56.2658,63.0795,13.317220670205451,29.616,66.152,20,0.8042887508930825,0.23668410775649598
som-rs-bc-nan,56.42345,63.171,12.944713216619604,26.304,65.628,20,0.7992474760051007,0.22942080316995156
som-rs-bc-baseline,101.51975,117.217,29.52661410869327,49.079,120.543,20,0.0,0.2908460088671738
