exe,mean,median,std,min,max,n,pct_vs_baseline,cov
som-rs-bc-l3bits,39.8527,44.6205,9.465326852865623,19.991,46.156,20,0.8956519884474576,0.23750779377220674
som-rs-bc-l4bits,41.4786,46.036,9.147806285201874,23.442,47.87,20,0.8213452238021532,0.22054279279440178
som-rs-bc-nan,41.64215,47.128,10.775699587864105,21.96,48.986,20,0.8141918704966,0.25876904981765125
som-rs-bc-baseline,75.54684999999999,86.888,21.66705126338146,34.108,90.308,20,0.0,0.28680284172512105
