exe,mean,median,std,min,max,n,pct_vs_baseline,cov
som-rs-bc-nan,17.653399999999998,19.8955,4.190882389187272,8.999,20.338,20,1.124392468306389,0.23739803036170212
som-rs-bc-l4bits,19.2334,20.5615,3.0519197133676546,11.015,21.171,20,0.9498762569280526,0.1586781179285854
som-rs-bc-l3bits,20.6766,20.842,2.0619022999979513,15.849,27.21,20,0.813777410212511,0.09972153545544002
som-rs-bc-baseline,37.502750000000006,40.3335,6.467648624011992,21.235,42.322,20,0.0,0.17245798305489574
