exe,mean,median,std,min,max,n,pct_vs_baseline,cov
som-rs-bc-nan,30.839199999999998,34.6735,7.575347013764279,14.174,35.847,20,0.9109072219772238,0.2456401921503891
som-rs-bc-l3bits,31.735449999999997,35.414500000000004,6.9973365194043255,16.444,36.225,20,0.8569407397720847,0.22048959505550816
som-rs-bc-l4bits,31.9767,34.775000000000006,5.474637330934639,20.76,35.655,20,0.8429309465954897,0.17120707674446203
som-rs-bc-baseline,58.93085,66.014,13.689901477001209,32.723,68.823,20,0.0,0.2323044971691603
