exe,mean,median,std,min,max,n,pct_vs_baseline,cov
som-rs-bc-l3bits,307.49333333333334,0.0,619.3020346245362,0.0,1606.0,75,0.004336137368831761,2.014034021196783
som-rs-bc-baseline,308.82666666666665,0.0,621.9824750580028,0.0,1607.0,75,0.0,2.0140180307982996
som-rs-bc-l4bits,310.14666666666665,0.0,624.7073194344331,0.0,1619.0,75,-0.004256050900649178,2.014231931455332
som-rs-bc-nan,310.3066666666667,0.0,624.8981532873834,0.0,1626.0,75,-0.004769475357710662,2.0138083399885596
