exe,mean,median,std,min,max,n,pct_vs_baseline,cov
som-rs-bc-l3bits,8035.8,8045.0,119.58553424223186,7926.0,8222.0,5,0.9818561935339356,0.014881596635335854
som-rs-bc-nan,8068.4,8085.0,48.68572686116546,7986.0,8109.0,5,0.9738485945168807,0.006034124096619586
som-rs-bc-l4bits,8208.4,8069.0,275.37846684154516,8016.0,8676.0,5,0.9401832269382584,0.03354837323248686
som-rs-bc-baseline,15925.8,15991.0,293.705124231771,15536.0,16277.0,5,0.0,0.018442095482284784
