exe,mean,median,std,min,max,n,pct_vs_baseline,cov
som-rs-bc-l4bits,12091.3,11910.5,12746.568183458463,0.0,24500.0,10,1.3739382862057843,1.054193360801441
som-rs-bc-l3bits,12130.7,12031.5,12787.903407778256,0.0,24676.0,10,1.366227835162027,1.0541768741934312
som-rs-bc-nan,12327.6,11961.5,13001.576718058297,0.0,25645.0,10,1.3284337583957946,1.0546721760973992
som-rs-bc-baseline,28704.0,28540.5,30257.434498721872,0.0,57946.0,10,0.0,1.0541190948551378
