exe,mean,median,std,min,max,n,pct_vs_baseline,cov
som-rs-bc-l3bits,305.9066666666667,0.0,616.8985455449669,0.0,1786.0,75,1.718476223684784,2.016623410882296
som-rs-bc-l4bits,306.1333333333333,0.0,616.4923079534453,0.0,1574.0,75,1.7164634146341466,2.0138032707538502
som-rs-bc-nan,307.52,0.0,619.459951370023,0.0,1638.0,75,1.7042143600416235,2.0143728907714067
som-rs-bc-baseline,831.6,1294.0,688.8058213019541,0.0,1581.0,75,0.0,0.8282898284054282
