exe,mean,median,std,min,max,n,pct_vs_baseline,cov
som-rs-bc-l3bits,8253440.0,8253440.0,0.0,8253440.0,8253440.0,20,0.6694789081885857,0.0
som-rs-bc-l4bits,8253440.0,8253440.0,0.0,8253440.0,8253440.0,20,0.6694789081885857,0.0
som-rs-bc-nan,8253440.0,8253440.0,0.0,8253440.0,8253440.0,20,0.6694789081885857,0.0
som-rs-bc-baseline,13778944.0,13778944.0,0.0,13778944.0,13778944.0,20,0.0,0.0
