exe,mean,median,std,min,max,n,pct_vs_baseline,cov
som-rs-bc-l3bits,308.9866666666667,0.0,622.3652246011121,0.0,1662.0,75,0.0012514024337619833,2.014213853675818
som-rs-bc-nan,309.12,0.0,622.5396972037965,0.0,1607.0,75,0.0008195307108349592,2.013909475943959
som-rs-bc-baseline,309.37333333333333,0.0,623.1599676048079,0.0,1611.0,75,0.0,2.0142652920036457
som-rs-bc-l4bits,310.6,0.0,625.4977909525231,0.0,1595.0,75,-0.003949345353080114,2.0138370603751548
