exe,mean,median,std,min,max,n,pct_vs_baseline,cov
som-rs-bc-l3bits,7949.8,7963.0,50.10688575435514,7874.0,8009.0,5,0.4896223804372437,0.0063029114888871595
som-rs-bc-l4bits,7963.6,7959.0,48.911143924467716,7898.0,8012.0,5,0.48704103671706256,0.006141838355074051
som-rs-bc-nan,7984.8,7951.0,85.23614256874829,7903.0,8117.0,5,0.4830928764652842,0.010674799940981401
som-rs-bc-baseline,11842.2,11766.0,112.48422111567483,11757.0,12001.0,5,0.0,0.00949859157214663
