exe,mean,median,std,min,max,n,pct_vs_baseline,cov
som-rs-bc-l3bits,18792.0,18549.0,19815.0426079672,0.0,38929.0,10,0.7058535547041296,1.0544403260944657
som-rs-bc-nan,18983.0,18654.5,20017.994660360517,0.0,39453.0,10,0.6886898804193227,1.0545221861855616
som-rs-bc-l4bits,19080.0,18786.0,20113.71476270745,0.0,38601.0,10,0.6801048218029351,1.0541779225737655
som-rs-bc-baseline,32056.4,31800.0,33792.90704077805,0.0,65141.0,10,0.0,1.054170369747634
