exe,mean,median,std,min,max,n,pct_vs_baseline,cov
som-rs-bc-nan,12086.6,11988.5,12740.7841045989,0.0,24313.0,10,0.741821521354227,1.054124741829704
som-rs-bc-l3bits,12249.3,12105.5,12914.83743649571,0.0,25214.0,10,0.718685965728654,1.0543326913779327
som-rs-bc-l4bits,12324.2,12119.5,12993.936558598742,0.0,25353.0,10,0.7082406971649275,1.0543432075590091
som-rs-bc-baseline,21052.7,20878.0,22192.944184282234,0.0,42693.0,10,0.0,1.0541614227287823
