exe,mean,median,std,min,max,n,pct_vs_baseline,cov
som-rs-bc-l4bits,12102.1,11938.5,12758.61634304006,0.0,24732.0,10,0.7690648730385636,1.0542481340461622
som-rs-bc-l3bits,12186.7,11909.0,12851.066121359565,0.0,25268.0,10,0.7567840350546087,1.0545156704735132
som-rs-bc-nan,12272.4,12136.5,12937.359632732898,0.0,24896.0,10,0.7445161500602981,1.0541833408895487
som-rs-bc-baseline,21409.4,21250.5,22568.22172485511,0.0,43112.0,10,0.0,1.054126772579106
