exe,mean,median,std,min,max,n,pct_vs_baseline,cov
som-rs-bc-nan,11009.5,10853.5,11606.84337650279,0.0,22385.0,10,0.8365139197965392,1.0542570849269075
som-rs-bc-l3bits,11050.6,10753.0,11656.74423003458,0.0,23191.0,10,0.8296834561019308,1.0548517030780753
som-rs-bc-l4bits,11117.3,11011.5,11721.663117208807,0.0,22944.0,10,0.8187059807687118,1.0543624006916075
som-rs-bc-baseline,20219.1,20091.0,21313.174451758965,0.0,40651.0,10,0.0,1.0541109372701538
