exe,mean,median,std,min,max,n,pct_vs_baseline,cov
som-rs-bc-l3bits,303.5466666666667,0.0,611.3132141265768,0.0,1583.0,75,0.8693665993147677,2.0139019177498576
som-rs-bc-l4bits,304.82666666666665,0.0,614.0741519915523,0.0,1579.0,75,0.861516927652874,2.014502729392285
som-rs-bc-nan,306.6533333333333,0.0,617.5765078620325,0.0,1587.0,75,0.850428279490413,2.0139240005936103
som-rs-bc-baseline,567.44,0.0,703.6322795785204,0.0,1564.0,75,0.0,1.240011771426971
