exe,mean,median,std,min,max,n,pct_vs_baseline,cov
som-rs-bc-nan,41.452,41.48,0.38764803623906174,41.031,42.017,5,0.3360706359162404,0.00935173299814392
som-rs-bc-l4bits,41.6206,41.658,0.1443010741470783,41.388,41.78,5,0.3306583759003954,0.003467058959915962
som-rs-bc-l3bits,42.809000000000005,42.836,0.4243559826372189,42.316,43.411,5,0.2937186105725429,0.009912774945390428
som-rs-bc-baseline,55.382799999999996,55.324,0.3846319019530248,54.918,55.969,5,0.0,0.006944970314845491
