exe,mean,median,std,min,max,n,pct_vs_baseline,cov
som-rs-bc-nan,18910.5,18596.0,19937.174163133328,0.0,38776.0,10,1.220644615425293,1.0542912225024894
som-rs-bc-l3bits,18952.5,18435.0,19987.8647531168,0.0,39449.0,10,1.2157235193246274,1.054629455381443
som-rs-bc-l4bits,19013.8,18864.5,20044.62959830721,0.0,38832.0,10,1.208580083939034,1.0542148123103856
som-rs-bc-baseline,41993.5,41659.0,44266.86563020045,0.0,84729.0,10,0.0,1.0541361313108089
