exe,mean,median,std,min,max,n,pct_vs_baseline,cov
som-rs-bc-nan,11985.7,11907.5,12634.336671239305,0.0,24149.0,10,1.3633913747215431,1.0541175460122734
som-rs-bc-l3bits,12121.0,11906.5,12778.638007758625,0.0,24724.0,10,1.3370101476775846,1.0542560851215763
som-rs-bc-l4bits,12145.0,11916.5,12803.987764234495,0.0,24655.0,10,1.332391930835735,1.0542600052889661
som-rs-bc-baseline,28326.9,27862.5,29862.64484993473,0.0,57409.0,10,0.0,1.054215069419341
