exe,mean,median,std,min,max,n,pct_vs_baseline,cov
som-rs-bc-l4bits,10951.7,10770.5,11544.983201469904,0.0,22059.0,10,1.414620561191413,1.054172703915365
som-rs-bc-nan,11012.1,10849.5,11609.025468239022,0.0,22356.0,10,1.4013766674839494,1.054206324700922
som-rs-bc-l3bits,11036.3,10819.0,11636.161509612082,0.0,22672.0,10,1.3961110154671403,1.0543534979668987
som-rs-bc-baseline,26444.2,26177.0,27876.10729559555,0.0,53556.0,10,0.0,1.054148255405554
