exe,mean,median,std,min,max,n,pct_vs_baseline,cov
som-rs-bc-nan,36.9446,36.944,0.0661838348843591,36.845,37.009,5,0.3503840886083487,0.0017914346043632653
som-rs-bc-l4bits,37.9262,37.909,0.10076556951657178,37.834,38.071,5,0.31543365799895584,0.0026568854648388656
som-rs-bc-l3bits,37.9882,37.925,0.16958390253794647,37.835,38.245,5,0.31328675746679235,0.004464120504207793
som-rs-bc-baseline,49.8894,49.902,0.13590548186147147,49.695,50.027,5,0.0,0.002724135424789063
