rank,exe,geo_mean_speedup_vs_baseline,median_speedup_vs_baseline,win_rate
1,som-rs-bc-nan,1.3971260618496564,1.5704268418162637,0.8809523809523809
2,som-rs-bc-l3bits,1.2803719925908388,1.5604184858884125,0.8095238095238095
3,som-rs-bc-l4bits,1.2803719925908388,1.5604184858884125,0.8095238095238095
4,som-rs-bc-baseline,1.0,1.0,0.4523809523809524
