exe,mean,median,std,min,max,n,pct_vs_baseline,cov
som-rs-bc-nan,10.7208,10.778,0.12239771239692367,10.572,10.828,5,0.2515483919110513,0.011416845048589998
som-rs-bc-l4bits,10.7828,10.792,0.15379109206972905,10.595,10.978,5,0.2443521163334197,0.014262630492054852
som-rs-bc-l3bits,10.8058,10.818,0.14542248794460985,10.625,10.992,5,0.24170352958596308,0.013457817833442211
som-rs-bc-baseline,13.417599999999998,13.392,0.26443581451838205,13.124,13.743,5,0.0,0.019708130702836727
