exe,mean,median,std,min,max,n,pct_vs_baseline,cov
som-rs-bc-nan,195.1212,193.168,7.359752760792986,188.42,206.724,5,0.3701155999450598,0.037718878116744806
som-rs-bc-l3bits,200.9924,199.78,3.0812358397240556,197.327,205.035,5,0.33009307814623834,0.015330111186910826
som-rs-bc-l4bits,213.37980000000002,211.375,2.850999070501433,211.223,216.596,5,0.25287679527302953,0.013361147917944589
som-rs-bc-baseline,267.3386,266.267,3.9590448721882305,262.105,272.294,5,0.0,0.014809103033337613
