exe,mean,median,std,min,max,n,pct_vs_baseline,cov
som-rs-bc-l3bits,3.627466666666667,3.162,1.05511901894722,2.941,8.094,75,0.7706535323090493,0.2908693906529497
som-rs-bc-nan,3.9225066666666666,3.346,1.3953366771222355,3.005,8.665,75,0.6374699171958067,0.35572576306364523
som-rs-bc-l4bits,4.0760266666666665,3.474,1.2987549648562418,2.983,8.184,75,0.5757960366631556,0.31863259764155333
som-rs-bc-baseline,6.422986666666667,5.9,1.7647343149954673,4.704,12.79,75,0.0,0.2747529158286904
