exe,mean,median,std,min,max,n,pct_vs_baseline,cov
som-rs-bc-nan,477.32910000000004,596.228,279.9094633104182,6.77,714.152,20,0.16220224159809216,0.5864077076181153
som-rs-bc-l3bits,495.3295,625.8154999999999,293.04907401150405,4.34,775.462,20,0.11996751657230176,0.5916245125951595
som-rs-bc-l4bits,515.9350499999999,670.1095,303.1472016773153,6.256,774.227,20,0.07523795873143335,0.5875685353753644
som-rs-bc-baseline,554.7529499999999,707.4965,324.62010541319074,6.761,835.602,20,0.0,0.5851615668076948
