exe,mean,median,std,min,max,n,pct_vs_baseline,cov
som-rs-bc-nan,4.737813333333333,4.26,1.183632894756457,3.844,9.45,75,0.48908638584325814,0.24982683180633053
som-rs-bc-l4bits,4.794146666666666,4.31,1.3229455126911118,3.943,11.808,75,0.47158896543284734,0.27595015435999287
som-rs-bc-l3bits,5.263653333333333,4.643,1.6499220415107687,3.809,10.076,75,0.34032636394494076,0.3134556812589169
som-rs-bc-baseline,7.055013333333333,7.102,1.1702461798448403,5.85,12.802,75,0.0,0.16587441079887025
