exe,mean,median,std,min,max,n,pct_vs_baseline,cov
som-rs-bc-nan,48.509100000000004,49.5655,35.13007395839386,12.307,93.719,10,0.3166354354131491,0.724195541834292
som-rs-bc-l4bits,51.82809999999999,49.6705,36.64125427696067,14.495,95.795,10,0.23231991911723582,0.706976606839932
som-rs-bc-l3bits,53.7245,53.461,35.102587537578096,15.616,95.937,10,0.18882074286405648,0.6533813723269289
som-rs-bc-baseline,63.8688,63.577,48.318843280396884,13.557,125.664,10,0.0,0.7565328185341964
