exe,mean,median,std,min,max,n,pct_vs_baseline,cov
som-rs-bc-nan,1356.5628000000002,1286.4495,1412.6821830263796,16.365,2898.798,10,0.2646720815284038,1.0413688057982862
som-rs-bc-l3bits,1360.2041,1329.2465,1411.4796413171416,15.5,2827.991,10,0.26128652310340783,1.0376969465958392
som-rs-bc-l4bits,1520.9193,1361.585,1587.6058228645945,15.954,3143.671,10,0.12800666018243034,1.0438461941173305
som-rs-bc-baseline,1715.6071,1645.278,1782.307682800865,21.136,3481.48,10,0.0,1.0388787052704929
