exe,mean,median,std,min,max,n,pct_vs_baseline,cov
som-rs-bc-l4bits,1421.9332,1811.9415,798.3820687464447,76.658,2022.878,20,0.19677105788091875,0.5614764946387388
som-rs-bc-nan,1432.4107,1789.317,807.4807208191021,75.539,2060.451,20,0.18801716574722604,0.5637215086560734
som-rs-bc-l3bits,1437.2172,1788.0895,812.1214243540835,74.475,2102.712,20,0.18404406793907002,0.5650651998557236
som-rs-bc-baseline,1701.7285,2189.777,950.1532257278296,101.156,2425.449,20,0.0,0.5583459557313811
