exe,mean,median,std,min,max,n,pct_vs_baseline,cov
som-rs-bc-l3bits,22.2566,21.646,2.1819736020401357,20.418,26.045,5,0.20845052703467726,0.09803714862288651
som-rs-bc-nan,24.8816,24.344,4.0019308214910465,21.375,31.599,5,0.08095942383126475,0.16083896620358204
som-rs-bc-l4bits,26.6616,26.21,3.8953560556128886,21.928,31.412,5,0.00879167041737916,0.14610361177171996
som-rs-bc-baseline,26.895999999999997,25.033,4.904065354376916,22.483,32.681,5,0.0,0.18233437516273487
