exe,mean,median,std,min,max,n,pct_vs_baseline,cov
som-rs-bc-baseline,18249728.0,18249728.0,8684778.173001312,10010624.0,26488832.0,10,0.0,0.4758853487022553
som-rs-bc-l3bits,58507264.0,58507264.0,45817979.6032264,15040512.0,101974016.0,10,-0.688077569308317,0.783116086290181
som-rs-bc-l4bits,58507264.0,58507264.0,45817979.6032264,15040512.0,101974016.0,10,-0.688077569308317,0.783116086290181
som-rs-bc-nan,58875904.0,58875904.0,46206560.282107905,15040512.0,102711296.0,10,-0.6900306108251009,0.7848127526348964
