exe,mean,median,std,min,max,n,pct_vs_baseline,cov
som-rs-bc-l3bits,7.7738,7.822,0.17257375234953862,7.572,7.951,5,0.1803751061257044,0.022199407284666267
som-rs-bc-nan,7.9078,7.898,0.10794767250848888,7.777,8.033,5,0.1603733023091125,0.013650784353232111
som-rs-bc-l4bits,7.9117999999999995,7.933,0.15214039568766732,7.663,8.047,5,0.15978664779190588,0.01922955530823167
som-rs-bc-baseline,9.176,9.157,0.19770306016852648,8.922,9.395,5,0.0,0.02154566915524482
