exe,mean,median,std,min,max,n,pct_vs_baseline,cov
som-rs-bc-nan,3534.4034,3500.75,3686.4380060409776,36.967,7083.718,10,0.23534342457909552,1.0430156348426378
som-rs-bc-l3bits,3651.0374,3621.1795,3809.4754812280976,36.958,7333.274,10,0.1958798340438801,1.0433953596936854
som-rs-bc-l4bits,3737.178,3706.678,3900.5715351357594,36.64,7544.861,10,0.16831523679096883,1.0437211005565588
som-rs-bc-baseline,4366.201999999999,4275.4785,4549.552316353066,49.896,8830.491,10,0.0,1.041993090643325
