exe,mean,median,std,min,max,n,pct_vs_baseline,cov
som-rs-bc-l3bits,43.1988,43.176,0.0693916421480287,43.141,43.311,5,0.31975425243293776,0.0016063326330367673
som-rs-bc-l4bits,44.4292,44.395,0.35561735053284377,44.146,45.025,5,0.28320563953436007,0.008004135805570295
som-rs-bc-nan,45.231,45.141,0.22286318673123193,45.01,45.514,5,0.2604585350755011,0.004927222186801794
som-rs-bc-baseline,57.011799999999994,56.598,1.0256893779307654,56.306,58.791,5,0.0,0.01799082607338771
