exe,mean,median,std,min,max,n,pct_vs_baseline,cov
som-rs-bc-nan,20.1402,20.152,0.15980675830514754,19.888,20.33,5,0.3305428943108808,0.007934715559187473
som-rs-bc-l3bits,20.6792,20.785,0.28548677727698696,20.245,20.992,5,0.2958625091879763,0.013805503949716958
som-rs-bc-l4bits,21.0188,21.032,0.11009859217991858,20.864,21.154,5,0.27492530496507883,0.005238100756461766
som-rs-bc-baseline,26.7974,26.796,0.07849076378784885,26.678,26.894,5,0.0,0.0029290440038156258
