exe,mean,median,std,min,max,n,pct_vs_baseline,cov
som-rs-bc-l4bits,53.119600000000005,53.142,0.25666086573531327,52.804,53.38,5,0.3438918967763309,0.00483175448865039
som-rs-bc-l3bits,54.237,54.36,0.30189816163733235,53.879,54.551,5,0.3162048048380257,0.0055662769260344845
som-rs-bc-nan,55.2312,55.269,0.33277950658056,54.864,55.615,5,0.2925122032474399,0.006025208696906096
som-rs-bc-baseline,71.387,71.603,0.7512063631253398,70.14,72.124,5,0.0,0.01052301347759872
