exe,mean,median,std,min,max,n,pct_vs_baseline,cov
som-rs-bc-l4bits,118.181,119.067,1.9950439844775345,115.961,120.228,5,0.3197637522105923,0.016881258277367212
som-rs-bc-nan,118.5174,116.843,2.662146558700329,116.234,121.918,5,0.3160177324173499,0.02246207357485339
som-rs-bc-l3bits,120.57740000000001,120.519,2.629889693504273,116.794,123.994,5,0.2935342775677696,0.021810801141045277
som-rs-bc-baseline,155.971,154.698,3.2626204192335964,152.908,159.893,5,0.0,0.02091812208188443
