exe,mean,median,std,min,max,n,pct_vs_baseline,cov
som-rs-bc-nan,9.405199999999999,9.423,0.06196934726136772,9.298,9.455,5,0.369433930166291,0.0065888388616263055
som-rs-bc-l4bits,9.7666,9.71,0.13437559302194746,9.676,10.002,5,0.31875985501607507,0.013758687058131535
som-rs-bc-l3bits,10.830200000000001,10.717,0.23220615840239953,10.701,11.242,5,0.18924858266698652,0.02144061590759169
som-rs-bc-baseline,12.8798,12.888,0.11170810176527111,12.739,13.028,5,0.0,0.008673123943327622
