exe,mean,median,std,min,max,n,pct_vs_baseline,cov
som-rs-bc-l4bits,53.838,54.037,0.4583852091854609,53.302,54.309,5,0.1643003083324046,0.008514157457287806
som-rs-bc-nan,54.5644,54.402,0.47577442133851594,54.135,55.26,5,0.14880031669000293,0.008719502484010013
som-rs-bc-l3bits,54.770799999999994,54.904,0.4292851033986638,54.056,55.117,5,0.14447114155718022,0.00783784614061989
som-rs-bc-baseline,62.6836,62.118,0.9040601749883704,62.014,64.102,5,0.0,0.014422594984786619
