exe,mean,median,std,min,max,n,pct_vs_baseline,cov
som-rs-bc-nan,6.3962,6.451,0.10487468712706595,6.229,6.489,5,0.41005597073262234,0.016396405229208898
som-rs-bc-l4bits,6.517,6.58,0.11719214990774766,6.335,6.614,5,0.3839189811262851,0.01798253029119958
som-rs-bc-l3bits,6.5762,6.588,0.05018166996025538,6.498,6.636,5,0.3714607219975061,0.007630800456229339
som-rs-bc-baseline,9.019,9.106,0.14135947085356523,8.82,9.137,5,0.0,0.015673519331806766
