exe,mean,median,std,min,max,n,pct_vs_baseline,cov
som-rs-bc-l4bits,42.7078,42.671,0.37152483093327715,42.261,43.104,5,0.5261614974313826,0.008699226626828756
som-rs-bc-l3bits,44.5084,43.611,1.4769156374011345,43.225,46.351,5,0.4644201993331596,0.033182851717903465
som-rs-bc-nan,58.343,58.201,0.3119559263742219,58.014,58.812,5,0.11716915482577162,0.005346929818045385
som-rs-bc-baseline,65.179,65.27,0.7948345739837962,64.382,66.402,5,0.0,0.012194642047036564
