exe,mean,median,std,min,max,n,pct_vs_baseline,cov
som-rs-bc-l4bits,34.851800000000004,34.891,0.15557859749978345,34.645,35.048,5,0.3202990950252207,0.004464004656855125
som-rs-bc-nan,35.4868,35.487,0.07092037788957288,35.374,35.557,5,0.29667369275336153,0.0019985002279600548
som-rs-bc-l3bits,35.6078,35.591,0.6179940938229089,34.933,36.602,5,0.2922674245530472,0.017355582030423363
som-rs-bc-baseline,46.014799999999994,45.875,0.541735359746805,45.397,46.699,5,0.0,0.011773067790076346
