exe,mean,median,std,min,max,n,pct_vs_baseline,cov
som-rs-bc-nan,309.17333333333335,0.0,622.6310428299374,0.0,1588.0,75,0.004312575470070579,2.0138575216597077
som-rs-bc-l3bits,309.37333333333333,0.0,623.004702019767,0.0,1579.0,75,0.003663319398353737,2.0137634207422543
som-rs-bc-baseline,310.50666666666666,0.0,625.5770173884944,0.0,1696.0,75,0.0,2.014697539682973
som-rs-bc-l4bits,311.25333333333333,0.0,626.7796305123717,0.0,1600.0,75,-0.00239890335846471,2.0137282508750802
