exe,mean,median,std,min,max,n,pct_vs_baseline,cov
som-rs-bc-nan,18847.6,18700.0,19868.578589208526,0.0,38299.0,10,0.6987467900422335,1.0541702173862204
som-rs-bc-l3bits,18859.3,18567.0,19881.667373906712,0.0,38373.0,10,0.6976929154316438,1.0542102503224782
som-rs-bc-l4bits,19016.3,18710.0,20048.543000815684,0.0,38684.0,10,0.6836766353076045,1.054282010738981
som-rs-bc-baseline,32017.3,31750.0,33751.447955935495,0.0,65017.0,10,0.0,1.0541628418366162
