exe,mean,median,std,min,max,n,pct_vs_baseline,cov
som-rs-bc-nan,12021.9,11901.5,12672.769858155629,0.0,24239.0,10,0.7502391468902587,1.0541403487099068
som-rs-bc-l4bits,12108.7,11927.0,12765.046015933074,0.0,24462.0,10,0.7376927333239736,1.054204498908477
som-rs-bc-l3bits,12134.6,11945.0,12792.386913056269,0.0,24678.0,10,0.733983814876469,1.0542075480902764
som-rs-bc-baseline,21041.2,20674.5,22182.221513836004,0.0,42774.0,10,0.0,1.0542279676936679
