exe,mean,median,std,min,max,n,pct_vs_baseline,cov
som-rs-bc-l3bits,12107.7,11942.5,12763.596959495564,0.0,24406.0,10,0.7882174153637767,1.0541718872697179
som-rs-bc-nan,12133.0,12009.5,12789.719317569961,0.0,24399.0,10,0.7844885848512322,1.054126705478444
som-rs-bc-l4bits,12303.6,12104.5,12970.968037206098,0.0,25021.0,10,0.759745115250821,1.0542416883843833
som-rs-bc-baseline,21651.2,21289.0,22826.175762828858,0.0,44304.0,10,0.0,1.0542683898734877
