exe,mean,median,std,min,max,n,pct_vs_baseline,cov
som-rs-bc-nan,5.620786666666667,5.614,0.07799589270775295,5.494,5.8,75,0.38543596507250455,0.013876330366761168
som-rs-bc-l4bits,5.682613333333333,5.657,0.11974961415424305,5.517,6.156,75,0.37036246234127024,0.021072982997419564
som-rs-bc-l3bits,5.7808,5.734,0.1927737786363326,5.601,6.535,75,0.34708690838638234,0.03334724927974201
som-rs-bc-baseline,7.78724,7.779,0.062202772163826414,7.633,8.079,75,0.0,0.007987781571368856
