exe,mean,median,std,min,max,n,pct_vs_baseline,cov
som-rs-bc-nan,5.64308,5.625,0.08428310721705864,5.5,5.851,75,0.4009630674501632,0.014935656984671251
som-rs-bc-l4bits,5.703186666666666,5.689,0.07184624975323098,5.594,5.964,75,0.38619812549241495,0.012597562372129554
som-rs-bc-l3bits,5.74584,5.733,0.10927995785682384,5.528,6.049,75,0.37590790322505785,0.019018969873303787
som-rs-bc-baseline,7.905746666666667,7.834,0.36527243047959235,7.769,10.747,75,0.0,0.04620340694949231
