exe,mean,median,std,min,max,n,pct_vs_baseline,cov
som-rs-bc-nan,18.705080000000002,18.641,0.26950824888343594,18.447,20.347,75,0.2179992458376725,0.014408291698481691
som-rs-bc-l4bits,18.879279999999998,18.723,0.5001782536310481,18.632,21.34,75,0.2067607098010802,0.026493502592845074
som-rs-bc-l3bits,18.905706666666667,18.696,0.9025355540400088,18.651,24.542,75,0.20507388245383407,0.04773878966562524
som-rs-bc-baseline,22.782773333333335,22.404,1.5273723025610466,22.348,31.587,75,0.0,0.06704066621803052
