exe,mean,median,std,min,max,n,pct_vs_baseline,cov
som-rs-bc-l4bits,24.708333333333332,24.465,0.9366035870523247,24.405,29.655,75,0.23663271500843197,0.037906384636181775
som-rs-bc-l3bits,25.23064,24.983,1.0003145132434128,24.908,31.103,75,0.21103282886733488,0.03964681487443096
som-rs-bc-nan,25.392999999999997,25.055,0.9514178750543695,24.965,30.423,75,0.20328962049908794,0.0374677224059532
som-rs-bc-baseline,30.555133333333337,30.184,1.061122777792255,30.007,34.578,75,0.0,0.03472813442560404
