exe,mean,median,std,min,max,n,pct_vs_baseline,cov
som-rs-bc-nan,18.61726666666667,18.609,0.08665032763515235,18.458,18.85,75,0.23033241542797178,0.004654299107736134
som-rs-bc-l4bits,18.691813333333332,18.502,0.8086769924995997,18.441,24.038,75,0.225425605220396,0.04326369935748697
som-rs-bc-l3bits,18.915866666666666,18.84,0.2052048635779293,18.776,19.745,75,0.21091076979466972,0.010848292980386623
som-rs-bc-baseline,22.905426666666667,22.593,1.510974870320066,22.512,31.673,75,0.0,0.06596580331415201
