exe,mean,median,std,min,max,n,pct_vs_baseline,cov
som-rs-bc-l3bits,24.729986666666665,24.712,0.16281713281696936,24.537,25.905,75,0.2082168530620585,0.006583793797043536
som-rs-bc-nan,25.070573333333336,25.031,0.18069469348116532,24.974,26.294,75,0.1918030860084039,0.0072074416120718405
som-rs-bc-l4bits,25.308213333333335,25.235,0.23629403884311984,25.122,26.138,75,0.18061224919867902,0.009336654299965854
som-rs-bc-baseline,29.879186666666666,29.764,0.614553555675006,29.587,34.521,75,0.0,0.020567947934158608
