exe,mean,median,std,min,max,n,pct_vs_baseline,cov
som-rs-bc-l3bits,89.917,93.496,7.974124174563082,73.472,96.55,75,0.1459230178942803,0.08868316530314714
som-rs-bc-l4bits,90.07474666666667,93.502,7.983657041687052,73.524,97.849,75,0.1439161786522185,0.08863368854348949
som-rs-bc-nan,90.91772,94.356,8.003803507252204,74.074,98.372,75,0.13330998621610823,0.08803348244162089
som-rs-bc-baseline,103.03796,113.315,16.270456980774792,77.351,134.749,75,0.0,0.15790740597712524
