exe,mean,median,std,min,max,n,pct_vs_baseline,cov
som-rs-bc-l4bits,89.56532,92.96,7.954077193761971,73.263,96.224,75,0.1374198555125279,0.08880755624790902
som-rs-bc-nan,90.38166666666666,93.763,8.022432926678981,74.032,98.43,75,0.1271464345645319,0.08876172815296961
som-rs-bc-l3bits,91.12962666666667,94.531,8.047287032812267,74.714,100.843,75,0.11789521212420939,0.08830593657809638
som-rs-bc-baseline,101.87337333333333,113.003,15.61174973812243,77.486,118.504,75,0.0,0.15324661614021776
