exe,mean,median,std,min,max,n,pct_vs_baseline,cov
som-rs-bc-l3bits,54.9276,54.964,0.4310531289759976,54.354,55.552,5,0.278974504620628,0.007847659991989412
som-rs-bc-l4bits,55.0278,54.831,0.4054234822996801,54.76,55.726,5,0.27664562275795146,0.007367612048813148
som-rs-bc-nan,55.788,55.589,0.5726185466783265,55.213,56.726,5,0.25924930092493015,0.01026418847562785
som-rs-bc-baseline,70.251,70.0,0.4319930554997377,69.924,70.953,5,0.0,0.006149279803842475
