exe,mean,median,std,min,max,n,pct_vs_baseline,cov
som-rs-bc-l4bits,54.342200000000005,53.801,0.9626773602822507,53.646,55.947,5,0.3027076562965798,0.0177150972960655
som-rs-bc-l3bits,55.1144,55.147,0.3143012885751518,54.745,55.452,5,0.2844556050687297,0.00570270725210021
som-rs-bc-nan,55.60080000000001,55.767,0.6443273236484687,54.681,56.308,5,0.27321909037280023,0.011588454188581255
som-rs-bc-baseline,70.792,71.07,0.5439820769106292,70.012,71.225,5,0.0,0.00768423094291204
