exe,mean,median,std,min,max,n,pct_vs_baseline,cov
som-rs-bc-nan,25.8882,25.898,0.04920060975231939,25.823,25.949,5,0.283689093872884,0.0019005033085467272
som-rs-bc-l3bits,26.057,26.075,0.09874462010661622,25.91,26.171,5,0.275373220247918,0.0037895621179190324
som-rs-bc-l4bits,26.6064,25.855,1.1867431482844122,25.75,28.441,5,0.24903782548559739,0.044603672360199506
som-rs-bc-baseline,33.2324,33.041,0.38773999019962013,32.992,33.904,5,0.0,0.011667528983751403
