exe,mean,median,std,min,max,n,pct_vs_baseline,cov
som-rs-bc-l3bits,25.0316,25.007,0.058675378141090785,24.975,25.1,5,0.34551526870036264,0.0023440522436077114
som-rs-bc-l4bits,25.19,25.194,0.029146183283578413,25.159,25.232,5,0.33705438666137355,0.0011570537230479719
som-rs-bc-nan,26.325800000000005,25.914,0.9532925574030255,25.863,28.03,5,0.27936852821186786,0.03621134238667108
som-rs-bc-baseline,33.6804,33.464,0.6846724034164098,33.229,34.874,5,0.0,0.020328511639303864
