exe,mean,median,std,min,max,n,pct_vs_baseline,cov
som-rs-bc-nan,8.539439999999999,8.517,0.11152859771425482,8.477,9.397,75,0.3201490183587372,0.013060411187882908
som-rs-bc-l3bits,8.56612,8.532,0.10328993043723934,8.507,9.164,75,0.31603728798257946,0.012057959780768812
som-rs-bc-l4bits,8.693973333333334,8.558,0.32361926968539984,8.532,9.609,75,0.2966836797290997,0.03722340261208529
som-rs-bc-baseline,11.273333333333333,11.239,0.10610249167073658,11.146,11.566,75,0.0,0.009411811798113831
