exe,mean,median,std,min,max,n,pct_vs_baseline,cov
som-rs-bc-l3bits,8.503213333333333,8.48,0.07416550034511678,8.446,8.754,75,0.33968648714760397,0.008722055702681432
som-rs-bc-l4bits,8.5186,8.474,0.15326236116983008,8.435,9.26,75,0.3372666870142984,0.017991496392579777
som-rs-bc-nan,8.586386666666668,8.527,0.20074785134546233,8.473,9.945,75,0.3267094113317359,0.023379782339035392
som-rs-bc-baseline,11.39164,11.325,0.13070170701339903,11.237,11.674,75,0.0,0.011473475901046647
