exe,mean,median,std,min,max,n,pct_vs_baseline,cov
som-rs-bc-nan,1290.9093,1709.4789999999998,758.5274476992697,10.788,1802.553,20,0.2510677551087437,0.5875915896641768
som-rs-bc-l4bits,1322.68315,1745.4605,777.4439324051657,11.071,1852.939,20,0.2210142693660231,0.5877779061486991
som-rs-bc-l3bits,1367.4432000000002,1806.2295,803.7838009950582,11.248,1906.255,20,0.1810472274095185,0.5878005031543966
som-rs-bc-baseline,1615.0149999999999,2134.5555,949.003166115122,13.388,2231.559,20,0.0,0.5876126018118235
