exe,mean,median,std,min,max,n,pct_vs_baseline,cov
som-rs-bc-nan,1266.7716,1668.2215,744.7131641506718,10.774,1784.886,20,0.2688698183634681,0.5878827439379536
som-rs-bc-l4bits,1333.2417,1759.9425,783.6807746865934,11.096,1860.294,20,0.20560904298147875,0.5878009776371331
som-rs-bc-l3bits,1380.7026,1821.7285000000002,811.6487593029,11.291,1925.948,20,0.16416688865509488,0.5878519815222336
som-rs-bc-baseline,1607.36825,2121.2225,944.596329409267,13.47,2224.556,20,0.0,0.5876664102387658
