exe,mean,median,std,min,max,n,pct_vs_baseline,cov
som-rs-bc-l3bits,33.705799999999996,33.612,0.4193813300565482,33.291,34.413,5,0.2745580879255205,0.012442408429900737
som-rs-bc-nan,33.7824,33.679,0.22769672812756792,33.555,34.139,5,0.27166808752486493,0.0067400992270403495
som-rs-bc-l4bits,34.367200000000004,34.311,0.2521204077420132,34.026,34.7,5,0.25002909751158064,0.007336076484031669
som-rs-bc-baseline,42.96,42.839,0.3418947206378014,42.617,43.515,5,0.0,0.007958443217825918
