exe,mean,median,std,min,max,n,pct_vs_baseline,cov
som-rs-bc-nan,33.4208,33.369,0.12176493748201841,33.312,33.586,5,0.29461293565683655,0.003643387874677399
som-rs-bc-l3bits,33.465199999999996,33.428,0.3018695082316185,33.13,33.882,5,0.29289530616879644,0.009020400542402812
som-rs-bc-l4bits,35.575599999999994,33.947,3.0834882519639963,33.779,40.986,5,0.21619874295865738,0.08667424448116115
som-rs-bc-baseline,43.267,43.231,0.11377389858838363,43.121,43.389,5,0.0,0.0026295767811122476
