exe,mean,median,std,min,max,n,pct_vs_baseline,cov
som-rs-bc-l3bits,35.4584,35.469,0.2329298177563376,35.218,35.697,5,0.33509126187306837,0.006569101193407982
som-rs-bc-nan,35.6064,35.646,0.41026735185729835,35.02,36.089,5,0.3295418801114407,0.01152229239286472
som-rs-bc-l4bits,35.947199999999995,36.044,0.2851853783068147,35.491,36.254,5,0.31693706324831994,0.007933451793375138
som-rs-bc-baseline,47.3402,47.402,0.4214655383302393,46.807,47.924,5,0.0,0.008902909965108709
