exe,mean,median,std,min,max,n,pct_vs_baseline,cov
som-rs-bc-nan,35.2716,35.113,0.329070357218635,34.995,35.688,5,0.339967565973758,0.009329612413914735
som-rs-bc-l3bits,35.574799999999996,35.518,0.27251183460539774,35.247,35.94,5,0.3285471738421579,0.007660249238376541
som-rs-bc-l4bits,35.629,35.509,0.2512309694285326,35.384,35.986,5,0.32652614443290573,0.007051305661919578
som-rs-bc-baseline,47.2628,46.914,0.48496154486722226,46.899,47.798,5,0.0,0.010260956711562207
