exe,mean,median,std,min,max,n,pct_vs_baseline,cov
som-rs-bc-nan,116.3418,116.476,0.4426931216994454,115.864,116.882,5,0.29788433735768227,0.0038051080669152908
som-rs-bc-l4bits,117.601,117.227,1.496042278814341,115.582,119.417,5,0.2839873810596849,0.012721339774443594
som-rs-bc-l3bits,121.05340000000001,120.767,1.9357374047116984,119.341,124.046,5,0.24736851670419813,0.015990772706191633
som-rs-bc-baseline,150.9982,150.219,1.795512099652914,149.328,153.622,5,0.0,0.011890950353400993
