exe,mean,median,std,min,max,n,pct_vs_baseline,cov
som-rs-bc-l4bits,117.1756,116.337,1.5784873455305233,116.062,119.737,5,0.27590215027702025,0.013471126629865972
som-rs-bc-nan,117.944,117.685,1.4619671678939992,115.931,119.955,5,0.2675897035881436,0.012395434849538757
som-rs-bc-l3bits,119.97359999999999,120.316,0.7520467405686996,119.109,120.78,5,0.2461458187467911,0.006268435227155805
som-rs-bc-baseline,149.5046,148.785,1.620765343903914,148.341,152.214,5,0.0,0.010840906192210233
