exe,mean,median,std,min,max,n,pct_vs_baseline,cov
som-rs-bc-l4bits,9.8152,9.815,0.004438468204233856,9.81,9.822,5,0.36683918819789696,0.0004522035418772776
som-rs-bc-nan,10.031600000000001,10.013,0.03559213396243658,10.007,10.093,5,0.3373539614817176,0.0035480017108374113
som-rs-bc-l3bits,10.6754,10.67,0.009762171889493241,10.668,10.691,5,0.25670232497142953,0.000914454904686779
som-rs-bc-baseline,13.415799999999999,13.425,0.02325295680123331,13.383,13.442,5,0.0,0.0017332515989529743
