exe,mean,median,std,min,max,n,pct_vs_baseline,cov
som-rs-bc-l4bits,6.599853333333333,6.595,0.029638676947042614,6.553,6.686,75,0.7630997860558519,0.0044908084240825475
som-rs-bc-nan,7.207839999999999,7.202,0.024447428428298158,7.184,7.318,75,0.6143810073475551,0.003391782895888111
som-rs-bc-l3bits,7.9381200000000005,8.096,0.45415025969207407,7.414,8.983,75,0.46586345381526106,0.05721131195951611
som-rs-bc-baseline,11.6362,11.543,0.2341125855282081,11.504,13.16,75,0.0,0.02011933324695417
