exe,mean,median,std,min,max,n,pct_vs_baseline,cov
som-rs-bc-l4bits,6.1322133333333335,5.89,0.8542388787581504,5.852,9.335,75,0.36731490098191855,0.13930351609176736
som-rs-bc-nan,6.187386666666666,6.153,0.27969553395024344,6.129,8.573,75,0.3551224641959776,0.045204146599896265
som-rs-bc-l3bits,6.323133333333334,6.304,0.052164846124293146,6.284,6.485,75,0.3260303436060181,0.00824984123761845
som-rs-bc-baseline,8.384666666666668,8.35,0.18184596491249097,8.255,9.607,75,0.0,0.021687918213304954
