exe,mean,median,std,min,max,n,pct_vs_baseline,cov
som-rs-bc-l4bits,5.764986666666667,5.734,0.25782208894807584,5.698,7.961,75,0.4558923524541252,0.044722061620508374
som-rs-bc-nan,5.859226666666666,5.821,0.2672252098751028,5.755,8.045,75,0.4324757305856064,0.04560759040017274
som-rs-bc-l3bits,6.115026666666667,6.103,0.06276123208041907,6.08,6.51,75,0.3725532949433854,0.010263443726669886
som-rs-bc-baseline,8.3932,8.284,0.19542234235596506,8.179,9.238,75,0.0,0.023283413043411937
