exe,mean,median,std,min,max,n,pct_vs_baseline,cov
som-rs-bc-nan,10.157613333333334,10.016,0.4833341939725168,10.0,11.972,75,0.3652642812419189,0.04758344092370617
som-rs-bc-l4bits,10.32528,10.302,0.19425419123100215,10.278,11.981,75,0.3430944891244272,0.018813455057005928
som-rs-bc-l3bits,10.705706666666666,10.642,0.21463928088982442,10.573,11.641,75,0.2953677042026184,0.020049053049260745
som-rs-bc-baseline,13.867826666666666,13.712,0.27971430276475134,13.646,14.91,75,0.0,0.020170017226786175
