exe,mean,median,std,min,max,n,pct_vs_baseline,cov
som-rs-bc-l4bits,9.863546666666666,9.816,0.2503520922422862,9.798,11.919,75,0.37887656367013367,0.025381548919754988
som-rs-bc-nan,10.022306666666667,10.015,0.03257713231009699,9.996,10.193,75,0.3570342422835462,0.0032504625325870083
som-rs-bc-l3bits,10.782133333333332,10.667,0.5029508420805652,10.645,14.473,75,0.2614028145326839,0.04664669101481759
som-rs-bc-baseline,13.600613333333333,13.399,0.7007037561436892,13.35,17.646,75,0.0,0.051520011559063696
