exe,mean,median,std,min,max,n,pct_vs_baseline,cov
som-rs-bc-l4bits,5.994813333333333,6.004,0.03875135336201033,5.88,6.096,75,0.4399981317183075,0.0064641467894486
som-rs-bc-nan,6.16284,6.159,0.021121297052718743,6.126,6.244,75,0.4007373224033075,0.0034272019154673403
som-rs-bc-l3bits,6.369093333333334,6.299,0.380914127136619,6.258,9.518,75,0.3553765894465355,0.05980664863914994
som-rs-bc-baseline,8.63252,8.629,0.04853067015760201,8.573,8.954,75,0.0,0.005621842771010321
