exe,mean,median,std,min,max,n,pct_vs_baseline,cov
som-rs-bc-nan,10.033199999999999,10.02,0.02597498796919848,10.013,10.073,5,0.37212454650560156,0.0025889036368455212
som-rs-bc-l4bits,10.3526,10.316,0.09379658842410021,10.296,10.518,5,0.3297915499488051,0.009060196320161138
som-rs-bc-l3bits,10.6172,10.587,0.046105314227320955,10.584,10.686,5,0.2966507177033493,0.004342511606385954
som-rs-bc-baseline,13.7668,13.713,0.1623428470860358,13.668,14.055,5,0.0,0.011792344414536115
