exe,mean,median,std,min,max,n,pct_vs_baseline,cov
som-rs-bc-l4bits,6.680773333333334,6.677,0.02214483853799503,6.64,6.731,75,0.7165018820176507,0.0033147118504237576
som-rs-bc-nan,7.210226666666667,7.201,0.04306141852941877,7.18,7.52,75,0.590457627776843,0.0059722697385498884
som-rs-bc-l3bits,8.12536,8.09,0.12528396286576815,8.073,8.589,75,0.4113294672482204,0.015418881485345651
som-rs-bc-baseline,11.46756,11.44,0.1980670266021755,11.412,13.147,75,0.0,0.01727194159892562
