exe,mean,median,std,min,max,n,pct_vs_baseline,cov
som-rs-bc-l4bits,5.7960666666666665,5.794,0.017603234755972176,5.745,5.841,75,0.3817692458103774,0.0030371001177762237
som-rs-bc-nan,5.869053333333333,5.832,0.26568132167068986,5.729,8.082,75,0.36458577078870213,0.04526817300530407
som-rs-bc-l3bits,6.170773333333333,6.165,0.03992275424249068,6.137,6.487,75,0.2978643411522708,0.006469651709103561
som-rs-bc-baseline,8.008826666666668,7.987,0.138527524178247,7.82,8.764,75,0.0,0.017296856324136578
