exe,mean,median,std,min,max,n,pct_vs_baseline,cov
som-rs-bc-nan,5.833466666666666,5.826,0.07841165339021598,5.774,6.473,75,0.3296998925738839,0.01344169048539736
som-rs-bc-l4bits,5.961093333333333,5.931,0.24701844626017844,5.891,8.065,75,0.30123109407222826,0.04143844634656144
som-rs-bc-l3bits,6.206693333333334,6.209,0.02947420921770451,6.086,6.256,75,0.24974113967286904,0.004748778074697505
som-rs-bc-baseline,7.756759999999999,7.638,0.47406043177317914,7.592,11.368,75,0.0,0.061115779239422026
