exe,mean,median,std,min,max,n,pct_vs_baseline,cov
som-rs-bc-l3bits,5.807573333333333,5.807,0.02873982702901431,5.758,5.927,75,0.3230127098409432,0.004948680865389729
som-rs-bc-nan,5.82252,5.821,0.02192453888695042,5.78,5.904,75,0.31961647763053325,0.003765472490768674
som-rs-bc-l4bits,5.885973333333333,5.809,0.30959773260803464,5.751,8.13,75,0.3053904423624072,0.05259924146355312
som-rs-bc-baseline,7.683493333333333,7.669,0.13681249481951102,7.602,8.825,75,0.0,0.017806027660097885
