exe,mean,median,std,min,max,n,pct_vs_baseline,cov
som-rs-bc-l4bits,54.4418,54.385,0.22130680061850877,54.185,54.752,5,0.16101598404167383,0.004065016230516051
som-rs-bc-nan,55.20640000000001,55.154,0.3060102939445023,54.902,55.697,5,0.1449360943658704,0.005543022076145198
som-rs-bc-l3bits,55.3712,55.4,0.1153113177446149,55.189,55.494,5,0.14152844800184927,0.0020825143349722398
som-rs-bc-baseline,63.2078,63.202,0.2834796288977401,62.797,63.497,5,0.0,0.004484883651981877
