exe,mean,median,std,min,max,n,pct_vs_baseline,cov
som-rs-bc-l4bits,54.7572,54.69,0.19764285972430526,54.503,54.996,5,0.15777651158203865,0.0036094405799475733
som-rs-bc-nan,55.152,55.067,0.19241231769302028,54.95,55.378,5,0.14948868581375097,0.0034887641009033266
som-rs-bc-l3bits,55.9588,55.89,0.4540734522078993,55.592,56.713,5,0.1329156450817388,0.008114424401665142
som-rs-bc-baseline,63.3966,63.366,0.32495199645486095,63.034,63.919,5,0.0,0.005125700691438672
