exe,mean,median,std,min,max,n,pct_vs_baseline,cov
som-rs-bc-l3bits,4487.286999999999,4486.95,3.653275037551549,4484.233,4493.213,5,0.24110675336790366,0.0008141389301712927
som-rs-bc-l4bits,4553.0779999999995,4560.796,17.29955448848291,4532.06,4570.971,5,0.22317302712582565,0.0037995295684552107
som-rs-bc-nan,4677.2532,4672.414,14.14758923633262,4663.532,4698.092,5,0.19069931899346382,0.0030247644571246685
som-rs-bc-baseline,5569.2022,5558.779,38.011796119099785,5529.374,5613.278,5,0.0,0.006825357520525972
