exe,mean,median,std,min,max,n,pct_vs_baseline,cov
som-rs-bc-l4bits,4471.7044000000005,4463.238,40.760059424637454,4430.599,4540.267,5,0.25216747332404155,0.00911510595929316
som-rs-bc-l3bits,4600.2478,4486.92,270.8434864819529,4459.385,5084.025,5,0.21717851807896094,0.058875847184134925
som-rs-bc-nan,4683.9502,4672.423,26.712407486035726,4661.209,4727.728,5,0.1954274834091958,0.005702965733076266
som-rs-bc-baseline,5599.3228,5577.797,44.37283298032689,5549.581,5654.208,5,0.0,0.007924678495107817
