exe,mean,median,std,min,max,n,pct_vs_baseline,cov
som-rs-bc-nan,2335.2914,2325.167,35.60049581075278,2312.633,2430.295,15,0.14656455007427915,0.01524456254613569
som-rs-bc-l4bits,2384.7448,2372.799,34.851240646496336,2368.068,2472.718,15,0.12278778565041137,0.014614243271018491
som-rs-bc-l3bits,2402.966266666667,2377.837,54.59717657726931,2369.746,2568.63,15,0.11427379171975605,0.022720741999014873
som-rs-bc-baseline,2677.5623333333333,2663.477,35.828821264982984,2659.053,2774.459,15,0.0,0.01338113433212933
