exe,mean,median,std,min,max,n,pct_vs_baseline,cov
som-rs-bc-nan,7.982200000000001,7.955,0.05905251899792317,7.933,8.069,5,0.1714815464408308,0.007398025481436593
som-rs-bc-l4bits,8.0144,7.992,0.07369396176078481,7.942,8.138,5,0.16677480535036948,0.009195193871130066
som-rs-bc-l3bits,8.0512,8.045,0.05390918289122898,7.987,8.132,5,0.16144177265500814,0.006695794774844617
som-rs-bc-baseline,9.351,9.36,0.04711687595755894,9.297,9.416,5,0.0,0.005038699172019991
