exe,mean,median,std,min,max,n,pct_vs_baseline,cov
som-rs-bc-l4bits,8.0646,8.052,0.04483636916611258,8.012,8.123,5,0.15663517099422153,0.005559651956217615
som-rs-bc-nan,8.087399999999999,8.085,0.032913523056641816,8.039,8.124,5,0.15337438484556243,0.004069728597156295
som-rs-bc-l3bits,8.145199999999999,8.16,0.08138304491723071,8.011,8.231,5,0.1451898050385505,0.009991534267695173
som-rs-bc-baseline,9.3278,9.332,0.03959419149319765,9.281,9.374,5,0.0,0.004244751333990614
