exe,mean,median,std,min,max,n,pct_vs_baseline,cov
som-rs-bc-nan,2328.9480666666664,2315.082,37.43794259545991,2311.148,2422.179,15,0.14845283082167504,0.016075043978564706
som-rs-bc-l4bits,2356.0384,2343.049,34.120995816987175,2341.102,2440.369,15,0.1352476258451476,0.014482359802364501
som-rs-bc-l3bits,2391.483533333333,2379.956,31.000433307724403,2376.046,2479.365,15,0.11842166701935342,0.012962846231483317
som-rs-bc-baseline,2674.687,2662.202,35.556000387718335,2655.757,2773.557,15,0.0,0.013293518227634986
