exe,mean,median,std,min,max,n,pct_vs_baseline,cov
som-rs-bc-nan,5436.3472,5387.0975,5723.736695095896,6.47,10933.412,10,0.28108300367570327,1.05286444822654
som-rs-bc-l4bits,5939.6244,5906.707,6254.229227426939,6.425,11948.773,10,0.17253407471354576,1.052967124895463
som-rs-bc-l3bits,5974.8841,5898.144499999999,6292.484768062551,6.565,12280.492,10,0.165614576523752,1.0531559546171867
som-rs-bc-baseline,6964.411999999999,6908.893,7331.865313239312,9.079,14097.695,10,0.0,1.0527615702860935
