exe,mean,median,std,min,max,n,pct_vs_baseline,cov
som-rs-bc-nan,5445.5419,5421.4455,5733.316728286215,6.463,10927.341,10,0.2874129753734884,1.0528459487725574
som-rs-bc-l3bits,5974.5707999999995,5941.363,6290.987229761032,6.679,12113.616,10,0.17341672476289016,1.0529605289405948
som-rs-bc-l4bits,6039.9972,5979.442,6360.017992571156,6.577,12167.922,10,0.16070605132068594,1.052983599490933
som-rs-bc-baseline,7010.6613,6924.998500000001,7380.554808742528,9.285,14121.771,10,0.0,1.052761571685474
