exe,mean,median,std,min,max,n,pct_vs_baseline,cov
som-rs-bc-l4bits,6.29776,6.298,0.03186917514345689,6.229,6.365,75,0.506603406078775,0.005060398481913711
som-rs-bc-l3bits,6.407253333333333,6.391,0.08555274859870246,6.374,6.919,75,0.4808571119398015,0.013352484153173663
som-rs-bc-nan,6.82304,6.799,0.18145883607361002,6.775,8.364,75,0.39061571772504133,0.026595012791015445
som-rs-bc-baseline,9.488226666666666,9.458,0.11655709346082709,9.356,10.077,75,0.0,0.012284391757872609
