exe,mean,median,std,min,max,n,pct_vs_baseline,cov
som-rs-bc-l3bits,6.741653333333334,6.719,0.07938947668935109,6.687,7.304,75,0.6687756119171557,0.011775965444087566
som-rs-bc-l4bits,6.756146666666667,6.723,0.12836494567941548,6.69,7.398,75,0.6651957427409312,0.018999727509282728
som-rs-bc-nan,6.7844,6.724,0.17460619784052459,6.676,7.576,75,0.6582611088182695,0.025736424420807234
som-rs-bc-baseline,11.250306666666667,11.17,0.2951574464556131,11.09,12.585,75,0.0,0.026235502302362105
