exe,mean,median,std,min,max,n,pct_vs_baseline,cov
som-rs-bc-nan,5.591200000000001,5.59,0.020688814055596146,5.55,5.652,75,0.35301187580483595,0.0037002457532544254
som-rs-bc-l3bits,5.5942,5.594,0.017300210903260373,5.564,5.676,75,0.3522862965213971,0.0030925263493011283
som-rs-bc-l4bits,5.648346666666666,5.587,0.3624463611138684,5.54,7.84,75,0.33932289330683196,0.06416857578038207
som-rs-bc-baseline,7.564959999999999,7.547,0.1524754690061607,7.482,8.846,75,0.0,0.020155489124352374
