exe,mean,median,std,min,max,n,pct_vs_baseline,cov
som-rs-bc-nan,9.111426666666667,9.037,0.19187264732835865,8.997,9.879,75,0.48512856383998426,0.021058463657541958
som-rs-bc-l3bits,9.283813333333333,9.238,0.13452958012246918,9.179,9.913,75,0.4575519255018774,0.014490767456454947
som-rs-bc-l4bits,10.629893333333333,10.611,0.13730992497083191,10.584,11.785,75,0.2729798480260699,0.012917337988731644
som-rs-bc-baseline,13.531640000000001,13.531,0.03783807606102599,13.444,13.634,75,0.0,0.0027962668280434584
