exe,mean,median,std,min,max,n,pct_vs_baseline,cov
som-rs-bc-l3bits,5.62508,5.618,0.029143521833588544,5.59,5.756,75,0.3425420912532209,0.0051809968629048025
som-rs-bc-l4bits,5.626106666666667,5.625,0.032953929074413024,5.574,5.855,75,0.3422971006593074,0.005857323905651692
som-rs-bc-nan,5.633653333333333,5.589,0.2814388942047121,5.55,7.884,75,0.3404990012401665,0.04995672923988556
som-rs-bc-baseline,7.551906666666667,7.515,0.20480796366836415,7.469,8.821,75,0.0,0.027120033748876327
