exe,mean,median,std,min,max,n,pct_vs_baseline,cov
som-rs-bc-nan,9.124826666666666,9.031,0.4467313230062951,8.998,11.61,75,0.4871266961052776,0.048957787290165346
som-rs-bc-l3bits,10.3878,9.132,4.446735687025964,9.06,27.405,75,0.3063183092987285,0.4280729015793492
som-rs-bc-l4bits,10.652906666666667,10.649,0.02682383638106574,10.621,10.853,75,0.27380946420882935,0.0025179828586125233
som-rs-bc-baseline,13.569773333333332,13.36,0.9411236753223519,13.281,19.028,75,0.0,0.06935441382875115
