exe,mean,median,std,min,max,n,pct_vs_baseline,cov
som-rs-bc-l4bits,6.25016,6.218,0.26548085083892986,6.171,8.508,75,0.4410916413873138,0.04247584875250071
som-rs-bc-l3bits,6.385453333333333,6.374,0.07232776247904552,6.331,6.962,75,0.41055816449471605,0.011326958119242723
som-rs-bc-nan,6.9381466666666665,6.799,1.153477312577335,6.758,16.792,75,0.2981929852544676,0.16625150317433499
som-rs-bc-baseline,9.007053333333333,8.887,0.3605425676158961,8.807,11.266,75,0.0,0.040028914482120245
