exe,mean,median,std,min,max,n,pct_vs_baseline,cov
som-rs-bc-l3bits,6.592933333333334,6.527,0.31471335449182236,6.467,9.064,75,0.7100268974861972,0.04773495174001795
som-rs-bc-nan,6.790746666666666,6.728,0.28734808410957163,6.675,9.096,75,0.6602140952590387,0.042314652307685115
som-rs-bc-l4bits,6.90156,6.862,0.27171792010853485,6.771,9.107,75,0.6335572440626951,0.03937050755315245
som-rs-bc-baseline,11.274093333333333,11.151,0.38305003460254294,11.064,12.881,75,0.0,0.033976127682924656
