exe,mean,median,std,min,max,n,pct_vs_baseline,cov
som-rs-bc-nan,3744.5591,3712.1175000000003,3872.034905085681,71.226,7498.811,10,0.28910137911830525,1.0340429411531202
som-rs-bc-l3bits,4103.8632,4065.2535000000003,4251.134660007811,71.318,8313.762,10,0.17623713675446107,1.0358860548781965
som-rs-bc-l4bits,4191.6248,4157.609,4327.037796582395,86.674,8381.919,10,0.15160982442894233,1.0323056101257906
som-rs-bc-baseline,4827.1163,4790.2055,4982.716751026069,98.538,9663.435,10,0.0,1.0322346596509533
