exe,mean,median,std,min,max,n,pct_vs_baseline,cov
som-rs-bc-nan,3757.7421000000004,3722.733,3885.9194442938738,71.242,7551.879,10,0.2847799480437998,1.0341102025851836
som-rs-bc-l3bits,4083.6115,4046.878,4230.819437316191,69.733,8160.516,10,0.18225538839823519,1.0360484677144708
som-rs-bc-l4bits,4143.5966,4116.7065,4275.366974818295,87.544,8277.175,10,0.16514037587539288,1.0318009660540544
som-rs-bc-baseline,4827.8717,4800.701,4985.053461177123,98.57,9650.458,10,0.0,1.0325571537406686
