exe,mean,median,std,min,max,n,pct_vs_baseline,cov
som-rs-bc-nan,119.4935,119.487,84.15801942807087,38.977,200.779,10,0.3222510011004782,0.7042895172379324
som-rs-bc-l3bits,124.65129999999999,125.04249999999999,94.46198872921201,34.418,217.353,10,0.267539127149095,0.7578098963204717
som-rs-bc-l4bits,126.4728,126.066,95.1020796008163,36.156,217.615,10,0.24928364043493922,0.7519567812273966
som-rs-bc-baseline,158.00039999999998,154.94,118.61318890803558,44.621,295.977,10,0.0,0.7507144849508963
