exe,mean,median,std,min,max,n,pct_vs_baseline,cov
som-rs-bc-nan,119.4141,118.76400000000001,84.76420674691255,38.663,200.932,10,0.293081805247454,0.7098341548185059
som-rs-bc-l4bits,124.06790000000001,123.20649999999999,94.89690715888597,33.948,215.495,10,0.24457817050179775,0.7648788055483002
som-rs-bc-l3bits,124.09169999999999,123.672,95.03843139143474,33.829,217.603,10,0.2443394683125466,0.7658725877027613
som-rs-bc-baseline,154.4122,155.8425,114.08407357422372,43.766,263.721,10,0.0,0.7388281079747825
