exe,mean,median,std,min,max,n,pct_vs_baseline,cov
som-rs-bc-nan,21.8354,21.97,0.25554510365099875,21.489,22.076,5,0.17298515255044555,0.011703248104042004
som-rs-bc-l4bits,22.191,22.102,0.17209445081117597,22.052,22.425,5,0.15418863503222013,0.007755146267008065
som-rs-bc-l3bits,23.3784,23.046,0.5192844114741001,22.967,23.972,5,0.09556684803066062,0.02221214503448055
som-rs-bc-baseline,25.612599999999997,25.531,0.2806230567861453,25.374,26.099,5,0.0,0.010956445530174419
