exe,mean,median,std,min,max,n,pct_vs_baseline,cov
som-rs-bc-nan,21.6554,21.568,0.18243026064773118,21.526,21.959,5,0.2271304155083722,0.008424238787911154
som-rs-bc-l4bits,22.7742,22.741,0.11373961491054939,22.683,22.963,5,0.16684669494427906,0.004994230967961526
som-rs-bc-l3bits,23.7712,23.725,0.2344561792745069,23.514,24.11,5,0.11790738372484366,0.009863035070779217
som-rs-bc-baseline,26.574,26.525,0.3568522103056107,26.128,27.06,5,0.0,0.013428622349123604
