exe,mean,median,std,min,max,n,pct_vs_baseline,cov
som-rs-bc-l4bits,44.2632,44.261,0.05279393904607028,44.205,44.343,5,0.5223029514359556,0.0011927275715734578
som-rs-bc-l3bits,44.4172,44.424,0.19462451027555605,44.242,44.717,5,0.5170249362859429,0.0043817374862791005
som-rs-bc-nan,61.64919999999999,61.421,0.39469507217597694,61.305,62.213,5,0.09299066330138905,0.0064022740307413065
som-rs-bc-baseline,67.38199999999999,67.5,0.3526024673765085,66.85,67.783,5,0.0,0.005232888121108138
