exe,mean,median,std,min,max,n,pct_vs_baseline,cov
som-rs-bc-l4bits,44.3234,44.186,0.40240936867821725,43.848,44.789,5,0.5149018351480257,0.00907893728094454
som-rs-bc-l3bits,44.808,44.736,0.15435834930446843,44.685,45.048,5,0.4985181217639707,0.0034448837105978494
som-rs-bc-nan,61.403,61.347,0.17369369591323922,61.277,61.7,5,0.09352311776297584,0.002828749343081596
som-rs-bc-baseline,67.1456,67.156,0.3908104399833769,66.684,67.708,5,0.0,0.005820343253815244
