exe,mean,median,std,min,max,n,pct_vs_baseline,cov
som-rs-bc-nan,73.405,73.0,0.856398271833853,72.616,74.406,5,0.38519991826169875,0.011666756649190832
som-rs-bc-l4bits,75.5624,75.236,1.1998832443200491,74.451,77.471,5,0.34565074693233666,0.015879369161382502
som-rs-bc-l3bits,75.9534,75.934,0.6564855672442425,75.229,76.613,5,0.3387234804498547,0.00864326767786883
som-rs-bc-baseline,101.6806,101.36,1.5714236538884072,99.956,103.945,5,0.0,0.015454508076156191
