exe,mean,median,std,min,max,n,pct_vs_baseline,cov
som-rs-bc-nan,72.8692,72.84,0.11019391997746139,72.735,72.996,5,0.3657210453799411,0.0015122153115096828
som-rs-bc-l4bits,75.4182,74.867,1.2155791623748713,74.533,77.466,5,0.3195621216099034,0.016117849038758167
som-rs-bc-l3bits,75.9402,75.611,0.6718911370155117,75.328,76.979,5,0.3104916763453349,0.00884763454686071
som-rs-bc-baseline,99.519,98.611,2.1953069261495073,98.104,103.393,5,0.0,0.022059173887895852
