exe,mean,median,std,min,max,n,pct_vs_baseline,cov
som-rs-bc-nan,3658.4091999999996,3610.0195,3797.490743676461,56.207,7433.811,10,0.29026668203217976,1.0380169456375907
som-rs-bc-l3bits,3986.5552,3944.6905,4143.6708653452515,55.06,8035.382,10,0.18406073995915095,1.0394113858865548
som-rs-bc-l4bits,4026.0805,4002.3545,4184.435390638934,56.084,8040.347,10,0.17243644283813997,1.0393322713341013
som-rs-bc-baseline,4720.3235,4682.74,4896.231005824565,72.899,9495.167,10,0.0,1.0372659852284625
