exe,mean,median,std,min,max,n,pct_vs_baseline,cov
som-rs-bc-nan,3651.0150999999996,3625.8105,3788.4342399689035,56.352,7301.67,10,0.293895169044905,1.0376386117846799
som-rs-bc-l3bits,3993.4307,3957.0235,4150.221180369067,56.105,8025.39,10,0.1829504891621132,1.0392621012226573
som-rs-bc-l4bits,4063.0478000000003,4051.2525,4223.915165579804,55.292,8094.46,10,0.16268157120868731,1.0395927819455641
som-rs-bc-baseline,4724.0308,4695.937,4901.88489708454,72.238,9452.868,10,0.0,1.0376488013339245
