exe,mean,median,std,min,max,n,pct_vs_baseline,cov
som-rs-bc-l3bits,40.955200000000005,40.622,0.6346981172179403,40.383,41.762,5,0.35918760010938766,0.015497375601094373
som-rs-bc-nan,41.5026,41.249,0.4986534869024767,41.199,42.375,5,0.3412605475319619,0.01201499392574144
som-rs-bc-l4bits,41.6092,41.148,0.8720657658686078,41.13,43.145,5,0.337824327312229,0.020958484322424076
som-rs-bc-baseline,55.665800000000004,55.713,0.2223267865103076,55.323,55.889,5,0.0,0.003993956549808097
