exe,mean,median,std,min,max,n,pct_vs_baseline,cov
som-rs-bc-l4bits,40.7846,40.836,0.13106410645176422,40.627,40.92,5,0.3571397046924576,0.003213568514874836
som-rs-bc-nan,41.3856,41.439,0.27358417351886344,40.987,41.738,5,0.33743137709734805,0.006610612713573404
som-rs-bc-l3bits,41.6154,41.517,0.1868108669215988,41.457,41.906,5,0.3300460887075458,0.00448898405209607
som-rs-bc-baseline,55.3504,55.275,0.4810912595339901,54.817,56.046,5,0.0,0.008691739527338377
