exe,mean,median,std,min,max,n,pct_vs_baseline,cov
som-rs-bc-nan,3478.0294000000004,3445.5905,3627.408646675604,36.802,6995.828,10,0.29364438379963076,1.042949391593873
som-rs-bc-l3bits,3780.3977,3742.477,3945.237729207316,37.263,7617.736,10,0.19017456814133604,1.043603885698935
som-rs-bc-l4bits,3838.624,3806.8065,4006.7234980642224,37.542,7714.215,10,0.17212136432221548,1.04379160294528
som-rs-bc-baseline,4499.3332,4447.642000000001,4691.610097178054,48.974,9129.56,10,0.0,1.0427345316808398
