exe,mean,median,std,min,max,n,pct_vs_baseline,cov
som-rs-bc-nan,3461.7266000000004,3438.9225,3610.204069636144,36.828,6951.596,10,0.2929006005269159,1.042891160046014
som-rs-bc-l3bits,3787.8635999999997,3763.6545,3952.956604241837,37.677,7611.458,10,0.18158119526796046,1.04358472787717
som-rs-bc-l4bits,3887.7540999999997,3862.6045,4057.974297458016,37.568,7790.829,10,0.15122208989503738,1.0437836841218986
som-rs-bc-baseline,4475.6684,4432.4839999999995,4666.434982774162,48.659,8971.84,10,0.0,1.0426230376616288
