exe,mean,median,std,min,max,n,pct_vs_baseline,cov
som-rs-bc-nan,3598.3888500000003,4715.0195,2016.7405024170032,192.354,4839.025,20,0.4054699785988942,0.5604565227621253
som-rs-bc-l4bits,4001.66975,5253.206,2245.827055076215,207.863,5339.044,20,0.26382930525438786,0.5612224884565287
som-rs-bc-l3bits,4070.7781000000004,5303.5345,2289.693489626341,207.074,5692.213,20,0.24237366315791053,0.5624707201864776
som-rs-bc-baseline,5057.4275,6636.389,2833.666408718134,271.542,6756.207,20,0.0,0.5602979793023497
