exe,mean,median,std,min,max,n,pct_vs_baseline,cov
som-rs-bc-nan,3669.8539499999997,4814.764,2058.3478403793833,192.01,4920.891,20,0.3590903392763083,0.560880042754667
som-rs-bc-l3bits,4029.62975,5287.3975,2261.536844302398,208.638,5399.176,20,0.23774722727317577,0.5612269574648634
som-rs-bc-l4bits,4108.23745,5393.1265,2309.35368236418,207.846,5490.927,20,0.2140639655577845,0.5621276059309035
som-rs-bc-baseline,4987.66305,6541.57,2791.1566018566277,270.65,6658.725,20,0.0,0.5596121016748771
