exe,mean,median,std,min,max,n,pct_vs_baseline,cov
som-rs-bc-l4bits,16.5192,16.262,1.5059076996947716,16.235,29.246,75,0.23978643033560942,0.0911610549962935
som-rs-bc-nan,16.582453333333333,16.528,0.17758738186650022,16.493,17.511,75,0.23505729751287308,0.01070935514164974
som-rs-bc-l3bits,16.656599999999997,16.624,0.09014447862751834,16.602,16.976,75,0.22955945391016197,0.005411937527917964
som-rs-bc-baseline,20.48028,20.431,0.17109816685956244,20.383,21.736,75,0.0,0.008354288459902035
