exe,mean,median,std,min,max,n,pct_vs_baseline,cov
som-rs-bc-l4bits,16.197680000000002,16.114,0.643121025136773,16.051,21.669,75,0.2760115440400519,0.03970451479080788
som-rs-bc-nan,16.55669333333333,16.524,0.07936521352026446,16.492,16.873,75,0.24834266423569296,0.004793542522194315
som-rs-bc-l3bits,16.74532,16.725,0.06470142652673593,16.676,17.112,75,0.23428078213295822,0.003863851304527828
som-rs-bc-baseline,20.66842666666667,20.559,0.35377428952359935,20.484,23.46,75,0.0,0.01711665310713536
