exe,mean,median,std,min,max,n,pct_vs_baseline,cov
som-rs-bc-nan,129.44869333333332,133.536,20.321584253370773,104.599,157.613,75,0.16957142968972438,0.1569856267381721
som-rs-bc-l4bits,131.49458666666666,135.496,20.123080038745705,106.833,158.04,75,0.1513743430147796,0.1530335244123538
som-rs-bc-l3bits,131.74714666666668,136.612,20.45915505487163,106.397,157.754,75,0.14916715210834153,0.15529106756775019
som-rs-bc-baseline,151.39949333333334,130.053,28.61263725121383,125.205,194.283,75,0.0,0.1889876684608048
