exe,mean,median,std,min,max,n,pct_vs_baseline,cov
som-rs-bc-nan,129.88205333333335,134.843,20.797502261604432,104.384,176.781,75,0.16399350631352272,0.1601260661334717
som-rs-bc-l4bits,130.48839999999998,134.817,20.244870803189578,105.236,159.603,75,0.15858472221796482,0.15514690043857982
som-rs-bc-l3bits,132.35330666666667,136.944,20.202865497834797,107.845,155.389,75,0.1422598382632021,0.1526434511282438
som-rs-bc-baseline,151.18186666666665,129.957,28.737732654423468,124.92,195.511,75,0.0,0.19008716645750817
