exe,mean,median,std,min,max,n,pct_vs_baseline,cov
som-rs-bc-l4bits,62.99679999999999,63.086,0.35612174884440784,62.556,63.449,5,0.2806999720620731,0.005653013309317423
som-rs-bc-nan,63.536,63.574,0.17974426277353014,63.248,63.738,5,0.26983127675648433,0.0028290144606763117
som-rs-bc-l3bits,63.873000000000005,63.923,0.7458253817080774,63.146,64.962,5,0.26313152662314265,0.011676692525919831
som-rs-bc-baseline,80.67999999999999,80.655,0.3338090771683706,80.404,81.221,5,0.0,0.00413744518056979
