exe,mean,median,std,min,max,n,pct_vs_baseline,cov
som-rs-bc-l3bits,62.7014,62.849,0.6331684609959652,61.606,63.161,5,0.30184652974255766,0.010098155081002421
som-rs-bc-nan,63.7972,63.905,0.3577935158719336,63.167,64.05,5,0.2794856200585607,0.005608294970185739
som-rs-bc-l4bits,63.9442,63.617,1.0184432728434127,63.16,65.727,5,0.2765442370066402,0.015927062545835473
som-rs-bc-baseline,81.6276,81.1,1.1196746402415245,80.852,83.582,5,0.0,0.013716863416804176
