exe,mean,median,std,min,max,n,pct_vs_baseline,cov
som-rs-bc-nan,47.806200000000004,47.938,0.4243462029993908,47.295,48.232,5,0.2963381318741083,0.00887638429742148
som-rs-bc-l4bits,48.0356,48.047,0.15923033630561823,47.874,48.228,5,0.290147307413668,0.003314840166576835
som-rs-bc-l3bits,50.0912,50.007,0.4266013361441806,49.628,50.783,5,0.23720334110582297,0.008516492640307691
som-rs-bc-baseline,61.973,61.672,0.6446336168708531,61.334,62.951,5,0.0,0.01040184623740747
