exe,mean,median,std,min,max,n,pct_vs_baseline,cov
som-rs-bc-nan,47.9554,47.504,1.0110703734162132,47.061,49.622,5,0.30336938071624897,0.021083556250520552
som-rs-bc-l4bits,48.0376,48.175,0.5831035928546484,47.271,48.757,5,0.30113910769896934,0.012138483039424294
som-rs-bc-l3bits,50.1614,49.94,0.7400485119233736,49.384,51.351,5,0.24604975140247287,0.014753346436171511
som-rs-bc-baseline,62.503600000000006,62.258,0.6448114453078521,62.055,63.627,5,0.0,0.010316388900924938
