exe,mean,median,std,min,max,n,pct_vs_baseline,cov
som-rs-bc-l3bits,45.560199999999995,45.559,0.1865708980521877,45.351,45.856,5,0.3189889421029759,0.004095041243282245
som-rs-bc-nan,48.763999999999996,48.735,0.09079922907161722,48.693,48.922,5,0.2323312279550489,0.0018620135565502673
som-rs-bc-l4bits,50.885000000000005,50.891,0.1703452376792516,50.699,51.078,5,0.18096492090006855,0.0033476513251302267
som-rs-bc-baseline,60.093399999999995,60.119,0.06421292704744315,59.994,60.157,5,0.0,0.001068552071399574
