exe,mean,median,std,min,max,n,pct_vs_baseline,cov
som-rs-bc-l3bits,44.5676,44.596,0.08777983823179589,44.418,44.641,5,0.37061901471023795,0.0019695886301213414
som-rs-bc-nan,48.7946,48.82,0.07153181110526959,48.692,48.862,5,0.2518844298344489,0.0014659780202167776
som-rs-bc-l4bits,49.221799999999995,49.172,0.10650211265510333,49.157,49.409,5,0.24101922318972502,0.002163718365746546
som-rs-bc-baseline,61.0852,60.081,2.17589204695454,59.837,64.947,5,0.0,0.03562060936126165
