exe,mean,median,std,min,max,n,pct_vs_baseline,cov
som-rs-bc-nan,20.0526,20.087,0.2952334669376084,19.693,20.439,5,0.36178849625484966,0.014722951983164695
som-rs-bc-l4bits,20.610000000000003,20.562,0.14076221083799303,20.46,20.828,5,0.3249587578845219,0.0068298015933038825
som-rs-bc-l3bits,21.2268,21.101,0.40941568118478344,20.941,21.941,5,0.2864586277724386,0.019287677897035043
som-rs-bc-baseline,27.3074,27.351,0.44601154693572626,26.757,27.769,5,0.0,0.01633299204375833
