exe,mean,median,std,min,max,n,pct_vs_baseline,cov
som-rs-bc-nan,19.8208,19.778,0.08377171360310084,19.765,19.964,5,0.3800452050371328,0.004226454714396031
som-rs-bc-l4bits,20.754,20.73,0.16469972677572903,20.568,21.018,5,0.31799171244097524,0.007935806436143828
som-rs-bc-l3bits,20.954,20.759,0.6396581118066123,20.55,22.077,5,0.30541185453851294,0.03052677826699495
som-rs-bc-baseline,27.3536,27.27,0.36879167561104137,26.917,27.747,5,0.0,0.013482381683253443
