exe,mean,median,std,min,max,n,pct_vs_baseline,cov
som-rs-bc-nan,34.782,34.748,0.2041763943260863,34.562,35.112,5,0.3081996434937613,0.005870174064921118
som-rs-bc-l4bits,34.941199999999995,34.979,0.16844939893036137,34.733,35.14,5,0.30223919041131997,0.004820939147206204
som-rs-bc-l3bits,35.5696,35.743,0.2899858617243261,35.181,35.815,5,0.27923282803292704,0.008152632071328497
som-rs-bc-baseline,45.5018,45.585,0.17812692104227332,45.203,45.627,5,0.0,0.003914722517400923
