exe,mean,median,std,min,max,n,pct_vs_baseline,cov
som-rs-bc-nan,34.847,34.847,0.12430406268501519,34.674,34.979,5,0.3002037478118633,0.0035671381377167383
som-rs-bc-l4bits,34.9806,34.95,0.17720411959094184,34.817,35.249,5,0.2952379318822431,0.005065782736457975
som-rs-bc-l3bits,35.261,35.276,0.19037331745808958,35.024,35.471,5,0.2849380335214542,0.005398976701117086
som-rs-bc-baseline,45.3082,45.305,0.22993303372938764,44.955,45.549,5,0.0,0.005074865779911532
