exe,mean,median,std,min,max,n,pct_vs_baseline,cov
som-rs-bc-l3bits,33.718,33.763,0.1340895223348927,33.567,33.851,5,0.36910848804792695,0.003976793473364159
som-rs-bc-nan,34.4244,34.422,0.01460479373356693,34.41,34.449,5,0.3410139319784804,0.0004242570308724896
som-rs-bc-l4bits,35.5464,35.508,0.06961537186570152,35.491,35.66,5,0.29868566155785126,0.001958436631155378
som-rs-bc-baseline,46.1636,43.325,6.550392530222902,43.125,57.88,5,0.0,0.14189518430587955
