exe,mean,median,std,min,max,n,pct_vs_baseline,cov
som-rs-bc-l3bits,33.363800000000005,33.334,0.12146275149196795,33.273,33.57,5,0.30213584783507863,0.0036405550774182777
som-rs-bc-l4bits,34.1066,34.061,0.11788681011885836,34.02,34.302,5,0.2737769229416007,0.0034564222208856455
som-rs-bc-nan,34.6352,34.417,0.4985761727158664,34.403,35.527,5,0.2543366286321431,0.014395071277655866
som-rs-bc-baseline,43.4442,43.454,0.0742408243488726,43.333,43.523,5,0.0,0.001708877694810184
