exe,mean,median,std,min,max,n,pct_vs_baseline,cov
som-rs-bc-nan,10888.025,7492.0,11383.40257249844,0.0,27136.0,40,0.8015135894710015,1.0454974683194096
som-rs-bc-l3bits,10908.1,7091.5,11453.348619732493,0.0,27940.0,40,0.7981981279966261,1.0499856638399439
som-rs-bc-l4bits,11115.025,7355.5,11661.028273011534,0.0,29174.0,40,0.7647216268069572,1.0491229909974593
som-rs-bc-baseline,19614.925,13624.5,20432.184632103945,0.0,48757.0,40,0.0,1.0416651928112877
