exe,mean,median,std,min,max,n,pct_vs_baseline,cov
som-rs-bc-nan,10919.175,7331.5,11456.335897631448,0.0,28350.0,40,0.7840221445301501,1.0491942749916041
som-rs-bc-l4bits,10947.275,7698.5,11471.502970823629,0.0,27931.0,40,0.7794428293799143,1.04788661752113
som-rs-bc-l3bits,10957.225,7521.0,11451.189606744592,0.0,27467.0,40,0.7778269589243625,1.0450811776471316
som-rs-bc-baseline,19480.05,13922.5,20237.383311077723,0.0,46415.0,40,0.0,1.0388773802468538
