exe,mean,median,std,min,max,n,pct_vs_baseline,cov
som-rs-bc-l3bits,102425600.0,102440960.0,29262.225224421203,102375424.0,102445056.0,60,0.3819345293884864,0.00028569249508346743
som-rs-bc-l4bits,102425600.0,102440960.0,29262.225224421203,102375424.0,102445056.0,60,0.3819345293884864,0.00028569249508346743
som-rs-bc-nan,102425600.0,102440960.0,29262.225224421203,102375424.0,102445056.0,60,0.3819345293884864,0.00028569249508346743
som-rs-bc-baseline,141545473.33333334,141537280.0,11718.055221826298,141537280.0,141561860.0,45,0.0,8.278650631398713e-05
