exe,mean,median,std,min,max,n,pct_vs_baseline,cov
som-rs-bc-l4bits,25.3658,21.958,5.263663857048623,21.775,33.666,5,0.16823439434198795,0.20751026409766785
som-rs-bc-l3bits,27.4784,27.371,2.2098224589319395,25.005,30.194,5,0.07841795737743085,0.08042034685177955
som-rs-bc-baseline,29.6332,30.553,2.52217885963704,26.803,32.042,5,0.0,0.08511328036246643
som-rs-bc-nan,29.7372,29.968,2.841077207680215,26.022,33.359,5,-0.003497303041308575,0.09553949960588808
