exe,mean,median,std,min,max,n,pct_vs_baseline,cov
som-rs-bc-nan,17.563200000000002,17.819,1.3727518712425781,16.024,19.522,5,0.24988612553520984,0.07816069231362041
som-rs-bc-l3bits,18.618599999999997,18.439,2.277702197391046,15.426,21.633,5,0.17903601774569533,0.12233477261400139
som-rs-bc-l4bits,19.9854,19.097,5.073357547029383,15.361,28.401,5,0.09840183333833696,0.2538531901803008
som-rs-bc-baseline,21.951999999999998,21.582,1.188520298522495,20.857,23.866,5,0.0,0.0541417774472711
