exe,mean,median,std,min,max,n,pct_vs_baseline,cov
som-rs-bc-nan,10.7996,10.794,0.042051159318144675,10.738,10.852,5,0.2520463720878552,0.0038937700764977105
som-rs-bc-l4bits,11.245000000000001,11.224,0.03709447398198279,11.215,11.298,5,0.20245442418852821,0.00329875268848224
som-rs-bc-l3bits,11.2976,11.258,0.08331446453047624,11.206,11.399,5,0.19685596940943229,0.00737452773425119
som-rs-bc-baseline,13.521600000000001,13.503,0.05930261377039036,13.469,13.615,5,0.0,0.0043857689748543335
