exe,mean,median,std,min,max,n,pct_vs_baseline,cov
som-rs-bc-nan,5433.099700000001,5398.0225,5720.174396553581,6.465,10896.947,10,0.2799384115848269,1.0528381057600655
som-rs-bc-l3bits,5982.8629,5925.7164999999995,6299.750167504184,6.616,12079.582,10,0.16232531419030183,1.0529658246897458
som-rs-bc-l4bits,6126.4342,6076.0715,6450.930943852158,6.679,12327.349,10,0.13508654022596067,1.052966657807597
som-rs-bc-baseline,6954.033,6921.436000000001,7320.766443215841,8.964,13974.824,10,0.0,1.0527367993818608
