exe,mean,median,std,min,max,n,pct_vs_baseline,cov
som-rs-bc-l3bits,68472830.0,68472830.0,0.0,68472830.0,68472830.0,5,0.5602680654501939,0.0
som-rs-bc-l4bits,68472830.0,68472830.0,0.0,68472830.0,68472830.0,5,0.5602680654501939,0.0
som-rs-bc-nan,68472830.0,68472830.0,0.0,68472830.0,68472830.0,5,0.5602680654501939,0.0
som-rs-bc-baseline,106835970.0,106835970.0,0.0,106835970.0,106835970.0,5,0.0,0.0
