exe,mean,median,std,min,max,n,pct_vs_baseline,cov
som-rs-bc-nan,14783.7,14349.0,15588.294062818062,0.0,30003.0,10,0.6816290914994216,1.0544244040949196
som-rs-bc-l4bits,14862.5,14512.5,15669.693439885796,0.0,30157.0,10,0.6727132043734232,1.054310744483485
som-rs-bc-l3bits,15091.8,14873.5,15910.384832275777,0.0,30781.0,10,0.6472985329781737,1.0542403710807047
som-rs-bc-baseline,24860.7,24268.5,26212.60505537153,0.0,50731.0,10,0.0,1.0543792031347279
