exe,mean,median,std,min,max,n,pct_vs_baseline,cov
som-rs-bc-nan,2.2984,2.294,0.011717508267545668,2.287,2.317,5,0.21032022276366158,0.005098115326986455
som-rs-bc-l4bits,2.3276,2.294,0.07466123492147693,2.29,2.461,5,0.1951366214126138,0.032076488624109355
som-rs-bc-l3bits,2.372,2.324,0.11343059551990363,2.311,2.574,5,0.17276559865092733,0.04782065578410777
som-rs-bc-baseline,2.7817999999999996,2.752,0.06544616107916489,2.746,2.898,5,0.0,0.02352655154186674
