exe,mean,median,std,min,max,n,pct_vs_baseline,cov
som-rs-bc-nan,38.5206,38.47,0.12113133368373427,38.456,38.737,5,0.09124987668935591,0.0031445858497462205
som-rs-bc-l3bits,38.7328,38.742,0.02184490787346256,38.704,38.756,5,0.08527139788499682,0.0005639898967661146
som-rs-bc-l4bits,39.8932,39.86,0.17601051104976395,39.708,40.169,5,0.0537033880460831,0.00441204293086952
som-rs-bc-baseline,42.0356,42.127,0.2228481545806456,41.709,42.23,5,0.0,0.005301414862179809
