exe,mean,median,std,min,max,n,pct_vs_baseline,cov
som-rs-bc-nan,18.134,18.113,0.09258239573482546,18.024,18.278,5,0.39327230616521436,0.00510545912290865
som-rs-bc-l4bits,18.4788,18.479,0.05039047529047547,18.428,18.543,5,0.36727493127259336,0.00272693439457516
som-rs-bc-l3bits,22.006,17.912,9.051539316602453,17.787,38.195,5,0.14812323911660452,0.4113214267291853
som-rs-bc-baseline,25.2656,20.947,9.806020334468004,20.693,42.806,5,0.0,0.3881174535521818
