exe,mean,median,std,min,max,n,pct_vs_baseline,cov
som-rs-bc-nan,11.1176,11.096,0.09795049770164532,11.036,11.287,5,0.18047060516658275,0.0088103995198285
som-rs-bc-l3bits,11.2566,11.289,0.07828984608491711,11.133,11.332,5,0.16589378675621402,0.006955017153040625
som-rs-bc-l4bits,11.340399999999999,11.341,0.008414273587185269,11.328,11.349,5,0.1572784028782055,0.0007419732625996675
som-rs-bc-baseline,13.124,13.071,0.10413452837555816,13.019,13.243,5,0.0,0.007934663850621622
