exe,mean,median,std,min,max,n,pct_vs_baseline,cov
som-rs-bc-nan,59.041599999999995,58.892,0.4215048042430847,58.586,59.705,5,0.1791889108696243,0.007139115542991462
som-rs-bc-l4bits,60.4868,60.398,0.3254161950487399,60.176,61.012,5,0.15101476685822357,0.005379953891572044
som-rs-bc-l3bits,60.61319999999999,60.358,0.6300461887830154,60.199,61.729,5,0.14861449321269982,0.010394537638385954
som-rs-bc-baseline,69.6212,69.561,0.5520201083293916,69.119,70.55,5,0.0,0.007928908268306086
