exe,mean,median,std,min,max,n,pct_vs_baseline,cov
som-rs-bc-nan,12.8302,12.818,0.02655560204551998,12.814,12.877,5,0.1164596031238796,0.002069773039042258
som-rs-bc-l3bits,12.8376,12.838,0.02103092960379991,12.807,12.866,5,0.11581604038137971,0.0016382290773820582
som-rs-bc-l4bits,13.0474,13.079,0.1152098086102045,12.845,13.131,5,0.09787390591228906,0.008830097077594348
som-rs-bc-baseline,14.3244,14.319,0.029432974705251736,14.284,14.363,5,0.0,0.002054743982662571
