exe,mean,median,std,min,max,n,pct_vs_baseline,cov
som-rs-bc-l3bits,63408128.0,63414272.0,58372.84806996458,63320064.0,63483904.0,240,0.4616291463454023,0.0009205893615084265
som-rs-bc-l4bits,63408128.0,63414272.0,58372.84806996458,63320064.0,63483904.0,240,0.4616291463454023,0.0009205893615084265
som-rs-bc-nan,63408128.0,63414272.0,58372.84806996458,63320064.0,63483904.0,240,0.4616291463454023,0.0009205893615084265
som-rs-bc-baseline,92679168.0,92678143.0,35709.428648373985,92635136.0,92725250.0,240,0.0,0.00038530156688905523
