exe,mean,median,std,min,max,n,pct_vs_baseline,cov
som-rs-bc-l3bits,20631552.0,20631552.0,0.0,20631552.0,20631552.0,20,1.1659718086162396,0.0
som-rs-bc-l4bits,20631552.0,20631552.0,0.0,20631552.0,20631552.0,20,1.1659718086162396,0.0
som-rs-bc-nan,20631552.0,20631552.0,0.0,20631552.0,20631552.0,20,1.1659718086162396,0.0
som-rs-bc-baseline,44687360.0,44687360.0,0.0,44687360.0,44687360.0,20,0.0,0.0
