exe,mean,median,std,min,max,n,pct_vs_baseline,cov
som-rs-bc-l3bits,16240640.0,16240640.0,0.0,16240640.0,16240640.0,20,1.0040353089533416,0.0
som-rs-bc-l4bits,16240640.0,16240640.0,0.0,16240640.0,16240640.0,20,1.0040353089533416,0.0
som-rs-bc-nan,16240640.0,16240640.0,0.0,16240640.0,16240640.0,20,1.0040353089533416,0.0
som-rs-bc-baseline,32546816.0,32546816.0,0.0,32546816.0,32546816.0,20,0.0,0.0
