exe,mean,median,std,min,max,n,pct_vs_baseline,cov
som-rs-bc-l3bits,14241792.0,14241792.0,0.0,14241792.0,14241792.0,20,0.6701179177451826,0.0
som-rs-bc-l4bits,14241792.0,14241792.0,0.0,14241792.0,14241792.0,20,0.6701179177451826,0.0
som-rs-bc-nan,14241792.0,14241792.0,0.0,14241792.0,14241792.0,20,0.6701179177451826,0.0
som-rs-bc-baseline,23785472.0,23785472.0,0.0,23785472.0,23785472.0,20,0.0,0.0
