exe,mean,median,std,min,max,n,pct_vs_baseline,cov
som-rs-bc-l3bits,1527808.0,1527808.0,0.0,1527808.0,1527808.0,20,20.494638069705093,0.0
som-rs-bc-l4bits,1527808.0,1527808.0,0.0,1527808.0,1527808.0,20,20.494638069705093,0.0
som-rs-bc-nan,1527808.0,1527808.0,0.0,1527808.0,1527808.0,20,20.494638069705093,0.0
som-rs-bc-baseline,32839680.0,32839680.0,29549563.41829837,3661824.0,62017536.0,40,0.0,0.8998127697437481
