exe,mean,median,std,min,max,n,pct_vs_baseline,cov
som-rs-bc-baseline,9031680.0,9031680.0,2538686.4339157157,6524928.0,11538432.0,40,0.0,0.2810868447415891
som-rs-bc-l3bits,71399424.0,71399424.0,69683209.24858359,2592768.0,140206080.0,40,-0.8735048618879615,0.9759631849212619
som-rs-bc-l4bits,71399424.0,71399424.0,69683209.24858359,2592768.0,140206080.0,40,-0.8735048618879615,0.9759631849212619
som-rs-bc-nan,73207809.0,73207809.0,71514631.92892717,2592768.0,143822850.0,40,-0.8766295546421831,0.976871633037497
