exe,mean,median,std,min,max,n,pct_vs_baseline,cov
som-rs-bc-l3bits,8118272.0,8118272.0,0.0,8118272.0,8118272.0,20,1.1155398587285572,0.0
som-rs-bc-l4bits,8118272.0,8118272.0,0.0,8118272.0,8118272.0,20,1.1155398587285572,0.0
som-rs-bc-nan,8118272.0,8118272.0,0.0,8118272.0,8118272.0,20,1.1155398587285572,0.0
som-rs-bc-baseline,17174528.0,17174528.0,0.0,17174528.0,17174528.0,20,0.0,0.0
