exe,mean,median,std,min,max,n,pct_vs_baseline,cov
som-rs-bc-l3bits,102425600.0,102440960.0,29077.991125009168,102375424.0,102445056.0,240,0.5717470534710072,0.0002838937836342591
som-rs-bc-l4bits,102425600.0,102440960.0,29077.991125009168,102375424.0,102445056.0,240,0.5717470534710072,0.0002838937836342591
som-rs-bc-nan,102425600.0,102440960.0,29077.991125009168,102375424.0,102445056.0,240,0.5717470534710072,0.0002838937836342591
som-rs-bc-baseline,160987135.0,160987135.0,14395.105085415948,160972800.0,161001470.0,120,0.0,8.941773568065515e-05
