exe,mean,median,std,min,max,n,pct_vs_baseline,cov
som-rs-bc-l3bits,8253440.0,8253440.0,0.0,8253440.0,8253440.0,20,1.3870967741935485,0.0
som-rs-bc-l4bits,8253440.0,8253440.0,0.0,8253440.0,8253440.0,20,1.3870967741935485,0.0
som-rs-bc-nan,8253440.0,8253440.0,0.0,8253440.0,8253440.0,20,1.3870967741935485,0.0
som-rs-bc-baseline,19701760.0,19701760.0,0.0,19701760.0,19701760.0,20,0.0,0.0
