rank,exe,geo_mean_speedup_vs_baseline,median_speedup_vs_baseline,win_rate
1,som-rs-bc-l4bits,1.2745776623964966,1.2814350883861985,0.34615384615384615
2,som-rs-bc-nan,1.2740630767348284,1.2820124674373679,0.46153846153846156
3,som-rs-bc-l3bits,1.2614046819394273,1.2624487674594305,0.19230769230769232
4,som-rs-bc-baseline,1.0,1.0,0.0
