exe,mean,median,std,min,max,n,pct_vs_baseline,cov
som-rs-bc-l4bits,21928.2,21290.5,23142.002154812217,0.0,46328.0,10,0.6411378954952982,1.05535347884515
som-rs-bc-nan,22291.3,21765.0,23501.954689628124,0.0,45453.0,10,0.6144056201298262,1.0543106364199542
som-rs-bc-l3bits,22951.5,22299.5,24201.979456464116,0.0,46714.0,10,0.5679672352569547,1.0544835612689418
som-rs-bc-baseline,35987.2,34963.5,37967.58405915352,0.0,75845.0,10,0.0,1.0550302346154612
