exe,mean,median,std,min,max,n,pct_vs_baseline,cov
som-rs-bc-l3bits,25.558,25.18,0.6312309403063195,25.093,26.579,5,0.2771030597073323,0.0246979787270647
som-rs-bc-nan,25.869600000000002,25.861,0.046822003374482106,25.825,25.948,5,0.26172032037603965,0.0018099237473514125
som-rs-bc-l4bits,25.928800000000003,25.348,1.1796303234488332,25.284,28.019,5,0.25883959149671387,0.04549498331773291
som-rs-bc-baseline,32.6402,32.681,0.15137437035376983,32.44,32.814,5,0.0,0.004637666753076569
