exe,mean,median,std,min,max,n,pct_vs_baseline,cov
som-rs-bc-nan,35.6862,35.639,0.47323641026446633,35.04,36.305,5,0.29908480028694573,0.013261047975533017
som-rs-bc-l3bits,35.788599999999995,35.77,0.3386662073487708,35.373,36.16,5,0.2953677986844976,0.009462963271789644
som-rs-bc-l4bits,35.881,35.747,0.34859216858672804,35.534,36.4,5,0.29203199464897867,0.009715230026663918
som-rs-bc-baseline,46.3594,46.415,0.4018535803000876,45.718,46.834,5,0.0,0.008668222200893187
