exe,mean,median,std,min,max,n,pct_vs_baseline,cov
som-rs-bc-nan,3747.8466999999996,3700.225,3875.4391711635885,71.433,7554.09,10,0.27712515562602924,1.0340442076148924
som-rs-bc-l3bits,4096.2051,4083.2725,4244.086081767885,69.714,8194.753,10,0.16851309520609692,1.0361019475728608
som-rs-bc-l4bits,4274.513400000001,4244.7535,4411.99520208141,89.018,8542.537,10,0.119769398781157,1.0321631468230767
som-rs-bc-baseline,4786.4693,4758.717,4941.010091472346,98.144,9530.698,10,0.0,1.0322870119468532
