exe,mean,median,std,min,max,n,pct_vs_baseline,cov
som-rs-bc-nan,73.34100000000001,73.259,0.39727383503069863,72.819,73.793,5,0.34693282065965825,0.00541680417543664
som-rs-bc-l3bits,77.9668,77.183,1.9288161395011132,75.748,80.001,5,0.2670187823535146,0.024738941953512433
som-rs-bc-l4bits,78.311,78.206,0.7493580586074998,77.482,79.133,5,0.2614498601729003,0.009569001271947744
som-rs-bc-baseline,98.78540000000001,98.839,0.7596185226809554,97.783,99.746,5,0.0,0.00768958290072172
