exe,mean,median,std,min,max,n,pct_vs_baseline,cov
som-rs-bc-nan,3674.7298,3638.9125,3813.1301511739903,56.316,7349.153,10,0.2763041244556266,1.037662728610411
som-rs-bc-l3bits,3995.9813000000004,3970.3955,4152.315670969448,55.73,7982.307,10,0.17369738441969163,1.039122898540453
som-rs-bc-l4bits,4176.185100000001,4151.0245,4342.912320539076,55.896,8384.227,10,0.12305194518317664,1.0399233311136222
som-rs-bc-baseline,4690.0728,4637.956999999999,4867.068727061033,72.828,9444.474,10,0.0,1.0377384178473803
