exe,mean,median,std,min,max,n,pct_vs_baseline,cov
som-rs-bc-nan,194.54659999999998,194.148,1.0498489415149075,193.584,196.107,5,0.40240744376925663,0.0053963880197079135
som-rs-bc-l3bits,207.6538,207.349,0.5723842241012647,207.123,208.372,5,0.3138868636162693,0.0027564351054556414
som-rs-bc-l4bits,228.73379999999997,229.672,2.8057798737605886,224.912,231.189,5,0.19279966493801992,0.012266573080850267
som-rs-bc-baseline,272.83360000000005,273.308,1.8898577459692558,270.194,274.997,5,0.0,0.006926777882083642
