exe,mean,median,std,min,max,n,pct_vs_baseline,cov
som-rs-bc-nan,19.815,19.818,0.05709640969447906,19.722,19.874,5,0.34519303557910663,0.002881474120337071
som-rs-bc-l3bits,20.925800000000002,20.917,0.15580981997294005,20.724,21.147,5,0.2737864263253973,0.007445823814283804
som-rs-bc-l4bits,21.678199999999997,21.601,0.33692387864323253,21.302,22.224,5,0.22957625633124534,0.015542059702522931
som-rs-bc-baseline,26.655,26.459,0.3027531998179383,26.434,27.109,5,0.0,0.011358214211890387
