exe,mean,median,std,min,max,n,pct_vs_baseline,cov
som-rs-bc-l3bits,32.995799999999996,32.997,0.014686728703153505,32.98,33.013,5,0.3028688499748453,0.0004451090351848874
som-rs-bc-nan,34.4202,34.42,0.025791471458604987,34.39,34.451,5,0.2489526498974437,0.0007493120742646756
som-rs-bc-l4bits,35.544799999999995,35.545,0.08323580960139684,35.428,35.663,5,0.2094371047241792,0.0023417155139822663
som-rs-bc-baseline,42.9892,42.569,0.7030022759564866,42.385,43.894,5,0.0,0.01635299740298695
