exe,mean,median,std,min,max,n,pct_vs_baseline,cov
som-rs-bc-l3bits,9.464453333333333,9.021,1.0049919630354092,8.717,13.892,75,0.222599931815044,0.10618594942994515
som-rs-bc-nan,9.486706666666667,9.003,1.2289398724470169,8.783,14.204,75,0.2197320320504621,0.12954336163519517
som-rs-bc-l4bits,9.678826666666668,9.084,1.5677498712290618,8.841,17.425,75,0.19552094468751013,0.16197726493318698
som-rs-bc-baseline,11.57124,10.825,1.489132060286452,10.329,17.425,75,0.0,0.1286925221744992
