exe,mean,median,std,min,max,n,pct_vs_baseline,cov
som-rs-bc-l3bits,3.8908666666666667,3.397,1.0646997969651621,3.011,7.464,75,0.32778301321042447,0.2736407819076715
som-rs-bc-l4bits,3.9823066666666667,3.788,0.9890845067239916,3.049,8.521,75,0.29729503503831944,0.24836974887016694
som-rs-bc-nan,4.428186666666666,3.904,1.466011639396784,2.995,7.911,75,0.16666867400952712,0.33106364969486024
som-rs-bc-baseline,5.166226666666667,4.777,0.8559487793044586,4.54,9.363,75,0.0,0.1656816153319751
