exe,mean,median,std,min,max,n,pct_vs_baseline,cov
som-rs-bc-l4bits,6.1424,5.833,2.349184922478433,4.076,9.821,5,0.6818181818181819,0.38245391418312596
som-rs-bc-nan,7.2488,8.487,2.194598642121151,4.325,9.131,5,0.4251186403266749,0.30275337188516044
som-rs-bc-l3bits,7.968000000000001,7.656,2.941526049519195,4.276,11.762,5,0.2964859437751004,0.36916742589347323
som-rs-bc-baseline,10.330400000000001,9.54,3.5114767975881604,7.712,16.393,5,0.0,0.33991682776931775
