exe,mean,median,std,min,max,n,pct_vs_baseline,cov
som-rs-bc-nan,1992.0285,1988.4505,2095.132660586715,2.75,4000.377,10,0.2633964323301601,1.051758376241462
som-rs-bc-l3bits,2129.0733,2120.9655,2239.5804712822664,2.857,4264.214,10,0.1820737689021792,1.0519038829157579
som-rs-bc-l4bits,2167.7087,2160.788,2278.620012234503,3.146,4368.634,10,0.16100548934457848,1.0511652290893618
som-rs-bc-baseline,2516.7217,2505.3305,2644.9815289453786,4.318,5064.727,10,0.0,1.0509630560047138
