exe,mean,median,std,min,max,n,pct_vs_baseline,cov
som-rs-bc-nan,3.2825066666666665,2.962,0.8753167515222678,2.63,7.261,75,0.2807326108502446,0.2666610735054921
som-rs-bc-l4bits,3.47008,3.062,1.0328794801623955,2.658,7.433,75,0.2115032890692241,0.29765293023860995
som-rs-bc-l3bits,3.7392399999999997,3.511,1.0436657697361351,2.641,6.956,75,0.12429620279343756,0.279111736539012
som-rs-bc-baseline,4.204013333333333,3.697,1.4246646973305053,2.933,9.794,75,0.0,0.33888205968197976
