exe,mean,median,std,min,max,n,pct_vs_baseline,cov
som-rs-bc-l4bits,4.579986666666667,4.129,1.1133356563065804,3.982,10.342,75,0.2419948820811706,0.24308709551699867
som-rs-bc-nan,4.7673733333333335,4.432,1.0402830796306193,3.984,8.379,75,0.1931769555842071,0.21820885567257567
som-rs-bc-l3bits,4.860706666666666,4.375,1.0309241298182137,4.03,8.354,75,0.17026605184979982,0.21209346716764374
som-rs-bc-baseline,5.68832,5.343,0.9394638229301833,5.004,11.523,75,0.0,0.16515664078852513
