exe,mean,median,std,min,max,n,pct_vs_baseline,cov
som-rs-bc-nan,22.0326,21.711,3.9353289316142295,18.858,28.512,5,0.12542323647685705,0.17861391445468214
som-rs-bc-l4bits,22.0954,20.393,5.823991783991457,16.602,29.382,5,0.12222453542366285,0.26358390361756096
som-rs-bc-l3bits,23.244400000000002,21.694,5.038839181795743,19.596,31.854,5,0.06675156166646579,0.21677647871296926
som-rs-bc-baseline,24.796,24.833,1.9968492682223162,21.713,26.855,5,0.0,0.080531104541955
