exe,mean,median,std,min,max,n,pct_vs_baseline,cov
som-rs-bc-nan,119.1806,118.621,84.72391645049885,38.632,200.256,10,0.31001102528431645,0.7108868091828607
som-rs-bc-l3bits,124.8406,124.65100000000001,94.97527392046135,34.549,216.901,10,0.2506179880583721,0.7607723282366582
som-rs-bc-l4bits,127.94500000000001,128.77100000000002,98.22381359369471,33.871,222.043,10,0.2202735550431827,0.7677034162624151
som-rs-bc-baseline,156.1279,153.9085,117.71584192495075,43.893,276.497,10,0.0,0.7539705710827517
