exe,mean,median,std,min,max,n,pct_vs_baseline,cov
som-rs-bc-baseline,60551168.0,60551168.0,23388239.305567045,38363136.0,82739200.0,10,0.0,0.3862557912271328
som-rs-bc-l3bits,110229505.0,110229505.0,95985905.08246872,19169280.0,201289730.0,10,-0.45068094064288866,0.870782328946036
som-rs-bc-l4bits,110229505.0,110229505.0,95985905.08246872,19169280.0,201289730.0,10,-0.45068094064288866,0.870782328946036
som-rs-bc-nan,112160770.0,112160770.0,98021637.13759041,19169280.0,205152260.0,10,-0.4601395122376567,0.8739386965477359
