exe,mean,median,std,min,max,n,pct_vs_baseline,cov
som-rs-bc-l3bits,16703488.0,16703488.0,0.0,16703488.0,16703488.0,5,0.8967631191760668,0.0
som-rs-bc-l4bits,16703488.0,16703488.0,0.0,16703488.0,16703488.0,5,0.8967631191760668,0.0
som-rs-bc-nan,16703488.0,16703488.0,0.0,16703488.0,16703488.0,5,0.8967631191760668,0.0
som-rs-bc-baseline,31682560.0,31682560.0,0.0,31682560.0,31682560.0,5,0.0,0.0
