exe,mean,median,std,min,max,n,pct_vs_baseline,cov
som-rs-bc-nan,118.6768,119.65,2.028928707471012,116.433,120.666,5,0.3171352783357826,0.0170962539221736
som-rs-bc-l4bits,120.457,121.589,2.3723424078323943,117.644,122.922,5,0.29766970786255675,0.019694516780530764
som-rs-bc-l3bits,122.02379999999998,121.092,5.749213833212329,116.071,131.158,5,0.2810074755908276,0.047115512164121506
som-rs-bc-baseline,156.3134,158.036,4.119025588655653,151.652,159.958,5,0.0,0.026351071556601373
