exe,mean,median,std,min,max,n,pct_vs_baseline,cov
som-rs-bc-l3bits,7736.5,7091.5,8174.643699337061,0.0,16478.0,10,0.8557228720997867,1.0566333224761921
som-rs-bc-nan,7863.9,7492.0,8303.162081065528,0.0,16814.0,10,0.8256590241483233,1.0558580451258952
som-rs-bc-l4bits,8046.5,7355.5,8503.948001435045,0.0,16922.0,10,0.7842291679612252,1.0568505563207662
som-rs-bc-baseline,14356.8,13624.5,15158.362494382798,0.0,30353.0,10,0.0,1.0558315567802574
