exe,mean,median,std,min,max,n,pct_vs_baseline,cov
som-rs-bc-nan,234.8,0.0,478.3130265332017,0.0,1413.0,75,0.10641680863145941,2.0371082901754756
som-rs-bc-l3bits,235.56,0.0,480.7733140051135,0.0,1487.0,75,0.10284711609214936,2.0409802768089382
som-rs-bc-l4bits,236.34666666666666,0.0,486.79663030805716,0.0,1700.0,75,0.09917635112264489,2.059672079042327
som-rs-bc-baseline,259.7866666666667,0.0,532.5210639999171,0.0,1624.0,75,0.0,2.0498398583449897
