exe,mean,median,std,min,max,n,pct_vs_baseline,cov
som-rs-bc-l3bits,8468.3,7965.5,8947.42784951196,0.0,18045.0,10,0.7707804399938596,1.0565789886413992
som-rs-bc-l4bits,8472.9,8097.5,8937.33907019061,0.0,17496.0,10,0.769819070212088,1.0548146526207804
som-rs-bc-nan,8688.0,7729.5,9201.35342701762,0.0,18649.0,10,0.7260013812154695,1.05908764123131
som-rs-bc-baseline,14995.5,14614.0,15817.190080907403,0.0,30955.0,10,0.0,1.0547957774603984
