exe,mean,median,std,min,max,n,pct_vs_baseline,cov
som-rs-bc-nan,8514.4,8379.5,8976.310603162328,0.0,17356.0,10,0.7889692755801936,1.0542505171429963
som-rs-bc-l3bits,8534.8,7921.5,9015.617607487822,0.0,18012.0,10,0.7846932558466515,1.0563361306050316
som-rs-bc-l4bits,8972.8,8344.0,9493.295140372611,0.0,19462.0,10,0.6975748930099859,1.058008106764066
som-rs-bc-baseline,15232.0,14850.0,16067.663924790062,0.0,32030.0,10,0.0,1.054862390020356
