exe,mean,median,std,min,max,n,pct_vs_baseline,cov
som-rs-bc-l4bits,24.939373333333332,24.896,0.22200735155427698,24.819,26.377,75,0.6314219068856584,0.008901881718797945
som-rs-bc-nan,25.213133333333335,25.066,0.38811099461899334,24.975,26.482,75,0.6137081996948681,0.015393207559247958
som-rs-bc-l3bits,25.3432,25.042,1.0343933592312082,24.984,30.628,75,0.6054263076486002,0.0408154202796493
som-rs-bc-baseline,40.686640000000004,40.367,1.0032441248539938,40.264,46.153,75,0.0,0.024657826865378752
