exe,mean,median,std,min,max,n,pct_vs_baseline,cov
som-rs-bc-l4bits,54.02239999999999,54.102,0.2935886578190656,53.71,54.35,5,0.9414687240848245,0.0054345726553997175
som-rs-bc-l3bits,55.2394,55.187,0.23532169470748304,55.028,55.58,5,0.8986954963305176,0.00426003350339582
som-rs-bc-nan,55.5982,55.661,0.20738780099128104,55.274,55.785,5,0.8864423668392143,0.003730117179895771
som-rs-bc-baseline,104.8828,104.903,0.25132488933649255,104.523,105.231,5,0.0,0.0023962450405261163
