exe,mean,median,std,min,max,n,pct_vs_baseline,cov
som-rs-bc-nan,1275.54755,1682.988,749.6955508037895,10.782,1781.577,20,0.9346289756112971,0.5877441031530259
som-rs-bc-l4bits,1334.3539500000002,1760.3400000000001,784.435065553312,11.02,1872.972,20,0.8493678157883069,0.5878763019012399
som-rs-bc-l3bits,1368.8898,1807.3249999999998,804.7132456797135,11.169,1905.283,20,0.8027099405664357,0.5878583109317591
som-rs-bc-baseline,2467.71125,3247.9480000000003,1451.4376515263418,18.616,3425.537,20,0.0,0.5881715907914031
