exe,mean,median,std,min,max,n,pct_vs_baseline,cov
som-rs-bc-nan,33.6274,33.43,0.5888521036729037,33.274,34.667,5,0.8849509626078733,0.01751108035925774
som-rs-bc-l4bits,33.761399999999995,33.75,0.18274517777495514,33.592,34.052,5,0.8774695362159155,0.005412843595791501
som-rs-bc-l3bits,33.953,33.706,0.5094712945789974,33.586,34.817,5,0.8668747975142108,0.015005192312284551
som-rs-bc-baseline,63.386,63.379,0.266249882629083,63.083,63.809,5,0.0,0.0042004525073215376
