exe,mean,median,std,min,max,n,pct_vs_baseline,cov
som-rs-bc-l4bits,6.073026666666666,6.032,0.2856216536066707,5.936,8.447,75,2.118706323261109,0.047031187130196044
som-rs-bc-nan,6.168866666666667,6.157,0.09534777500392018,6.13,6.971,75,2.0702538553813232,0.015456287217087986
som-rs-bc-l3bits,6.424919999999999,6.314,0.5288883998155559,6.196,10.086,75,1.9478945522538287,0.08231828564644478
som-rs-bc-baseline,18.939986666666666,18.957,0.11394824492954048,18.462,19.135,75,0.0,0.006016279046810688
