exe,mean,median,std,min,max,n,pct_vs_baseline,cov
som-rs-bc-l3bits,5.823506666666666,5.822,0.03174662073241682,5.737,5.911,75,0.893569281280695,0.005451461215650735
som-rs-bc-nan,5.8578,5.825,0.14218260052443843,5.746,6.381,75,0.8824837538552586,0.024272354898500874
som-rs-bc-l4bits,5.890079999999999,5.889,0.01916624284686133,5.852,5.999,75,0.8721669881110843,0.003253986846844412
som-rs-bc-baseline,11.027213333333334,10.993,0.20024372266932214,10.848,12.227,75,0.0,0.01815905039798409
