exe,mean,median,std,min,max,n,pct_vs_baseline,cov
som-rs-bc-l4bits,54.602,54.554,0.40473015701822807,54.178,55.241,5,0.4902714186293544,0.007412368723091244
som-rs-bc-nan,55.21320000000001,55.375,0.2955193733074039,54.705,55.398,5,0.4737743872842002,0.005352331929817577
som-rs-bc-l3bits,57.24400000000001,57.327,0.2752190037043225,56.943,57.516,5,0.42149046188246797,0.004807822718613697
som-rs-bc-baseline,81.37180000000001,81.346,0.06380595583485235,81.304,81.464,5,0.0,0.0007841286027205045
