exe,mean,median,std,min,max,n,pct_vs_baseline,cov
som-rs-bc-l4bits,4446.8027999999995,4444.62,21.64209453126004,4424.186,4470.401,5,0.9591723293868577,0.0048668887523548475
som-rs-bc-l3bits,4525.541,4526.001,14.562810649046996,4510.079,4541.631,5,0.9250854207264942,0.0032179159682890943
som-rs-bc-nan,4693.1618,4692.188,27.536641992080455,4660.114,4728.798,5,0.8563291382794431,0.005867396685978407
som-rs-bc-baseline,8712.053,8561.828,380.8203113050823,8473.934,9388.755,5,0.0,0.043711891020989234
