exe,mean,median,std,min,max,n,pct_vs_baseline,cov
som-rs-bc-nan,7.9714,7.934,0.07838239598277164,7.922,8.109,5,1.2144667185187044,0.009832952302327275
som-rs-bc-l4bits,11.5358,11.587,0.0894270652543178,11.427,11.617,5,0.5302276391754364,0.007752133814240694
som-rs-bc-l3bits,11.7782,11.75,0.15686682249602665,11.66,12.049,5,0.49873495101119025,0.013318403703114793
som-rs-bc-baseline,17.6524,17.644,0.061231527826765164,17.597,17.755,5,0.0,0.003468736705873715
