exe,mean,median,std,min,max,n,pct_vs_baseline,cov
som-rs-bc-nan,5434.7964,5401.5375,5722.096438472241,6.451,10964.107,10,0.8839152465766702,1.0528630729335584
som-rs-bc-l4bits,6597.049000000001,6517.612,6947.460812269488,6.428,13302.918,10,0.5520114827099205,1.0531164483194664
som-rs-bc-l3bits,6702.8553,6543.0765,7064.424419732077,6.568,14153.819,10,0.5275125810936123,1.0539425518751802
som-rs-bc-baseline,10238.6958,10204.4005,10778.366464052187,13.406,20595.297,10,0.0,1.0527089264681726
