exe,mean,median,std,min,max,n,pct_vs_baseline,cov
som-rs-bc-nan,9.055,9.038,0.06235079487562001,9.006,9.499,75,1.0432644947542795,0.006885786292172282
som-rs-bc-l3bits,9.551933333333332,9.474,0.4659244032560963,9.418,12.716,75,0.9369649425247248,0.0487780208463309
som-rs-bc-l4bits,10.651506666666666,10.644,0.023487991948350256,10.622,10.73,75,0.7370087236484855,0.0022051332908474535
som-rs-bc-baseline,18.50176,17.814,1.1106574244989287,17.759,21.626,75,0.0,0.06002982551383915
