exe,mean,median,std,min,max,n,pct_vs_baseline,cov
som-rs-bc-nan,6.74596,6.724,0.08179216244749755,6.679,7.346,75,1.357871476656646,0.012124614205761308
som-rs-bc-l3bits,6.751053333333333,6.733,0.08198448985373173,6.629,7.04,75,1.3560925801208308,0.012143955291973953
som-rs-bc-l4bits,6.837666666666667,6.799,0.26434116639723804,6.753,9.078,75,1.3262477453322283,0.03865955731446956
som-rs-bc-baseline,15.906106666666668,15.689,0.44193999755785995,15.626,17.885,75,0.0,0.027784297365740868
