exe,mean,median,std,min,max,n,pct_vs_baseline,cov
som-rs-bc-l4bits,6.339053333333333,6.286,0.27780359060846377,6.244,8.52,75,1.063458476449691,0.04382414471063983
som-rs-bc-l3bits,6.40668,6.369,0.3148918372857405,6.25,9.012,75,1.041677332617414,0.04915054869070103
som-rs-bc-nan,6.801053333333334,6.799,0.01735394131830819,6.779,6.898,75,0.9232863928920814,0.002551654937515785
som-rs-bc-baseline,13.080373333333334,12.837,0.48994373017596504,12.795,15.59,75,0.0,0.03745640263396904
