exe,mean,median,std,min,max,n,pct_vs_baseline,cov
som-rs-bc-nan,5.6185599999999996,5.586,0.2618687643261977,5.522,7.838,75,0.9704099745605046,0.04660780775255541
som-rs-bc-l3bits,5.619186666666667,5.617,0.023965455619767883,5.568,5.685,75,0.9701902291909388,0.004264933172968309
som-rs-bc-l4bits,5.658706666666667,5.659,0.02321682366089073,5.603,5.707,75,0.9564305624606799,0.00410284982567702
som-rs-bc-baseline,11.070866666666667,10.717,1.2509017756211922,10.656,21.151,75,0.0,0.11299041107482029
