exe,mean,median,std,min,max,n,pct_vs_baseline,cov
som-rs-bc-l4bits,44.279,44.259,0.3920599443962644,43.824,44.816,5,1.0640484202443594,0.008854308913847747
som-rs-bc-l3bits,45.6462,45.654,0.10499857141885233,45.534,45.755,5,1.002225815073325,0.0023002697139926725
som-rs-bc-nan,61.4076,61.468,0.3409124521046366,60.905,61.855,5,0.4883174069659131,0.005551632894049541
som-rs-bc-baseline,91.394,90.47,2.049375148673369,90.03,95.006,5,0.0,0.022423519581956902
