exe,mean,median,std,min,max,n,pct_vs_baseline,cov
som-rs-bc-nan,73.2536,73.013,1.0684497180494723,72.441,75.107,5,1.1304372754376577,0.014585627437415667
som-rs-bc-l4bits,74.36179999999999,74.36,0.5752588113188726,73.524,75.143,5,1.09868776710623,0.007735945220783691
som-rs-bc-l3bits,76.8152,76.238,0.9345018459050831,76.08,77.879,5,1.0316577968943648,0.012165585013188575
som-rs-bc-baseline,156.06220000000002,155.84,1.3154389761596736,154.65,157.931,5,0.0,0.008428940359418702
