exe,mean,median,std,min,max,n,pct_vs_baseline,cov
som-rs-bc-nan,3654.1366000000003,3623.8035,3792.4000899841253,56.327,7312.07,10,0.8823413169611665,1.0378375263760322
som-rs-bc-l3bits,4438.6630000000005,4381.305,4618.818603216508,57.001,9058.947,10,0.5496405787057947,1.0405878083595235
som-rs-bc-l4bits,4452.7798999999995,4386.7685,4638.608102064178,54.884,9330.21,10,0.5447276655196904,1.04173307601936
som-rs-bc-baseline,6878.3323,6837.449500000001,7131.125147478405,112.495,13697.358,10,0.0,1.0367520550698612
