exe,mean,median,std,min,max,n,pct_vs_baseline,cov
som-rs-bc-l4bits,41.4122,41.472,0.30968241797040974,41.058,41.722,5,1.0588715402707414,0.007478047965826731
som-rs-bc-nan,41.7142,41.422,0.9010675335400798,41.153,43.298,5,1.0439658437654327,0.021600978408793166
som-rs-bc-l3bits,42.8488,42.683,0.34526395699522155,42.619,43.437,5,0.9898433561733353,0.008057727567521648
som-rs-bc-baseline,85.2624,85.059,0.4259481189065174,85.035,86.021,5,0.0,0.004995732220844327
