exe,mean,median,std,min,max,n,pct_vs_baseline,cov
som-rs-bc-nan,3686.1706,4834.786,2068.785968049693,191.81,4932.509,20,1.064167472335654,0.5612290348280932
som-rs-bc-l4bits,4016.1034999999997,5266.243,2253.586345061005,207.391,5385.587,20,0.8945909760542778,0.5611375167649452
som-rs-bc-l3bits,4458.37575,5853.001,2505.712535888196,227.39,5983.757,20,0.7066469666671771,0.562023632908957
som-rs-bc-baseline,7608.873450000001,9991.7215,4269.134054856306,396.221,10208.274,20,0.0,0.5610730790714236
