exe,mean,median,std,min,max,n,pct_vs_baseline,cov
som-rs-bc-l3bits,63.36280000000001,62.917,0.8934252626828956,62.621,64.768,5,0.8566161848908189,0.014100154391581424
som-rs-bc-nan,63.548,63.544,0.425104692987503,63.046,64.172,5,0.8512053880531252,0.006689505460242698
som-rs-bc-l4bits,63.7986,63.93,0.7536158172437702,63.075,64.88,5,0.8439338794268212,0.011812419351580917
som-rs-bc-baseline,117.6404,117.557,0.6701181239154813,116.884,118.501,5,0.0,0.00569632646535953
