exe,mean,median,std,min,max,n,pct_vs_baseline,cov
som-rs-bc-l4bits,47.39919999999999,47.268,0.4044523457714162,46.979,48.053,5,0.8615504059140242,0.00853289392587673
som-rs-bc-nan,47.5306,47.533,0.4623530036671093,47.015,48.181,5,0.8564040849473813,0.009727480900033017
som-rs-bc-l3bits,48.4328,48.359,0.2253623748543684,48.257,48.819,5,0.8218232272344363,0.004653094077863936
som-rs-bc-baseline,88.236,88.278,0.6614170393934566,87.267,88.926,5,0.0,0.007495999811794014
