exe,mean,median,std,min,max,n,pct_vs_baseline,cov
som-rs-bc-l3bits,45.925,45.856,0.1728105899532783,45.749,46.156,5,0.8933826891671206,0.003762887097512865
som-rs-bc-l4bits,47.5762,47.604,0.05349485956612912,47.509,47.629,5,0.8276701375898035,0.0011244037894184303
som-rs-bc-nan,48.8104,48.806,0.06831032132847695,48.711,48.882,5,0.7814564109288187,0.0013995034117416975
som-rs-bc-baseline,86.95360000000001,86.998,0.45239728115894273,86.469,87.648,5,0.0,0.00520274354551097
