exe,mean,median,std,min,max,n,pct_vs_baseline,cov
som-rs-bc-nan,19.8846,19.879,0.11169959713445694,19.737,20.029,5,1.0220773865202215,0.005617392209773239
som-rs-bc-l4bits,20.5708,20.569,0.050618178552770066,20.507,20.634,5,0.95462500243063,0.0024606810893484975
som-rs-bc-l3bits,21.104,21.02,0.15736104981856194,20.967,21.293,5,0.9052407126611068,0.007456456113464838
som-rs-bc-baseline,40.2082,40.118,0.2429376463210261,39.997,40.601,5,0.0,0.0060419925866123355
