exe,mean,median,std,min,max,n,pct_vs_baseline,cov
som-rs-bc-nan,34.6952,34.669,0.21678952926744133,34.46,35.05,5,0.9082120869745669,0.006248401198651148
som-rs-bc-l4bits,34.864,34.795,0.39863078155104753,34.488,35.405,5,0.8989731528223956,0.011433879691115407
som-rs-bc-l3bits,35.7056,35.711,0.23063239148046916,35.5,36.069,5,0.8542133446854276,0.006459277857828161
som-rs-bc-baseline,66.2058,66.017,0.4935865678885568,65.789,66.912,5,0.0,0.0074553372648401926
