exe,mean,median,std,min,max,n,pct_vs_baseline,cov
som-rs-bc-l3bits,5.5,5.5,5.7975090436420285,0.0,11.0,10,1.272727272727273,1.0540925533894596
som-rs-bc-l4bits,5.5,5.5,5.7975090436420285,0.0,11.0,10,1.272727272727273,1.0540925533894596
som-rs-bc-nan,5.5,5.5,5.797509043642029,0.0,11.0,10,1.272727272727273,1.0540925533894598
som-rs-bc-baseline,12.5,12.5,13.176156917368248,0.0,25.0,10,0.0,1.0540925533894598
