exe,mean,median,std,min,max,n,pct_vs_baseline,cov
som-rs-bc-l4bits,3.6841200000000005,3.385,0.9656893904972338,2.77,7.601,75,0.38465630869787093,0.2621221324216458
som-rs-bc-nan,3.8286400000000005,3.243,1.2264042986649155,2.626,7.285,75,0.3323895691420453,0.3203237438528865
som-rs-bc-l3bits,4.03772,3.336,1.4144154131941158,2.698,7.809,75,0.2633961740784405,0.35030051940058143
som-rs-bc-baseline,5.101240000000001,4.697,1.4017329895718562,3.822,10.869,75,0.0,0.27478279586372256
