exe,mean,median,std,min,max,n,pct_vs_baseline,cov
som-rs-bc-l4bits,9.534133333333335,9.066,1.2882159288253185,8.47,15.605,75,0.7251377506782646,0.13511620655874873
som-rs-bc-l3bits,9.808506666666666,9.194,1.8986708464246937,8.33,17.646,75,0.6768804765387324,0.19357389569577976
som-rs-bc-nan,10.045146666666666,9.245,2.3149300712883223,8.679,26.154,75,0.6373771214224848,0.23045259050025377
som-rs-bc-baseline,16.447693333333333,16.784,2.2452842712535843,13.668,23.886,75,0.0,0.13651058697107585
