exe,mean,median,std,min,max,n,pct_vs_baseline,cov
som-rs-bc-l3bits,7.421759999999999,7.315,1.213867638716975,6.353,13.103,75,0.9702137139079321,0.16355522661969332
som-rs-bc-nan,8.268533333333334,7.693,1.5525438091336683,7.248,15.378,75,0.768445834811494,0.18776532022611847
som-rs-bc-l4bits,8.373786666666666,7.574,1.9675385932774065,7.049,15.991,75,0.746217561469602,0.23496402184564133
som-rs-bc-baseline,14.622453333333333,14.904,1.6070147604674825,12.182,19.075,75,0.0,0.1099004882309409
