exe,mean,median,std,min,max,n,pct_vs_baseline,cov
som-rs-bc-l3bits,23.686,24.23,1.7010227805646811,20.901,25.439,5,1.137786033944102,0.07181553578336068
som-rs-bc-l4bits,25.9098,25.236,2.309263887042796,23.673,29.763,5,0.9543030050405636,0.0891270440930766
som-rs-bc-nan,27.4698,27.701,5.530296167476025,22.081,35.816,5,0.8433188446949011,0.20132276782051653
som-rs-bc-baseline,50.6356,50.429,4.122883554018957,45.92,55.889,5,0.0,0.08142262665039926
