exe,mean,median,std,min,max,n,pct_vs_baseline,cov
som-rs-bc-l3bits,3.8150800000000005,3.459,1.0451659606997379,2.942,8.462,75,0.9780659907524871,0.2739564991297005
som-rs-bc-l4bits,4.209960000000001,3.907,1.2322178470963254,3.049,8.249,75,0.7925300952978174,0.2926911056390857
som-rs-bc-nan,4.4118933333333334,3.735,1.5093607701323148,2.994,8.874,75,0.7104855965088306,0.34211180010373055
som-rs-bc-baseline,7.54648,7.107,2.0340041680575967,5.733,18.816,75,0.0,0.2695301873267532
