exe,mean,median,std,min,max,n,pct_vs_baseline,cov
som-rs-bc-l3bits,3.8975733333333333,3.388,1.1780655602062837,2.832,8.049,75,2.3023282863183248,0.30225616286192186
som-rs-bc-nan,4.0076,3.63,1.1139039455895647,2.818,7.166,75,2.21166450410886,0.2779478854151025
som-rs-bc-l4bits,4.180973333333333,3.549,1.4813083513272018,2.81,8.178,75,2.0784857114611275,0.3542974884621448
som-rs-bc-baseline,12.871066666666668,13.064,1.9435350512649614,10.931,18.661,75,0.0,0.15100030957793925
