exe,mean,median,std,min,max,n,pct_vs_baseline,cov
som-rs-bc-l4bits,3.830306666666666,3.336,1.1161601039535762,2.752,7.101,75,1.274004170249206,0.29140228213761205
som-rs-bc-l3bits,3.86504,3.429,1.1733675196698672,2.727,8.387,75,1.2535687427124516,0.3035848321543547
som-rs-bc-nan,4.15384,3.798,1.288978812649556,2.773,7.643,75,1.096887057116628,0.31031017387515075
som-rs-bc-baseline,8.710133333333333,8.817,1.5808195730451098,7.256,18.152,75,0.0,0.18149200621250838
