exe,mean,median,std,min,max,n,pct_vs_baseline,cov
som-rs-bc-nan,3.3641866666666664,2.99,1.0181062533267649,2.609,7.115,75,0.5059806431668479,0.30263072599819024
som-rs-bc-l4bits,3.64404,3.116,1.3254611888860584,2.628,8.439,75,0.390325023874601,0.36373398450238154
som-rs-bc-l3bits,3.719346666666667,3.117,1.2609952792990202,2.605,7.911,75,0.3621747188574338,0.3390367697101875
som-rs-bc-baseline,5.066400000000001,4.815,0.9513061433515388,3.958,9.508,75,0.0,0.1877676739601174
