exe,mean,median,std,min,max,n,pct_vs_baseline,cov
som-rs-bc-l3bits,1694.7198,1658.221,133.10603734316484,1608.396,1928.55,5,0.7962908086634732,0.07854161929492111
som-rs-bc-l4bits,1813.1038,1752.337,159.21367060557327,1676.238,2049.091,5,0.6790045887058422,0.08781277200211773
som-rs-bc-nan,1960.3115999999998,2007.105,140.47932698550352,1725.064,2078.156,5,0.5529212804739818,0.07166173325990803
som-rs-bc-baseline,3044.2095999999997,3023.225,212.00057339615856,2830.573,3395.19,5,0.0,0.06964059682229455
