exe,mean,median,std,min,max,n,pct_vs_baseline,cov
som-rs-bc-nan,2217.8698,2170.35,2335.1749206986524,3.372,4639.127,10,0.6937018124328129,1.052890895894183
som-rs-bc-l3bits,2518.5325000000003,2374.941,2655.488689414363,4.68,5417.881,10,0.49150749494000956,1.0543793615585118
som-rs-bc-l4bits,2553.8168,2364.5175000000004,2688.3401138432696,6.285,5351.171,10,0.47090037938508345,1.0526753970148797
som-rs-bc-baseline,3756.4101,3638.3555,3953.6118631365266,7.154,7883.49,10,0.0,1.0524973998809466
