exe,mean,median,std,min,max,n,pct_vs_baseline,cov
som-rs-bc-nan,3.938226666666667,3.334,1.2892582255903016,2.828,7.773,75,0.637647401368467,0.32737024420220473
som-rs-bc-l4bits,3.97436,3.403,1.221243170774012,2.922,7.701,75,0.6227585489655358,0.30728046044495516
som-rs-bc-l3bits,4.43244,4.123,1.4579569307396878,2.801,8.199,75,0.4550510930021989,0.32892874595926574
som-rs-bc-baseline,6.449426666666667,6.194,1.0457840996415384,5.52,10.098,75,0.0,0.1621514831770377
