exe,mean,median,std,min,max,n,pct_vs_baseline,cov
som-rs-bc-l4bits,4.349973333333333,4.138,0.5044961621832788,3.992,6.834,75,0.8397139599323216,0.11597684020667072
som-rs-bc-nan,4.719399999999999,4.389,0.9327640847705481,3.979,7.756,75,0.6957042561907589,0.19764463380314196
som-rs-bc-l3bits,5.168706666666667,4.528,1.4484476198286866,3.994,10.446,75,0.548299639110235,0.28023405335996754
som-rs-bc-baseline,8.002706666666667,7.775,2.2447607515527603,6.381,19.206,75,0.0,0.280500191379345
