exe,mean,median,std,min,max,n,pct_vs_baseline,cov
som-rs-bc-nan,1493.4857,1399.95,1540.2334734138378,32.309,3224.065,10,0.7808871554645618,1.0313011188616255
som-rs-bc-l3bits,1810.2668,1730.522,1870.1914388360115,32.227,3782.868,10,0.4692472402410517,1.033102655827313
som-rs-bc-l4bits,1830.4720999999997,1704.279,1882.5660992697321,44.696,3800.171,10,0.4530292485747258,1.028459324383984
som-rs-bc-baseline,2659.7295,2585.191,2748.535106174247,47.695,5487.307,10,0.0,1.0333889616121668
