exe,mean,median,std,min,max,n,pct_vs_baseline,cov
som-rs-bc-nan,52.4963,54.1365,34.978048856231084,14.796,94.835,10,0.6888790257599107,0.6662955076116047
som-rs-bc-l4bits,58.6062,56.917500000000004,42.86117263600394,12.531,105.853,10,0.5128075186584353,0.7313419507834314
som-rs-bc-l3bits,59.48779999999999,55.065,45.99891801094649,10.554,106.815,10,0.4903879450912625,0.773249607666555
som-rs-bc-baseline,88.6599,85.4605,72.151478334666,17.268,171.367,10,0.0,0.8138005832926273
