exe,mean,median,std,min,max,n,pct_vs_baseline,cov
som-rs-bc-nan,1591.433,1510.0265000000002,1649.156064167636,23.897,3242.144,10,0.5882363882111281,1.0362711243059783
som-rs-bc-l4bits,1679.0937999999999,1552.8339999999998,1740.349240014633,22.567,3552.79,10,0.5053190000463348,1.0364812495970346
som-rs-bc-l3bits,1720.6889999999999,1655.1695,1784.2444768160744,24.984,3568.705,10,0.4689300623180601,1.036936062714456
som-rs-bc-baseline,2527.5718,2438.4584999999997,2619.7979897259165,40.046,5287.736,10,0.0,1.0364880593009924
