exe,mean,median,std,min,max,n,pct_vs_baseline,cov
som-rs-bc-l3bits,30.7908,32.188,2.8688333343015957,27.077,33.258,5,0.679943359704847,0.09317176995406407
som-rs-bc-l4bits,34.39,32.138,6.456657184642841,29.616,45.438,5,0.5041232916545508,0.18774810074564818
som-rs-bc-nan,35.086200000000005,34.533,5.914729300652737,26.304,41.387,5,0.4742776362216483,0.16857708445635994
som-rs-bc-baseline,51.726800000000004,51.892,1.852059583274795,49.079,53.575,5,0.0,0.03580464253104377
