exe,mean,median,std,min,max,n,pct_vs_baseline,cov
som-rs-bc-l3bits,23.259999999999998,21.624,4.29551539398941,19.583,30.272,5,0.8906018916595015,0.18467392063583019
som-rs-bc-l4bits,24.2358,23.916,0.8735426148734806,23.529,25.741,5,0.8144810569488112,0.03604348174491787
som-rs-bc-nan,24.6666,24.736,3.2362991672588013,21.716,29.879,5,0.7827913048413646,0.13120167219068707
som-rs-bc-baseline,43.9754,41.794,6.285507163308301,36.451,53.035,5,0.0,0.14293234770595153
