exe,mean,median,std,min,max,n,pct_vs_baseline,cov
som-rs-bc-nan,23.6488,24.213,1.0322454649936708,21.96,24.385,5,0.6556865464632455,0.043648957452118956
som-rs-bc-l3bits,24.250999999999998,24.644,3.7551697032224793,19.991,29.456,5,0.6145725949445386,0.1548459734948035
som-rs-bc-l4bits,26.391000000000002,24.873,2.9179318018075744,23.442,30.214,5,0.4836497290743056,0.1105654125197065
som-rs-bc-baseline,39.155,37.522,4.146208991355839,34.108,43.738,5,0.0,0.10589219745513571
