exe,mean,median,std,min,max,n,pct_vs_baseline,cov
som-rs-bc-nan,19.065800000000003,17.424,3.7614736739740726,15.76,25.353,5,0.46354204911412045,0.19728905548018294
som-rs-bc-l4bits,21.498199999999997,20.923,3.3279068045845275,17.836,25.147,5,0.2979505260905566,0.15479932294724805
som-rs-bc-l3bits,22.0604,20.123,3.542487939287867,19.017,27.417,5,0.2648728037569581,0.16058131037006884
som-rs-bc-baseline,27.9036,27.676,3.274062659754697,23.35,31.21,5,0.0,0.117334776149124
