exe,mean,median,std,min,max,n,pct_vs_baseline,cov
som-rs-bc-nan,11043.9,10866.0,11644.56689190285,0.0,22611.0,10,0.8456161319823614,1.054389019449909
som-rs-bc-l4bits,11052.3,10891.0,11651.186787905628,0.0,22419.0,10,0.8442134216407444,1.0541866206948445
som-rs-bc-l3bits,11084.4,10954.0,11685.850306151358,0.0,22678.0,10,0.8388726498502399,1.0542609709277326
som-rs-bc-baseline,20382.8,20222.5,21486.434732433183,0.0,41194.0,10,0.0,1.0541453937846215
