exe,mean,median,std,min,max,n,pct_vs_baseline,cov
som-rs-bc-nan,305.64,0.0,615.5300866469221,0.0,1576.0,75,0.8639357850194131,2.0139055314975858
som-rs-bc-l4bits,307.26666666666665,0.0,618.7841027093099,0.0,1575.0,75,0.854068127576481,2.0138341376957363
som-rs-bc-l3bits,307.96,0.0,620.242834746242,0.0,1606.0,75,0.849893925618046,2.0140370007346475
som-rs-bc-baseline,569.6933333333334,0.0,706.5605112345551,0.0,1578.0,75,0.0,1.2402471117230702
