rank,exe,geo_mean_speedup_vs_baseline,median_speedup_vs_baseline,win_rate
1,som-rs-bc-l4bits,1.479842475460263,1.479842475460263,1.0
2,som-rs-bc-l3bits,1.477854231208218,1.477854231208218,0.9615384615384616
3,som-rs-bc-nan,1.455807050569558,1.455807050569558,0.9615384615384616
4,som-rs-bc-baseline,1.0,1.0,0.9615384615384616
