rank,exe,geo_mean_speedup_vs_baseline,median_speedup_vs_baseline,win_rate
1,som-rs-bc-nan,1.2566648248691952,1.2857321489425126,0.46153846153846156
2,som-rs-bc-l3bits,1.2053073855743504,1.2658201603078714,0.34615384615384615
3,som-rs-bc-l4bits,1.196887676847851,1.256101644993405,0.19230769230769232
4,som-rs-bc-baseline,1.0,1.0,0.0
