exe,mean,median,std,min,max,n,pct_vs_baseline,cov
som-rs-bc-l4bits,7645.1,8060.0,903.159769044798,5258.0,8401.0,20,0.4861872310368731,0.11813576919135106
som-rs-bc-nan,7757.5,8017.5,563.9287468988857,6514.0,8294.0,20,0.4646535610699323,0.07269464993862529
som-rs-bc-l3bits,7864.0,7990.0,927.6105126387338,6041.0,9379.0,20,0.4448181586978637,0.11795657586962535
som-rs-bc-baseline,11362.05,11821.5,1070.4716360951415,8976.0,12745.0,20,0.0,0.09421465634239787
