exe,mean,median,std,min,max,n,pct_vs_baseline,cov
som-rs-bc-l4bits,54.465599999999995,54.134,0.7649773199252383,54.086,55.833,5,0.28426015686965744,0.014045146292802032
som-rs-bc-l3bits,55.2718,55.208,0.38103831828308454,54.879,55.866,5,0.2655278098415468,0.006893901017934725
som-rs-bc-nan,55.5252,55.636,0.30060139720234164,55.194,55.894,5,0.25975232867238685,0.005413783240804926
som-rs-bc-baseline,69.94800000000001,69.781,0.3404225315692237,69.662,70.345,5,0.0,0.0048667943553671825
