exe,mean,median,std,min,max,n,pct_vs_baseline,cov
som-rs-bc-l4bits,25.31,25.278,0.0896437393240598,25.224,25.428,5,0.31395495851442123,0.0035418308701722565
som-rs-bc-nan,25.9056,25.882,0.08253060038555231,25.835,26.048,5,0.2837455994070781,0.0031858208412680004
som-rs-bc-l3bits,26.4894,25.922,1.2718470033773717,25.89,28.764,5,0.25545312464608494,0.04801343191530845
som-rs-bc-baseline,33.2562,33.273,0.03282072515957266,33.201,33.279,5,0.0,0.0009869054540077539
