exe,mean,median,std,min,max,n,pct_vs_baseline,cov
som-rs-bc-nan,33.4144,33.377,0.07102323563454582,33.357,33.524,5,0.37471269871672086,0.0021255277854621306
som-rs-bc-l3bits,33.944,33.954,0.21242292719949027,33.651,34.24,5,0.3532641998585906,0.006258040513772397
som-rs-bc-l4bits,34.2074,33.917,0.8223261518400122,33.482,35.478,5,0.3428439460467618,0.02403942281026948
som-rs-bc-baseline,45.9352,43.029,6.296382707555187,42.958,57.191,5,0.0,0.13707097623511352
