exe,mean,median,std,min,max,n,pct_vs_baseline,cov
som-rs-bc-l4bits,116.12219999999999,115.876,1.1414318639323155,114.916,117.393,5,0.2843659524190896,0.009829574912741196
som-rs-bc-nan,116.1384,116.091,1.0346616838367955,115.259,117.809,5,0.28418679782053125,0.008908868073236719
som-rs-bc-l3bits,119.1682,119.382,0.7299621223049877,117.961,119.821,5,0.2515369033013839,0.006125477453758534
som-rs-bc-baseline,149.14339999999999,149.134,0.9981066075324789,148.062,150.652,5,0.0,0.006692261323883451
