exe,mean,median,std,min,max,n,pct_vs_baseline,cov
som-rs-bc-l4bits,54.9504,54.881,0.5973615320724943,54.403,55.927,5,0.146994380386676,0.010870922360392178
som-rs-bc-nan,55.262,55.226,0.24311005738142294,54.954,55.602,5,0.14052694437407265,0.00439922654593433
som-rs-bc-l3bits,58.1722,58.328,0.37359898286799526,57.617,58.534,5,0.08346942353907894,0.006422294203554194
som-rs-bc-baseline,63.0278,63.06,0.3209746095877385,62.713,63.516,5,0.0,0.005092587867381354
