exe,mean,median,std,min,max,n,pct_vs_baseline,cov
som-rs-bc-l4bits,4451.015799999999,4440.947,38.23138561051661,4423.999,4517.854,5,0.2559424749739152,0.008589361918355045
som-rs-bc-l3bits,4538.801600000001,4533.655,16.938380259044703,4526.515,4567.508,5,0.23165105961009602,0.0037319058535285393
som-rs-bc-nan,4683.5054,4663.111,46.131192622779295,4659.891,4765.855,5,0.19359738541136307,0.009849714835981464
som-rs-bc-baseline,5590.2198,5591.853,20.30955702865035,5561.651,5612.344,5,0.0,0.003633051607139016
