exe,mean,median,std,min,max,n,pct_vs_baseline,cov
som-rs-bc-nan,41.2536,41.257,0.046084704620945764,41.203,41.312,5,0.35211472453313175,0.0011171074674924313
som-rs-bc-l4bits,41.393,41.413,0.1356484426744342,41.252,41.533,5,0.3475611818423405,0.003277086528505646
som-rs-bc-l3bits,42.694399999999995,42.675,0.3715707200520496,42.11,43.089,5,0.30648515964623013,0.008703031780562549
som-rs-bc-baseline,55.7796,55.774,0.3833690128322857,55.303,56.325,5,0.0,0.006872925098643333
