exe,mean,median,std,min,max,n,pct_vs_baseline,cov
som-rs-bc-l3bits,45.9316,45.896,0.27772702425222967,45.636,46.385,5,0.34488674463767843,0.006046534940046279
som-rs-bc-l4bits,46.6358,46.637,0.06882368778262446,46.532,46.724,5,0.3245789715197336,0.0014757694256906594
som-rs-bc-nan,48.7786,48.789,0.04061773011875452,48.716,48.82,5,0.2663914093475417,0.0008326956927577774
som-rs-bc-baseline,61.7728,61.824,0.12906083836702903,61.58,61.89,5,0.0,0.0020892826351894206
