exe,mean,median,std,min,max,n,pct_vs_baseline,cov
som-rs-bc-nan,19.7628,19.77,0.07851878756068388,19.676,19.848,5,0.369886858137511,0.003973059868069498
som-rs-bc-l4bits,20.946800000000003,20.763,0.4050527126189883,20.557,21.588,5,0.29245517215039984,0.01933721201419731
som-rs-bc-l3bits,21.737000000000002,21.547,0.48318888646159924,21.337,22.524,5,0.24547085614390207,0.022228867206219773
som-rs-bc-baseline,27.0728,26.818,0.7081717305851736,26.502,28.278,5,0.0,0.02615805275350808
