exe,mean,median,std,min,max,n,pct_vs_baseline,cov
som-rs-bc-nan,34.9666,34.953,0.14818670655628743,34.767,35.178,5,0.2781168314906226,0.00423795011686259
som-rs-bc-l4bits,35.0224,35.047,0.27934441107707625,34.71,35.352,5,0.2760804513682673,0.007976164142865031
som-rs-bc-l3bits,35.727199999999996,35.647,0.1789544634816359,35.575,35.984,5,0.2509068720750578,0.005008913754272261
som-rs-bc-baseline,44.6914,44.64,0.1990309021232639,44.43,44.969,5,0.0,0.004453449704490436
