exe,mean,median,std,min,max,n,pct_vs_baseline,cov
som-rs-bc-l3bits,15040512.0,15040512.0,0.0,15040512.0,15040512.0,20,0.761165577342048,0.0
som-rs-bc-l4bits,15040512.0,15040512.0,0.0,15040512.0,15040512.0,20,0.761165577342048,0.0
som-rs-bc-nan,15040512.0,15040512.0,0.0,15040512.0,15040512.0,20,0.761165577342048,0.0
som-rs-bc-baseline,26488832.0,26488832.0,0.0,26488832.0,26488832.0,20,0.0,0.0
