exe,mean,median,std,min,max,n,pct_vs_baseline,cov
som-rs-bc-l3bits,16.3122,16.271,0.1049890470477744,16.24,16.497,5,0.23365333921849896,0.006436228531269504
som-rs-bc-nan,16.495600000000003,16.509,0.1735419257701148,16.301,16.759,5,0.21993743786221764,0.010520497937032587
som-rs-bc-l4bits,16.565,16.57,0.08651011501552991,16.436,16.68,5,0.21482644129188033,0.005222463930910347
som-rs-bc-baseline,20.1236,20.066,0.13920955426981355,19.969,20.315,5,0.0,0.006917726165786119
