exe,mean,median,std,min,max,n,pct_vs_baseline,cov
som-rs-bc-nan,9.8032,9.775,0.07910878585846166,9.747,9.943,5,0.15984576464827804,0.008069690086753475
som-rs-bc-l3bits,10.031600000000001,10.043,0.0392593937803423,9.968,10.074,5,0.13343833486183665,0.003913572488969087
som-rs-bc-l4bits,10.3516,10.35,0.027555398745074008,10.315,10.39,5,0.09840024730476449,0.0026619458581353616
som-rs-bc-baseline,11.3702,11.391,0.0964816044642703,11.204,11.453,5,0.0,0.008485479979619558
