exe,mean,median,std,min,max,n,pct_vs_baseline,cov
som-rs-bc-l4bits,10.5338,10.536,0.031067668081141947,10.496,10.579,5,0.23220490231445456,0.00294933149301695
som-rs-bc-l3bits,10.591,10.595,0.025990382836733574,10.56,10.62,5,0.22554999527901054,0.002454006499549955
som-rs-bc-nan,11.799600000000002,11.813,0.04530783596686198,11.727,11.839,5,0.10002033967253121,0.0038397772777773796
som-rs-bc-baseline,12.979800000000001,12.976,0.011122050170719875,12.971,12.999,5,0.0,0.0008568737708377536
