exe,mean,median,std,min,max,n,pct_vs_baseline,cov
som-rs-bc-l3bits,13.4118,13.424,0.05054898614215665,13.348,13.481,5,0.5467722453361963,0.0037689934343008882
som-rs-bc-l4bits,13.440000000000001,13.444,0.1115235401159777,13.258,13.535,5,0.5435267857142854,0.008297882449105483
som-rs-bc-nan,18.4272,18.424,0.04108771105817403,18.385,18.491,5,0.12578145350351644,0.0022297316498531535
som-rs-bc-baseline,20.744999999999997,20.778,0.0863075894692938,20.63,20.846,5,0.0,0.004160404409221201
