exe,mean,median,std,min,max,n,pct_vs_baseline,cov
som-rs-bc-l3bits,11.160599999999999,11.168,0.053016978412579775,11.077,11.224,5,0.20299983871834848,0.004750369909555022
som-rs-bc-nan,11.1936,11.219,0.1154655792866433,11.04,11.304,5,0.19945325900514588,0.010315321191273881
som-rs-bc-l4bits,11.3596,11.341,0.08511639090093076,11.241,11.444,5,0.18192541990915156,0.007492903878739635
som-rs-bc-baseline,13.4262,13.422,0.09904897778372063,13.306,13.565,5,0.0,0.007377290505408874
