exe,mean,median,std,min,max,n,pct_vs_baseline,cov
som-rs-bc-nan,59.223400000000005,58.987,0.4245954545211193,58.859,59.848,5,0.17649442618964795,0.007169386670152664
som-rs-bc-l4bits,60.2174,59.916,0.6895286796065823,59.706,61.416,5,0.15707420114451986,0.011450655119725898
som-rs-bc-l3bits,60.725199999999994,60.633,0.5185770916652553,60.225,61.541,5,0.14739844413851255,0.008539734602195717
som-rs-bc-baseline,69.676,69.462,0.552336401118015,69.202,70.622,5,0.0,0.007927211681468725
