exe,mean,median,std,min,max,n,pct_vs_baseline,cov
som-rs-bc-nan,6.9756,6.973,0.09757458685538994,6.885,7.131,5,0.18177647800906027,0.013987984812115078
som-rs-bc-l3bits,7.027800000000001,7.023,0.09371606052326346,6.929,7.179,5,0.17299866245482232,0.013335049449794167
som-rs-bc-l4bits,7.055199999999999,7.036,0.06669857569693632,6.988,7.153,5,0.16844313414219325,0.009453817850229099
som-rs-bc-baseline,8.2436,8.18,0.14825923242752917,8.103,8.427,5,0.0,0.017984767871746465
