exe,mean,median,std,min,max,n,pct_vs_baseline,cov
som-rs-bc-l3bits,63408128.0,63414272.0,58372.84806996458,63320064.0,63483904.0,240,0.30888860178934796,0.0009205893615084265
som-rs-bc-l4bits,63408128.0,63414272.0,58372.84806996458,63320064.0,63483904.0,240,0.30888860178934796,0.0009205893615084265
som-rs-bc-nan,63408128.0,63414272.0,58372.84806996458,63320064.0,63483904.0,240,0.30888860178934796,0.0009205893615084265
som-rs-bc-baseline,82994176.0,82993152.0,57269.71639882355,82915330.0,83075070.0,240,0.0,0.0006900450026616753
