exe,mean,median,std,min,max,n,pct_vs_baseline,cov
som-rs-bc-baseline,15085568.0,15085568.0,11548534.36604796,3682304.0,26488832.0,40,0.0,0.765535269606551
som-rs-bc-l3bits,57710591.0,57710591.0,43213668.799870044,15040512.0,100380670.0,40,-0.738599661888751,0.7487996232766018
som-rs-bc-l4bits,57710591.0,57710591.0,43213668.79987005,15040512.0,100380670.0,40,-0.738599661888751,0.7487996232766019
som-rs-bc-nan,58875904.0,58875904.0,44393827.14994442,15040512.0,102711296.0,40,-0.7437734798942535,0.7540237029726867
