exe,mean,median,std,min,max,n,pct_vs_baseline,cov
som-rs-bc-nan,5.676426666666667,5.685,0.0729341008243952,5.505,5.853,75,0.39863811036050856,0.012848593861465992
som-rs-bc-l3bits,5.691,5.636,0.23850089240016614,5.542,7.617,75,0.3950565219937916,0.041908433034645254
som-rs-bc-l4bits,5.747093333333333,5.713,0.249757567498009,5.546,7.653,75,0.38144035709645707,0.04345806706311985
som-rs-bc-baseline,7.939266666666668,7.843,0.385631645181987,7.742,10.686,75,0.0,0.04857270342122114
