exe,mean,median,std,min,max,n,pct_vs_baseline,cov
som-rs-bc-l4bits,18.429213333333333,18.313,0.6856102291435759,18.283,24.019,75,0.21970335503559202,0.03720236001085826
som-rs-bc-nan,18.754773333333333,18.692,0.23897045917928791,18.545,19.994,75,0.198530791805535,0.012741847365041713
som-rs-bc-l3bits,18.941773333333334,18.796,0.3782518670872048,18.729,21.196,75,0.18669846469848306,0.019969189812949834
som-rs-bc-baseline,22.478173333333334,22.401,0.4362972695163097,22.285,26.027,75,0.0,0.019409818718201435
