exe,mean,median,std,min,max,n,pct_vs_baseline,cov
som-rs-bc-l3bits,8.528026666666666,8.461,0.178497177911929,8.42,9.222,75,0.32958621142523015,0.02093065428718903
som-rs-bc-nan,8.554,8.533,0.10916402238734074,8.471,9.354,75,0.32554906086820967,0.01276175150658648
som-rs-bc-l4bits,8.577893333333334,8.553,0.06948061626119986,8.511,8.845,75,0.3218568040016039,0.008099962725253426
som-rs-bc-baseline,11.338746666666665,11.247,0.15484631381114955,11.185,11.752,75,0.0,0.013656387109023475
