exe,mean,median,std,min,max,n,pct_vs_baseline,cov
som-rs-bc-l4bits,5.792893333333333,5.792,0.020073226308055542,5.757,5.841,75,0.415166169122166,0.0034651468882657735
som-rs-bc-nan,5.84852,5.824,0.17219091855389024,5.738,7.125,75,0.4017061866363911,0.029441793574082033
som-rs-bc-l3bits,6.101426666666667,6.096,0.0469347371309308,6.074,6.495,75,0.3436048836665522,0.007692420100260288
som-rs-bc-baseline,8.197906666666666,8.039,0.5366631429574878,7.945,12.024,75,0.0,0.06546343655504185
