exe,mean,median,std,min,max,n,pct_vs_baseline,cov
som-rs-bc-nan,21.757600000000004,21.742,0.27646120885216463,21.495,22.163,5,0.17444938780012476,0.01270642023256998
som-rs-bc-l4bits,22.3842,22.4,0.15256539581438475,22.181,22.564,5,0.14157307386460105,0.006815762717201631
som-rs-bc-l3bits,23.834600000000002,23.777,0.26471361884119365,23.583,24.239,5,0.07210525874149343,0.011106274862644795
som-rs-bc-baseline,25.5532,25.45,0.31817715191383567,25.321,26.114,5,0.0,0.012451558001104975
