exe,mean,median,std,min,max,n,pct_vs_baseline,cov
som-rs-bc-nan,3659.1625999999997,3637.7884999999997,3797.5800999055,56.374,7339.863,10,0.2858671817426206,1.0378276439274658
som-rs-bc-l3bits,4031.3396000000002,3997.5625,4189.850109220302,56.283,8064.576,10,0.16715473437167128,1.0393195624651175
som-rs-bc-l4bits,4179.0013,4151.1195,4345.240262715951,55.937,8389.409,10,0.12591424654498184,1.0397795910510845
som-rs-bc-baseline,4705.197099999999,4665.589,4883.227833027488,72.217,9429.697,10,0.0,1.0378370404562836
