exe,mean,median,std,min,max,n,pct_vs_baseline,cov
som-rs-bc-l3bits,63.7298,63.447,0.7997922855341887,63.159,65.134,5,0.26599487210065,0.012549737886109618
som-rs-bc-nan,63.75039999999999,63.907,0.3419024714739538,63.208,64.017,5,0.2655857845597833,0.005363142372031451
som-rs-bc-l4bits,64.6032,63.953,1.1309196257913292,63.707,66.369,5,0.24887931247987716,0.017505628603402452
som-rs-bc-baseline,80.6816,80.541,0.5997135149385898,80.184,81.649,5,0.0,0.007433089018296486
