exe,mean,median,std,min,max,n,pct_vs_baseline,cov
som-rs-bc-nan,34.922000000000004,34.93,0.22048922876186164,34.629,35.246,5,0.310829849378615,0.006313762921993632
som-rs-bc-l3bits,35.666,35.591,0.25137223394798547,35.381,35.98,5,0.28348567262939506,0.007047951380810449
som-rs-bc-l4bits,35.794200000000004,35.698,0.2195203862970371,35.625,36.146,5,0.278888758513949,0.006132847955731294
som-rs-bc-baseline,45.7768,45.551,0.721424770852789,45.194,47.024,5,0.0,0.015759615588088048
