exe,mean,median,std,min,max,n,pct_vs_baseline,cov
som-rs-bc-nan,11837.975,8379.5,12391.35084932849,0.0,30279.0,40,0.7469478521453206,1.046745820068761
som-rs-bc-l3bits,11925.175,7921.5,12519.990689534301,0.0,30664.0,40,0.7341737123354586,1.049878990416015
som-rs-bc-l4bits,12188.675,8344.0,12758.510132029623,0.0,31417.0,40,0.6966836017860845,1.0467511958461133
som-rs-bc-baseline,20680.325,14850.0,21498.810574597745,0.0,50311.0,40,0.0,1.0395779841273163
