exe,mean,median,std,min,max,n,pct_vs_baseline,cov
som-rs-bc-l3bits,307.5733333333333,0.0,619.4047747272818,0.0,1594.0,75,0.004378359632391193,2.0138442042893248
som-rs-bc-baseline,308.92,0.0,622.2669488858264,0.0,1606.0,75,0.0,2.0143304055607483
som-rs-bc-l4bits,308.92,0.0,622.0804623371655,0.0,1583.0,75,0.0,2.0137267329313917
som-rs-bc-nan,310.76,0.0,625.8598375165291,0.0,1591.0,75,-0.005920967949542999,2.013965238500866
