exe,mean,median,std,min,max,n,pct_vs_baseline,cov
som-rs-bc-baseline,307.5733333333333,0.0,619.473646961095,0.0,1623.0,75,0.0,2.0140681256321367
som-rs-bc-l4bits,307.93333333333334,0.0,620.24374749473,0.0,1613.0,75,-0.001169084217363059,2.0142143780950312
som-rs-bc-l3bits,308.93333333333334,0.0,622.075587076069,0.0,1567.0,75,-0.004402244281398349,2.0136240410317297
som-rs-bc-nan,311.68,0.0,627.6356569203489,0.0,1601.0,75,-0.013175906913073243,2.013718098435411
