exe,mean,median,std,min,max,n,pct_vs_baseline,cov
som-rs-bc-nan,8011.8,7981.0,96.78171314871423,7909.0,8141.0,5,0.4978406849896402,0.012079896296551864
som-rs-bc-l3bits,8034.6,8017.0,55.17517557742795,7985.0,8126.0,5,0.4935902222886017,0.006867196323081168
som-rs-bc-l4bits,8067.6,8070.0,24.684002916869193,8038.0,8101.0,5,0.48748078734691846,0.003059646352926421
som-rs-bc-baseline,12000.4,11941.0,242.10493592655234,11743.0,12401.0,5,0.0,0.020174738835918166
