exe,mean,median,std,min,max,n,pct_vs_baseline,cov
som-rs-bc-l3bits,7929.2,7874.0,97.69953940526028,7864.0,8094.0,5,0.5040357160873732,0.012321487590836438
som-rs-bc-l4bits,8064.0,8049.0,31.50396800404683,8032.0,8111.0,5,0.47889384920634903,0.0039067420639939026
som-rs-bc-nan,8098.6,8108.0,154.458084929213,7867.0,8298.0,5,0.47257550687773175,0.019072195802881112
som-rs-bc-baseline,11925.8,11929.0,86.48525885953055,11825.0,12048.0,5,0.0,0.007251946105043733
