exe,mean,median,std,min,max,n,pct_vs_baseline,cov
som-rs-bc-l4bits,18850.1,18620.0,19870.762768169945,0.0,38012.0,10,0.7042986509355389,1.0541462787024973
som-rs-bc-nan,18931.4,18602.5,19960.58223488372,0.0,38851.0,10,0.6969796211584984,1.0543637678609992
som-rs-bc-l3bits,18982.9,18767.0,20011.568229124096,0.0,38553.0,10,0.6923757697717419,1.05418920339485
som-rs-bc-baseline,32126.2,31632.5,33867.32442865181,0.0,65085.0,10,0.0,1.054196401337594
