exe,mean,median,std,min,max,n,pct_vs_baseline,cov
som-rs-bc-l3bits,18943.0,18693.5,19970.384439631267,0.0,38674.0,10,0.696832603072375,1.0542355719596297
som-rs-bc-l4bits,18944.0,18633.5,19972.507270412163,0.0,38555.0,10,0.6967430320945944,1.0542919800682096
som-rs-bc-nan,19017.9,18695.0,20053.439513515437,0.0,39357.0,10,0.6901498062351783,1.0544507812910697
som-rs-bc-baseline,32143.1,31787.5,33884.41912492132,0.0,65143.0,10,0.0,1.0541739634609393
