exe,mean,median,std,min,max,n,pct_vs_baseline,cov
som-rs-bc-nan,12048.0,11819.5,12701.633998120958,0.0,24425.0,10,0.7765853253652057,1.0542524898838777
som-rs-bc-l4bits,12122.1,11961.0,12779.402563413432,0.0,24698.0,10,0.7657254106136724,1.054223489610994
som-rs-bc-l3bits,12140.0,11960.5,12797.556772030097,0.0,24530.0,10,0.7631219110378913,1.0541644787504199
som-rs-bc-baseline,21404.3,20898.5,22569.515000204243,0.0,43526.0,10,0.0,1.0544383605258871
