exe,mean,median,std,min,max,n,pct_vs_baseline,cov
som-rs-bc-nan,12017.5,11955.0,12667.742184602415,0.0,24146.0,10,0.7753858955689621,1.0541079413024685
som-rs-bc-l4bits,12048.3,11962.0,12700.547372718496,0.0,24290.0,10,0.770847339458679,1.0541360501247892
som-rs-bc-l3bits,12260.9,11821.5,12937.78815417157,0.0,25972.0,10,0.7401414251808596,1.055207052840458
som-rs-bc-baseline,21335.7,21151.5,22493.671638682932,0.0,43785.0,10,0.0,1.0542738995525307
