exe,mean,median,std,min,max,n,pct_vs_baseline,cov
som-rs-bc-nan,12121.6,11962.5,12780.79389987614,0.0,24941.0,10,0.7805487724392817,1.0543817565235727
som-rs-bc-l3bits,12194.7,12067.5,12856.426123840862,0.0,24985.0,10,0.7698754376901438,1.054263419669271
som-rs-bc-l4bits,12253.2,12143.0,12917.131912481362,0.0,24818.0,10,0.7614255867854924,1.0541843691836712
som-rs-bc-baseline,21583.1,21365.5,22751.490283056184,0.0,43556.0,10,0.0,1.0541344979662877
