exe,mean,median,std,min,max,n,pct_vs_baseline,cov
som-rs-bc-l4bits,12158.1,11938.0,12821.016534927676,0.0,25254.0,10,0.7832473824035007,1.0545246818933613
som-rs-bc-l3bits,12222.3,12078.0,12885.376224835485,0.0,24864.0,10,0.773880529851174,1.054251345887066
som-rs-bc-nan,12266.3,12030.5,12933.158100617016,0.0,25047.0,10,0.767517507316795,1.054365057157987
som-rs-bc-baseline,21680.9,21399.0,22856.309716963886,0.0,44116.0,10,0.0,1.054214064774243
