exe,mean,median,std,min,max,n,pct_vs_baseline,cov
som-rs-bc-nan,11046.4,10952.0,11644.555391541004,0.0,22361.0,10,0.82932901216686,1.0541493510592594
som-rs-bc-l3bits,11059.8,10951.0,11659.525784143672,0.0,22570.0,10,0.8271126060145755,1.0542257350172402
som-rs-bc-l4bits,11213.6,10928.0,11829.56063051841,0.0,23466.0,10,0.8020528643789684,1.054929784415211
som-rs-bc-baseline,20207.5,19792.0,21309.108345963235,0.0,41870.0,10,0.0,1.0545148259786334
