exe,mean,median,std,min,max,n,pct_vs_baseline,cov
som-rs-bc-nan,10998.4,10862.0,11594.074110893413,0.0,22206.0,10,0.8433954029677047,1.0541600697277251
som-rs-bc-l4bits,11069.7,10900.0,11672.79505754965,0.0,22961.0,10,0.8315220828026053,1.0544816081329802
som-rs-bc-l3bits,11102.3,10902.0,11704.093424951801,0.0,22433.0,10,0.8261441322969116,1.054204392328779
som-rs-bc-baseline,20274.4,20058.5,21373.4113390134,0.0,41241.0,10,0.0,1.0542068489826284
