exe,mean,median,std,min,max,n,pct_vs_baseline,cov
som-rs-bc-nan,306.52,0.0,617.3989108632562,0.0,1617.0,75,0.8699812954021489,2.014220640947593
som-rs-bc-l3bits,309.6533333333333,0.0,623.6062403977874,0.0,1605.0,75,0.851059249052704,2.0138851201271986
som-rs-bc-l4bits,309.9866666666667,0.0,624.2643344603945,0.0,1631.0,75,0.8490687771517051,2.01384253449738
som-rs-bc-baseline,573.1866666666666,0.0,711.4768745806592,0.0,1724.0,75,0.0,1.241265570112109
