exe,mean,median,std,min,max,n,pct_vs_baseline,cov
som-rs-bc-l3bits,304.7733333333333,0.0,613.7450957217683,0.0,1575.0,75,0.8706361011462072,2.013775578752849
som-rs-bc-l4bits,308.62666666666667,0.0,621.4979457541083,0.0,1591.0,75,0.8472804251090855,2.0137532264033404
som-rs-bc-nan,312.5733333333333,0.0,630.6315833145956,0.0,1886.0,75,0.8239559783304184,2.017547615432951
som-rs-bc-baseline,570.12,0.0,707.5474190966074,0.0,1611.0,75,0.0,1.2410499878913341
