exe,mean,median,std,min,max,n,pct_vs_baseline,cov
som-rs-bc-nan,296.6566666666667,0.0,601.6382084790622,0.0,1798.0,300,0.02652898412306004,2.0280623228167087
som-rs-bc-l3bits,299.39666666666665,0.0,608.3431465343715,0.0,2058.0,300,0.017134459301484162,2.031896858797264
som-rs-bc-l4bits,299.39666666666665,0.0,608.4802049821113,0.0,1999.0,300,0.017134459301484162,2.032354640940485
som-rs-bc-baseline,304.52666666666664,0.0,616.8978189448816,0.0,2278.0,300,0.0,2.025759601605382
