exe,mean,median,std,min,max,n,pct_vs_baseline,cov
som-rs-bc-nan,7562.35,7941.5,915.8712432490312,5552.0,8423.0,20,0.49618835414917317,0.12110934342486544
som-rs-bc-l3bits,7588.05,8019.5,957.1673381169537,5564.0,8481.0,20,0.4911209072159515,0.12614141157701303
som-rs-bc-l4bits,7653.6,8002.5,819.4926158107961,6111.0,8711.0,20,0.47835005748928605,0.1070728305386741
som-rs-bc-baseline,11314.7,11890.5,1235.8260437967467,8248.0,12560.0,20,0.0,0.10922304999661915
