exe,mean,median,std,min,max,n,pct_vs_baseline,cov
som-rs-bc-l4bits,11782.6,8097.5,12314.88863707625,0.0,29402.0,40,0.73008716242595,1.045175821726635
som-rs-bc-l3bits,11841.45,7965.5,12394.376570103816,0.0,29572.0,40,0.7214889223870387,1.0466941607745517
som-rs-bc-nan,11924.375,7729.5,12486.570013495424,0.0,31265.0,40,0.7095172702971853,1.047146706933942
som-rs-bc-baseline,20384.925,14614.0,21215.478134640525,0.0,50407.0,40,0.0,1.040743497199059
