exe,mean,median,std,min,max,n,pct_vs_baseline,cov
som-rs-bc-l3bits,10764.6,7180.0,11317.306105117203,0.0,27813.0,40,0.8102693086598667,1.0513447880197315
som-rs-bc-l4bits,10789.975,7177.5,11336.96646099919,0.0,27901.0,40,0.8060120621224793,1.0506944141204395
som-rs-bc-nan,10846.475,7618.5,11322.401154207304,0.0,27268.0,40,0.7966044267838168,1.0438784171085356
som-rs-bc-baseline,19486.825,13992.5,20202.725510324413,0.0,46412.0,40,0.0,1.0367376681590978
