exe,mean,median,std,min,max,n,pct_vs_baseline,cov
som-rs-bc-l3bits,291.4266666666667,0.0,592.3339341853662,0.0,1842.0,300,0.8467081484192704,2.032531686137277
som-rs-bc-nan,291.58,0.0,593.2235025800798,0.0,1832.0,300,0.8457370189999314,2.03451369291474
som-rs-bc-l4bits,302.9033333333333,0.0,613.61204338587,0.0,1931.0,300,0.7767384534119797,2.0257685401917116
som-rs-bc-baseline,538.18,0.0,677.3073342410536,0.0,1892.0,300,0.0,1.2585145011725698
