exe,mean,median,std,min,max,n,pct_vs_baseline,cov
som-rs-bc-l3bits,7.952,7.098,3.4099416417293713,4.34,12.866,5,0.2332243460764587,0.4288155988090256
som-rs-bc-l4bits,8.9488,10.127,1.9997261562524005,6.256,10.679,5,0.09585642767745384,0.22346305161054
som-rs-bc-nan,9.7744,9.66,2.0238365299598686,6.77,12.372,5,0.0032943198559503006,0.2070548094982678
som-rs-bc-baseline,9.8066,9.039,3.170197202068036,6.761,15.194,5,0.0,0.32327179675606593
