exe,mean,median,std,min,max,n,pct_vs_baseline,cov
som-rs-bc-l4bits,1781.2597999999998,1810.306,162.10621771758176,1608.473,1937.961,5,0.19156093906121963,0.09100649872499328
som-rs-bc-nan,1799.0428,1788.655,71.82421316798396,1726.999,1873.356,5,0.17978271556407677,0.03992357111680943
som-rs-bc-l3bits,1977.1508000000001,1938.927,79.81903905836006,1893.461,2080.186,5,0.07350415557579115,0.04037073907481415
som-rs-bc-baseline,2122.4796,2091.06,96.0807273354026,2043.073,2283.48,5,0.0,0.04526815114519951
