exe,mean,median,std,min,max,n,pct_vs_baseline,cov
som-rs-bc-l4bits,14.153,15.809,3.524385974889811,10.404,18.047,5,0.050547587084010415,0.24902041792480825
som-rs-bc-nan,14.4462,12.183,4.968097543325816,9.789,21.485,5,0.02922567872520121,0.34390341704571553
som-rs-bc-baseline,14.8684,14.748,2.9246984118024884,11.164,19.184,5,0.0,0.19670565843012622
som-rs-bc-l3bits,15.990199999999998,16.749,4.063576343567326,10.531,21.023,5,-0.07015547022551305,0.2541291755930086
