exe,mean,median,std,min,max,n,pct_vs_baseline,cov
som-rs-bc-l4bits,36.882600000000004,38.016,3.25056253593128,33.203,40.822,5,0.18334390742518147,0.08813268413645675
som-rs-bc-nan,38.431799999999996,40.3,5.64465164558452,32.626,45.667,5,0.13564287907410022,0.14687450615335532
som-rs-bc-l3bits,42.4814,41.691,3.3518118682288836,38.817,46.811,5,0.027386103094530823,0.07890069226129279
som-rs-bc-baseline,43.644800000000004,43.003,1.7192567289384104,42.06,45.898,5,0.0,0.03939201758143949
