exe,mean,median,std,min,max,n,pct_vs_baseline,cov
som-rs-bc-nan,31.9758,31.594,0.9206547670000975,31.133,33.34,5,0.18363887690065606,0.028792235596923222
som-rs-bc-l3bits,32.3084,31.748,2.2694519823076225,29.92,35.857,5,0.17145386339156388,0.07024340364448944
som-rs-bc-l4bits,34.5476,35.687,3.4783791915200983,30.439,39.026,5,0.0955261725850709,0.1006836709791736
som-rs-bc-baseline,37.8478,37.432,4.335600385183118,31.629,43.539,5,0.0,0.114553564148593
