exe,mean,median,std,min,max,n,pct_vs_baseline,cov
som-rs-bc-nan,12.4336,14.055,2.834363914531794,9.303,15.074,5,0.21893900398919053,0.2279600368784418
som-rs-bc-l4bits,12.8336,12.951,3.454073580571207,9.22,18.314,5,0.1809468894152848,0.2691429981120813
som-rs-bc-baseline,15.1558,15.296,0.8668083409843268,13.847,15.96,5,0.0,0.05719317627471508
som-rs-bc-l3bits,18.2758,17.582,3.9283330688728517,13.75,23.551,5,-0.17071756092756551,0.21494725641957407
