exe,mean,median,std,min,max,n,pct_vs_baseline,cov
som-rs-bc-nan,18.5754,18.309,0.5575942072869852,18.078,19.332,5,0.24024247122538434,0.03001788426020356
som-rs-bc-l3bits,20.944200000000002,21.487,5.971499870216863,12.808,29.231,5,0.09997039753249104,0.28511472723793996
som-rs-bc-baseline,23.038,21.621,5.2463675052363605,18.253,31.243,5,0.0,0.22772669091224762
som-rs-bc-l4bits,24.290399999999998,26.568,5.5722520851088575,17.751,30.125,5,-0.051559463821097995,0.2294014131141874
