exe,mean,median,std,min,max,n,pct_vs_baseline,cov
som-rs-bc-l4bits,236.73333333333332,0.0,480.3786044398768,0.0,1459.0,75,0.09304421289777531,2.0291971463244587
som-rs-bc-nan,245.10666666666665,0.0,501.3312432868068,0.0,1607.0,75,0.05570363923189903,2.045359475956618
som-rs-bc-l3bits,250.37333333333333,0.0,529.3332311026294,0.0,2406.0,75,0.033496645010118176,2.114175755282629
som-rs-bc-baseline,258.76,0.0,525.9727369360508,0.0,1581.0,75,0.0,2.0326663198950796
