rank,exe,geo_mean_speedup_vs_baseline,median_speedup_vs_baseline,win_rate
1,som-rs-bc-nan,1.2631295560744686,1.2742863800907864,0.4883720930232558
2,som-rs-bc-l4bits,1.2492772696745484,1.2489519008415186,0.32558139534883723
3,som-rs-bc-l3bits,1.2465849878532274,1.251971412856925,0.18604651162790697
4,som-rs-bc-baseline,1.0,1.0,0.0
