exe,mean,median,std,min,max,n,pct_vs_baseline,cov
som-rs-bc-l4bits,3.9086,3.635,0.6313883907706888,3.59,5.037,5,0.1048968940285524,0.16153824662812485
som-rs-bc-nan,4.0578,3.605,1.0278748464672143,3.572,5.896,5,0.06427128000394289,0.25330840516220965
som-rs-bc-l3bits,4.088,3.611,1.0839893910919973,3.592,6.027,5,0.0564090019569472,0.26516374537475473
som-rs-bc-baseline,4.3186,4.036,0.649635898022885,3.991,5.48,5,0.0,0.15042742972789447
