exe,mean,median,std,min,max,n,pct_vs_baseline,cov
som-rs-bc-l4bits,11.520199999999999,11.537,0.04658540543990193,11.468,11.58,5,0.21970104685682545,0.004043801795099211
som-rs-bc-nan,11.5732,11.54,0.10893438391986277,11.44,11.688,5,0.21411536999274183,0.009412641613370784
som-rs-bc-l3bits,11.5952,11.608,0.043688671300464096,11.541,11.64,5,0.21181178418655988,0.0037678238668124825
som-rs-bc-baseline,14.0512,14.059,0.060168097859247795,13.991,14.135,5,0.0,0.0042820611662525475
