exe,mean,median,std,min,max,n,pct_vs_baseline,cov
som-rs-bc-nan,11.817,11.812,0.014645818515877014,11.805,11.842,5,0.07121942963527128,0.0012393855052785828
som-rs-bc-baseline,12.6586,12.676,0.09353502017961068,12.5,12.736,5,0.0,0.007389049356138174
som-rs-bc-l4bits,15.393799999999999,15.392,0.03376684764676727,15.35,15.438,5,-0.17768192389143678,0.002193535556312754
som-rs-bc-l3bits,16.6272,16.622,0.04117887808088014,16.581,16.694,5,-0.23868119707467272,0.0024765972671814945
