exe,mean,median,std,min,max,n,pct_vs_baseline,cov
som-rs-bc-nan,7.7288,7.719,0.045029990006660976,7.686,7.805,5,0.014931166545906205,0.00582625892850908
som-rs-bc-baseline,7.844199999999999,7.834,0.05759079787604975,7.795,7.938,5,0.0,0.007341831910972408
som-rs-bc-l4bits,10.6632,10.65,0.0740047295785886,10.587,10.784,5,-0.26436716933003235,0.0069401989626555445
som-rs-bc-l3bits,11.1054,11.074,0.07589993412381914,11.017,11.188,5,-0.29365894069551757,0.006834507007745704
