exe,mean,median,std,min,max,n,pct_vs_baseline,cov
som-rs-bc-l3bits,5.0,5.0,5.270462766947299,0.0,10.0,10,0.8,1.0540925533894598
som-rs-bc-l4bits,5.0,5.0,5.270462766947299,0.0,10.0,10,0.8,1.0540925533894598
som-rs-bc-nan,5.0,5.0,5.270462766947299,0.0,10.0,10,0.8,1.0540925533894598
som-rs-bc-baseline,9.0,9.0,9.486832980505138,0.0,18.0,10,0.0,1.0540925533894598
