exe,mean,median,std,min,max,n,pct_vs_baseline,cov
som-rs-bc-nan,5.631026666666667,5.619,0.07745268360875691,5.511,5.888,75,0.397736824782692,0.013754629163318396
som-rs-bc-l3bits,5.660106666666667,5.617,0.25244403036805707,5.505,7.674,75,0.3905556550171021,0.04460057826378839
som-rs-bc-l4bits,5.851013333333333,5.855,0.08736912889965567,5.677,6.054,75,0.3451846517754189,0.014932307264095964
som-rs-bc-baseline,7.8706933333333335,7.848,0.08033106721786,7.793,8.417,75,0.0,0.010206352072904209
