exe,mean,median,std,min,max,n,pct_vs_baseline,cov
som-rs-bc-nan,1271.03305,1675.641,747.1662888960407,10.787,1793.772,20,0.25112911108015634,0.587841747227612
som-rs-bc-l4bits,1310.39715,1727.083,770.1982595523035,11.039,1832.102,20,0.21354541254916493,0.5877594129018852
som-rs-bc-l3bits,1353.47505,1786.2469999999998,795.4890528966228,11.261,1878.231,20,0.17492114095490696,0.58773824674243
som-rs-bc-baseline,1590.2264499999999,2093.2619999999997,934.492497950089,13.566,2218.348,20,0.0,0.5876474372251129
