exe,mean,median,std,min,max,n,pct_vs_baseline,cov
som-rs-bc-nan,10.019639999999999,10.013,0.029465343820944727,9.997,10.181,75,0.3436450810607967,0.002940758731944933
som-rs-bc-l4bits,10.588666666666667,10.629,0.22420871871885226,10.22,10.944,75,0.27143864509223703,0.021174405218049384
som-rs-bc-l3bits,10.870533333333332,10.836,0.20137556236325418,10.821,12.523,75,0.23847097351862545,0.018524901786166965
som-rs-bc-baseline,13.46284,13.381,0.6425509768398443,13.311,18.928,75,0.0,0.04772774368854152
