exe,mean,median,std,min,max,n,pct_vs_baseline,cov
som-rs-bc-l4bits,5.829626666666666,5.823,0.07597257210146109,5.763,6.46,75,0.4090553540306756,0.013032150503884943
som-rs-bc-nan,5.868893333333333,5.831,0.2672874539948763,5.77,8.111,75,0.3996278685135415,0.04554307580899005
som-rs-bc-l3bits,6.07144,6.073,0.010916439375943499,6.042,6.099,75,0.3529354925135828,0.0017979983950995972
som-rs-bc-baseline,8.214266666666667,8.163,0.46282742488450823,7.928,12.02,75,0.0,0.05634433890034917
