exe,mean,median,std,min,max,n,pct_vs_baseline,cov
som-rs-bc-l3bits,6.720853333333333,6.677,0.28808917037974546,6.633,9.1,75,0.7305481050025395,0.04286496908821283
som-rs-bc-nan,6.739506666666667,6.724,0.06041419497895295,6.651,7.063,75,0.7257583641136938,0.00896418654465603
som-rs-bc-l4bits,6.848733333333333,6.787,0.33365224384052905,6.741,9.595,75,0.6982351967760465,0.04871736532894585
som-rs-bc-baseline,11.63076,11.546,0.3441918399711163,11.491,13.902,75,0.0,0.029593237240826593
