exe,mean,median,std,min,max,n,pct_vs_baseline,cov
som-rs-bc-l4bits,6.278253333333333,6.27,0.06591847818150678,6.214,6.789,75,0.5620013209618813,0.010499493200047167
som-rs-bc-l3bits,6.3979333333333335,6.347,0.3277735842354027,6.308,9.134,75,0.5327824610030321,0.051231165934114566
som-rs-bc-nan,6.801613333333333,6.795,0.03129368010340754,6.776,6.967,75,0.44181086448117224,0.004600920189044492
som-rs-bc-baseline,9.80664,9.665,0.9759070297988487,9.588,18.035,75,0.0,0.09951492354148299
