exe,mean,median,std,min,max,n,pct_vs_baseline,cov
som-rs-bc-nan,3751.80795,4921.0055,2108.291373045343,192.808,5134.008,20,0.3061185074785078,0.5619401102461395
som-rs-bc-l4bits,3988.7396500000004,5232.8405,2237.968458238768,205.841,5342.599,20,0.22853488319299053,0.561071580151582
som-rs-bc-l3bits,4042.22195,5301.329,2270.426154112981,207.496,5411.839,20,0.2122802410689002,0.5616777559958035
som-rs-bc-baseline,4900.3058,6425.4555,2741.909033202205,268.693,6533.885,20,0.0,0.5595383523212378
