exe,mean,median,std,min,max,n,pct_vs_baseline,cov
som-rs-bc-l4bits,16.26276,16.197,0.3569648646500019,16.161,19.075,75,0.27034525504895845,0.021949832909666126
som-rs-bc-nan,16.579066666666666,16.524,0.27255980416570397,16.488,18.774,75,0.2461087475772663,0.016439996873509406
som-rs-bc-l3bits,16.733293333333336,16.658,0.44918703662714277,16.573,20.477,75,0.23462366842311155,0.026843910979098516
som-rs-bc-baseline,20.65932,20.599,0.17296954582753424,20.516,21.604,75,0.0,0.008372470431143631
