exe,mean,median,std,min,max,n,pct_vs_baseline,cov
som-rs-bc-nan,34.4132,34.414,0.013700364958643407,34.394,34.427,5,0.23477037880813145,0.0003981136586729338
som-rs-bc-l3bits,34.7038,34.675,0.07827962697918027,34.648,34.842,5,0.2244307539808319,0.0022556500146721763
som-rs-bc-l4bits,35.1206,35.121,0.008619744775803639,35.107,35.128,5,0.20989960308195177,0.00024543273109809164
som-rs-bc-baseline,42.492399999999996,42.391,0.23128726726734844,42.317,42.873,5,0.0,0.00544302668871018
