exe,mean,median,std,min,max,n,pct_vs_baseline,cov
som-rs-bc-l3bits,46.8731,54.183,13.595820166119939,20.919,55.085,20,0.3073425909530201,0.290055920477202
som-rs-bc-l4bits,47.18245,53.737,12.269039127113073,24.192,55.388,20,0.29877104728559023,0.2600339559966274
som-rs-bc-nan,48.90695,55.223,11.71394915418545,24.417,56.111,20,0.25297529287759724,0.2395150209568466
som-rs-bc-baseline,61.2792,70.338,17.898652267992862,27.324,76.229,20,0.0,0.2920836477629091
