exe,mean,median,std,min,max,n,pct_vs_baseline,cov
som-rs-bc-l3bits,30.333199999999998,34.6865,8.624062228805858,14.074,36.547,20,0.3291311170598554,0.2843109935254394
som-rs-bc-l4bits,31.2469,34.361999999999995,7.04540694652234,13.791,36.799,20,0.2902655943469592,0.22547538944734807
som-rs-bc-nan,31.2659,35.046499999999995,6.837558119833806,16.649,35.928,20,0.2894815118067928,0.218690590062458
som-rs-bc-baseline,40.3168,45.5605,10.080952234679751,20.061,47.794,20,0.0,0.25004346165072006
