exe,mean,median,std,min,max,n,pct_vs_baseline,cov
som-rs-bc-l4bits,3815.1855499999997,4503.7744999999995,1257.5273250045093,1686.542,4620.648,20,0.2315192900644112,0.3296110526012318
som-rs-bc-l3bits,3838.7799,4497.9055,1293.3296557268839,1668.378,5326.693,20,0.22394998473343053,0.33691164625689635
som-rs-bc-nan,3959.88785,4672.2935,1326.3666541779412,1717.279,4910.461,20,0.18651708785136423,0.334950560324061
som-rs-bc-baseline,4698.4746,5575.1525,1601.6030553090895,1979.246,5667.022,20,0.0,0.3408772403088206
