exe,mean,median,std,min,max,n,pct_vs_baseline,cov
som-rs-bc-nan,4577.3541,1988.4904999999999,5099.196396374834,2.75,10934.976,40,0.2669682906987687,1.114005227687068
som-rs-bc-l3bits,4934.9776,2121.3044999999997,5508.552721453179,2.857,12108.021,40,0.1751547767916921,1.1162264893468168
som-rs-bc-l4bits,5058.6546,2160.788,5651.342659606929,3.146,12485.861,40,0.14642389302483716,1.117163180029514
som-rs-bc-baseline,5799.3625,2505.3305,6463.24089845638,4.318,14215.005,40,0.0,1.1144743751500927
