exe,mean,median,std,min,max,n,pct_vs_baseline,cov
som-rs-bc-l3bits,38.2548,44.200500000000005,11.579747327486078,16.708,46.286,20,0.4853286384976525,0.3027005062759726
som-rs-bc-l4bits,38.677299999999995,43.491,9.510054546857793,16.883,44.793,20,0.4691033241720599,0.24588206898769546
som-rs-bc-nan,52.3269,60.587999999999994,14.879882434099791,22.92,61.982,20,0.08588412460894879,0.2843639205475538
som-rs-bc-baseline,56.82095,66.09899999999999,17.290292111851606,24.255,67.755,20,0.0,0.30429431594951517
