exe,mean,median,std,min,max,n,pct_vs_baseline,cov
som-rs-bc-nan,36.3949,40.921,8.715229760536857,18.858,42.987,20,0.30567057472338166,0.23946294015196792
som-rs-bc-l4bits,36.471199999999996,40.983,8.963184676042445,16.602,43.023,20,0.3029390313452809,0.24576061868110854
som-rs-bc-l3bits,36.58345,40.809,8.268560820965154,19.596,42.546,20,0.2989411878868724,0.2260191649766535
som-rs-bc-baseline,47.51975,54.035,13.606304389684103,21.713,60.166,20,0.0,0.28632946069127263
