exe,mean,median,std,min,max,n,pct_vs_baseline,cov
som-rs-bc-nan,2941.8442999999997,1288.8329999999999,3247.7768637216213,16.024,7083.718,40,0.2663837528723054,1.1039934587026314
som-rs-bc-l3bits,3159.900975,1370.018,3495.3010989269324,15.426,7686.026,40,0.17899385280578284,1.1061426059172415
som-rs-bc-l4bits,3265.2151000000003,1413.9615,3615.05606300108,15.361,7951.439,40,0.14096735158427975,1.1071417815632054
som-rs-bc-baseline,3725.503825,1632.3345,4111.926545522857,20.857,8979.94,40,0.0,1.1037236139524986
