exe,mean,median,std,min,max,n,pct_vs_baseline,cov
som-rs-bc-l3bits,54.1536,63.004999999999995,16.122717945087363,25.239,65.134,20,0.27938216480529476,0.29772199715415715
som-rs-bc-nan,54.85045,63.312,16.206934102333125,25.698,68.607,20,0.2631281967604642,0.2954749523902379
som-rs-bc-l4bits,55.13285,63.4985,15.498526976780731,26.77,66.369,20,0.2566582355165752,0.28111238538876065
som-rs-bc-baseline,69.28315,80.19999999999999,21.05799766378311,31.445,89.836,20,0.0,0.303941112143185
