exe,mean,median,std,min,max,n,pct_vs_baseline,cov
som-rs-bc-l4bits,31.1672,35.446,7.906817695075427,14.556,36.146,20,0.2807871736954233,0.2536903441783486
som-rs-bc-nan,31.3262,34.914,6.869851539037875,15.935,36.39,20,0.27428638009078643,0.21930050689320363
som-rs-bc-l3bits,31.53555,35.382000000000005,7.220284776968726,16.727,35.98,20,0.2658269793930974,0.2289569954216345
som-rs-bc-baseline,39.918549999999996,45.2235,10.27219590870628,19.47,47.578,20,0.0,0.25732888365700357
