exe,mean,median,std,min,max,n,pct_vs_baseline,cov
som-rs-bc-nan,33.464999999999996,33.492,0.09939567395012729,33.359,33.579,5,0.29526370835200977,0.0029701381727215686
som-rs-bc-l4bits,33.9136,33.816,0.3620763731590352,33.519,34.502,5,0.2781303076052086,0.010676435800358415
som-rs-bc-l3bits,35.8278,33.897,3.9470902827272627,33.614,42.809,5,0.20984263616521237,0.11016836877305507
som-rs-bc-baseline,43.346000000000004,43.432,0.3969735507562177,42.944,43.858,5,0.0,0.009158251067139245
