exe,mean,median,std,min,max,n,pct_vs_baseline,cov
som-rs-bc-nan,116.24659999999999,115.994,0.700924960320288,115.76,117.476,5,0.29309072265339386,0.006029638374974305
som-rs-bc-l4bits,117.306,117.132,0.8864617871064736,116.114,118.477,5,0.28141271546212465,0.0075568324476708235
som-rs-bc-l3bits,121.3432,121.534,1.2282071079423018,119.554,122.842,5,0.23877893446027465,0.010121762966052501
som-rs-bc-baseline,150.3174,150.196,1.19471599135525,148.735,151.503,5,0.0,0.007947955402070885
