exe,mean,median,std,min,max,n,pct_vs_baseline,cov
som-rs-bc-nan,5437.0694,5400.2705,5724.509390821815,6.463,10974.828,10,0.292731595443678,1.052866713605277
som-rs-bc-l4bits,5903.6108,5869.969,6216.262912205761,6.449,11909.773,10,0.19057160746436752,1.0529594722277018
som-rs-bc-l3bits,5949.1501,5906.039,6264.138840934367,6.644,12006.721,10,0.18145807079233078,1.052946847136092
som-rs-bc-baseline,7028.671400000001,6841.058,7412.532403448848,9.087,15233.877,10,0.0,1.054613593608722
