exe,mean,median,std,min,max,n,pct_vs_baseline,cov
som-rs-bc-nan,3479.1949999999997,3450.74,3628.549556127596,36.845,6966.318,10,0.2650022203411997,1.0429279060609125
som-rs-bc-l4bits,3791.1108,3746.5285,3956.3924338164384,37.834,7593.749,10,0.16092344227976674,1.0435971520052747
som-rs-bc-l3bits,3809.2978000000003,3763.8745,3975.662216479715,37.835,7662.338,10,0.15538076335223772,1.0436732503506854
som-rs-bc-baseline,4401.1894,4372.1975,4586.961142561458,49.695,8883.381,10,0.0,1.04220944060291
