exe,mean,median,std,min,max,n,pct_vs_baseline,cov
som-rs-bc-l3bits,25.165,25.166,0.13497407158413763,25.032,25.38,5,0.2988913173057819,0.0053635633452866135
som-rs-bc-l4bits,25.5978,25.449,0.3667604122584648,25.265,26.197,5,0.27693004867605797,0.014327809900009564
som-rs-bc-nan,26.223400000000005,25.91,0.7098639306233273,25.864,27.492,5,0.24646689597840066,0.027069866250117345
som-rs-bc-baseline,32.6866,32.745,0.17594970872382662,32.458,32.871,5,0.0,0.005382930886780106
