exe,mean,median,std,min,max,n,pct_vs_baseline,cov
som-rs-bc-nan,21.6464,21.567,0.1755813201909586,21.494,21.845,5,0.18346699682164247,0.008111340462661624
som-rs-bc-baseline,25.6178,25.614,0.2610032566846614,25.375,26.002,5,0.0,0.010188355623225313
som-rs-bc-l4bits,34.2964,34.401,0.2660062029351956,33.998,34.619,5,-0.2530469670286094,0.00775609693539834
som-rs-bc-l3bits,36.987,36.869,0.37666629793492246,36.683,37.616,5,-0.3073836753453917,0.010183748288180238
