exe,mean,median,std,min,max,n,pct_vs_baseline,cov
som-rs-bc-l4bits,3.454066666666667,3.05,0.9686335085438011,2.743,7.375,75,0.09606068209453578,0.2804327773669108
som-rs-bc-nan,3.679693333333333,3.152,1.1566504526215122,2.656,7.893,75,0.028853853763176174,0.3143333826609226
som-rs-bc-baseline,3.7858666666666667,3.524,1.1190339382498435,2.846,9.107,75,0.0,0.29558197284193233
som-rs-bc-l3bits,4.1007066666666665,3.284,1.4735935463416703,2.701,8.426,75,-0.0767770107916359,0.3593511231417846
