exe,mean,median,std,min,max,n,pct_vs_baseline,cov
som-rs-bc-l3bits,3.46904,3.06,0.9426842129819539,2.721,6.719,75,0.260610043893027,0.27174209953818745
som-rs-bc-nan,3.7986400000000002,3.31,1.1567640400376926,2.702,7.427,75,0.151229562861094,0.30452057579494046
som-rs-bc-l4bits,4.055746666666667,3.416,1.4724062131682876,2.771,8.061,75,0.07824946331296156,0.3630419585300251
som-rs-bc-baseline,4.373106666666667,3.916,1.282901889755697,3.213,10.306,75,0.0,0.29336167341501623
