exe,mean,median,std,min,max,n,pct_vs_baseline,cov
som-rs-bc-l3bits,3.812413333333333,3.333,1.2675908847775652,2.825,8.194,75,0.3516862459824224,0.3324904132756413
som-rs-bc-nan,3.8402133333333337,3.413,1.0411728871330164,2.798,7.358,75,0.3419011443808675,0.27112371026254173
som-rs-bc-l4bits,4.0572799999999996,3.477,1.284326751385458,2.872,7.746,75,0.27010870994032143,0.3165487103146586
som-rs-bc-baseline,5.153186666666667,4.641,1.7142918772368843,3.954,13.363,75,0.0,0.3326663651300977
