exe,mean,median,std,min,max,n,pct_vs_baseline,cov
som-rs-bc-nan,3.7575600000000002,3.319,1.0882452555450064,2.853,7.255,75,0.43152826124754706,0.2896148712315988
som-rs-bc-l4bits,3.855493333333333,3.404,1.1625104169638867,2.884,7.84,75,0.39516603149791485,0.30152053614337815
som-rs-bc-l3bits,4.2191600000000005,3.632,1.4264122924695048,2.788,7.992,75,0.2749109617396195,0.3380796870631843
som-rs-bc-baseline,5.379053333333333,4.962,1.3784178542448222,4.064,11.471,75,0.0,0.2562565880696769
