exe,mean,median,std,min,max,n,pct_vs_baseline,cov
som-rs-bc-l3bits,3.8580533333333333,3.212,1.338479107584964,2.766,7.995,75,0.09590674398833277,0.34693120906872654
som-rs-bc-nan,3.9115066666666665,3.372,1.339398386260457,2.816,7.902,75,0.08093045135207921,0.3424251830310376
som-rs-bc-l4bits,4.0241999999999996,3.482,1.320462326897953,2.867,8.242,75,0.050660172622301936,0.32813039284775936
som-rs-bc-baseline,4.228066666666667,4.033,0.9226494947107979,3.274,8.192,75,0.0,0.21822018606868337
