exe,mean,median,std,min,max,n,pct_vs_baseline,cov
som-rs-bc-l3bits,18.9,17.568,1.9474731063611623,17.484,21.733,5,0.7714497354497354,0.1030409050984742
som-rs-bc-l4bits,25.1954,25.141,5.334294498806755,20.044,32.374,5,0.3288298657691482,0.21171699988119874
som-rs-bc-nan,29.402800000000003,28.157,6.2405903727131475,23.273,39.843,5,0.1386806698681755,0.21224476487658137
som-rs-bc-baseline,33.480399999999996,33.288,5.945821288938982,26.434,42.676,5,0.0,0.1775911067053853
