exe,mean,median,std,min,max,n,pct_vs_baseline,cov
som-rs-bc-l4bits,6.26116,5.894,1.0349324438064753,5.53,9.772,75,0.4582324468096435,0.1652940419676985
som-rs-bc-l3bits,6.342146666666666,5.716,1.00173227924395,5.582,9.561,75,0.43961140392001874,0.15794845687011602
som-rs-bc-nan,8.048813333333333,7.613,1.7268869874393598,6.576,15.972,75,0.13435686585683038,0.21455175016764705
som-rs-bc-baseline,9.130226666666667,8.991,1.5920049535891065,7.324,14.721,75,0.0,0.1743664217451819
