exe,mean,median,std,min,max,n,pct_vs_baseline,cov
som-rs-bc-baseline,62.013333333333335,0.0,125.22428455152556,0.0,364.0,75,0.0,2.019312264322601
som-rs-bc-nan,64.92,0.0,131.2698643912505,0.0,379.0,75,-0.044773054015198155,2.0220250214302298
som-rs-bc-l4bits,65.28,0.0,131.886679449504,0.0,384.0,75,-0.05004084967320255,2.0203229082338234
som-rs-bc-l3bits,66.69333333333333,0.0,135.04143241416122,0.0,381.0,75,-0.07017193122750887,2.0248115615877835
