exe,mean,median,std,min,max,n,pct_vs_baseline,cov
som-rs-bc-l3bits,4844.2,4808.0,5106.543009817024,0.0,9818.0,10,0.6738367532306675,1.054156106233645
som-rs-bc-l4bits,4970.5,4955.5,5239.383853724278,0.0,9963.0,10,0.6313046977165275,1.0540959367718092
som-rs-bc-nan,5006.1,4834.5,5279.209693589457,0.0,10209.0,10,0.6197039611673756,1.0545553811528847
som-rs-bc-baseline,8108.4,8071.0,8547.1168654179,0.0,16279.0,10,0.0,1.0541064655687806
