exe,mean,median,std,min,max,n,pct_vs_baseline,cov
som-rs-bc-l3bits,3063.2,2987.5,3229.8111331091104,0.0,6294.0,10,0.7949529903369028,1.0543912030259568
som-rs-bc-nan,3117.9,3080.0,3286.8030211742234,0.0,6325.0,10,0.7634625869976588,1.0541720456634989
som-rs-bc-l4bits,3195.6,3128.5,3369.5464647008175,0.0,6553.0,10,0.7205845537614222,1.0544331157531661
som-rs-bc-baseline,5498.3,5419.0,5796.959069680893,0.0,11261.0,10,0.0,1.0543184383683852
