exe,mean,median,std,min,max,n,pct_vs_baseline,cov
som-rs-bc-baseline,34568192.0,34568192.0,31667166.547292124,4526080.0,64610304.0,10,0.0,0.9160781838775983
som-rs-bc-l3bits,71399424.0,71399424.0,72528583.7132302,2592768.0,140206080.0,10,-0.5158477468949889,1.0158146893906341
som-rs-bc-l4bits,71399424.0,71399424.0,72528583.7132302,2592768.0,140206080.0,10,-0.5158477468949889,1.0158146893906341
som-rs-bc-nan,73207809.0,73207809.0,74434788.8753914,2592768.0,143822850.0,10,-0.5278073135613169,1.0167602321685572
