exe,mean,median,std,min,max,n,pct_vs_baseline,cov
som-rs-bc-l4bits,31.024900000000002,35.022,7.414968650961163,16.778,36.4,20,0.3058446602567615,0.23900056570564812
som-rs-bc-l3bits,32.48715,35.215999999999994,5.8117832780526655,19.08,38.417,20,0.24706845629733598,0.17889483312794952
som-rs-bc-nan,32.561400000000006,34.9375,5.772819063234364,17.123,36.305,20,0.24422475692077095,0.17729025973190227
som-rs-bc-baseline,40.5137,45.7775,9.9984645352753,21.151,46.888,20,0.0,0.2467921847492404
