exe,mean,median,std,min,max,n,pct_vs_baseline,cov
som-rs-bc-l4bits,3829.5860000000002,4443.299999999999,1136.2337825646434,1748.49,4552.638,20,0.24239300279455778,0.29669885532395496
som-rs-bc-l3bits,3901.5119,4439.969499999999,1119.5170860270107,1836.244,5045.827,20,0.2194890011741346,0.2869444242953637
som-rs-bc-nan,4023.4574000000002,4674.0985,1243.1550502380458,1721.933,4877.028,20,0.18252795468892002,0.30897681437811314
som-rs-bc-baseline,4757.85085,5577.647,1497.8016313744017,1989.278,5707.729,20,0.0,0.31480634399760593
