exe,mean,median,std,min,max,n,pct_vs_baseline,cov
som-rs-bc-l3bits,6.4224000000000006,6.62,1.3777406141941233,3.247,9.803,20,0.2660454035874438,0.21452114695349453
som-rs-bc-nan,6.5357,6.4815000000000005,1.2824150777259862,2.845,10.014,20,0.24409780130666947,0.19621694351423508
som-rs-bc-l4bits,6.6215,6.7295,0.8238210395851505,3.472,7.835,20,0.22797704447632716,0.1244160748448464
som-rs-bc-baseline,8.13105,9.0125,1.8623709414840566,3.767,9.245,20,0.0,0.22904433517000344
