exe,mean,median,std,min,max,n,pct_vs_baseline,cov
som-rs-bc-l3bits,63.4596,69.818,12.04608850426692,37.467,71.093,20,0.3311390238829113,0.1898229504167521
som-rs-bc-nan,63.681200000000004,69.67150000000001,12.222005394068173,37.435,71.979,20,0.3265068811517371,0.19192485999114609
som-rs-bc-l4bits,74.7624,81.405,17.45893251213138,41.366,89.272,20,0.1298935026162884,0.23352557585271982
som-rs-bc-baseline,84.47355,96.55199999999999,23.168183404413178,37.369,102.492,20,0.0,0.27426553524047675
