exe,mean,median,std,min,max,n,pct_vs_baseline,cov
som-rs-bc-nan,33.42435,37.182500000000005,8.754625197273546,13.106,41.247,20,0.10151132333164314,0.26192357360049023
som-rs-bc-baseline,36.8173,41.917,11.508880095958856,13.779,46.191,20,0.0,0.3125943536315497
som-rs-bc-l4bits,51.64125,58.668,13.42783270859449,24.532,61.317,20,-0.28705637450681376,0.26002145007323585
som-rs-bc-l3bits,53.76495,61.488,14.401155309923098,24.58,64.756,20,-0.3152174418464073,0.2678539701036288
