rank,exe,geo_mean_speedup_vs_baseline,median_speedup_vs_baseline,win_rate
1,som-rs-bc-l3bits,1.5699098775802882,1.7231282784930855,0.9523809523809523
2,som-rs-bc-nan,1.555776271790214,1.6822682268226823,0.8571428571428571
3,som-rs-bc-l4bits,1.5368267311819048,1.6664411990776327,0.8333333333333334
4,som-rs-bc-baseline,1.0,1.0,0.8571428571428571
