rank,exe,geo_mean_speedup_vs_baseline,median_speedup_vs_baseline,win_rate
1,som-rs-bc-l3bits,1.1601786646727654,1.1326367274344151,0.3023255813953488
2,som-rs-bc-nan,1.159919230220227,1.1455749973424048,0.5348837209302325
3,som-rs-bc-l4bits,1.1476682377297382,1.1229719209313103,0.16279069767441862
4,som-rs-bc-baseline,1.0,1.0,0.0
