exe,mean,median,std,min,max,n,pct_vs_baseline,cov
som-rs-bc-nan,18211.625,12321.0,19067.911646220648,0.0,45453.0,40,0.6735958488053648,1.0470186842865834
som-rs-bc-l3bits,18422.5,12399.0,19349.958130213763,0.0,46714.0,40,0.6544388655177094,1.0503437714867017
som-rs-bc-l4bits,18461.475,13605.5,19155.890993189238,0.0,46328.0,40,0.6509460917938574,1.0376143289303394
som-rs-bc-baseline,30478.9,20885.0,31755.456178709643,0.0,75845.0,40,0.0,1.0418832759289096
