exe,mean,median,std,min,max,n,pct_vs_baseline,cov
som-rs-bc-nan,7703.2,7992.0,719.2744589990809,5998.0,8648.0,20,0.9652676809637555,0.0933734628464899
som-rs-bc-l4bits,7729.8,8101.0,837.3297533167402,5943.0,8676.0,20,0.9585047478589355,0.10832489240559136
som-rs-bc-l3bits,7792.9,8048.0,701.7324351391452,6408.0,8568.0,20,0.9426465115682225,0.09004766327543601
som-rs-bc-baseline,15138.85,15743.5,1469.4398243441017,11782.0,16505.0,20,0.0,0.09706416434168393
