exe,mean,median,std,min,max,n,pct_vs_baseline,cov
som-rs-bc-l4bits,11851.625,8355.0,12347.697284934731,0.0,29736.0,40,1.3156297132249795,1.0418569002085984
som-rs-bc-l3bits,11884.0,8350.0,12406.429881728925,0.0,30544.0,40,1.3093213564456412,1.0439607776614714
som-rs-bc-nan,11916.6,8182.5,12436.031597225037,0.0,30531.0,40,1.3030037930282123,1.04358890935544
som-rs-bc-baseline,27443.975,19815.5,28507.355671994825,0.0,67752.0,40,0.0,1.038747326944979
