exe,mean,median,std,min,max,n,pct_vs_baseline,cov
som-rs-bc-l4bits,11932.075,7881.5,12496.437503395999,0.0,30016.0,40,1.3330686406178303,1.0472979346338334
som-rs-bc-l3bits,11975.775,8654.0,12511.547901710437,0.0,30600.0,40,1.3245551958015245,1.04473805676129
som-rs-bc-nan,12030.225,8587.0,12556.445298643264,0.0,30648.0,40,1.3140340267950097,1.0437415176061349
som-rs-bc-baseline,27838.35,20097.0,28933.165136179552,0.0,69102.0,40,0.0,1.03932758716589
