exe,mean,median,std,min,max,n,pct_vs_baseline,cov
som-rs-bc-nan,30.2882,33.4125,6.2495275493011215,16.721,34.644,20,0.286954985770036,0.20633538966663986
som-rs-bc-l3bits,30.7609,33.7625,7.349421831180439,16.455,42.809,20,0.26717846356901154,0.23892089734632077
som-rs-bc-l4bits,31.527499999999996,33.8665,5.873158448219726,15.732,35.478,20,0.23636666402347184,0.18628684317563166
som-rs-bc-baseline,38.97955,43.1605,10.241092804943898,20.282,57.191,20,0.0,0.2627298879782834
