exe,mean,median,std,min,max,n,pct_vs_baseline,cov
som-rs-bc-nan,101.78745,116.04249999999999,27.175055298399165,49.363,121.918,20,0.2970474257877569,0.2669784467377772
som-rs-bc-l4bits,102.45354999999999,116.12049999999999,26.29968758564694,52.627,120.228,20,0.2886146941711636,0.2566986462220874
som-rs-bc-l3bits,104.97755,119.5805,27.717371809931763,51.415,123.994,20,0.25763222708093325,0.2640314220510172
som-rs-bc-baseline,132.02315000000002,149.539,35.358538643110215,66.844,159.893,20,0.0,0.2678207469152964
