exe,mean,median,std,min,max,n,pct_vs_baseline,cov
som-rs-bc-nan,6.2135,6.478999999999999,1.1996377742775879,3.413,9.425,20,0.42878409913897175,0.19306957017423157
som-rs-bc-l3bits,6.2738,6.65,1.1887243760036486,3.443,8.848,20,0.41505148394912195,0.18947438171501302
som-rs-bc-l4bits,6.3668,6.4825,0.777442676851145,3.513,7.734,20,0.3943817930514546,0.12210885795865192
som-rs-bc-baseline,8.87775,9.123,1.1962930847985545,5.061,10.892,20,0.0,0.13475183293047838
