exe,mean,median,std,min,max,n,pct_vs_baseline,cov
som-rs-bc-nan,19.54445,21.514,3.8450145913760507,9.789,22.131,20,0.15153150894499445,0.1967317878669418
som-rs-bc-l4bits,20.5601,22.366,4.156838106314132,10.404,23.551,20,0.09464691319594754,0.2021798583817264
som-rs-bc-l3bits,21.790100000000002,23.333,4.043165577145033,10.531,24.901,20,0.03285666426496414,0.18555057467129718
som-rs-bc-baseline,22.50605,24.5565,4.797767863397795,11.164,26.578,20,0.0,0.21317680638751782
