exe,mean,median,std,min,max,n,pct_vs_baseline,cov
som-rs-bc-l3bits,38.8118,45.5965,11.865230423827693,17.484,46.683,20,0.5059711221844903,0.3057119335827685
som-rs-bc-l4bits,39.2979,43.6565,8.750901492808733,20.044,45.808,20,0.48734283511332666,0.2226811481735343
som-rs-bc-nan,52.45645,59.7285,14.00015533175107,23.273,61.447,20,0.11424715168487398,0.2668910178205172
som-rs-bc-baseline,58.44945,66.806,15.079527053434505,26.434,68.075,20,0.0,0.2579926253101527
