exe,mean,median,std,min,max,n,pct_vs_baseline,cov
som-rs-bc-nan,36.4921,41.093,8.586266898520659,16.849,42.017,20,0.314861298746852,0.2352911150227216
som-rs-bc-l3bits,36.949200000000005,41.8465,9.164657248594217,19.407,43.411,20,0.2985950981347363,0.24803398310637892
som-rs-bc-l4bits,37.31705,40.362,6.725271604572051,19.36,41.78,20,0.2857942951010328,0.18021980849429553
som-rs-bc-baseline,47.98205,54.504999999999995,12.508209091695697,24.004,56.325,20,0.0,0.26068517480382136
