exe,mean,median,std,min,max,n,pct_vs_baseline,cov
som-rs-bc-l3bits,55.459900000000005,62.562,13.786119120714368,29.92,65.929,20,0.2799437070748414,0.2485781460246839
som-rs-bc-nan,55.5847,63.057,14.004552579711167,31.133,65.403,20,0.27706994910469973,0.25194977358357906
som-rs-bc-l4bits,55.747550000000004,62.572,12.669870831705632,30.439,63.866,20,0.2733393664833701,0.22727224481982852
som-rs-bc-baseline,70.98555,81.1035,19.83651153137091,31.629,89.808,20,0.0,0.2794443591881856
