exe,mean,median,std,min,max,n,pct_vs_baseline,cov
som-rs-bc-l4bits,41.52845,47.647999999999996,11.521359415747868,20.512,48.785,20,0.31367291579627943,0.27743292648167384
som-rs-bc-nan,41.879599999999996,47.6015,11.18180946377689,20.094,49.443,20,0.30265809606586513,0.2669989556676017
som-rs-bc-l3bits,43.90885,48.477999999999994,8.973811883093937,24.267,49.463,20,0.24245567806945512,0.20437364866294463
som-rs-bc-baseline,54.5548,62.3035,14.802197147009878,25.81,65.101,20,0.0,0.2713271269807584
