exe,mean,median,std,min,max,n,pct_vs_baseline,cov
som-rs-bc-l3bits,39.325,44.542500000000004,10.220279613025324,20.418,46.385,20,0.31937571519389696,0.2598926792886287
som-rs-bc-l4bits,41.030649999999994,45.4105,8.769725460955224,21.928,46.907,20,0.26452907765292544,0.2137359622856383
som-rs-bc-nan,41.942099999999996,47.200500000000005,10.375305869429129,21.375,48.972,20,0.23704940858946033,0.24737211225544573
som-rs-bc-baseline,51.88445,59.313,15.124292225197117,22.483,62.911,20,0.0,0.2914995191275443
