exe,mean,median,std,min,max,n,pct_vs_baseline,cov
som-rs-bc-l4bits,32.732,34.9055,4.269507601339378,22.064,35.547,20,0.23027770988634977,0.13043833561467
som-rs-bc-nan,32.87205,34.9405,4.196264798666347,23.884,35.557,20,0.22503616294085704,0.12765449062855364
som-rs-bc-l3bits,32.96655,35.5895,5.5586482877442505,18.649,36.602,20,0.2215245453345891,0.1686148016017524
som-rs-bc-baseline,40.26945,44.6395,8.794409279554582,22.472,46.699,20,0.0,0.21838910835769007
