exe,mean,median,std,min,max,n,pct_vs_baseline,cov
som-rs-bc-nan,5.0433900000000005,5.518,1.0113299356271672,2.656,7.893,300,0.3264953401052333,0.20052582402454838
som-rs-bc-l4bits,5.067776666666667,5.7044999999999995,1.0955033998666035,2.743,7.375,300,0.32011210701865966,0.21617041790185507
som-rs-bc-l3bits,5.146823333333334,5.569,0.9869431432537583,2.701,8.426,300,0.29983737541668076,0.19175772691901702
som-rs-bc-baseline,6.690033333333333,7.7955000000000005,1.7924934742063816,2.846,9.107,300,0.0,0.267934909273952
