exe,mean,median,std,min,max,n,pct_vs_baseline,cov
som-rs-bc-l4bits,15.757909999999999,18.424999999999997,4.523159584921676,6.483,22.828,300,0.24973954879380167,0.2870405773939359
som-rs-bc-nan,16.027203333333333,18.4925,4.456578080690002,7.241,22.922,300,0.22874109248837549,0.2780633643937881
som-rs-bc-l3bits,16.306186666666665,19.1095,4.9456195568562915,6.576,38.207,300,0.20771850193464414,0.30329712629662187
som-rs-bc-baseline,19.693283333333333,23.0205,6.857234813490543,7.562,44.987,300,0.0,0.3482017039730404
