exe,mean,median,std,min,max,n,pct_vs_baseline,cov
som-rs-bc-l3bits,7.160823333333333,8.3455,2.133578920222613,2.941,9.848,300,0.39545545740317567,0.29795162105045836
som-rs-bc-nan,7.311170000000001,8.48,2.091643400490639,3.005,9.374,300,0.36675935588968644,0.28608873825812264
som-rs-bc-l4bits,7.35594,8.524999999999999,2.0233835341214617,2.983,9.896,300,0.3584409334497016,0.275067976916813
som-rs-bc-baseline,9.992609999999999,11.5695,2.3350946120856233,4.704,12.79,300,0.0,0.23368215231912617
