exe,mean,median,std,min,max,n,pct_vs_baseline,cov
som-rs-bc-nan,5.91295,6.69,1.3685883900713647,2.853,7.255,300,0.6618630858257442,0.23145610736964875
som-rs-bc-l4bits,5.945083333333334,6.755,1.3686135294641537,2.884,9.595,300,0.6528806717035085,0.23020930956350266
som-rs-bc-l3bits,5.998756666666666,6.646,1.27943262043101,2.788,9.1,300,0.6380916712185363,0.21328296704222766
som-rs-bc-baseline,9.826513333333335,11.508,2.704483837242994,4.064,14.109,300,0.0,0.2752231382080243
