exe,mean,median,std,min,max,n,pct_vs_baseline,cov
som-rs-bc-nan,5.0269699999999995,5.555,1.0172662374025787,2.744,7.888,300,0.35379430021132685,0.20236170842526985
som-rs-bc-l4bits,5.041803333333333,5.6175,0.9604459063993582,2.702,7.269,300,0.34981134395695723,0.19049650351283534
som-rs-bc-l3bits,5.0965300000000004,5.547,0.959081979417894,2.614,7.715,300,0.33531703597022533,0.1881833285427328
som-rs-bc-baseline,6.805483333333333,7.532500000000001,1.4847515640938564,2.969,10.208,300,0.0,0.21816989203713522
