exe,mean,median,std,min,max,n,pct_vs_baseline,cov
som-rs-bc-nan,3131.6441,1448.267,3400.9554573076152,25.62,7446.651,40,0.26001712646721264,1.0859967955195213
som-rs-bc-l3bits,3354.5985,1505.4025,3661.7796024309805,27.783,8135.032,40,0.17627346461879112,1.0915701543511036
som-rs-bc-l4bits,3362.9796,1476.995,3667.0742415655322,24.343,8333.913,40,0.17334199707901887,1.0904241707459457
som-rs-bc-baseline,3945.9252,1780.6565,4285.052067608642,29.01,9507.783,40,0.0,1.085943562135603
