exe,mean,median,std,min,max,n,pct_vs_baseline,cov
som-rs-bc-nan,3092.3810249999997,4629.7185,2028.1215864812546,75.539,5134.008,80,0.32115349126487436,0.6558446614712541
som-rs-bc-l4bits,3300.36745,4863.995,2205.7331182359208,76.658,5410.425,80,0.23789549175804647,0.6683295577393725
som-rs-bc-l3bits,3302.6698750000005,4824.595499999999,2204.159350024021,74.475,5411.839,80,0.23703250464898473,0.6673871241896439
som-rs-bc-baseline,4085.5099875,6205.1025,2742.7589819696195,101.156,6717.161,80,0.0,0.6713382149012845
