exe,mean,median,std,min,max,n,pct_vs_baseline,cov
som-rs-bc-l3bits,295.76666666666665,0.0,600.8147413306556,0.0,1928.0,300,0.005071565423193869,2.0313808452518503
som-rs-bc-baseline,297.26666666666665,0.0,603.7656931816343,0.0,1865.0,300,0.0,2.031057501171679
som-rs-bc-l4bits,300.01,0.0,608.4164295440502,0.0,2029.0,300,-0.009144139639789772,2.027987165574648
som-rs-bc-nan,300.55333333333334,0.0,615.8196271633068,0.0,2741.0,300,-0.01093538584388798,2.0489529107312294
