exe,mean,median,std,min,max,n,pct_vs_baseline,cov
som-rs-bc-nan,11991.1,8381.5,12538.03867784669,0.0,30003.0,40,0.7270100324407269,1.045612052092526
som-rs-bc-l4bits,12009.1,8065.0,12570.34176309561,0.0,30157.0,40,0.7244214803773805,1.0467347064389179
som-rs-bc-l3bits,12065.425,8320.5,12635.304718429394,0.0,30781.0,40,0.7163713669431455,1.0472324612211665
som-rs-bc-baseline,20708.75,14971.5,21559.005412992403,0.0,50731.0,40,0.0,1.041057785380209
