rank,exe,geo_mean_speedup_vs_baseline,median_speedup_vs_baseline,win_rate
1,som-rs-bc-l3bits,1.1789180131978052,1.1695182715417616,0.2692307692307692
2,som-rs-bc-nan,1.171216629756262,1.1781709652005072,0.5384615384615384
3,som-rs-bc-l4bits,1.1604806335138689,1.1670344931687242,0.19230769230769232
4,som-rs-bc-baseline,1.0,1.0,0.0
