rank,exe,geo_mean_speedup_vs_baseline,median_speedup_vs_baseline,win_rate
1,som-rs-bc-l3bits,1.4061876006499106,1.59769474557301,0.8461538461538461
2,som-rs-bc-l4bits,1.4061876006499106,1.59769474557301,0.8461538461538461
3,som-rs-bc-nan,1.401760764460855,1.59769474557301,0.8461538461538461
4,som-rs-bc-baseline,1.0,1.0,0.19230769230769232
