exe,mean,median,std,min,max,n,pct_vs_baseline,cov
som-rs-bc-nan,5.07184,5.5105,1.0096066625722955,2.639,8.515,300,0.34991377225359366,0.19906122089267317
som-rs-bc-l4bits,5.100556666666666,5.5675,0.9957193867313195,2.764,7.706,300,0.3423136167490217,0.1952177873522275
som-rs-bc-l3bits,5.189213333333333,5.6915,1.0432856869385274,2.725,8.104,300,0.3193804584381448,0.20104891048454246
som-rs-bc-baseline,6.846546666666667,7.7575,1.6566734412042499,2.837,11.949,300,0.0,0.24197212432217652
