exe,mean,median,std,min,max,n,pct_vs_baseline,cov
som-rs-bc-l4bits,20.963813333333334,24.791,6.559817941317655,8.668,29.901,300,0.20402760693665134,0.31291148404223157
som-rs-bc-nan,20.98627,24.974,6.706712823738639,8.724,30.459,300,0.2027392194992248,0.3195762192966467
som-rs-bc-l3bits,21.114676666666668,24.887,6.784585204721256,8.842,30.633,300,0.195424888501726,0.321320819249482
som-rs-bc-baseline,25.24101,29.947499999999998,7.6018205650297865,10.252,36.554,300,0.0,0.30116942883940806
