exe,mean,median,std,min,max,n,pct_vs_baseline,cov
som-rs-bc-l4bits,15.75823,18.147,4.594041597303972,7.073,22.655,300,0.19471941539965676,0.2915328433018158
som-rs-bc-nan,16.01121333333333,18.5105,4.595953947780875,7.288,24.267,300,0.17584238879252134,0.2870459503660898
som-rs-bc-l3bits,16.026666666666667,18.645,4.511493313224922,7.075,24.707,300,0.1747086106489184,0.28149916679856
som-rs-bc-baseline,18.826663333333332,22.3105,5.557840471412842,7.505,34.804,300,0.0,0.29521112546653294
