exe,mean,median,std,min,max,n,pct_vs_baseline,cov
som-rs-bc-l4bits,78.89938,92.481,22.934918407021243,28.303,102.535,300,0.12927672350953,0.2906856607367668
som-rs-bc-l3bits,79.06269333333334,93.5445,23.977314802602436,27.627,112.023,300,0.12694406902741462,0.3032696432628794
som-rs-bc-nan,79.72918666666668,94.02600000000001,24.691411277772577,27.769,144.798,300,0.11752341969624158,0.309690996610851
som-rs-bc-baseline,89.09923333333333,89.9495,29.475968632003813,26.749,124.781,300,0.0,0.3308217986762005
