exe,mean,median,std,min,max,n,pct_vs_baseline,cov
som-rs-bc-l4bits,5.4146,5.9835,1.135293435172814,2.721,8.437,300,0.36794900208079384,0.20967263235932734
som-rs-bc-l3bits,5.57101,6.235,1.282487501122377,2.751,9.716,300,0.32954287762302825,0.23020735936973313
som-rs-bc-nan,5.603350000000001,6.1345,1.022322655953714,2.742,8.213,300,0.3218693579138667,0.18244847385112725
som-rs-bc-baseline,7.4068966666666665,8.34,1.8574619499847154,3.141,11.031,300,0.0,0.25077465416034095
