exe,mean,median,std,min,max,n,pct_vs_baseline,cov
som-rs-bc-l4bits,8.515426666666666,9.8255,2.32543186580412,3.997,12.073,300,0.37734339402840655,0.27308459773447874
som-rs-bc-nan,8.556223333333334,9.9945,2.2892418411955693,3.852,10.967,300,0.37077612513620695,0.2675528386779178
som-rs-bc-l3bits,9.243556666666667,10.632,2.638155540456442,3.912,12.662,300,0.2688478136301793,0.28540481067963114
som-rs-bc-baseline,11.728666666666667,13.317499999999999,2.887970785820857,5.161,19.115,300,0.0,0.24623180689656599
