exe,mean,median,std,min,max,n,pct_vs_baseline,cov
som-rs-bc-nan,1962.3170166666666,2312.9355,629.9596504843703,839.956,2445.532,60,0.13454109661740765,0.3210284806857891
som-rs-bc-l4bits,2023.7601666666667,2395.9245,633.0318673039113,832.861,2532.775,60,0.10009542468018062,0.31279984542169215
som-rs-bc-l3bits,2031.0078166666667,2383.3175,620.0521770303025,854.031,2506.352,60,0.09616973491214775,0.3052928560599758
som-rs-bc-baseline,2226.3293,2614.4945,697.7653622584054,970.073,2811.55,60,0.0,0.313415163811753
