exe,mean,median,std,min,max,n,pct_vs_baseline,cov
som-rs-bc-l3bits,5.6538933333333325,6.221,1.1990496523712977,2.803,10.481,300,0.3549536366680659,0.21207503956647533
som-rs-bc-l4bits,5.65603,6.276,1.1621382016635913,2.859,8.259,300,0.35444177865628945,0.20546888924980794
som-rs-bc-nan,5.855326666666667,6.7780000000000005,1.3479077630713643,2.815,7.72,300,0.30834089529875364,0.23020197502297582
som-rs-bc-baseline,7.660763333333333,8.8095,1.9409097961466772,3.315,11.285,300,0.0,0.2533572323924218
