exe,mean,median,std,min,max,n,pct_vs_baseline,cov
som-rs-bc-l4bits,5.0279,5.625,0.9986076075447019,2.707,7.564,300,0.3142365599952266,0.19861325952081424
som-rs-bc-l3bits,5.08781,5.5794999999999995,0.980796240195999,2.591,7.951,300,0.29876115656834656,0.19277375534778204
som-rs-bc-nan,5.18339,5.5685,0.9550165793269224,2.639,8.277,300,0.27481242970334074,0.18424555731421374
som-rs-bc-baseline,6.60785,7.4795,1.5997601244204136,2.922,10.575,300,0.0,0.24209994543163263
