exe,mean,median,std,min,max,n,pct_vs_baseline,cov
som-rs-bc-nan,18.8383,20.935499999999998,4.49331218941873,8.772,22.129,20,0.1852582239374041,0.2385200463639888
som-rs-bc-baseline,22.32825,24.4445,4.906764802693051,10.156,26.128,20,0.0,0.21975590575584966
som-rs-bc-l4bits,30.0473,34.062,7.585393186908635,13.052,34.647,20,-0.2568966263191701,0.2524484125664747
som-rs-bc-l3bits,33.394349999999996,36.311499999999995,5.970993087418538,21.758,38.156,20,-0.33137641547147934,0.1788024946560882
