exe,mean,median,std,min,max,n,pct_vs_baseline,cov
som-rs-bc-nan,113.73014,113.672,37.954499828494214,39.664,183.028,300,0.15176838786974134,0.3337241986028876
som-rs-bc-l4bits,113.84700333333335,112.57,36.70058906542444,40.226,162.26,300,0.15058610384738258,0.3223676336738399
som-rs-bc-l3bits,114.14594,113.6975,38.0391682710367,38.907,165.165,300,0.1475728352668524,0.3332502958146098
som-rs-bc-baseline,130.99078,129.0265,47.447279408509395,45.955,203.868,300,0.0,0.3622184661279931
