exe,mean,median,std,min,max,n,pct_vs_baseline,cov
som-rs-bc-l4bits,14.160593333333333,16.291,3.886928943264702,6.158,19.88,300,0.21569599955557428,0.2744891299233249
som-rs-bc-l3bits,14.412490000000002,16.539,3.8094359114060903,6.598,20.399,300,0.1944484725863933,0.2643149040454557
som-rs-bc-nan,14.421563333333333,16.505,3.8182418303330694,6.558,18.744,300,0.19369698476979735,0.2647592179904492
som-rs-bc-baseline,17.21497666666667,19.564500000000002,4.742245877499869,7.266,23.458,300,0.0,0.2754721060227907
