exe,mean,median,std,min,max,n,pct_vs_baseline,cov
som-rs-bc-l3bits,55.4671,61.8105,11.758537838300171,32.36,63.529,20,0.2694921854576855,0.21199121349953703
som-rs-bc-nan,55.8942,63.077,13.346492602927555,31.132,64.448,20,0.25979171363039444,0.23878135124802852
som-rs-bc-l4bits,57.6044,63.028499999999994,12.136622652555623,32.92,68.436,20,0.222390129920631,0.21068916007380725
som-rs-bc-baseline,70.41505,80.358,18.201110748277223,33.286,81.868,20,0.0,0.25848324680984003
