exe,mean,median,std,min,max,n,pct_vs_baseline,cov
som-rs-bc-l3bits,39.2045,43.7965,8.859737797593406,23.253,45.38,20,0.2864530857427079,0.22598777685197885
som-rs-bc-l4bits,41.797250000000005,46.2525,9.118958711763208,20.536,48.4,20,0.2066523515303038,0.2181712603523726
som-rs-bc-nan,42.1295,47.602000000000004,9.962092157669229,24.514,48.975,20,0.19713621096856104,0.2364635743996304
som-rs-bc-baseline,50.434749999999994,58.282,15.117323499095855,20.975,60.678,20,0.0,0.29974022869342776
