exe,mean,median,std,min,max,n,pct_vs_baseline,cov
som-rs-bc-nan,19.03585,19.859499999999997,3.5166937264694336,10.619,27.223,20,0.3260427036355087,0.18474056721761484
som-rs-bc-l3bits,19.17255,20.8955,3.457179965399242,10.476,21.688,20,0.3165880386281428,0.1803192567185503
som-rs-bc-l4bits,20.83495,21.347,1.7360317567735652,16.135,22.378,20,0.21153878459031583,0.08332305845579496
som-rs-bc-baseline,25.24235,26.752000000000002,3.3048188623823074,16.915,27.431,20,0.0,0.13092358129818768
