exe,mean,median,std,min,max,n,pct_vs_baseline,cov
som-rs-bc-l3bits,294.37,0.0,597.8830098032319,0.0,1952.0,300,0.014290405498748715,2.031059584207738
som-rs-bc-l4bits,296.4,0.0,602.1290931486814,0.0,1834.0,300,0.007343679712100704,2.0314746732411653
som-rs-bc-baseline,298.57666666666665,0.0,604.934848855717,0.0,1821.0,300,0.0,2.026062034951549
som-rs-bc-nan,298.75333333333333,0.0,605.2582791148023,0.0,1875.0,300,-0.000591346261129666,2.025946530409041
