exe,mean,median,std,min,max,n,pct_vs_baseline,cov
som-rs-bc-l4bits,18412.075,12823.0,19196.487567858574,0.0,45135.0,40,1.1824115424252835,1.042603159494982
som-rs-bc-nan,18428.025,13002.0,19252.377598740557,0.0,45841.0,40,1.1805226007670382,1.0447336379639465
som-rs-bc-l3bits,18603.525,12980.5,19386.354952861384,0.0,46684.0,40,1.1599522133574145,1.042079657100543
som-rs-bc-baseline,40182.725,29884.5,41615.7464515213,0.0,98062.0,40,0.0,1.0356626249593899
