exe,mean,median,std,min,max,n,pct_vs_baseline,cov
som-rs-bc-nan,10906.75,7424.0,11438.728575461388,0.0,27910.0,40,1.3355124120384163,1.0487751690889942
som-rs-bc-l3bits,10974.075,8048.0,11450.645312433435,0.0,28128.0,40,1.321184245597009,1.0434269232198097
som-rs-bc-l4bits,11084.0,7160.0,11657.497813941516,0.0,29590.0,40,1.2981640202093105,1.0517410514202017
som-rs-bc-baseline,25472.85,17966.0,26437.00743911643,0.0,61064.0,40,0.0,1.037850395190033
