exe,mean,median,std,min,max,n,pct_vs_baseline,cov
som-rs-bc-nan,296.6566666666667,0.0,602.9300852902009,0.0,1921.0,300,1.689304133847208,2.032417110543729
som-rs-bc-l3bits,298.8833333333333,0.0,607.4259879400716,0.0,1906.0,300,1.6692689455194332,2.03231803247668
som-rs-bc-l4bits,300.5733333333333,0.0,607.2152824876121,0.0,1838.0,300,1.6542607461296188,2.0201901338140846
som-rs-bc-baseline,797.8,1181.5,670.3499709942861,0.0,1764.0,300,0.0,0.8402481461447557
