exe,mean,median,std,min,max,n,pct_vs_baseline,cov
som-rs-bc-l3bits,20430848.0,20430848.0,0.0,20430848.0,20430848.0,20,8.430834197386227,0.0
som-rs-bc-l4bits,20430848.0,20430848.0,0.0,20430848.0,20430848.0,20,8.430834197386227,0.0
som-rs-bc-nan,20430848.0,20430848.0,0.0,20430848.0,20430848.0,20,8.430834197386227,0.0
som-rs-bc-baseline,192679940.0,192679940.0,0.0,192679940.0,192679940.0,20,0.0,0.0
