exe,mean,median,std,min,max,n,pct_vs_baseline,cov
som-rs-bc-baseline,34568192.0,34568192.0,30424829.492736626,4526080.0,64610304.0,40,0.0,0.8801394499526219
som-rs-bc-l3bits,71399424.0,71399424.0,69683209.24858359,2592768.0,140206080.0,40,-0.5158477468949889,0.9759631849212619
som-rs-bc-l4bits,71399424.0,71399424.0,69683209.24858359,2592768.0,140206080.0,40,-0.5158477468949889,0.9759631849212619
som-rs-bc-nan,73207809.0,73207809.0,71514631.92892717,2592768.0,143822850.0,40,-0.5278073135613169,0.976871633037497
