exe,mean,median,std,min,max,n,pct_vs_baseline,cov
som-rs-bc-baseline,31948800.0,31948800.0,0.0,31948800.0,31948800.0,20,0.0,0.0
som-rs-bc-l3bits,110229505.0,110229505.0,92220274.63299629,19169280.0,201289730.0,40,-0.7101610861810548,0.8366206002013371
som-rs-bc-l4bits,110229505.0,110229505.0,92220274.63299626,19169280.0,201289730.0,40,-0.7101610861810548,0.8366206002013369
som-rs-bc-nan,112160770.0,112160770.0,94176142.72676712,19169280.0,205152260.0,40,-0.7151517415581223,0.8396531401020796
