exe,mean,median,std,min,max,n,pct_vs_baseline,cov
som-rs-bc-l3bits,293.46,0.0,596.2468022813783,0.0,1818.0,300,0.016390649492264764,2.0317821927396524
som-rs-bc-nan,296.11333333333334,0.0,601.0893515254451,0.0,1854.0,300,0.0072832474052726415,2.029930043200053
som-rs-bc-baseline,298.27,0.0,603.5084300852362,0.0,1828.0,300,0.0,2.023362825913556
som-rs-bc-l4bits,301.51,0.0,615.0806972371289,0.0,2327.0,300,-0.010745912241716726,2.0400009858284265
