exe,mean,median,std,min,max,n,pct_vs_baseline,cov
som-rs-bc-l3bits,292.56666666666666,0.0,595.2598872201395,0.0,1966.0,300,0.023265352626182123,2.0346128080898014
som-rs-bc-l4bits,298.74666666666667,0.0,606.5818942817672,0.0,1926.0,300,0.0020976524145317477,2.0304223007735667
som-rs-bc-baseline,299.37333333333333,0.0,607.0984508730002,0.0,1887.0,300,0.0,2.02789755558166
som-rs-bc-nan,301.83,0.0,611.0528233656593,0.0,1923.0,300,-0.008139239527769404,2.024493335207432
