exe,mean,median,std,min,max,n,pct_vs_baseline,cov
som-rs-bc-nan,7577.45,7949.5,824.1447544671931,5940.0,8292.0,20,0.5000494889441698,0.10876280997792043
som-rs-bc-l3bits,7712.3,7998.0,757.880500231784,6003.0,8326.0,20,0.4738210391193287,0.09826906373348858
som-rs-bc-l4bits,7761.95,8040.0,858.1647783742376,5697.0,8770.0,20,0.4643936124298662,0.11056046204552175
som-rs-bc-baseline,11366.55,11745.5,862.9238226426538,9491.0,12318.0,20,0.0,0.07591783106066959
