exe,mean,median,std,min,max,n,pct_vs_baseline,cov
som-rs-bc-l3bits,7589.25,7988.5,953.8869995417365,5291.0,8470.0,20,0.5067101492242316,0.12568923141835314
som-rs-bc-nan,7731.75,8047.0,847.902357523988,5666.0,8862.0,20,0.4789407313997478,0.10966499919474737
som-rs-bc-l4bits,7735.95,7968.5,851.8000429431161,5858.0,8915.0,20,0.47813778527524087,0.11010930046640892
som-rs-bc-baseline,11434.8,11870.5,959.616842396239,9356.0,12328.0,20,0.0,0.08392073690805603
