exe,mean,median,std,min,max,n,pct_vs_baseline,cov
som-rs-bc-nan,18536.425,12438.0,19406.93992032628,0.0,47047.0,40,0.6551816221304811,1.046962395409378
som-rs-bc-l3bits,18595.5,13339.5,19382.327223927074,0.0,47452.0,40,0.649923368556909,1.0423127758827175
som-rs-bc-l4bits,19280.925,13401.5,20701.907899672882,0.0,70221.0,40,0.5912696097308612,1.0736988966905314
som-rs-bc-baseline,30681.15,21434.5,31917.444022842465,0.0,74022.0,40,0.0,1.0402949049446473
