exe,mean,median,std,min,max,n,pct_vs_baseline,cov
som-rs-bc-l4bits,18445.65,13422.0,19197.568886617137,0.0,45902.0,40,0.6665799253482527,1.0407640222283918
som-rs-bc-nan,18470.15,12868.5,19312.102543316967,0.0,46822.0,40,0.6643692660860903,1.0455844994933428
som-rs-bc-l3bits,18652.425,13071.0,19534.431844346283,0.0,48458.0,40,0.6481047370516169,1.0472864436847371
som-rs-bc-baseline,30741.15,21573.0,32008.150275019103,0.0,75330.0,40,0.0,1.041215122889648
