exe,mean,median,std,min,max,n,pct_vs_baseline,cov
som-rs-bc-nan,11791.575,7863.5,12354.430756921343,0.0,29899.0,40,0.7523104419893016,1.0477337214851572
som-rs-bc-l3bits,11867.925,7749.5,12498.660628525413,0.0,31225.0,40,0.7410372916916816,1.0531462432165197
som-rs-bc-l4bits,11931.3,8413.0,12436.39524860348,0.0,30010.0,40,0.7317894948580626,1.0423336307530178
som-rs-bc-baseline,20662.5,15065.5,21419.304193970594,0.0,49390.0,40,0.0,1.0366269422369314
