exe,mean,median,std,min,max,n,pct_vs_baseline,cov
som-rs-bc-nan,11786.875,7636.5,12339.27468505362,0.0,29706.0,40,0.7349806458454848,1.046865660750082
som-rs-bc-l4bits,11840.075,7820.0,12419.865188556721,0.0,30563.0,40,0.7271850051625517,1.048968455736701
som-rs-bc-l3bits,11936.3,8434.5,12497.347918043068,0.0,30769.0,40,0.7132612283538451,1.0470035034343195
som-rs-bc-baseline,20450.0,14596.5,21199.231381809273,0.0,50809.0,40,0.0,1.0366372313843166
