exe,mean,median,std,min,max,n,pct_vs_baseline,cov
som-rs-bc-nan,11943.9,8484.5,12465.835870027391,0.0,29953.0,40,0.7434883078391481,1.043698948419477
som-rs-bc-l3bits,11959.6,8174.0,12558.085941040701,0.0,30909.0,40,0.7411995384461019,1.0500423041774558
som-rs-bc-l4bits,11990.075,8296.5,12558.197380825372,0.0,30672.0,40,0.736773956793431,1.0473827211944355
som-rs-bc-baseline,20824.05,14327.0,21685.453768036336,0.0,51952.0,40,0.0,1.0413658134722275
