exe,mean,median,std,min,max,n,pct_vs_baseline,cov
som-rs-bc-nan,11938.725,8249.0,12481.51790158409,0.0,30243.0,40,0.7484865427422107,1.0454648969286158
som-rs-bc-l4bits,11976.35,8315.0,12541.643877754233,0.0,30286.0,40,0.7429934829893916,1.047200848151084
som-rs-bc-l3bits,12015.075,8192.5,12568.349285545079,0.0,30112.0,40,0.7373757550410629,1.0460483422321607
som-rs-bc-baseline,20874.7,15150.0,21707.998094995026,0.0,51418.0,40,0.0,1.0399190453034068
