exe,mean,median,std,min,max,n,pct_vs_baseline,cov
som-rs-bc-nan,10769.8,6908.5,11267.030050732206,0.0,27654.0,40,0.8166818325317091,1.0461689214964258
som-rs-bc-l4bits,10929.225,7407.5,11407.610769170617,0.0,27308.0,40,0.7901818289951938,1.0437712435392825
som-rs-bc-l3bits,10994.675,7558.0,11462.444934045514,0.0,27464.0,40,0.7795250882813727,1.042545135171846
som-rs-bc-baseline,19565.3,13341.5,20384.889303297485,0.0,48205.0,40,0.0,1.0418899430776674
