exe,mean,median,std,min,max,n,pct_vs_baseline,cov
som-rs-bc-l3bits,10879.025,7604.5,11399.279265312774,0.0,27549.0,40,0.8555408228218981,1.0478217731196293
som-rs-bc-nan,10936.725,7316.0,11424.515639146484,0.0,28036.0,40,0.845751356096089,1.0446011616042723
som-rs-bc-l4bits,10974.625,7683.0,11498.231767486952,0.0,28660.0,40,0.8393771996765265,1.0477106750788252
som-rs-bc-baseline,20186.475,13705.0,21829.46677642284,0.0,77711.0,40,0.0,1.0813907220761843
