exe,mean,median,std,min,max,n,pct_vs_baseline,cov
som-rs-bc-l3bits,293.11,0.0,595.462556972185,0.0,1872.0,300,0.8573231892463578,2.0315327248206643
som-rs-bc-l4bits,293.6066666666667,0.0,596.6019820944439,0.0,1824.0,300,0.8541813310324469,2.0319769604270244
som-rs-bc-nan,297.1933333333333,0.0,603.3102131850025,0.0,1895.0,300,0.8318042127459118,2.0300260655858224
som-rs-bc-baseline,544.4,0.0,683.0086304708448,0.0,1967.0,300,0.0,1.2546080647884732
