exe,mean,median,std,min,max,n,pct_vs_baseline,cov
som-rs-bc-l4bits,296.51666666666665,0.0,601.3267352535204,0.0,1826.0,300,0.8260806025518523,2.027969429217651
som-rs-bc-nan,299.5,0.0,607.8628910489449,0.0,1879.0,300,0.8078909293266556,2.029592290647562
som-rs-bc-l3bits,299.67,0.0,606.4386149857374,0.0,1971.0,300,0.8068653296403823,2.023688106870015
som-rs-bc-baseline,541.4633333333334,0.0,680.8440919776164,0.0,1941.0,300,0.0,1.2574149532642094
