exe,mean,median,std,min,max,n,pct_vs_baseline,cov
som-rs-bc-nan,12931.8,12321.0,13653.539515044766,0.0,27519.0,10,0.7006990519494578,1.0558112184726618
som-rs-bc-l3bits,12954.5,12399.0,13672.88314105291,0.0,27491.0,10,0.6977189393646994,1.055454331780687
som-rs-bc-l4bits,13932.2,13605.5,14692.013490328682,0.0,28669.0,10,0.5785805543991616,1.05453650466751
som-rs-bc-baseline,21993.1,20885.0,23201.108969903424,0.0,45512.0,10,0.0,1.0549267256504733
