exe,mean,median,std,min,max,n,pct_vs_baseline,cov
som-rs-bc-l3bits,7553.3,7180.0,7973.434490021641,0.0,15827.0,10,0.9326254749579654,1.0556226404381714
som-rs-bc-l4bits,7637.9,7177.5,8066.285424186553,0.0,15910.0,10,0.9112190523573236,1.0560868071310903
som-rs-bc-nan,7955.3,7618.5,8398.392981861338,0.0,16920.0,10,0.8349653689992835,1.0556978343822783
som-rs-bc-baseline,14597.7,13992.5,15413.152205178536,0.0,30940.0,10,0.0,1.0558616908950407
