exe,mean,median,std,min,max,n,pct_vs_baseline,cov
som-rs-bc-l3bits,18.0366,17.003,2.3059844535469005,16.003,21.386,5,0.4484326314272091,0.12785028517275432
som-rs-bc-nan,20.682,21.429,2.0816378167202867,17.503,22.427,5,0.2631660381007641,0.10064973487671824
som-rs-bc-l4bits,21.3784,21.137,3.3987195088738944,17.192,25.998,5,0.22201848594843399,0.1589791335588208
som-rs-bc-baseline,26.1248,26.246,3.8947710715778903,20.198,31.044,5,0.0,0.1490832875879582
