exe,mean,median,std,min,max,n,pct_vs_baseline,cov
som-rs-bc-l4bits,1913.9991999999997,1905.753,108.18570206224105,1748.49,2013.45,5,0.1671969350875384,0.056523378934662596
som-rs-bc-nan,1930.3286,1967.94,151.55329973741917,1721.933,2067.534,5,0.15732316249160894,0.0785116584489393
som-rs-bc-l3bits,2036.1996,2057.411,166.5687419574874,1836.244,2201.406,5,0.09714882568486916,0.08180373965179416
som-rs-bc-baseline,2234.014,2269.743,174.3832065323378,1989.278,2393.988,5,0.0,0.0780582424874409
