exe,mean,median,std,min,max,n,pct_vs_baseline,cov
som-rs-bc-nan,2191.0672000000004,2133.4880000000003,2303.174520682211,2.845,4464.27,10,0.26973389953534954,1.0511656240768017
som-rs-bc-l4bits,2324.0828,2229.564,2444.8534395514635,3.472,4820.605,10,0.1970624712682354,1.0519648609556695
som-rs-bc-l3bits,2388.3847,2273.8905,2513.6230035164185,3.247,4919.241,10,0.16483424969185245,1.0524364033635027
som-rs-bc-baseline,2782.0723000000003,2712.2995,2928.391330113251,3.767,5741.724,10,0.0,1.052593539755689
