exe,mean,median,std,min,max,n,pct_vs_baseline,cov
som-rs-bc-nan,1543.616,1468.696,1600.021280291123,22.556,3164.211,10,0.18560645911936646,1.0365410052053898
som-rs-bc-l4bits,1567.3638,1456.8700000000001,1629.9647406597344,20.905,3254.924,10,0.1676428280403055,1.0399402746571882
som-rs-bc-l3bits,1613.9345,1507.587,1679.3627786765,25.737,3495.696,10,0.13395004568029223,1.0405396121568131
som-rs-bc-baseline,1830.1210999999998,1782.8605,1893.3893712643385,30.613,3791.041,10,0.0,1.0345705381268697
