exe,mean,median,std,min,max,n,pct_vs_baseline,cov
som-rs-bc-l4bits,84.30940000000001,83.566,8.197034817542253,77.136,98.074,5,0.35800752940953173,0.09722563341148498
som-rs-bc-l3bits,89.4924,91.715,7.880724002272891,76.273,96.101,5,0.2793578002154371,0.0880602598910398
som-rs-bc-nan,89.5104,90.727,3.7771125612033334,83.065,92.876,5,0.27910052910052885,0.04219747159216508
som-rs-bc-baseline,114.49279999999999,117.894,10.344688429334155,98.575,123.067,5,0.0,0.09035230537932654
