exe,mean,median,std,min,max,n,pct_vs_baseline,cov
som-rs-bc-l3bits,13.536600000000002,13.894,1.882641973398022,10.476,15.392,5,0.498618560052007,0.1390779053379742
som-rs-bc-nan,16.323,15.001,6.80975047266785,10.619,27.223,5,0.2427985051767445,0.4171874332333425
som-rs-bc-l4bits,19.0428,19.453,2.8273595809518106,16.135,22.378,5,0.06529501963996887,0.1484739419072726
som-rs-bc-baseline,20.2862,19.967,3.219960978024423,16.915,23.589,5,0.0,0.15872667024994444
