exe,mean,median,std,min,max,n,pct_vs_baseline,cov
som-rs-bc-nan,8187904.0,8187904.0,0.0,8187904.0,8187904.0,5,0.2821410705352676,0.0
som-rs-bc-l3bits,9183232.0,9183232.0,0.0,9183232.0,9183232.0,5,0.1431757359500445,0.0
som-rs-bc-l4bits,9183232.0,9183232.0,0.0,9183232.0,9183232.0,5,0.1431757359500445,0.0
som-rs-bc-baseline,10498048.0,10498048.0,0.0,10498048.0,10498048.0,5,0.0,0.0
