exe,mean,median,std,min,max,n,pct_vs_baseline,cov
som-rs-bc-l4bits,24.950613333333333,24.813,0.6037062309876661,24.756,29.744,75,0.2088477718116215,0.024196047725252957
som-rs-bc-nan,25.168866666666666,25.036,0.6845361880812382,24.981,30.41,75,0.19836517602434767,0.02719773588327
som-rs-bc-l3bits,25.207746666666665,25.002,0.45613816936269475,24.917,26.643,75,0.19651683794558417,0.0180951584207194
som-rs-bc-baseline,30.161493333333336,30.038,0.5426694373172289,29.904,34.394,75,0.0,0.01799212762179422
