exe,mean,median,std,min,max,n,pct_vs_baseline,cov
som-rs-bc-l4bits,90.13986666666666,93.549,8.22458354705711,73.172,98.407,75,0.13704302498783383,0.09124246408607709
som-rs-bc-l3bits,90.16594666666667,93.898,7.980856680110756,73.296,98.123,75,0.13671414159906048,0.08851298051153483
som-rs-bc-nan,91.17312000000001,94.567,8.106635116855688,74.454,102.57,75,0.12415706149648775,0.0889147494004339
som-rs-bc-baseline,102.49290666666667,113.979,15.677037107315405,77.955,117.543,75,0.0,0.15295728862779906
