exe,mean,median,std,min,max,n,pct_vs_baseline,cov
som-rs-bc-nan,1274.5837,1681.728,749.1841373166932,10.738,1782.878,20,0.25782716348875345,0.5877873201396607
som-rs-bc-l4bits,1339.55,1766.4679999999998,787.3039759323219,11.215,1861.226,20,0.1968243066701505,0.5877376551321877
som-rs-bc-l3bits,1360.29695,1796.6315,799.5850625431639,11.206,1899.637,20,0.17857060548433945,0.5878018491059352
som-rs-bc-baseline,1603.2060000000001,2120.0325000000003,942.1004908922234,13.469,2209.003,20,0.0,0.5876353325101225
