exe,mean,median,std,min,max,n,pct_vs_baseline,cov
som-rs-bc-l4bits,6.767346666666667,6.671,0.3319186033943859,6.614,8.185,75,0.6340958839604298,0.04904708148457779
som-rs-bc-nan,7.235786666666666,7.204,0.25302741510119575,7.181,9.393,75,0.5283056069462158,0.03496888821595935
som-rs-bc-l3bits,7.569439999999999,7.439,0.36443377925140186,7.404,8.929,75,0.460939426606636,0.04814540828005796
som-rs-bc-baseline,11.058493333333335,10.998,0.27836474095870883,10.964,13.191,75,0.0,0.025172031357982655
