exe,mean,median,std,min,max,n,pct_vs_baseline,cov
som-rs-bc-l3bits,5.7992,5.789,0.09035111689583225,5.747,6.537,75,0.3305927254333929,0.015579927730692552
som-rs-bc-nan,5.852773333333333,5.824,0.14603725675443346,5.731,6.578,75,0.3184131511443007,0.024951804629560252
som-rs-bc-l4bits,5.904346666666667,5.903,0.025825554771955625,5.854,5.973,75,0.3068970656646175,0.004373990253274812
som-rs-bc-baseline,7.716373333333332,7.654,0.20655525884119957,7.61,8.47,75,0.0,0.02676843769973108
