exe,mean,median,std,min,max,n,pct_vs_baseline,cov
som-rs-bc-nan,5.599693333333333,5.587,0.08792348844205292,5.542,6.262,75,0.34628801101012674,0.015701482779185455
som-rs-bc-l3bits,5.6286,5.578,0.16706917162692878,5.553,6.308,75,0.3393739118075543,0.02968218946575148
som-rs-bc-l4bits,5.638186666666667,5.627,0.08226304108120443,5.594,6.303,75,0.33709656059631454,0.01459033656468825
som-rs-bc-baseline,7.538799999999999,7.52,0.14576044768080282,7.484,8.77,75,0.0,0.019334701501671728
