exe,mean,median,std,min,max,n,pct_vs_baseline,cov
som-rs-bc-nan,73.2696,73.177,0.5163359371571927,72.846,74.115,5,0.35133261270704375,0.007047069141324543
som-rs-bc-l3bits,75.9808,75.79,1.2059526110092396,74.82,77.913,5,0.3031134181266846,0.015871807233001488
som-rs-bc-l4bits,78.8438,78.138,1.3687352556283459,77.524,80.692,5,0.2557943681050381,0.01736008735789429
som-rs-bc-baseline,99.0116,98.606,1.8326270215185643,97.465,101.973,5,0.0,0.018509215299202963
