exe,mean,median,std,min,max,n,pct_vs_baseline,cov
som-rs-bc-l4bits,16.298146666666668,16.261,0.1067360590723989,16.232,16.699,75,0.2572816050250293,0.006548969110131882
som-rs-bc-nan,16.58757333333333,16.528,0.14859860438518732,16.493,17.466,75,0.2353440487175944,0.00895842938560356
som-rs-bc-l3bits,17.533133333333332,16.697,2.953420354909338,16.677,28.7,75,0.1687220766776809,0.168447949306038
som-rs-bc-baseline,20.49136,20.445,0.1220584308458064,20.419,21.115,75,0.0,0.005956580278019927
