exe,mean,median,std,min,max,n,pct_vs_baseline,cov
som-rs-bc-nan,130.21421333333333,134.223,20.639479121657445,104.125,162.148,75,0.1651852444986548,0.158504041865405
som-rs-bc-l4bits,131.49014666666667,136.814,20.078375491984332,106.336,159.52,75,0.15387870381364954,0.15269870785743284
som-rs-bc-l3bits,133.14473333333333,136.802,20.012213197521735,107.132,159.411,75,0.13953947859246907,0.15030420427836474
som-rs-bc-baseline,151.72368,129.955,29.147247977347245,125.169,196.942,75,0.0,0.19210744148406658
