exe,mean,median,std,min,max,n,pct_vs_baseline,cov
som-rs-bc-nan,33.329,33.359,0.0792432962464372,33.226,33.411,5,0.27740406252812844,0.0023776079764300517
som-rs-bc-l3bits,34.07039999999999,33.888,0.7165558596508717,33.241,34.992,5,0.24960669672208158,0.02103162450839649
som-rs-bc-l4bits,34.7068,34.279,0.7025273660150185,34.24,35.863,5,0.22669332810861254,0.020241778729673105
som-rs-bc-baseline,42.5746,42.625,0.16470974470261104,42.317,42.742,5,0.0,0.0038687326411196124
