exe,mean,median,std,min,max,n,pct_vs_baseline,cov
som-rs-bc-nan,116.0608,116.04,0.2921210365584769,115.644,116.422,5,0.27965859273759963,0.002516965560796383
som-rs-bc-l4bits,119.09279999999998,118.491,1.571400394552576,118.019,121.814,5,0.24707958835462795,0.013194755640580928
som-rs-bc-l3bits,121.075,120.806,1.210892852402721,119.759,123.067,5,0.2266628123064216,0.010001179867047044
som-rs-bc-baseline,148.5182,147.996,1.3700336492217964,147.064,150.574,5,0.0,0.009224685252189942
