exe,mean,median,std,min,max,n,pct_vs_baseline,cov
som-rs-bc-nan,3484.5387,3468.125,3634.0547334577805,36.949,6967.201,10,0.2744845680720953,1.042908415239521
som-rs-bc-l3bits,3808.9472,3782.3379999999997,3975.634487415473,37.18,7681.385,10,0.1659365611578969,1.0437620367684468
som-rs-bc-l4bits,3958.8841999999995,3923.0434999999998,4133.03981713427,37.752,7951.439,10,0.12177840412710261,1.0439910864617539
som-rs-bc-baseline,4440.9908000000005,4423.372,4629.54282662028,48.224,8890.486,10,0.0,1.0424571982045716
