exe,mean,median,std,min,max,n,pct_vs_baseline,cov
som-rs-bc-l3bits,3160.1,3117.0,3331.439343587093,0.0,6442.0,10,0.7525394765988418,1.0542195954517557
som-rs-bc-nan,3236.3,3192.0,3411.7092181029866,0.0,6569.0,10,0.7112752217037974,1.0542005432447505
som-rs-bc-l4bits,3326.7,3226.5,3507.6292420950076,0.0,6756.0,10,0.6647728980671537,1.0543870027640028
som-rs-bc-baseline,5538.2,5431.0,5838.357661001746,0.0,11164.0,10,0.0,1.054197692571909
