exe,mean,median,std,min,max,n,pct_vs_baseline,cov
som-rs-bc-nan,9.7708,9.773,0.10724831000999506,9.655,9.895,5,0.48118884840545295,0.010976410325663719
som-rs-bc-l3bits,9.9442,9.963,0.03765235716392812,9.887,9.976,5,0.45536091389955935,0.0037863636254226703
som-rs-bc-l4bits,10.2118,10.217,0.011882760622010763,10.199,10.223,5,0.4172232123621691,0.0011636303709444723
som-rs-bc-baseline,14.472399999999999,11.095,7.623968671236787,10.956,28.11,5,0.0,0.526793667341753
