exe,mean,median,std,min,max,n,pct_vs_baseline,cov
som-rs-bc-l4bits,3.9037999999999995,3.612,0.6648456211783303,3.591,5.093,5,0.11009785337363609,0.17030729575755174
som-rs-bc-nan,3.9415999999999998,3.659,0.65189822825346,3.577,5.104,5,0.09945199918814684,0.16538923996688148
som-rs-bc-l3bits,4.008,3.751,0.7038096333526561,3.607,5.262,5,0.08123752495009962,0.1756012059263114
som-rs-bc-baseline,4.3336,4.03,0.705430577732494,3.99,5.595,5,0.0,0.16278165445184004
