exe,mean,median,std,min,max,n,pct_vs_baseline,cov
som-rs-bc-nan,15.7292,15.574,0.354751603238098,15.511,16.359,5,0.11959921674338192,0.022553696515912953
som-rs-bc-l4bits,15.780600000000002,15.765,0.17877164204649493,15.559,16.006,5,0.11595249863756774,0.011328570652984989
som-rs-bc-l3bits,15.9726,15.948,0.21954908335039877,15.73,16.251,5,0.1025380964902396,0.013745356632633307
som-rs-bc-baseline,17.610400000000002,17.489,0.2512007165594878,17.445,18.045,5,0.0,0.014264339058708931
