exe,mean,median,std,min,max,n,pct_vs_baseline,cov
som-rs-bc-l3bits,1484.4876,1473.958,27.350123195334906,1465.876,1532.742,5,0.21694866295952897,0.018423948570089037
som-rs-bc-nan,1511.292,1510.209,2.452983693382433,1509.537,1515.585,5,0.19536476074775755,0.0016231037373204073
som-rs-bc-l4bits,1566.3218000000002,1535.548,70.57991961740957,1532.996,1692.552,5,0.15336784561129124,0.04506093167917957
som-rs-bc-baseline,1806.5452,1795.053,17.181726694369228,1793.258,1825.701,5,0.0,0.009510820263101764
