exe,mean,median,std,min,max,n,pct_vs_baseline,cov
som-rs-bc-nan,2.2956,2.289,0.01882285844392394,2.284,2.329,5,0.21362606725910438,0.008199537569229805
som-rs-bc-l4bits,2.3186,2.298,0.05064879070619546,2.291,2.409,5,0.20158716466833426,0.0218445573648734
som-rs-bc-l3bits,2.326,2.322,0.011726039399558623,2.314,2.345,5,0.19776440240756665,0.005041289509698462
som-rs-bc-baseline,2.786,2.75,0.05507721852090936,2.748,2.873,5,0.0,0.019769281594009102
