exe,mean,median,std,min,max,n,pct_vs_baseline,cov
som-rs-bc-nan,38.4796,38.485,0.0158050624801039,38.458,38.497,5,0.09023482572583941,0.0004107387415696603
som-rs-bc-l3bits,39.2562,38.956,0.47911971364159056,38.841,39.87,5,0.06866686026665869,0.012204943770451306
som-rs-bc-l4bits,39.4788,39.421,0.11918976466123153,39.369,39.63,5,0.06264121503186537,0.0030190827649581938
som-rs-bc-baseline,41.951800000000006,41.889,0.1446364407747957,41.85,42.203,5,0.0,0.003447681405203011
