exe,mean,median,std,min,max,n,pct_vs_baseline,cov
som-rs-bc-l4bits,10.381,10.384,0.06069596362197385,10.31,10.442,5,0.22042192467007027,0.005846832060685276
som-rs-bc-l3bits,10.5744,10.576,0.018769656363396357,10.556,10.603,5,0.19810107429263124,0.0017750091128949496
som-rs-bc-nan,11.6988,11.732,0.09069564487890264,11.54,11.757,5,0.08294867849693977,0.007752559653887803
som-rs-bc-baseline,12.6692,12.659,0.027788486824582966,12.645,12.714,5,0.0,0.002193389229358047
