exe,mean,median,std,min,max,n,pct_vs_baseline,cov
som-rs-bc-l3bits,19.0494,19.047,0.026140007651108663,19.017,19.088,5,0.1278045502745495,0.0013722220989169562
som-rs-bc-nan,19.187599999999996,19.246,0.1614552569599395,18.903,19.293,5,0.11968146094352639,0.008414562371528463
som-rs-bc-l4bits,19.735,19.75,0.031725384158430514,19.701,19.768,5,0.08862427159868269,0.0016075695038475053
som-rs-bc-baseline,21.484,21.532,0.14129401968944133,21.238,21.59,5,0.0,0.006576709164468503
