exe,mean,median,std,min,max,n,pct_vs_baseline,cov
som-rs-bc-nan,2701.4,2704.0,48.76781725687543,2627.0,2760.0,5,0.4044569482490561,0.018052793831670775
som-rs-bc-l4bits,2715.6,2744.0,61.5410432150772,2613.0,2759.0,5,0.39711297687435554,0.022662042721710563
som-rs-bc-l3bits,2753.8,2793.0,151.3165556044678,2588.0,2956.0,5,0.37773258769700035,0.05494827351458631
som-rs-bc-baseline,3794.0,3790.0,84.28226385189235,3687.0,3891.0,5,0.0,0.02221461883286567
