exe,mean,median,std,min,max,n,pct_vs_baseline,cov
som-rs-bc-l3bits,3042.1,3001.0,3207.0236616942293,0.0,6163.0,10,0.7458005982709313,1.054213754213941
som-rs-bc-l4bits,3144.8,3076.0,3315.7352729070517,0.0,6400.0,10,0.6887878402442125,1.0543548947173276
som-rs-bc-nan,3149.9,3106.5,3320.5954435914055,0.0,6364.0,10,0.6860535255087461,1.0541907500528287
som-rs-bc-baseline,5310.9,5225.0,5598.803869280176,0.0,10755.0,10,0.0,1.054209996286915
