exe,mean,median,std,min,max,n,pct_vs_baseline,cov
som-rs-bc-l4bits,5.124013333333333,5.116,0.0430023548485723,5.079,5.401,75,1.2768220743635847,0.008392319077085209
som-rs-bc-nan,5.1822799999999996,5.159,0.060482867799876196,5.131,5.525,75,1.2512227565215825,0.01167109222193247
som-rs-bc-l3bits,5.22836,5.176,0.27340375251977045,5.098,7.317,75,1.2313816697141484,0.05229244973945375
som-rs-bc-baseline,11.666466666666667,11.628,0.13899672690423331,11.602,12.571,75,0.0,0.01191420940680983
