exe,mean,median,std,min,max,n,pct_vs_baseline,cov
som-rs-bc-l4bits,53.788599999999995,53.826,0.3376896504188414,53.414,54.201,5,0.9884250566105086,0.00627808960297984
som-rs-bc-l3bits,55.053,55.293,0.36827639077193053,54.506,55.329,5,0.9427569796378037,0.006689488143642137
som-rs-bc-nan,55.4618,55.463,0.40250118012249275,55.035,55.935,5,0.9284372306704796,0.007257268608708927
som-rs-bc-baseline,106.9546,106.085,2.2388814841344318,104.952,109.639,5,0.0,0.02093300787562603
