exe,mean,median,std,min,max,n,pct_vs_baseline,cov
som-rs-bc-nan,24.1284,24.164,0.13031615402550745,23.981,24.278,5,1.3363256577311384,0.005400944696934212
som-rs-bc-l4bits,24.1692,24.113,0.13077346825713632,24.059,24.376,5,1.332381708951889,0.00541074873215234
som-rs-bc-l3bits,24.3442,24.306,0.06888541209864382,24.278,24.427,5,1.3156152184093126,0.002829643697416379
som-rs-bc-baseline,56.37179999999999,55.819,1.3508677581465904,55.663,58.782,5,0.0,0.02396353776438912
