exe,mean,median,std,min,max,n,pct_vs_baseline,cov
som-rs-bc-nan,1222.04665,1583.1795,719.0075840711407,10.425,1755.35,20,0.9874933988812948,0.5883634508315544
som-rs-bc-l4bits,1249.2817499999999,1622.829,736.3381201739833,10.571,1885.616,20,0.9441648371154068,0.5894091706486414
som-rs-bc-l3bits,1281.33995,1664.4135,754.5155035307495,10.631,1836.516,20,0.8955232372174144,0.5888488090383426
som-rs-bc-baseline,2428.80965,3199.2515000000003,1429.2618535938227,18.702,3428.853,20,0.0,0.5884618638573931
