exe,mean,median,std,min,max,n,pct_vs_baseline,cov
som-rs-bc-l3bits,33.211,33.332,0.27568732288591047,32.809,33.464,5,1.133317274397037,0.008301084667306328
som-rs-bc-l4bits,33.476,33.503,0.17681911661356176,33.221,33.684,5,1.1164296809654677,0.005281966681012121
som-rs-bc-nan,34.404,34.446,0.13846840794925389,34.243,34.536,5,1.059341936984071,0.0040247764198713485
som-rs-bc-baseline,70.8496,70.859,0.2542760311157988,70.504,71.138,5,0.0,0.0035889550698352396
