exe,mean,median,std,min,max,n,pct_vs_baseline,cov
som-rs-bc-nan,9.457933333333333,9.417,0.26557247360887887,9.329,11.628,75,2.2196406544065295,0.02807933448556896
som-rs-bc-l4bits,9.78872,9.75,0.09896171249801874,9.693,10.171,75,2.110840504853205,0.010109770480514178
som-rs-bc-l3bits,10.762319999999999,10.747,0.06821709383938818,10.671,10.922,75,1.8294221568088167,0.0063385119416062875
som-rs-bc-baseline,30.451146666666663,29.986,1.5514051232919706,29.886,38.862,75,0.0,0.050947346590078185
