exe,mean,median,std,min,max,n,pct_vs_baseline,cov
som-rs-bc-l4bits,6.6659999999999995,6.649,0.04499309256295224,6.611,6.783,75,3.178069806980699,0.006749638848327669
som-rs-bc-nan,7.090893333333334,7.067,0.05968556648677162,7.027,7.37,75,2.9277157368042013,0.008417213978695437
som-rs-bc-l3bits,7.946613333333333,7.919,0.07544819116154852,7.859,8.166,75,2.5047651326518974,0.009494383078269216
som-rs-bc-baseline,27.851013333333334,27.754,0.40745294848022034,27.619,30.733,75,0.0,0.014629735141182905
