exe,mean,median,std,min,max,n,pct_vs_baseline,cov
som-rs-bc-l4bits,5.463466666666666,5.461,0.051582349100624904,5.423,5.834,75,1.191348594299102,0.009441322194813716
som-rs-bc-nan,5.50452,5.491,0.051669521571807174,5.422,5.819,75,1.1750052683976078,0.009386744270491736
som-rs-bc-l3bits,5.571,5.469,0.3504216379225524,5.417,8.077,75,1.1490504397774188,0.06290102996276295
som-rs-bc-baseline,11.97236,11.738,0.5495256342544018,11.664,14.031,75,0.0,0.045899524759897115
