exe,mean,median,std,min,max,n,pct_vs_baseline,cov
som-rs-bc-l4bits,54.4258,54.39,0.32832560058575855,54.02,54.807,5,0.5229431629852017,0.006032536050655361
som-rs-bc-nan,54.6788,54.609,0.5877479902134937,54.094,55.508,5,0.5158964717587071,0.010749101849592413
som-rs-bc-l3bits,55.05219999999999,55.113,0.4925552760858417,54.287,55.582,5,0.5056146711666385,0.008947058902021023
som-rs-bc-baseline,82.8874,83.425,0.8817886935088265,81.675,83.638,5,0.0,0.010638392487987638
