exe,mean,median,std,min,max,n,pct_vs_baseline,cov
som-rs-bc-nan,2295.4339333333332,2253.624,72.79080498393692,2245.091,2504.427,15,1.3324450868534399,0.031711130486876245
som-rs-bc-l4bits,3371.9936666666667,3340.803,63.05669521908336,3321.528,3544.318,15,0.5877768849111122,0.018700122672951843
som-rs-bc-l3bits,3408.039733333333,3373.46,67.08308743264034,3351.582,3570.885,15,0.5709833273461835,0.019683775038334943
som-rs-bc-baseline,5353.973599999999,5300.54,75.49710178051329,5291.395,5541.824,15,0.0,0.014101134488319723
