exe,mean,median,std,min,max,n,pct_vs_baseline,cov
som-rs-bc-l4bits,5.745053333333334,5.726,0.11209550625481167,5.698,6.627,75,1.3799372909796017,0.01951165633300967
som-rs-bc-l3bits,5.79904,5.791,0.0222634350570739,5.776,5.899,75,1.3577810580141998,0.0038391587326650446
som-rs-bc-nan,6.011080000000001,5.969,0.2826666817525065,5.945,8.407,75,1.2746106634193297,0.04702427546339534
som-rs-bc-baseline,13.672866666666666,13.576,0.21570765585113744,13.531,14.818,75,0.0,0.015776329946741535
