exe,mean,median,std,min,max,n,pct_vs_baseline,cov
som-rs-bc-l3bits,6.29472,6.27,0.11997584892104039,6.226,7.074,75,1.670655194618135,0.01905975943664538
som-rs-bc-l4bits,6.3077733333333335,6.285,0.12490986732422281,6.238,7.205,75,1.6651285292432827,0.019802529470128307
som-rs-bc-nan,6.397893333333333,6.354,0.25646903681896355,6.317,8.564,75,1.627587830994369,0.04008648213666637
som-rs-bc-baseline,16.811026666666667,16.68,0.30605153131428714,16.613,18.664,75,0.0,0.0182054039519867
