exe,mean,median,std,min,max,n,pct_vs_baseline,cov
som-rs-bc-nan,8.570146666666666,8.56,0.06622641208504074,8.532,9.11,75,1.3077613607546197,0.007727570444345652
som-rs-bc-l3bits,8.853533333333333,8.844,0.03436659807230057,8.81,9.02,75,1.2338938126397747,0.0038816816719841316
som-rs-bc-l4bits,9.222813333333333,9.213,0.03937199352171408,9.201,9.515,75,1.144449054590718,0.004268978683479887
som-rs-bc-baseline,19.777853333333333,19.601,0.39170030233183006,19.503,21.699,75,0.0,0.019804995806681585
