exe,mean,median,std,min,max,n,pct_vs_baseline,cov
som-rs-bc-nan,3794.8248999999996,3759.583,3929.234406154361,67.272,7644.182,10,0.8942303503911344,1.035419158906215
som-rs-bc-l3bits,4320.447099999999,4280.8995,4480.845066867793,69.583,8695.774,10,0.6637797740886591,1.0371253166987726
som-rs-bc-l4bits,4404.1695,4359.062,4565.261382037135,72.823,8854.825,10,0.6321516462979004,1.0365771303845448
som-rs-bc-baseline,7188.272500000001,7135.742499999999,7425.995306191311,143.416,14356.305,10,0.0,1.0330709229778519
