exe,mean,median,std,min,max,n,pct_vs_baseline,cov
som-rs-bc-nan,118.3163,117.0685,87.23743350324638,35.109,204.594,10,0.8928237275844493,0.7373238810142506
som-rs-bc-l3bits,130.2688,131.6195,102.23972879658866,31.011,229.729,10,0.7191522452037631,0.7848366515741964
som-rs-bc-l4bits,131.8626,130.943,104.06245771245054,32.34,237.574,10,0.6983731550871892,0.7891734101439722
som-rs-bc-baseline,223.95189999999997,221.1885,175.42803609486143,56.161,396.888,10,0.0,0.7833290813556905
