exe,mean,median,std,min,max,n,pct_vs_baseline,cov
som-rs-bc-nan,20.1546,20.183,0.09647953150798294,20.042,20.263,5,0.7013088823395157,0.004786973272006537
som-rs-bc-l3bits,22.2688,22.098,0.5140697423501989,21.812,23.145,5,0.5397866072711597,0.02308475276396568
som-rs-bc-l4bits,22.3404,22.166,0.6102362657200888,21.565,23.1,5,0.5348516588780865,0.027315368825987396
som-rs-bc-baseline,34.2892,34.335,0.40533035908996456,33.662,34.798,5,0.0,0.011820933678533315
