exe,mean,median,std,min,max,n,pct_vs_baseline,cov
som-rs-bc-nan,73.7476,73.176,0.9400738268880812,72.862,74.902,5,1.184258199588868,0.012747178577853124
som-rs-bc-l3bits,75.7942,76.292,1.099639122621599,74.624,77.068,5,1.1252787152578954,0.014508222563489012
som-rs-bc-l4bits,76.08680000000001,76.236,0.6535998011015668,74.975,76.676,5,1.1171057266174942,0.008590186485718505
som-rs-bc-baseline,161.0838,162.313,2.460759374664649,157.389,163.218,5,0.0,0.01527626846811814
