exe,mean,median,std,min,max,n,pct_vs_baseline,cov
som-rs-bc-nan,3709.9803999999995,3657.306,3852.815062384911,54.756,7443.6,10,0.8840063952898514,1.0385001123954487
som-rs-bc-l3bits,4179.656,4143.9455,4348.497721384836,54.029,8359.669,10,0.6722971459852198,1.0403960807743116
som-rs-bc-l4bits,4240.1946,4206.117,4411.914896814236,53.79,8455.435,10,0.6484212304784314,1.040498211288283
som-rs-bc-baseline,6989.6268,6947.713500000001,7251.360361851359,109.121,13934.513,10,0.0,1.0374459995276657
