exe,mean,median,std,min,max,n,pct_vs_baseline,cov
som-rs-bc-nan,3534.113,3479.971,3685.9531845616875,36.966,7091.229,10,0.8894083748878432,1.0429641566530803
som-rs-bc-l3bits,3992.2226,3961.951,4169.142873635517,36.645,8033.135,10,0.6725977905139859,1.044316234679779
som-rs-bc-l4bits,4058.8328,4026.2005000000004,4239.087746368939,36.89,8133.112,10,0.6451485018057408,1.044410537524221
som-rs-bc-baseline,6677.3827,6647.2345,6965.68759232594,68.483,13383.557,10,0.0,1.0431763319969574
