exe,mean,median,std,min,max,n,pct_vs_baseline,cov
som-rs-bc-nan,136.15821333333332,143.862,21.605317227975192,107.791,162.79,75,0.425073732851567,0.1586780312332868
som-rs-bc-l3bits,136.60988,139.043,21.54211954800503,108.614,165.424,75,0.42036208020483823,0.15769078743063847
som-rs-bc-l4bits,137.36804,144.58,21.56816981512465,108.161,165.239,75,0.41252283524852884,0.15701010085842856
som-rs-bc-baseline,194.03549333333333,174.24,31.549840316284698,163.441,248.56,75,0.0,0.1625982946433685
