exe,mean,median,std,min,max,n,pct_vs_baseline,cov
som-rs-bc-l3bits,43.3072,43.297,0.1315226216283706,43.127,43.492,5,1.060959840396054,0.003036968948081857
som-rs-bc-l4bits,44.258,44.27,0.22716954021171026,44.042,44.616,5,1.0166839893352613,0.00513284694770912
som-rs-bc-nan,45.238800000000005,45.226,0.24087486377785278,44.945,45.545,5,0.9729612633403184,0.005324519301525521
som-rs-bc-baseline,89.2544,89.331,0.7213974632614149,88.387,90.308,5,0.0,0.008082486278115307
