exe,mean,median,std,min,max,n,pct_vs_baseline,cov
som-rs-bc-nan,20.1396,20.096,0.15332742742249408,19.947,20.338,5,1.0789092136884544,0.007613231018614773
som-rs-bc-l3bits,20.2458,20.282,0.1016425107914994,20.136,20.371,5,1.0680042280374202,0.005020424522197167
som-rs-bc-l4bits,20.7064,20.852,0.23645147493724752,20.447,20.892,5,1.0220028590194339,0.01141924597888805
som-rs-bc-baseline,41.8684,41.933,0.4200051190164236,41.43,42.322,5,0.0,0.010031554084140392
