exe,mean,median,std,min,max,n,pct_vs_baseline,cov
som-rs-bc-nan,34.033,34.114,0.2695106676923938,33.646,34.299,5,0.3103811006963828,0.007919098160385326
som-rs-bc-l3bits,34.2338,34.148,0.563939890413863,33.709,35.17,5,0.30269499734180827,0.016473189958867054
som-rs-bc-l4bits,34.8772,34.924,0.5097187459766402,34.389,35.665,5,0.2786634248162121,0.014614669353521504
som-rs-bc-baseline,44.596199999999996,43.736,2.4101391453606995,42.911,48.857,5,0.0,0.05404359890216431
