exe,mean,median,std,min,max,n,pct_vs_baseline,cov
som-rs-bc-l4bits,7.8073999999999995,7.7,0.19863358225637473,7.649,8.087,5,0.17485974844378416,0.02544170687506401
som-rs-bc-nan,7.899600000000001,7.956,0.11734053008232057,7.706,7.988,5,0.16114739986834747,0.014853983756433306
som-rs-bc-l3bits,8.015,8.01,0.14428270859669928,7.801,8.174,5,0.14442919525888942,0.01800158560158444
som-rs-bc-baseline,9.1726,9.221,0.14409823038469233,8.992,9.323,5,0.0,0.015709638530481254
