exe,mean,median,std,min,max,n,pct_vs_baseline,cov
som-rs-bc-nan,3789.9775,3764.426,3924.0596464931073,66.941,7571.911,10,0.235212082393629,1.035378085092354
som-rs-bc-l3bits,3983.5035,3891.329,4127.8731619327555,69.519,8266.545,10,0.17520318483465647,1.0362418815328656
som-rs-bc-l4bits,4052.5139000000004,3979.3605,4194.766013318594,72.921,8183.411,10,0.15519060896990378,1.0351021901044173
som-rs-bc-baseline,4681.426,4627.922500000001,4835.4797035081565,93.972,9395.768,10,0.0,1.0329074310921835
