exe,mean,median,std,min,max,n,pct_vs_baseline,cov
som-rs-bc-nan,3544.5499000000004,3508.009,3697.3266060687515,36.698,7133.394,10,0.22845292712623388,1.043101863531037
som-rs-bc-l3bits,3666.6963000000005,3631.0879999999997,3825.6967611307687,37.09,7331.194,10,0.187530229869324,1.0433634116713641
som-rs-bc-l4bits,3741.8172,3710.8655,3905.4233449949174,36.638,7534.84,10,0.16368931651711915,1.0437237139737658
som-rs-bc-baseline,4354.3127,4308.96,4536.138271826771,50.037,8705.596,10,0.0,1.0417575825059076
