exe,mean,median,std,min,max,n,pct_vs_baseline,cov
som-rs-bc-nan,49.0338,48.971,1.0251154569120502,47.992,50.331,5,0.285036036366751,0.02090630252829783
som-rs-bc-l4bits,49.130399999999995,49.357,0.44255993944323335,48.462,49.531,5,0.2825094035464806,0.009007863551756822
som-rs-bc-l3bits,49.5396,49.67,0.4269172050878252,48.955,49.93,5,0.2719158006927791,0.008617695845098168
som-rs-bc-baseline,63.0102,63.122,0.7620132544778996,62.096,63.768,5,0.0,0.012093490490077791
