exe,mean,median,std,min,max,n,pct_vs_baseline,cov
som-rs-bc-l3bits,5.5,5.5,5.797509043642029,0.0,11.0,10,0.7272727272727273,1.0540925533894598
som-rs-bc-l4bits,5.5,5.5,5.797509043642029,0.0,11.0,10,0.7272727272727273,1.0540925533894598
som-rs-bc-nan,5.5,5.5,5.7975090436420285,0.0,11.0,10,0.7272727272727273,1.0540925533894596
som-rs-bc-baseline,9.5,9.5,10.013879257199868,0.0,19.0,10,0.0,1.0540925533894598
