exe,mean,median,std,min,max,n,pct_vs_baseline,cov
som-rs-bc-l3bits,49.2803,52.269000000000005,35.195791579391994,11.171,82.951,10,0.2672650125912386,0.7141959683563613
som-rs-bc-nan,49.778,50.62649999999999,30.156025847065603,19.013,78.764,10,0.2545943991321469,0.6058103147387521
som-rs-bc-l4bits,50.7786,53.213499999999996,35.21714118374113,11.977,84.395,10,0.22987242657339935,0.6935429725069444
som-rs-bc-baseline,62.45120000000001,63.9865,45.83097230961226,13.698,106.656,10,0.0,0.733868561526636
