exe,mean,median,std,min,max,n,pct_vs_baseline,cov
som-rs-bc-l3bits,336.0,0.0,677.9499303843228,0.0,1928.0,75,0.001547619047618909,2.017708126143818
som-rs-bc-baseline,336.52,0.0,679.0529247375307,0.0,1865.0,75,0.0,2.0178679565479936
som-rs-bc-l4bits,339.0933333333333,0.0,684.6401930020423,0.0,2029.0,75,-0.0075888644227743995,2.019031711039367
som-rs-bc-nan,342.74666666666667,0.0,692.1189183349326,0.0,1989.0,75,-0.01816696491091585,2.0193308517513398
