exe,mean,median,std,min,max,n,pct_vs_baseline,cov
som-rs-bc-l4bits,14520.3,14017.0,15321.002839602606,0.0,30578.0,10,0.6998271385577435,1.0551436843317705
som-rs-bc-l3bits,14524.3,14272.5,15311.69635024879,0.0,29335.0,10,0.6993590052532652,1.0542123441576388
som-rs-bc-nan,14778.2,14463.0,15585.240787360328,0.0,30615.0,10,0.6701628073784358,1.0546102223112643
som-rs-bc-baseline,24682.0,23575.0,26067.14658978488,0.0,53310.0,10,0.0,1.0561197062549583
