exe,mean,median,std,min,max,n,pct_vs_baseline,cov
som-rs-bc-l3bits,227.70666666666668,0.0,472.44844630331295,0.0,1966.0,75,0.05796931725026355,2.0748116566780928
som-rs-bc-l4bits,234.18666666666667,0.0,477.77377020457646,0.0,1611.0,75,0.028695058073331836,2.040140786002234
som-rs-bc-baseline,240.90666666666667,0.0,492.3268298471935,0.0,1589.0,75,0.0,2.043641368083878
som-rs-bc-nan,246.44,0.0,501.06044950091007,0.0,1517.0,75,-0.022453064978628978,2.033194487505722
