exe,mean,median,std,min,max,n,pct_vs_baseline,cov
som-rs-bc-l3bits,224.26666666666668,0.0,455.4828840446781,0.0,1442.0,75,0.09316290130796667,2.0309878896165787
som-rs-bc-nan,233.36,0.0,477.17030899227564,0.0,1637.0,75,0.050565649640041066,2.0447819206045406
som-rs-bc-l4bits,237.33333333333334,0.0,489.191951861195,0.0,1664.0,75,0.03297752808988763,2.0612020443589674
som-rs-bc-baseline,245.16,0.0,500.19409854197227,0.0,1547.0,75,0.0,2.0402761402429936
