exe,mean,median,std,min,max,n,pct_vs_baseline,cov
som-rs-bc-nan,6236.6,6123.0,391.0170073027514,5940.0,6921.0,5,0.5989481448224994,0.06269714384484357
som-rs-bc-l4bits,6422.8,6359.0,492.7059975279376,5697.0,7008.0,5,0.5525938842872267,0.07671202552281522
som-rs-bc-l3bits,6585.2,6338.0,733.7449829470728,6003.0,7868.0,5,0.5143048047136003,0.11142334066498706
som-rs-bc-baseline,9972.0,10042.0,302.05380315433877,9491.0,10322.0,5,0.0,0.03029019285542908
