exe,mean,median,std,min,max,n,pct_vs_baseline,cov
som-rs-bc-l3bits,6093.4,5973.0,709.1098645485056,5291.0,7077.0,5,0.625201037187777,0.11637343101527975
som-rs-bc-nan,6421.0,6316.0,581.2271500885003,5666.0,7136.0,5,0.5422831334683071,0.09051972435578574
som-rs-bc-l4bits,6431.4,6460.0,490.05999632698047,5858.0,7010.0,5,0.5397891594365147,0.07619802785194212
som-rs-bc-baseline,9903.0,9639.0,579.0328142687597,9356.0,10584.0,5,0.0,0.05847044474086233
