exe,mean,median,std,min,max,n,pct_vs_baseline,cov
som-rs-bc-nan,13366.1,12438.0,14119.016352659512,0.0,28577.0,10,0.6761658224912277,1.056330294750115
som-rs-bc-l4bits,13700.1,13401.5,14446.618777416397,0.0,28188.0,10,0.6353019321026854,1.054490023971825
som-rs-bc-l3bits,13763.0,13339.5,14515.828999941943,0.0,28430.0,10,0.6278282351231563,1.0546994841198825
som-rs-bc-baseline,22403.8,21434.5,23636.291468840875,0.0,46004.0,10,0.0,1.0550126080772402
