exe,mean,median,std,min,max,n,pct_vs_baseline,cov
som-rs-bc-nan,13282.5,12868.5,14017.37374554243,0.0,28325.0,10,0.6844344061735366,1.0553264630560837
som-rs-bc-l3bits,13513.0,13071.0,14256.362275606401,0.0,28229.0,10,0.6557019166728335,1.0550108988090285
som-rs-bc-l4bits,13614.6,13422.0,14354.633299236717,0.0,28032.0,10,0.6433461137308478,1.054355860564153
som-rs-bc-baseline,22373.5,21573.0,23594.827084907116,0.0,46010.0,10,0.0,1.0545881102602237
