exe,mean,median,std,min,max,n,pct_vs_baseline,cov
som-rs-bc-l3bits,8277.1,7749.5,8742.142039187725,0.0,17576.0,10,0.8689275229246958,1.0561841755189287
som-rs-bc-nan,8472.1,7863.5,8956.644081971277,0.0,18500.0,10,0.8259109311740889,1.0571929134419185
som-rs-bc-l4bits,8850.6,8413.0,9351.957480180881,0.0,18786.0,10,0.7478250062142677,1.0566467222765554
som-rs-bc-baseline,15469.3,15065.5,16312.744431885149,0.0,31733.0,10,0.0,1.054523762024471
