exe,mean,median,std,min,max,n,pct_vs_baseline,cov
som-rs-bc-l4bits,8368.1,7820.0,8846.23830223898,0.0,18388.0,10,0.8469903562337924,1.0571382156330564
som-rs-bc-nan,8542.9,7636.5,9047.524049889746,0.0,18459.0,10,0.8091982816139718,1.0590694085017671
som-rs-bc-l3bits,8577.9,8434.5,9042.769836848785,0.0,17343.0,10,0.8018162953636672,1.0541938979061058
som-rs-bc-baseline,15455.8,14596.5,16327.912098952245,0.0,33215.0,10,0.0,1.0564262023934217
