exe,mean,median,std,min,max,n,pct_vs_baseline,cov
som-rs-bc-l3bits,8543.6,8174.0,9015.49635288534,0.0,18083.0,10,0.7807832763706164,1.055233900567131
som-rs-bc-l4bits,8614.5,8296.5,9093.0254621636,0.0,18320.0,10,0.7661268790991931,1.0555488376764293
som-rs-bc-nan,8741.7,8484.5,9220.14174451179,0.0,17986.0,10,0.7404280631913698,1.0547309727526442
som-rs-bc-baseline,15214.3,14327.0,16062.104594700877,0.0,31691.0,10,0.0,1.0557241933379042
