exe,mean,median,std,min,max,n,pct_vs_baseline,cov
som-rs-bc-nan,8640.0,8249.0,9113.123089503644,0.0,17744.0,10,0.7844212962962962,1.0547596168406996
som-rs-bc-l4bits,8657.7,8315.0,9138.156585925244,0.0,18372.0,10,0.7807731845640296,1.0554947140609219
som-rs-bc-l3bits,8756.0,8192.5,9254.026763162798,0.0,19061.0,10,0.7607811786203746,1.0568783420697576
som-rs-bc-baseline,15417.4,15150.0,16254.544261699728,0.0,31310.0,10,0.0,1.05429866655206
