exe,mean,median,std,min,max,n,pct_vs_baseline,cov
som-rs-bc-nan,7780.9,6908.5,8239.707134088902,0.0,17035.0,10,0.8271022632343303,1.0589658181044483
som-rs-bc-l4bits,8060.6,7407.5,8514.6116137692,0.0,16806.0,10,0.7637024539116195,1.0563247914260974
som-rs-bc-l3bits,8199.2,7558.0,8660.264838136687,0.0,17143.0,10,0.7338886720655673,1.056232905422076
som-rs-bc-baseline,14216.5,13341.5,15011.932751795968,0.0,29959.0,10,0.0,1.055951377047513
