exe,mean,median,std,min,max,n,pct_vs_baseline,cov
som-rs-bc-l3bits,7840.7,7604.5,8266.95027806506,0.0,15943.0,10,0.8007448314563752,1.0543638040053898
som-rs-bc-l4bits,7935.1,7683.0,8370.045246791282,0.0,16289.0,10,0.7793222517674636,1.054812824890837
som-rs-bc-nan,8097.6,7316.0,8569.031336413962,0.0,17387.0,10,0.7436153922149773,1.0582186495275097
som-rs-bc-baseline,14119.1,13705.0,14892.362639584388,0.0,29138.0,10,0.0,1.054767133853035
