exe,mean,median,std,min,max,n,pct_vs_baseline,cov
som-rs-bc-l3bits,226.97333333333333,0.0,461.3995153798851,0.0,1522.0,75,0.9712741584914528,2.032835790018879
som-rs-bc-l4bits,231.24,0.0,474.83288212374885,0.0,1622.0,75,0.9349016894424262,2.05342017870502
som-rs-bc-nan,239.74666666666667,0.0,491.7284763102647,0.0,1587.0,75,0.8662477059117959,2.051033631236853
som-rs-bc-baseline,447.4266666666667,0.0,563.3286250669495,0.0,1489.0,75,0.0,1.2590412396823676
