exe,mean,median,std,min,max,n,pct_vs_baseline,cov
som-rs-bc-l4bits,235.62666666666667,0.0,479.7582942491989,0.0,1457.0,75,0.869001810774106,2.0360950695274966
som-rs-bc-nan,241.72,0.0,497.0556975696854,0.0,1707.0,75,0.8218875834298638,2.0563283864375532
som-rs-bc-l3bits,249.05333333333334,0.0,506.94138190197566,0.0,1483.0,75,0.7682424112639863,2.035473186072497
som-rs-bc-baseline,440.38666666666666,0.0,563.834312765951,0.0,1570.0,75,0.0,1.2803164933072855
