rank,exe,geo_mean_speedup_vs_baseline,median_speedup_vs_baseline,win_rate
1,som-rs-bc-nan,1.9672904520984802,1.8771294704666606,0.5348837209302325
2,som-rs-bc-l4bits,1.9006290581346366,1.8516082159251903,0.27906976744186046
3,som-rs-bc-l3bits,1.8772549051461727,1.8388727276679298,0.18604651162790697
4,som-rs-bc-baseline,1.0,1.0,0.0
