rank,exe,geo_mean_speedup_vs_baseline,median_speedup_vs_baseline,win_rate
1,som-rs-bc-nan,2.032632397280034,2.3085189099116112,0.9047619047619048
2,som-rs-bc-l4bits,2.0296580838345917,2.3068968667171452,0.9047619047619048
3,som-rs-bc-l3bits,2.028968028466319,2.315252801021325,0.8571428571428571
4,som-rs-bc-baseline,1.0,1.0,0.8095238095238095
