exe,mean,median,std,min,max,n,pct_vs_baseline,cov
som-rs-bc-l4bits,7989.6,8021.0,107.40018621957795,7831.0,8091.0,5,0.4923901071392811,0.013442498525530432
som-rs-bc-nan,8065.8,8026.0,153.6138014632799,7914.0,8323.0,5,0.4782910560638747,0.019045079404805463
som-rs-bc-l3bits,8149.8,8100.0,142.91850824858204,8055.0,8399.0,5,0.46305430808118,0.017536443624209433
som-rs-bc-baseline,11923.6,11930.0,61.182513841783255,11856.0,12012.0,5,0.0,0.005131211533579058
