exe,mean,median,std,min,max,n,pct_vs_baseline,cov
som-rs-bc-nan,292.46666666666664,0.0,594.8749191668231,0.0,1802.0,300,0.02503989058582201,2.033992201391007
som-rs-bc-l4bits,294.2633333333333,0.0,599.9727368295031,0.0,1837.0,300,0.018781363631214854,2.038897371389016
som-rs-bc-l3bits,298.2633333333333,0.0,605.8467972968675,0.0,2049.0,300,0.005118519429139878,2.0312479932616623
som-rs-bc-baseline,299.79,0.0,608.1664470557504,0.0,1849.0,300,0.0,2.028641539263319
