exe,mean,median,std,min,max,n,pct_vs_baseline,cov
som-rs-bc-l3bits,7603.1,7970.0,932.8089385235717,5288.0,8418.0,20,0.4777524956925463,0.12268797444773469
som-rs-bc-nan,7698.1,8002.5,899.1055145619946,5506.0,8940.0,20,0.4595159844636987,0.11679576967849138
som-rs-bc-l4bits,7764.15,8011.5,754.3032529218074,5931.0,8968.0,20,0.4470998113122493,0.09715207111168736
som-rs-bc-baseline,11235.5,11792.0,1258.0933987586134,8493.0,12355.0,20,0.0,0.11197484747083916
