exe,mean,median,std,min,max,n,pct_vs_baseline,cov
som-rs-bc-l3bits,18357.125,12665.0,19180.84419439393,0.0,46375.0,40,0.6660683522065682,1.0448719063793448
som-rs-bc-nan,18437.025,13133.0,19257.12361497521,0.0,47909.0,40,0.6588481601559903,1.0444810708330228
som-rs-bc-l4bits,18472.525,12757.5,19251.28455119694,0.0,46497.0,40,0.6556602305315595,1.0421577207878694
som-rs-bc-baseline,30584.225,20510.5,31953.388201620517,0.0,75093.0,40,0.0,1.0447669738769094
