exe,mean,median,std,min,max,n,pct_vs_baseline,cov
som-rs-bc-l4bits,11825.3,7956.5,12381.271566361831,0.0,29369.0,40,0.7892400192806948,1.047015430167677
som-rs-bc-nan,11896.95,7943.0,12478.775169904522,0.0,30315.0,40,0.7784642282265621,1.0489054059993965
som-rs-bc-l3bits,11952.0,8409.5,12480.07686531227,0.0,30988.0,40,0.7702727576974564,1.0441831379946678
som-rs-bc-baseline,21158.3,14682.0,22609.121736647885,0.0,75936.0,40,0.0,1.0685698632048835
