exe,mean,median,std,min,max,n,pct_vs_baseline,cov
som-rs-bc-l4bits,11862.325,7886.0,12461.686265669437,0.0,30490.0,40,0.7459899303045565,1.0505264579809976
som-rs-bc-l3bits,11913.55,8018.0,12501.869974896987,0.0,30410.0,40,0.7384826521062153,1.049382423786108
som-rs-bc-nan,11922.675,7884.5,12505.185913764757,0.0,30313.0,40,0.7371521072242597,1.0488574010249174
som-rs-bc-baseline,20711.5,14717.5,21536.95700001541,0.0,51078.0,40,0.0,1.0398550080880384
