exe,mean,median,std,min,max,n,pct_vs_baseline,cov
som-rs-bc-l4bits,10831.3,7208.0,11382.513778058534,0.0,27304.0,40,0.8101497511840687,1.0508908236369165
som-rs-bc-nan,10859.55,7258.5,11455.277191578449,0.0,29720.0,40,0.8054408331836957,1.0548574472771386
som-rs-bc-l3bits,10891.05,7296.5,11492.418887896132,0.0,28687.0,40,0.8002189871499996,1.0552167961671404
som-rs-bc-baseline,19606.275,13430.5,20398.30043320917,0.0,49348.0,40,0.0,1.0403965278059788
