exe,mean,median,std,min,max,n,pct_vs_baseline,cov
som-rs-bc-l3bits,294.29,0.0,596.0544737569033,0.0,1809.0,300,0.8626524856434128,2.025398327353642
som-rs-bc-l4bits,294.96666666666664,0.0,598.3885318132141,0.0,1766.0,300,0.8583794779071081,2.028664928737306
som-rs-bc-nan,297.73333333333335,0.0,604.7273928151086,0.0,1936.0,300,0.8411106135244064,2.0311040958859445
som-rs-bc-baseline,548.16,0.0,685.6303359624437,0.0,2023.0,300,0.0,1.250785055389747
