exe,mean,median,std,min,max,n,pct_vs_baseline,cov
som-rs-bc-l3bits,5.66688,5.635,0.09444245495166519,5.579,6.253,75,0.3837243774352024,0.01666568816556292
som-rs-bc-nan,5.6688,5.605,0.2596446636296449,5.505,7.631,75,0.3832557154953429,0.045802403265178676
som-rs-bc-l4bits,5.7268,5.716,0.12519465924192888,5.483,6.071,75,0.3692463504924217,0.021861189362633388
som-rs-bc-baseline,7.8414,7.833,0.05516510843992946,7.726,8.138,75,0.0,0.007035109602868041
