exe,mean,median,std,min,max,n,pct_vs_baseline,cov
som-rs-bc-l4bits,18.431586666666664,18.331,0.3674152997937387,18.275,20.876,75,0.22316038626444912,0.019934002776776972
som-rs-bc-nan,18.71038666666667,18.663,0.19026879232636534,18.44,19.535,75,0.20493430030663884,0.010169153407467367
som-rs-bc-l3bits,18.96564,18.833,0.5237238967242186,18.723,23.141,75,0.18871742090784527,0.02761435399618566
som-rs-bc-baseline,22.544786666666667,22.396,0.6388768923694166,22.191,25.994,75,0.0,0.02833812099513102
