exe,mean,median,std,min,max,n,pct_vs_baseline,cov
som-rs-bc-l3bits,90.90886666666667,93.145,8.325487417487263,73.467,109.086,75,0.126099471045362,0.09158058749114237
som-rs-bc-nan,90.9902,94.167,7.951494114230898,73.991,99.665,75,0.125092885460925,0.08738846726604511
som-rs-bc-l4bits,92.14038666666666,92.768,13.84091019883636,72.797,139.848,75,0.11104837270779133,0.15021545599659983
som-rs-bc-baseline,102.37242666666667,112.692,15.925384330016614,77.957,137.556,75,0.0,0.15556321998570005
