exe,mean,median,std,min,max,n,pct_vs_baseline,cov
som-rs-bc-l3bits,8.51272,8.461,0.1958874166453782,8.424,9.861,75,0.3321821149213571,0.023011142930271195
som-rs-bc-l4bits,8.573906666666666,8.553,0.07021091262939179,8.526,8.852,75,0.32267515547171843,0.00818890563648836
som-rs-bc-nan,8.656653333333333,8.535,0.6458247710911643,8.477,14.041,75,0.31003205241748555,0.07460443964001073
som-rs-bc-baseline,11.340493333333335,11.246,0.33759320528152287,11.163,14.045,75,0.0,0.029768828864722183
