exe,mean,median,std,min,max,n,pct_vs_baseline,cov
som-rs-bc-nan,1257.3679,1664.1190000000001,738.7242045595194,10.732,1766.76,20,0.2694200321162965,0.5875163542504301
som-rs-bc-l4bits,1340.76585,1766.5520000000001,788.0917157776736,11.21,1890.072,20,0.19045991512984917,0.5877922053113701
som-rs-bc-l3bits,1363.4212,1799.9885,801.8759294040707,11.163,1976.066,20,0.17067858413819592,0.5881351481142223
som-rs-bc-baseline,1596.1280000000002,2101.1375,938.133640292256,13.45,2238.571,20,0.0,0.5877558944472222
