exe,mean,median,std,min,max,n,pct_vs_baseline,cov
som-rs-bc-l4bits,5.998,5.993,0.048774439473416434,5.868,6.171,75,0.42650439035233956,0.0081317838401828
som-rs-bc-nan,6.214226666666667,6.156,0.20711059673343454,6.132,7.058,75,0.3768685618162195,0.03332845868728657
som-rs-bc-l3bits,6.34652,6.316,0.10756887925317338,6.288,6.922,75,0.3481677097579987,0.016949269718392657
som-rs-bc-baseline,8.556173333333334,8.382,1.170034561436095,8.29,18.199,75,0.0,0.13674741217289835
