exe,mean,median,std,min,max,n,pct_vs_baseline,cov
som-rs-bc-l4bits,6.668506666666667,6.662,0.0324001056610445,6.613,6.749,75,0.682287688597947,0.004858674854896724
som-rs-bc-nan,7.270813333333334,7.205,0.19838072141876767,7.181,8.018,75,0.5429287140732535,0.027284529573780053
som-rs-bc-l3bits,7.443906666666667,7.443,0.028707364783149208,7.409,7.612,75,0.507050957113917,0.0038564917681865804
som-rs-bc-baseline,11.218346666666667,11.009,0.4143751236054881,10.958,13.053,75,0.0,0.03693727212377297
