exe,mean,median,std,min,max,n,pct_vs_baseline,cov
som-rs-bc-l4bits,5.786746666666667,5.785,0.01594423841827335,5.755,5.844,75,0.3907895282553695,0.002755302648743338
som-rs-bc-nan,5.895613333333333,5.828,0.2998054275933216,5.761,8.076,75,0.36510761673651126,0.05085228807293812
som-rs-bc-l3bits,6.131253333333333,6.094,0.2672551212228118,6.076,8.387,75,0.3126429832725879,0.04358898689927646
som-rs-bc-baseline,8.048146666666666,8.044,0.05880951691077949,7.903,8.304,75,0.0,0.007307212374042989
