exe,mean,median,std,min,max,n,pct_vs_baseline,cov
som-rs-bc-l3bits,5.805346666666667,5.794,0.08253443070774932,5.744,6.465,75,0.32868780733163194,0.014216968502785246
som-rs-bc-nan,5.827813333333333,5.83,0.03077718237517778,5.778,5.991,75,0.32356561408967544,0.005281085823243786
som-rs-bc-l4bits,5.93524,5.905,0.2597983542381761,5.849,8.15,75,0.299609339021393,0.04377217336420702
som-rs-bc-baseline,7.713493333333332,7.65,0.431571746355403,7.607,11.221,75,0.0,0.0559502326255207
