exe,mean,median,std,min,max,n,pct_vs_baseline,cov
som-rs-bc-nan,7.9652,7.95,0.04933254503874732,7.912,8.037,5,0.1722995028373424,0.006193509897899277
som-rs-bc-l4bits,8.0916,8.077,0.035089884582312346,8.06,8.148,5,0.15398685056107575,0.004336581712184531
som-rs-bc-l3bits,8.1106,8.12,0.025402755756019618,8.071,8.137,5,0.15128350553596537,0.003132043961731514
som-rs-bc-baseline,9.3376,9.321,0.05921824043316396,9.269,9.422,5,0.0,0.006341912315066394
