exe,mean,median,std,min,max,n,pct_vs_baseline,cov
som-rs-bc-nan,2333.692133333333,2321.049,35.95754467000279,2316.72,2426.061,15,0.1401618185455027,0.015408006975899932
som-rs-bc-l3bits,2383.4988,2370.474,34.28399915870804,2368.345,2468.811,15,0.11633648259720841,0.014383896127284832
som-rs-bc-l4bits,2399.823,2385.998,48.12567949798593,2382.934,2572.317,15,0.10874288089857753,0.020053845428594497
som-rs-bc-baseline,2660.786666666667,2646.394,36.53770143225181,2637.856,2757.866,15,0.0,0.013731916913889553
