exe,mean,median,std,min,max,n,pct_vs_baseline,cov
som-rs-bc-nan,5438.2998,5386.878500000001,5725.797512175765,6.463,10934.976,10,0.27883407604707644,1.0528653665205743
som-rs-bc-l3bits,5999.3765,5963.647,6317.1172273623415,6.651,12108.021,10,0.15923431376577213,1.0529622915585213
som-rs-bc-l4bits,6153.7639,6103.6235,6479.958570795709,6.703,12485.861,10,0.13015110963226917,1.0530073425136948
som-rs-bc-baseline,6954.6831,6889.892,7322.212830243683,9.031,14215.005,10,0.0,1.0528463662483316
