exe,mean,median,std,min,max,n,pct_vs_baseline,cov
som-rs-bc-l3bits,6.38804,6.357,0.11703631222137172,6.334,6.999,75,0.41659726614110104,0.01832116145505847
som-rs-bc-l4bits,6.4216,6.32,0.19325085224104946,6.232,6.933,75,0.40919397035006844,0.03009387882164094
som-rs-bc-nan,6.798946666666667,6.796,0.025389875260933503,6.762,6.994,75,0.3309826424093143,0.0037343836487809144
som-rs-bc-baseline,9.04928,8.839,1.2319425065559917,8.792,19.221,75,0.0,0.136137074613228
