exe,mean,median,std,min,max,n,pct_vs_baseline,cov
som-rs-bc-nan,9.104906666666666,9.041,0.3154501791020182,9.003,11.607,75,0.4752001851016594,0.03464617383249965
som-rs-bc-l3bits,9.282639999999999,9.258,0.1211263178044512,9.164,9.954,75,0.4469547456327081,0.013048692807698156
som-rs-bc-l4bits,10.640360000000001,10.642,0.011654531655459488,10.605,10.666,75,0.2623219515129185,0.0010953136600133347
som-rs-bc-baseline,13.43156,13.369,0.22570515567283123,13.282,14.738,75,0.0,0.016804090937525593
