exe,mean,median,std,min,max,n,pct_vs_baseline,cov
som-rs-bc-l4bits,44.3938,44.435,0.3730116620160831,43.883,44.793,5,0.5191896165680794,0.008402336858211802
som-rs-bc-l3bits,45.6672,45.845,0.49404726494536877,45.042,46.286,5,0.47682800784808355,0.01081842690038734
som-rs-bc-nan,61.559000000000005,61.617,0.3067637527479389,61.2,61.982,5,0.09557660130931289,0.004983247823193016
som-rs-bc-baseline,67.4426,67.312,0.26723547668675685,67.202,67.755,5,0.0,0.003962413618199133
