exe,mean,median,std,min,max,n,pct_vs_baseline,cov
som-rs-bc-nan,3464.5968000000003,3434.4845,3613.1670768256854,36.894,6980.506,10,0.29054428498000107,1.0428824147230307
som-rs-bc-l3bits,3811.2110999999995,3775.4289999999996,3978.086647611232,37.282,7686.026,10,0.1731744798917072,1.043785438075375
som-rs-bc-l4bits,3955.2506999999996,3929.3089999999997,4129.340056669967,37.838,7946.056,10,0.13045061846522166,1.0440147464407168
som-rs-bc-baseline,4471.2156,4444.9825,4662.034855793389,48.433,8979.94,10,0.0,1.042677265617294
