exe,mean,median,std,min,max,n,pct_vs_baseline,cov
som-rs-bc-nan,3712.6017500000003,4869.095499999999,2084.5032789953098,192.638,4989.479,20,0.37945574151604045,0.5614669763583745
som-rs-bc-l3bits,3993.83755,5240.782499999999,2242.3100995088093,206.567,5340.448,20,0.28231800514770544,0.5614424901956289
som-rs-bc-l4bits,4540.41495,5960.855,2555.102050248472,225.626,6084.164,20,0.12795192871083283,0.5627463741498939
som-rs-bc-baseline,5121.3697999999995,6722.6105,2872.4613310292766,268.007,6834.553,20,0.0,0.560877547063537
