exe,mean,median,std,min,max,n,pct_vs_baseline,cov
som-rs-bc-l4bits,14580.8,13957.5,15386.577756819956,0.0,30619.0,10,0.6509999451333262,1.0552629318569595
som-rs-bc-l3bits,14660.7,14159.5,15470.328568298448,0.0,30696.0,10,0.6420020872127525,1.0552244141342806
som-rs-bc-nan,14780.0,14454.0,15587.389739430042,0.0,30800.0,10,0.6287483085250338,1.0546271812875536
som-rs-bc-baseline,24072.9,23498.0,25384.82800348796,0.0,49431.0,10,0.0,1.0544981287459325
