exe,mean,median,std,min,max,n,pct_vs_baseline,cov
som-rs-bc-l3bits,1527808.0,1527808.0,0.0,1527808.0,1527808.0,20,0.9597855227882037,0.0
som-rs-bc-l4bits,1527808.0,1527808.0,0.0,1527808.0,1527808.0,20,0.9597855227882037,0.0
som-rs-bc-nan,1527808.0,1527808.0,0.0,1527808.0,1527808.0,20,0.9597855227882037,0.0
som-rs-bc-baseline,2994176.0,2994176.0,0.0,2994176.0,2994176.0,20,0.0,0.0
