exe,mean,median,std,min,max,n,pct_vs_baseline,cov
som-rs-bc-l4bits,334.12,0.0,673.4421253650653,0.0,1838.0,75,1.5056865796719743,2.015569631764232
som-rs-bc-l3bits,336.0133333333333,0.0,677.4833296709091,0.0,1893.0,75,1.491567794928773,2.0162394240434183
som-rs-bc-nan,337.53333333333336,0.0,681.1940893661566,0.0,1921.0,75,1.4803476199881493,2.0181535335754193
som-rs-bc-baseline,837.2,1214.0,704.2152043616029,0.0,1764.0,75,0.0,0.8411552847128558
