exe,mean,median,std,min,max,n,pct_vs_baseline,cov
som-rs-bc-nan,116.9186,117.069,1.039708757296966,115.52,118.264,5,0.28968530242407975,0.008892586443020753
som-rs-bc-l3bits,118.029,117.954,0.9144107392195294,116.822,119.382,5,0.27755212701963106,0.007747339545531432
som-rs-bc-l4bits,119.07419999999999,118.717,0.8004796686987187,118.418,120.379,5,0.2663381320218825,0.006722528210970292
som-rs-bc-baseline,150.78820000000002,150.248,1.0392632967636362,150.001,152.538,5,0.0,0.006892205734690354
