exe,mean,median,std,min,max,n,pct_vs_baseline,cov
som-rs-bc-l4bits,4467.268,4447.412,48.5311640340514,4435.289,4552.638,5,0.2467679127377178,0.010863723428737967
som-rs-bc-l3bits,4526.6826,4441.882,209.6823835132555,4408.342,4900.878,5,0.23040356308613275,0.046321423886281646
som-rs-bc-nan,4715.2744,4679.671,78.27336584879941,4656.469,4841.978,5,0.18119242434756266,0.016599959876947862
som-rs-bc-baseline,5569.6464,5579.642,39.41847898257887,5506.456,5613.959,5,0.0,0.00707737550135658
