exe,mean,median,std,min,max,n,pct_vs_baseline,cov
som-rs-bc-nan,39.939800000000005,40.205,1.1289141685708441,38.749,41.247,5,0.11493297412605963,0.02826539363168679
som-rs-bc-baseline,44.5302,44.185,0.6754670236214342,43.985,45.66,5,0.0,0.01516873994775308
som-rs-bc-l4bits,59.269000000000005,58.836,1.7212601488444437,57.599,61.317,5,-0.24867637382105323,0.029041491316614817
som-rs-bc-l3bits,61.955600000000004,62.012,0.3144976947451295,61.416,62.214,5,-0.28125625447901403,0.005076178662544298
