exe,mean,median,std,min,max,n,pct_vs_baseline,cov
som-rs-bc-nan,73.17699999999999,73.04,0.5307720791450828,72.705,74.088,5,0.36052858138486155,0.007253263718724229
som-rs-bc-l3bits,76.8544,76.105,1.45848990397603,75.847,79.349,5,0.29542875879585306,0.018977311695570195
som-rs-bc-l4bits,79.6936,79.968,1.496153334387894,77.696,81.512,5,0.2492772317977856,0.01877382041202674
som-rs-bc-baseline,99.55940000000001,99.422,1.292750865402917,97.775,101.064,5,0.0,0.01298471932738563
