exe,mean,median,std,min,max,n,pct_vs_baseline,cov
som-rs-bc-l4bits,55.774800000000006,55.855,0.24100975084008638,55.348,55.932,5,0.3058980041165542,0.004321122636747892
som-rs-bc-l3bits,56.1592,55.927,0.7011634616835097,55.745,57.405,5,0.29695935839541865,0.012485282227729558
som-rs-bc-nan,56.3898,56.453,0.15333036229005595,56.204,56.562,5,0.2916555831019083,0.002719115199735696
som-rs-bc-baseline,72.83619999999999,72.762,0.38815228970083376,72.309,73.346,5,0.0,0.005329112305431006
