exe,mean,median,std,min,max,n,pct_vs_baseline,cov
som-rs-bc-l4bits,47.23315,53.41,11.632292376126218,20.702,54.492,20,0.31374680706241276,0.24627390669744062
som-rs-bc-nan,47.68875,55.184,13.504783947199092,21.335,56.236,20,0.3011957746848051,0.2831859494576623
som-rs-bc-l3bits,47.75605,54.1565,12.356545882861568,24.952,56.587,20,0.29936207035548357,0.2587430468571326
som-rs-bc-baseline,62.0524,70.10499999999999,14.988346874892684,32.609,71.389,20,0.0,0.24154338711947781
