exe,mean,median,std,min,max,n,pct_vs_baseline,cov
som-rs-bc-nan,7.5089,7.952,1.0135443230253132,4.543,8.139,20,0.3084806030177525,0.13497906790945588
som-rs-bc-l4bits,7.79995,8.0585,0.9636845124176708,4.006,8.761,20,0.25965551061224756,0.12355008845155044
som-rs-bc-l3bits,8.0862,8.111,1.3040274294822578,4.009,10.779,20,0.21506393608864505,0.16126578980018524
som-rs-bc-baseline,9.82525,9.345,1.2514444654078742,8.992,13.407,20,0.0,0.12737024151119555
