exe,mean,median,std,min,max,n,pct_vs_baseline,cov
som-rs-bc-l4bits,47.5553,55.546499999999995,14.290311816052164,20.905,56.636,20,0.3230691426612804,0.3004988259153483
som-rs-bc-nan,48.8789,55.5865,13.203221432665588,22.556,58.842,20,0.28724152957615634,0.2701210835895568
som-rs-bc-l3bits,49.2187,55.736000000000004,12.370020163792443,25.737,59.169,20,0.27835456848718065,0.25132764912101385
som-rs-bc-baseline,62.918949999999995,71.66149999999999,16.601105934862478,30.613,73.57,20,0.0,0.26384906192589797
