exe,mean,median,std,min,max,n,pct_vs_baseline,cov
som-rs-bc-nan,32.8092,36.942499999999995,7.631541767386752,15.719,37.404,20,0.3119521353766628,0.23260371381767164
som-rs-bc-l4bits,34.0906,37.558499999999995,7.1468545263670125,15.634,39.482,20,0.26263838125465666,0.2096429668696653
som-rs-bc-l3bits,34.1625,37.492000000000004,6.361737684659832,19.944,37.914,20,0.2599809732894256,0.1862199102717843
som-rs-bc-baseline,43.0441,48.552,11.592527887893084,20.829,51.773,20,0.0,0.26931746483009483
