exe,mean,median,std,min,max,n,pct_vs_baseline,cov
som-rs-bc-l4bits,3.7126,3.334,1.0820821395609284,2.717,7.221,75,0.0776706351344072,0.2914620857514756
som-rs-bc-nan,3.726453333333333,3.341,1.1767498217816152,2.63,7.167,75,0.07366432425469793,0.3157827876859539
som-rs-bc-baseline,4.00096,3.572,1.4354100406730006,2.835,9.226,75,0.0,0.3587664062307548
som-rs-bc-l3bits,4.229933333333333,3.868,1.5195004809843633,2.741,8.231,75,-0.05413166480165166,0.3592256334184219
