exe,mean,median,std,min,max,n,pct_vs_baseline,cov
som-rs-bc-nan,449.9906,591.101,262.8188993679669,4.617,672.083,20,0.16847318588432758,0.5840541988387467
som-rs-bc-l3bits,458.07645,601.5129999999999,265.033819606296,8.002,672.988,20,0.14784759181573293,0.5785798846596371
som-rs-bc-l4bits,458.12250000000006,600.6555000000001,266.86947238017626,6.52,663.892,20,0.14773221136268133,0.582528630181177
som-rs-bc-baseline,525.80195,691.8815,306.4687287901664,5.714,744.049,20,0.0,0.5828596276414844
