exe,mean,median,std,min,max,n,pct_vs_baseline,cov
som-rs-bc-nan,3.3355466666666667,3.109,0.8003291095565643,2.78,7.159,75,0.20069074134774523,0.2399394130966731
som-rs-bc-l4bits,3.6936266666666664,3.242,1.0715360126035458,2.74,8.47,75,0.0842893344210931,0.29010403847082883
som-rs-bc-l3bits,3.8086266666666666,3.288,1.2328099168854747,2.773,7.534,75,0.051549639940206005,0.3236888319023501
som-rs-bc-baseline,4.0049600000000005,3.793,0.9266678235134399,3.016,6.629,75,0.0,0.2313800446230274
