exe,mean,median,std,min,max,n,pct_vs_baseline,cov
som-rs-bc-l4bits,3.3748666666666667,2.855,1.0644334660295134,2.652,6.893,75,0.2072496691227308,0.31540015389136755
som-rs-bc-nan,3.6271466666666665,3.019,1.2674359805073723,2.611,8.31,75,0.12328147745151385,0.3494305846948673
som-rs-bc-l3bits,3.696586666666667,3.248,1.2512460826229506,2.661,7.814,75,0.1021807505302188,0.33848687869429556
som-rs-bc-baseline,4.074306666666667,3.678,1.2993881613566727,2.892,8.205,75,0.0,0.31892252293805556
