exe,mean,median,std,min,max,n,pct_vs_baseline,cov
som-rs-bc-l3bits,23.5628,22.014,2.630931717091875,21.884,27.991,5,0.18250802111803344,0.11165615788836111
som-rs-bc-l4bits,25.575200000000002,24.251,3.2785015174619025,22.147,29.635,5,0.08946166598892669,0.1281906502182545
som-rs-bc-baseline,27.8632,27.331,3.1365131436038998,24.83,32.658,5,0.0,0.11256830312397355
som-rs-bc-nan,34.792,34.936,3.5768616830959497,30.609,39.808,5,-0.19914922970797888,0.10280701549482495
