exe,mean,median,std,min,max,n,pct_vs_baseline,cov
som-rs-bc-l3bits,3.6549199999999997,3.438,0.9873088287072305,2.794,7.575,75,0.15604901520872327,0.2701314471198359
som-rs-bc-l4bits,3.7046533333333334,3.275,0.9917608758944644,2.846,7.556,75,0.14052956821870866,0.2677067964688908
som-rs-bc-nan,3.8386533333333333,3.388,1.2303315581838348,2.808,7.572,75,0.10071587605375498,0.3205112447899701
som-rs-bc-baseline,4.225266666666666,3.962,1.1290828056356104,3.262,8.728,75,0.0,0.26722166781637696
