exe,mean,median,std,min,max,n,pct_vs_baseline,cov
som-rs-bc-l3bits,52.12041333333333,54.114,11.76724687667326,38.463,73.414,75,0.15095326693495137,0.22577040595239448
som-rs-bc-nan,53.40130666666666,55.339,11.922045798700251,39.456,73.637,75,0.12334629514683537,0.22325382172983504
som-rs-bc-l4bits,54.39274666666667,56.271,12.421791838901864,40.305,77.895,75,0.10287057882227435,0.22837221137270258
som-rs-bc-baseline,59.98816,47.558,16.216636162703832,45.805,90.062,75,0.0,0.27033061461968216
