exe,mean,median,std,min,max,n,pct_vs_baseline,cov
som-rs-bc-l3bits,23.286,24.129,1.511206802525719,21.153,24.56,5,0.1504509147127029,0.06489765535195907
som-rs-bc-nan,25.0084,23.815,4.028459420175411,21.362,30.49,5,0.07121607140000963,0.16108425249817704
som-rs-bc-l4bits,25.518,27.863,3.959582490616908,20.431,28.786,5,0.04982365389137078,0.15516821422591537
som-rs-bc-baseline,26.7894,25.597,2.5396781882750417,25.323,31.3,5,0.0,0.09480160766105405
