exe,mean,median,std,min,max,n,pct_vs_baseline,cov
som-rs-bc-nan,40.743653333333334,41.5,6.352025955792614,28.163,56.519,75,0.22902249970056676,0.15590221877810534
som-rs-bc-l3bits,40.78742666666666,44.068,6.708904281127681,27.416,59.934,75,0.22770350470749667,0.16448461767288944
som-rs-bc-l4bits,42.00528,45.455,6.109018699807244,28.549,52.019,75,0.1921088650442675,0.14543454298619707
som-rs-bc-baseline,50.074866666666665,53.492,12.702793905633868,32.581,71.267,75,0.0,0.25367604052133674
