exe,mean,median,std,min,max,n,pct_vs_baseline,cov
som-rs-bc-l3bits,14.3984,13.743,3.661572790482253,10.013,19.684,5,0.4175047227469717,0.25430414424396136
som-rs-bc-nan,17.327,16.135,4.692862505976497,12.941,24.422,5,0.17791885496623738,0.2708410287976278
som-rs-bc-l4bits,17.6522,16.084,4.977884610956747,13.535,25.78,5,0.15621848834706142,0.2819979725448809
som-rs-bc-baseline,20.409799999999997,20.598,2.9839539540683266,17.208,23.999,5,0.0,0.14620201834747656
