exe,mean,median,std,min,max,n,pct_vs_baseline,cov
som-rs-bc-l3bits,497.01515,633.3285000000001,292.7552112172746,6.914,793.39,20,0.8039877657652892,0.5890267353364874
som-rs-bc-nan,502.37330000000003,637.1659999999999,295.5592231215617,6.544,780.321,20,0.784747019795837,0.5883258985331459
som-rs-bc-l4bits,511.1335,656.3305,300.738518469818,7.163,778.079,20,0.7541586493548165,0.588375675767325
som-rs-bc-baseline,896.6092500000001,1182.0405,527.0625721166296,8.064,1272.879,20,0.0,0.5878397664496875
