exe,mean,median,std,min,max,n,pct_vs_baseline,cov
som-rs-bc-l3bits,17.2268,16.017,2.83113399541597,14.8,21.551,5,0.7907678733136743,0.16434474164766352
som-rs-bc-nan,18.2352,18.409,1.7739883596010433,15.893,20.748,5,0.6917390541370538,0.09728373473288164
som-rs-bc-l4bits,21.886000000000003,20.107,5.049450366128971,16.902,29.529,5,0.4095403454262998,0.23071599954897973
som-rs-bc-baseline,30.849200000000003,30.629,2.0911406456764214,27.673,33.173,5,0.0,0.06778589544222934
