exe,mean,median,std,min,max,n,pct_vs_baseline,cov
som-rs-bc-l3bits,16.0676,15.885,1.7369007743679543,13.422,17.937,5,1.0459807314097938,0.10809957768228948
som-rs-bc-l4bits,19.5096,16.744,4.475672441097538,15.523,24.493,5,0.6850166072087589,0.22940872396653642
som-rs-bc-nan,23.4304,21.649,3.9231311219483858,20.0,29.593,5,0.40304903031958506,0.16743765031533334
som-rs-bc-baseline,32.874,31.869,6.921794095463977,25.132,44.028,5,0.0,0.21055527454717943
