exe,mean,median,std,min,max,n,pct_vs_baseline,cov
som-rs-bc-l3bits,56.38719999999999,54.122,7.584548417671285,47.569,64.322,5,0.7302650246864539,0.1345083355384074
som-rs-bc-l4bits,57.324400000000004,58.404,4.47737426400787,50.997,61.304,5,0.7019768196439911,0.07810590715311228
som-rs-bc-nan,59.434400000000004,59.538,4.255969372540177,53.108,63.502,5,0.6415543860121411,0.07160784617225338
som-rs-bc-baseline,97.5648,93.213,7.439667613542957,91.537,106.377,5,0.0,0.07625360389754252
