exe,mean,median,std,min,max,n,pct_vs_baseline,cov
som-rs-bc-nan,7.1606,6.464,2.7037135203271814,4.62,10.669,5,1.7975588637823647,0.37758197920944914
som-rs-bc-l4bits,9.3614,10.503,2.9474305420145193,4.457,12.071,5,1.1398722413314246,0.31484933258001147
som-rs-bc-l3bits,9.8428,9.436,1.586575147920828,7.767,11.947,5,1.0352135571178933,0.16119144429642257
som-rs-bc-baseline,20.0322,19.969,3.8055385558419985,15.499,25.088,5,0.0,0.1899710743623765
