exe,mean,median,std,min,max,n,pct_vs_baseline,cov
som-rs-bc-nan,4.518613333333334,4.182,0.9302889102728122,3.816,8.957,75,1.883858174779283,0.2058792911998398
som-rs-bc-l4bits,4.789293333333333,4.458,1.07139299037273,4.014,9.843,75,1.7208690495744672,0.22370586134615475
som-rs-bc-l3bits,4.924573333333334,4.494,1.298771802078361,3.812,9.677,75,1.6461256880460704,0.263732858497053
som-rs-bc-baseline,13.031039999999999,13.095,2.379094913299275,10.725,24.602,75,0.0,0.18257137675114768
