exe,mean,median,std,min,max,n,pct_vs_baseline,cov
som-rs-bc-l3bits,3.48692,3.152,0.9745289334658885,2.732,7.36,75,1.2449802882390952,0.2794812996758998
som-rs-bc-nan,3.564706666666667,3.237,0.9566761825185146,2.796,7.508,75,1.1959918160634064,0.26837444759882473
som-rs-bc-l4bits,4.065026666666667,3.834,1.1972477105262562,2.69,7.149,75,0.9257110244459237,0.29452394995184683
som-rs-bc-baseline,7.8280666666666665,7.681,1.6718494479397883,6.29,14.813,75,0.0,0.2135711816378401
