exe,mean,median,std,min,max,n,pct_vs_baseline,cov
som-rs-bc-l3bits,29.3762,28.758,4.136682753124779,23.796,35.34,5,0.3167462095165472,0.14081749011528988
som-rs-bc-l4bits,29.892600000000005,27.194,4.423420203869401,26.161,35.81,5,0.29399918374447154,0.14797709814032234
som-rs-bc-nan,30.113599999999998,28.929,3.1224661407291503,27.699,35.19,5,0.2845026831730513,0.10368956686444498
som-rs-bc-baseline,38.681,39.258,3.68160664656071,32.369,41.547,5,0.0,0.09517868324398826
