exe,mean,median,std,min,max,n,pct_vs_baseline,cov
som-rs-bc-nan,909.3550666666667,901.681,67.98889952933139,839.443,1011.954,15,1.4600667168805201,0.07476606445769483
som-rs-bc-l4bits,1393.5124,1393.206,93.52727471385018,1280.839,1549.043,15,0.605349283819314,0.06711621275408111
som-rs-bc-l3bits,1504.1263333333334,1538.922,75.98191186691993,1320.437,1616.612,15,0.48729138221767276,0.05051564498477627
som-rs-bc-baseline,2237.0741333333335,2258.099,164.8486430538485,2007.465,2489.406,15,0.0,0.07368939660851434
