exe,mean,median,std,min,max,n,pct_vs_baseline,cov
som-rs-bc-nan,6.3448,6.067,2.157450509281731,3.603,8.986,5,0.9452780229479261,0.34003443911261677
som-rs-bc-l3bits,8.315000000000001,7.38,3.3223944678499575,5.292,12.816,5,0.48435357787131683,0.399566382182797
som-rs-bc-l4bits,8.4528,9.092,2.444206967505003,5.374,11.125,5,0.4601552148400532,0.28915944627874823
som-rs-bc-baseline,12.342400000000001,12.067,2.423452660977722,8.749,15.217,5,0.0,0.19635181658167955
