exe,mean,median,std,min,max,n,pct_vs_baseline,cov
som-rs-bc-l4bits,3.8100533333333337,3.318,1.2045827122413102,2.855,7.992,75,0.5621688585286644,0.31615901586013934
som-rs-bc-l3bits,4.104253333333333,3.459,1.3492656871107387,2.779,7.862,75,0.4501898843151333,0.32874814918281653
som-rs-bc-nan,4.139760000000001,3.616,1.1950021693975559,2.814,7.935,75,0.4377516248929083,0.28866460118401926
som-rs-bc-baseline,5.951946666666667,5.665,1.471327272588619,4.592,13.441,75,0.0,0.2472010175811307
