exe,mean,median,std,min,max,n,pct_vs_baseline,cov
som-rs-bc-nan,3.33284,2.973,0.9189074011519831,2.648,6.658,75,0.5220412621067918,0.2757130258734242
som-rs-bc-l4bits,3.71964,3.214,1.1470097391136753,2.698,7.679,75,0.36376638599434363,0.3083657932256012
som-rs-bc-l3bits,3.92092,3.185,1.4031475694386604,2.673,8.073,75,0.2937575875049734,0.3578618205519777
som-rs-bc-baseline,5.07272,4.677,1.4245685601973326,3.842,11.479,75,0.0,0.2808293302601627
