exe,mean,median,std,min,max,n,pct_vs_baseline,cov
som-rs-bc-l3bits,12.2354,11.163,3.2924763173028295,9.575,17.594,5,0.5975121369141996,0.26909429338663465
som-rs-bc-l4bits,15.0494,13.841,3.6428522204448535,11.682,20.695,5,0.2988026100708332,0.24205963164278
som-rs-bc-nan,16.828,16.232,1.9834210344755343,14.893,20.163,5,0.16152840503922028,0.11786433530280095
som-rs-bc-baseline,19.5462,18.113,5.829431807646437,14.545,28.459,5,0.0,0.2982386247785471
