exe,mean,median,std,min,max,n,pct_vs_baseline,cov
som-rs-bc-l4bits,20.4652,20.787,2.541927752710529,17.826,24.1,5,0.7749643296913786,0.12420732525020664
som-rs-bc-l3bits,20.731,21.225,2.3422408074320633,17.238,23.15,5,0.7522068399980706,0.11298252893888684
som-rs-bc-nan,28.5354,28.274,2.295915895672139,25.409,31.692,5,0.2729802280675935,0.08045851453535395
som-rs-bc-baseline,36.325,37.302,3.78178820136718,31.214,40.492,5,0.0,0.10410979219180123
