exe,mean,median,std,min,max,n,pct_vs_baseline,cov
som-rs-bc-l3bits,37.653800000000004,38.89,3.2240311257802707,33.485,40.873,5,0.9728845428615434,0.08562299491101218
som-rs-bc-nan,39.1098,39.534,2.796830027012725,34.436,41.93,5,0.8994369697620543,0.07151225593106394
som-rs-bc-l4bits,40.231,40.214,2.8201944081924553,36.383,43.729,5,0.8465014541025575,0.07010003251702555
som-rs-bc-baseline,74.28659999999999,73.611,4.23453613752439,68.12,79.471,5,0.0,0.05700269143458431
