exe,mean,median,std,min,max,n,pct_vs_baseline,cov
som-rs-bc-l3bits,20.382399999999997,19.714,2.204175424053177,18.676,24.078,5,0.8528632545725727,0.10814111311980812
som-rs-bc-nan,21.6356,21.024,4.260746037960958,17.237,27.691,5,0.7455397585460999,0.19693218759641323
som-rs-bc-l4bits,27.6496,26.225,5.529673073518903,21.653,36.682,5,0.3658714773450611,0.19999106943749287
som-rs-bc-baseline,37.7658,36.674,4.464368398777145,33.527,44.972,5,0.0,0.11821193775260011
