exe,mean,median,std,min,max,n,pct_vs_baseline,cov
som-rs-bc-nan,1450.099,1356.388,1507.8273704919495,19.462,3045.787,10,0.7157026520258272,1.0398099512460526
som-rs-bc-l3bits,1616.5738999999999,1464.619,1691.6698652041648,15.442,3527.331,10,0.5390194657973879,1.0464537780822547
som-rs-bc-l4bits,1659.2823,1536.266,1731.741077040679,15.537,3463.789,10,0.499406520517937,1.0436687458431149
som-rs-bc-baseline,2487.9386999999997,2407.9325,2582.094196142264,35.487,5204.106,10,0.0,1.03784478136148
