exe,mean,median,std,min,max,n,pct_vs_baseline,cov
som-rs-bc-nan,1381.2091,1763.128,770.9884538237707,79.664,1947.278,20,0.8550836365036978,0.5581982147552971
som-rs-bc-l3bits,1434.7601,1817.4340000000002,800.069907445455,91.935,2084.977,20,0.7858444767177453,0.5576332290293374
som-rs-bc-l4bits,1440.4611,1833.1025,806.8283481146146,79.769,2036.666,20,0.7787765320424131,0.5601181094821753
som-rs-bc-baseline,2562.2583999999997,3232.316,1436.1291201107376,142.31,3689.949,20,0.0,0.5604934772038362
