exe,mean,median,std,min,max,n,pct_vs_baseline,cov
som-rs-bc-l3bits,7.454506666666666,6.939,1.919954541785436,5.568,16.277,75,0.5139691783762128,0.25755621768649606
som-rs-bc-l4bits,7.625333333333333,7.308,1.4331662106634342,5.92,14.709,75,0.4800524567232036,0.18794800804294032
som-rs-bc-nan,8.000933333333334,7.572,1.796413200627124,6.567,15.015,75,0.41057209992167576,0.22452545544192226
som-rs-bc-baseline,11.285893333333334,11.404,1.4751103630112097,9.31,17.441,75,0.0,0.13070390791789718
