exe,mean,median,std,min,max,n,pct_vs_baseline,cov
som-rs-bc-l3bits,58.048813333333335,61.262,13.259466123626684,38.265,86.136,75,0.3347566565242448,0.22841924515298762
som-rs-bc-l4bits,59.76086666666666,63.767,14.459063871358897,40.263,90.903,75,0.2965180112291994,0.24194869783278855
som-rs-bc-nan,60.126599999999996,63.641,13.73812017511661,39.589,85.658,75,0.2886316538769864,0.22848656293747877
som-rs-bc-baseline,77.48104000000001,67.853,20.335221491786122,55.676,124.756,75,0.0,0.2624541628737317
