exe,mean,median,std,min,max,n,pct_vs_baseline,cov
som-rs-bc-nan,10.6328,11.058,1.0798706867028098,8.999,11.652,5,1.548773606199684,0.10156033092908828
som-rs-bc-l4bits,15.026,14.101,3.828791976590005,11.015,21.171,5,0.8035804605350723,0.25481112582124354
som-rs-bc-l3bits,20.3992,18.628,4.408085264601854,15.849,27.21,5,0.32851288285815117,0.21609108517009754
som-rs-bc-baseline,27.100599999999996,27.51,4.00865492403624,21.235,31.947,5,0.0,0.14791757097762562
