exe,mean,median,std,min,max,n,pct_vs_baseline,cov
som-rs-bc-nan,18.3452,17.75,3.4358872507694445,14.174,23.34,5,0.9610361293417353,0.18729080363089226
som-rs-bc-l3bits,20.225,20.016,3.3485690973907056,16.444,24.338,5,0.7787688504326327,0.16556583917877407
som-rs-bc-l4bits,22.9496,22.016,2.4607013837522014,20.76,26.899,5,0.5675915920103183,0.10722197265975011
som-rs-bc-baseline,35.9756,34.516,3.045576267309685,32.723,39.967,5,0.0,0.0846567192016168
