exe,mean,median,std,min,max,n,pct_vs_baseline,cov
som-rs-bc-l3bits,16.107999999999997,14.372,3.697702327121532,14.074,22.663,5,0.45835609634964025,0.2295568864614808
som-rs-bc-nan,19.898,20.304,2.367525395851119,16.649,23.09,5,0.18058096291084524,0.1189830835185003
som-rs-bc-l4bits,20.037,21.372,4.349230679097166,13.791,25.188,5,0.1723910765084593,0.21705997300479946
som-rs-bc-baseline,23.4912,23.584,2.969881260252673,20.061,27.433,5,0.0,0.12642526819628938
