exe,mean,median,std,min,max,n,pct_vs_baseline,cov
som-rs-bc-nan,1357.8154,1353.816,1399.930652733056,26.022,2697.865,10,0.2708514721515163,1.0310169208075384
som-rs-bc-l3bits,1449.1701,1441.067,1498.6186364821622,25.005,2882.965,10,0.19073785748132677,1.0341219684853848
som-rs-bc-l4bits,1484.3399,1482.3410000000001,1537.9140618013485,21.775,2954.979,10,0.1625246346877829,1.0360929203623432
som-rs-bc-baseline,1725.5817,1724.97,1787.6909171820907,26.803,3430.74,10,0.0,1.0359932057590149
