exe,mean,median,std,min,max,n,pct_vs_baseline,cov
som-rs-bc-nan,10.931999999999999,10.973,0.08521443539682735,10.836,11.013,5,0.2317233809001098,0.007794953841641727
som-rs-bc-l3bits,11.261199999999999,11.228,0.15153613430466045,11.125,11.483,5,0.19571626469648007,0.013456481929515545
som-rs-bc-l4bits,11.3202,11.265,0.1395732782447987,11.24,11.569,5,0.18948428472995182,0.01232957706089987
som-rs-bc-baseline,13.4652,13.437,0.0720707985247844,13.423,13.593,5,0.0,0.005352374901582182
