exe,mean,median,std,min,max,n,pct_vs_baseline,cov
som-rs-bc-nan,33.6182,33.685,0.17815498870365537,33.424,33.846,5,0.27213235687811954,0.005299361319275136
som-rs-bc-l3bits,33.6524,33.462,0.38728064759293124,33.279,34.228,5,0.270839524075549,0.01150826234066311
som-rs-bc-l4bits,34.298199999999994,34.188,0.239239837819706,34.059,34.602,5,0.2469109166078689,0.006975288435536152
som-rs-bc-baseline,42.7668,42.473,0.48403274682608005,42.438,43.562,5,0.0,0.011317955676507946
