exe,mean,median,std,min,max,n,pct_vs_baseline,cov
som-rs-bc-nan,3760.2792,3743.1775000000002,3888.426627620905,71.312,7490.426,10,0.27371023406985295,1.0340792321008783
som-rs-bc-l3bits,4155.2315,4086.779,4308.1856143137375,69.791,8592.736,10,0.15264482857332973,1.0368100102999647
som-rs-bc-l4bits,4289.852499999999,4247.674,4428.641207669615,88.048,8571.344,10,0.1164733752500815,1.032352792472379
som-rs-bc-baseline,4789.5061,4753.406,4945.367993019021,98.137,9670.371,10,0.0,1.0325423727968572
