exe,mean,median,std,min,max,n,pct_vs_baseline,cov
som-rs-bc-nan,121.2271,120.02950000000001,85.82929495153607,38.749,215.733,10,0.26033865365087516,0.7080041917321793
som-rs-bc-l3bits,137.96179999999998,136.9605,80.1344612549571,61.416,218.14,10,0.10746018100662669,0.5808452865572725
som-rs-bc-l4bits,140.1472,140.9155,85.26172596683956,57.599,221.951,10,0.09019088501233008,0.6083726679294311
som-rs-bc-baseline,152.7872,152.68849999999998,114.11946084481434,43.985,263.811,10,0.0,0.7469176792611837
