exe,mean,median,std,min,max,n,pct_vs_baseline,cov
som-rs-bc-nan,3661.1235,3642.424,3799.8886090574133,56.204,7359.585,10,0.28745755230600656,1.037902329450895
som-rs-bc-l3bits,3993.6504999999997,3954.7345,4150.68020834763,55.745,7995.83,10,0.1802587882940685,1.0393198424217718
som-rs-bc-l4bits,4211.5016000000005,4192.5375,4380.616012503777,55.348,8434.223,10,0.11920676938600705,1.0401553717808814
som-rs-bc-baseline,4713.5411,4668.112999999999,4892.02628131208,72.309,9452.713,10,0.0,1.0378664739577808
