exe,mean,median,std,min,max,n,pct_vs_baseline,cov
som-rs-bc-l3bits,40.946600000000004,40.808,0.5604755123999635,40.359,41.662,5,0.34287095876092266,0.01368796218489358
som-rs-bc-l4bits,41.3714,41.491,0.28297579401779227,40.981,41.647,5,0.3290824095872995,0.006839889247591144
som-rs-bc-nan,41.4538,41.551,0.23945500621202076,41.148,41.715,5,0.3264405193251283,0.005776430778650468
som-rs-bc-baseline,54.986000000000004,54.854,0.23370601190384102,54.764,55.297,5,0.0,0.004250282106424199
