exe,mean,median,std,min,max,n,pct_vs_baseline,cov
som-rs-bc-nan,194.5154,194.575,2.4891906917711206,191.031,198.04,5,0.3995076996474314,0.01279688236392142
som-rs-bc-l3bits,210.77799999999996,211.188,1.9874799370056513,207.835,212.557,5,0.29152852764520043,0.009429257024004647
som-rs-bc-l4bits,228.37240000000003,228.323,1.8193742880452033,225.9,230.991,5,0.19202583149277208,0.007966699513799405
som-rs-bc-baseline,272.2258,270.781,4.752138276607697,268.918,280.454,5,0.0,0.017456605055831215
