exe,mean,median,std,min,max,n,pct_vs_baseline,cov
som-rs-bc-l3bits,5.1372,5.112,0.1532732941601461,5.074,6.398,75,0.41216486283059517,0.029835960087235477
som-rs-bc-l4bits,5.16612,5.16,0.04526109241375523,5.082,5.375,75,0.4042595474617958,0.008761138419888664
som-rs-bc-nan,5.17756,5.157,0.04575381833128146,5.137,5.341,75,0.4011567868519792,0.00883694603853581
som-rs-bc-baseline,7.254573333333333,7.231,0.1444408766480142,7.163,8.11,75,0.0,0.01991032001624918
