exe,mean,median,std,min,max,n,pct_vs_baseline,cov
som-rs-bc-l4bits,5.132733333333333,5.114,0.07976643833520904,5.06,5.664,75,0.3910898676468677,0.015540733008119593
som-rs-bc-nan,5.175466666666667,5.154,0.05662043689229075,5.088,5.448,75,0.3796037716405605,0.010940160673232188
som-rs-bc-l3bits,5.212893333333333,5.185,0.1542596594139977,5.07,6.434,75,0.36969872137546145,0.029591946266692145
som-rs-bc-baseline,7.140093333333333,7.125,0.0812769993948511,7.065,7.739,75,0.0,0.01138318444878187
