exe,mean,median,std,min,max,n,pct_vs_baseline,cov
som-rs-bc-l4bits,17.749746666666667,17.535,0.9420097275754885,17.483,23.247,75,0.1622783724237189,0.05307172802328194
som-rs-bc-nan,18.043173333333336,17.962,0.17816560572417864,17.848,18.589,75,0.14337684871397327,0.009874405263016112
som-rs-bc-l3bits,18.140613333333334,18.064,0.2858341464543364,18.03,19.599,75,0.13723534522169767,0.01575658668216674
som-rs-bc-baseline,20.630146666666665,20.477,0.3752633919440239,20.308,22.272,75,0.0,0.018190049639848608
