exe,mean,median,std,min,max,n,pct_vs_baseline,cov
som-rs-bc-l4bits,17.474680000000003,17.463,0.07574693999706465,17.381,17.828,75,0.1896580271188557,0.004334668216932421
som-rs-bc-nan,18.066093333333335,17.925,0.6152169727857024,17.856,22.972,75,0.15071326986760436,0.034053680639996455
som-rs-bc-l3bits,18.234066666666667,18.114,0.3796561507374735,18.072,20.373,75,0.14011282910010925,0.020821254944269525
som-rs-bc-baseline,20.78889333333333,20.506,1.146476041089736,20.38,29.959,75,0.0,0.055148488315703334
