exe,mean,median,std,min,max,n,pct_vs_baseline,cov
som-rs-bc-nan,24.16492,24.01,0.7079453093856063,23.886,29.943,75,0.16589392116064672,0.029296406087237464
som-rs-bc-l4bits,24.32976,24.299,0.14876889750503902,24.13,25.215,75,0.15799470826400808,0.006114688246207074
som-rs-bc-l3bits,24.883519999999997,24.715,0.40667113880276257,24.496,26.786,75,0.13222459416245513,0.01634299081491536
som-rs-bc-baseline,28.173733333333335,27.94,0.7027721812498977,27.799,31.647,75,0.0,0.024944233443795084
