exe,mean,median,std,min,max,n,pct_vs_baseline,cov
som-rs-bc-nan,24.124173333333335,23.958,0.6208284433207266,23.845,28.713,75,0.1737493733809461,0.025734703309518304
som-rs-bc-l4bits,24.529186666666668,24.066,3.2203762609331825,23.882,51.918,75,0.15436902650393614,0.13128752716898817
som-rs-bc-l3bits,24.947173333333332,24.688,0.7893905170880055,24.56,30.304,75,0.135027722579659,0.031642483360359554
som-rs-bc-baseline,28.31573333333333,27.999,1.022410299155784,27.821,34.532,75,0.0,0.036107498510455346
