exe,mean,median,std,min,max,n,pct_vs_baseline,cov
som-rs-bc-l4bits,95.37449333333333,98.015,8.675393329152026,76.225,103.287,75,0.119694755564975,0.09096135691994267
som-rs-bc-l3bits,96.33572,98.945,8.73009251299237,77.252,105.107,75,0.10852257085949035,0.09062155255591975
som-rs-bc-nan,96.97318666666666,98.782,10.643806003256309,76.987,147.596,75,0.10123554428585013,0.10976029940980568
som-rs-bc-baseline,106.79032000000001,116.221,16.7135331208785,79.224,124.6,75,0.0,0.15650794117742597
