exe,mean,median,std,min,max,n,pct_vs_baseline,cov
som-rs-bc-l3bits,95.80606666666667,98.462,8.70676548117291,76.683,103.254,75,0.11681222692230353,0.09087906208973102
som-rs-bc-l4bits,96.38248,98.525,9.585891093882912,76.698,128.856,75,0.11013315559701997,0.09945677984093076
som-rs-bc-nan,96.54881333333333,98.754,10.356221601364883,77.013,146.846,75,0.10822062926097087,0.10726410034279948
som-rs-bc-baseline,106.99738666666667,116.489,16.573916866402293,79.884,125.08,75,0.0,0.15490020254453216
