exe,mean,median,std,min,max,n,pct_vs_baseline,cov
som-rs-bc-l4bits,53.7188,53.749,0.6766451802828456,52.725,54.354,5,0.3296574011333091,0.012596059113063687
som-rs-bc-l3bits,54.8214,54.348,0.8857938812161689,54.12,56.069,5,0.30291455526491506,0.01615781211746086
som-rs-bc-nan,55.491200000000006,55.765,0.6265566215434966,54.573,56.126,5,0.287187878438383,0.011291098796628951
som-rs-bc-baseline,71.42760000000001,71.323,0.9617061921397828,70.361,72.917,5,0.0,0.013464069801306254
