exe,mean,median,std,min,max,n,pct_vs_baseline,cov
som-rs-bc-l4bits,54.2568,54.45,0.4104822773275349,53.752,54.605,5,0.30875761194910134,0.007565545283310754
som-rs-bc-l3bits,54.93579999999999,54.561,1.0184580010977402,54.14,56.712,5,0.2925815224316386,0.018539058338965488
som-rs-bc-nan,55.22240000000001,55.325,0.3377577534269189,54.856,55.602,5,0.28587312394970144,0.006116317896848359
som-rs-bc-baseline,71.009,71.281,1.0894941486763452,69.888,72.517,5,0.0,0.015343043116736543
