exe,mean,median,std,min,max,n,pct_vs_baseline,cov
som-rs-bc-nan,24.1358,24.116,0.07061302995906708,24.05,24.234,5,0.29014161535975624,0.0029256552490104777
som-rs-bc-l4bits,24.191399999999998,24.197,0.1472338276348211,24.016,24.404,5,0.28717643460072617,0.0060862053306059635
som-rs-bc-l3bits,24.3418,24.358,0.046730075968267476,24.272,24.389,5,0.27922339350417813,0.0019197461144314504
som-rs-bc-baseline,31.138600000000004,31.149,0.22986800560321718,30.895,31.495,5,0.0,0.007382091860366784
