exe,mean,median,std,min,max,n,pct_vs_baseline,cov
som-rs-bc-l4bits,24.0296,23.976,0.12900697655553375,23.874,24.18,5,0.30104537736791315,0.005368669330972374
som-rs-bc-nan,24.221600000000002,24.244,0.06747073439647736,24.12,24.291,5,0.29073223899329537,0.0027855605904018458
som-rs-bc-l3bits,24.5928,24.495,0.21534901903653927,24.449,24.963,5,0.2712501219869232,0.008756588067911717
som-rs-bc-baseline,31.263600000000004,31.226,0.296660243376157,30.862,31.597,5,0.0,0.009488998176030813
