exe,mean,median,std,min,max,n,pct_vs_baseline,cov
som-rs-bc-l3bits,7.9768,7.903,0.242087486978058,7.852,9.501,75,0.28349881322501913,0.030348947820937968
som-rs-bc-l4bits,8.064119999999999,7.987,0.3014127528283556,7.921,9.541,75,0.2696008161254215,0.03737701730980636
som-rs-bc-nan,8.344266666666668,8.095,1.5117503219897253,8.044,21.097,75,0.22697580774024462,0.18117234052799427
som-rs-bc-baseline,10.238213333333332,10.18,0.11851460091748475,10.104,10.457,75,0.0,0.011575711216294714
