exe,mean,median,std,min,max,n,pct_vs_baseline,cov
som-rs-bc-l3bits,7.974866666666667,7.959,0.05885537320376903,7.899,8.229,75,0.2706502930038539,0.0073801074881631075
som-rs-bc-l4bits,8.010893333333334,7.976,0.10353659404435864,7.935,8.755,75,0.264935912266131,0.012924475428170138
som-rs-bc-nan,8.14144,8.096,0.12152579972993373,8.034,8.716,75,0.24465287058145346,0.01492681880968646
som-rs-bc-baseline,10.133266666666668,10.075,0.12930336561884398,9.988,10.557,75,0.0,0.012760284503731336
