exe,mean,median,std,min,max,n,pct_vs_baseline,cov
som-rs-bc-nan,1222.50075,1581.83,720.5686719762879,10.503,1847.705,20,0.2496216055491174,0.5894218649569646
som-rs-bc-l4bits,1232.2462,1593.1115,726.4552656742551,10.581,1856.284,20,0.23973873889811959,0.5895374363290835
som-rs-bc-l3bits,1233.1354999999999,1596.3654999999999,726.6361711717254,10.712,1852.44,20,0.23884467684208288,0.589258983438337
som-rs-bc-baseline,1527.66335,1985.2109999999998,899.815294250482,13.308,2286.093,20,0.0,0.5890141268693014
