exe,mean,median,std,min,max,n,pct_vs_baseline,cov
som-rs-bc-l4bits,1224.50865,1585.1035000000002,721.7415439146793,10.621,1844.084,20,0.25093726369348235,0.5894131853741329
som-rs-bc-nan,1227.08935,1602.3515,721.6327743053304,10.485,1762.748,20,0.24830640898317635,0.5880849461413143
som-rs-bc-l3bits,1232.1833000000001,1600.9105,725.3426145754628,10.681,1773.283,20,0.243145804686689,0.5886645392576435
som-rs-bc-baseline,1531.7835,2001.01,902.2744193697392,13.277,2305.242,20,0.0,0.5890352124629488
