exe,mean,median,std,min,max,n,pct_vs_baseline,cov
som-rs-bc-l3bits,34.3712,34.346,0.2924400793325022,33.995,34.671,5,0.2776917884740713,0.00850828831499925
som-rs-bc-l4bits,34.575,34.731,0.3264559694660239,34.12,34.872,5,0.2701605206073754,0.009441965855850293
som-rs-bc-nan,34.593599999999995,34.309,0.6889196614990769,34.028,35.764,5,0.2694775912307481,0.019914656511582404
som-rs-bc-baseline,43.915800000000004,43.87,0.5448221728233894,43.304,44.541,5,0.0,0.012406062802530964
