exe,mean,median,std,min,max,n,pct_vs_baseline,cov
som-rs-bc-l3bits,34.0818,34.027,0.4116038143652205,33.688,34.714,5,0.2920033566302249,0.012076938846106146
som-rs-bc-nan,34.5358,34.613,0.3309829300734404,34.0,34.803,5,0.2750189658267652,0.009583763227533178
som-rs-bc-l4bits,34.834199999999996,34.645,0.37123941062338645,34.523,35.315,5,0.2640967784533592,0.010657325577259891
som-rs-bc-baseline,44.0338,44.31,0.5337173409212033,43.452,44.568,5,0.0,0.012120628719783514
