exe,mean,median,std,min,max,n,pct_vs_baseline,cov
som-rs-bc-l4bits,33.2356,33.267,0.1696873595763659,33.039,33.467,5,0.3432102925778382,0.005105590378280095
som-rs-bc-nan,34.4638,34.331,0.2706228002220058,34.217,34.818,5,0.29534177891004454,0.007852378444106738
som-rs-bc-l3bits,34.535000000000004,34.57,0.14538569393169065,34.36,34.69,5,0.2926712031272618,0.004209807266011022
som-rs-bc-baseline,44.642399999999995,44.711,0.3626214279382855,44.166,45.119,5,0.0,0.00812280316332199
