exe,mean,median,std,min,max,n,pct_vs_baseline,cov
som-rs-bc-l4bits,33.3538,33.266,0.22656500171032695,33.143,33.731,5,0.3485300025784168,0.006792779284828924
som-rs-bc-l3bits,33.376999999999995,33.358,0.06380830666927413,33.307,33.465,5,0.347592653623753,0.0019117448143713977
som-rs-bc-nan,34.463,34.435,0.12480985538009101,34.354,34.661,5,0.3051272379073209,0.0036215609604529787
som-rs-bc-baseline,44.9786,45.017,0.32695764251658177,44.564,45.455,5,0.0,0.007269182289279386
