exe,mean,median,std,min,max,n,pct_vs_baseline,cov
som-rs-bc-l4bits,118.71220000000001,119.543,2.2602253648696173,116.132,121.049,5,0.32499102872324825,0.01903953734215706
som-rs-bc-l3bits,119.6526,120.814,2.566232121223641,116.684,122.191,5,0.3145773681474535,0.021447357777629916
som-rs-bc-nan,119.7932,120.579,2.7608857636635347,116.831,122.759,5,0.3130344627240944,0.023047099198147597
som-rs-bc-baseline,157.2926,158.837,3.3952311114267335,153.534,160.762,5,0.0,0.021585447194761444
