exe,mean,median,std,min,max,n,pct_vs_baseline,cov
som-rs-bc-nan,118.1958,116.939,2.0970794453239,116.334,120.66,5,0.32065606392105295,0.017742419318824355
som-rs-bc-l4bits,118.929,119.78,1.9306954705494082,116.342,120.721,5,0.3125141891380572,0.016234017527679608
som-rs-bc-l3bits,120.30199999999999,121.058,2.693461063390374,117.01,123.174,5,0.29753453807916763,0.022389162801868416
som-rs-bc-baseline,156.096,157.504,3.8717650367758645,151.941,160.514,5,0.0,0.024803742804273422
