exe,mean,median,std,min,max,n,pct_vs_baseline,cov
som-rs-bc-l4bits,6.684053333333333,6.643,0.29088717480918364,6.601,9.147,75,0.5429479916378086,0.04351957716413349
som-rs-bc-nan,7.106933333333333,7.064,0.1572522790908902,7.023,8.293,75,0.4511387940414995,0.02212660112531756
som-rs-bc-l3bits,7.954533333333334,7.943,0.03745784417301787,7.886,8.067,75,0.2965118423037596,0.004708993300216798
som-rs-bc-baseline,10.313146666666666,10.246,0.15234976590454993,10.188,10.886,75,0.0,0.014772384300221653
