exe,mean,median,std,min,max,n,pct_vs_baseline,cov
som-rs-bc-nan,9.399106666666666,9.409,0.05907040538876273,9.261,9.579,75,0.3674235707506954,0.0062846829473967095
som-rs-bc-l4bits,9.757786666666666,9.675,0.3158097397353535,9.644,12.273,75,0.3171593558101975,0.03236489488074005
som-rs-bc-l3bits,10.821346666666667,10.797,0.11377948009237006,10.742,11.623,75,0.18770430297646268,0.010514354968670264
som-rs-bc-baseline,12.85256,12.78,0.21075958123198327,12.687,14.295,75,0.0,0.016398256941183957
