exe,mean,median,std,min,max,n,pct_vs_baseline,cov
som-rs-bc-l4bits,5.656493333333334,5.629,0.0724765336362602,5.595,5.9,75,0.4291445583482818,0.012812979590935053
som-rs-bc-nan,5.838386666666667,5.797,0.27738513051465236,5.739,8.172,75,0.38461995208722066,0.04751057892385551
som-rs-bc-l3bits,6.024346666666667,6.01,0.0788578079448946,5.975,6.665,75,0.34187939605069206,0.013089852279123146
som-rs-bc-baseline,8.083946666666668,7.944,1.1093484317666222,7.84,17.524,75,0.0,0.13722856885497622
