exe,mean,median,std,min,max,n,pct_vs_baseline,cov
som-rs-bc-l4bits,5.433293333333333,5.358,0.39826294360918396,5.324,7.818,75,0.36292291722393033,0.0733004679069755
som-rs-bc-nan,5.63412,5.609,0.07805714469437013,5.578,6.021,75,0.31434190255088623,0.013854363182603515
som-rs-bc-l3bits,5.92284,5.918,0.03440853131168251,5.879,6.013,75,0.25027182905498035,0.005809464937712738
som-rs-bc-baseline,7.4051599999999995,7.27,0.6078887931726205,7.217,10.899,75,0.0,0.08208989315188604
