exe,mean,median,std,min,max,n,pct_vs_baseline,cov
som-rs-bc-l4bits,5.409413333333333,5.392,0.051572068003893405,5.358,5.658,75,0.3516561253715744,0.009533763612793515
som-rs-bc-nan,5.617773333333334,5.607,0.041325855179370534,5.579,5.832,75,0.3015239727246617,0.007356269597806936
som-rs-bc-l3bits,5.962479999999999,5.932,0.122668016052116,5.895,6.582,75,0.2262794452420247,0.02057332117711355
som-rs-bc-baseline,7.3116666666666665,7.263,0.20249213086701193,7.227,8.791,75,0.0,0.02769438762712723
