exe,mean,median,std,min,max,n,pct_vs_baseline,cov
som-rs-bc-l4bits,5.60428,5.594,0.023888570149420422,5.578,5.68,75,0.39814570292704854,0.004262558285706714
som-rs-bc-nan,5.8046,5.796,0.04374835904258483,5.75,6.059,75,0.3498949109327085,0.0075368430283886635
som-rs-bc-l3bits,6.125626666666667,6.077,0.15170978458470882,6.025,6.724,75,0.27915075899717445,0.024766410498089253
som-rs-bc-baseline,7.8355999999999995,7.819,0.0929611950427912,7.717,8.255,75,0.0,0.011863953627391802
