exe,mean,median,std,min,max,n,pct_vs_baseline,cov
som-rs-bc-nan,9.4112,9.419,0.03118012187275714,9.371,9.443,5,0.36193046582794985,0.0033130867341844973
som-rs-bc-l4bits,9.6836,9.684,0.01924318061028306,9.659,9.712,5,0.3236193151307365,0.00198719284256713
som-rs-bc-l3bits,10.947,10.784,0.38083592267536953,10.765,11.628,5,0.1708595962364119,0.034789067568774056
som-rs-bc-baseline,12.817400000000001,12.816,0.044292211504958635,12.758,12.883,5,0.0,0.0034556315247209757
