exe,mean,median,std,min,max,n,pct_vs_baseline,cov
som-rs-bc-nan,9.6286,9.437,0.4449576384331428,9.348,10.418,5,0.3462808715701138,0.04621208051358897
som-rs-bc-l4bits,9.8224,9.726,0.24683658561890662,9.688,10.263,5,0.31971819514578903,0.025129966771757068
som-rs-bc-l3bits,10.7028,10.697,0.026099808428415448,10.673,10.735,5,0.21115969652801114,0.002438596295213911
som-rs-bc-baseline,12.962799999999998,12.821,0.4001508465566453,12.716,13.674,5,0.0,0.03086916766104895
