exe,mean,median,std,min,max,n,pct_vs_baseline,cov
som-rs-bc-nan,9.480226666666667,9.415,0.38541197941147837,9.258,12.183,75,0.3482842182395076,0.040654300046076085
som-rs-bc-l4bits,9.771759999999999,9.715,0.16457486918593497,9.676,10.644,75,0.30805914185366823,0.016841886127569136
som-rs-bc-l3bits,10.782506666666666,10.724,0.15966919970154958,10.652,11.772,75,0.18544234612112453,0.014808170737807682
som-rs-bc-baseline,12.78204,12.714,0.14135898713291364,12.664,13.084,75,0.0,0.011059188293332961
