exe,mean,median,std,min,max,n,pct_vs_baseline,cov
som-rs-bc-l4bits,6.69288,6.68,0.046852834579224,6.635,6.9,75,0.543044748050665,0.00700039961559508
som-rs-bc-nan,7.1102533333333335,7.07,0.15999384222384772,7.01,8.336,75,0.45246770391678504,0.022501848348185586
som-rs-bc-l3bits,7.966546666666667,7.941,0.16937941523782118,7.888,9.373,75,0.29634756004692964,0.021261334719412658
som-rs-bc-baseline,10.327413333333334,10.201,0.25146028074587184,10.132,11.298,75,0.0,0.024348815393516268
