exe,mean,median,std,min,max,n,pct_vs_baseline,cov
som-rs-bc-l3bits,5.490746666666666,5.48,0.08215428684400375,5.446,6.178,75,0.2958966115112458,0.014962316025750672
som-rs-bc-l4bits,5.502426666666667,5.491,0.04153805592574256,5.458,5.642,75,0.29314581202960155,0.007549043075372059
som-rs-bc-nan,5.5114133333333335,5.488,0.1172617876669413,5.427,6.228,75,0.29103726569833266,0.021276173746166978
som-rs-bc-baseline,7.11544,7.09,0.09277744949682075,7.067,7.507,75,0.0,0.01303889141034437
