exe,mean,median,std,min,max,n,pct_vs_baseline,cov
som-rs-bc-l3bits,5.48116,5.471,0.08799985257972914,5.429,6.219,75,0.30242260154176615,0.016054968762037443
som-rs-bc-nan,5.494533333333334,5.486,0.057960222458056494,5.417,5.823,75,0.29925259045354147,0.010548707040583942
som-rs-bc-l4bits,5.500653333333333,5.448,0.30497543070439836,5.423,7.974,75,0.2978070483748596,0.055443492295048295
som-rs-bc-baseline,7.138786666666666,7.073,0.38253162007912567,7.037,10.155,75,0.0,0.05358496309538022
