exe,mean,median,std,min,max,n,pct_vs_baseline,cov
som-rs-bc-nan,54.406600000000005,54.415,0.30957600036178323,53.938,54.797,5,0.14551910981388283,0.005690044964430477
som-rs-bc-l4bits,54.5098,54.708,0.7463338395115124,53.658,55.228,5,0.14335037002520656,0.013691736889724646
som-rs-bc-l3bits,54.9068,55.084,0.34879750572502505,54.456,55.199,5,0.13508345050157744,0.006352537494900906
som-rs-bc-baseline,62.323800000000006,62.151,1.2539253167553441,61.144,64.383,5,0.0,0.020119526035885873
