exe,mean,median,std,min,max,n,pct_vs_baseline,cov
som-rs-bc-l4bits,54.08,53.895,0.5714385356274123,53.498,54.705,5,0.15233727810650888,0.010566540969441797
som-rs-bc-nan,54.491200000000006,54.633,0.449139955915747,53.746,54.876,5,0.14364154212056235,0.008242430996486532
som-rs-bc-l3bits,54.633399999999995,54.603,0.3738145262024988,54.213,55.117,5,0.14066486801114353,0.006842234351193571
som-rs-bc-baseline,62.3184,62.549,0.8070110284252625,61.375,63.215,5,0.0,0.012949803403573623
