exe,mean,median,std,min,max,n,pct_vs_baseline,cov
som-rs-bc-l3bits,4510.7406,4535.922,45.494127410029584,4460.308,4551.772,5,0.2390235873905051,0.010085733462489416
som-rs-bc-l4bits,4566.3562,4551.217,55.48762157184237,4506.309,4657.053,5,0.2239329905976235,0.012151400184646648
som-rs-bc-nan,4736.3966,4730.096,54.80375658930718,4688.277,4827.14,5,0.1799928240806523,0.011570770190424335
som-rs-bc-baseline,5588.914,5582.21,51.935140516802655,5529.911,5667.85,5,0.0,0.009292528122064977
