exe,mean,median,std,min,max,n,pct_vs_baseline,cov
som-rs-bc-l4bits,4496.0184,4502.426,33.93553413164458,4438.066,4526.098,5,0.2657238235501884,0.00754790819620413
som-rs-bc-l3bits,4515.8744,4508.308,22.280518559944106,4501.073,4554.854,5,0.260158519909234,0.004933821578373417
som-rs-bc-nan,4711.8392,4711.661,23.153112700023463,4688.64,4738.74,5,0.20774868548145697,0.004913816392550803
som-rs-bc-baseline,5690.7176,5596.105,217.44523879657606,5551.096,6073.175,5,0.0,0.03821051299340106
