exe,mean,median,std,min,max,n,pct_vs_baseline,cov
som-rs-bc-l4bits,2230.1350666666667,2190.762,64.14751588494698,2182.968,2404.517,15,0.14558672769176972,0.028763960014685053
som-rs-bc-l3bits,2255.6881999999996,2213.998,64.13720950676188,2204.796,2422.515,15,0.1326091670530236,0.028433543920991337
som-rs-bc-nan,2315.502,2304.946,58.25026424587517,2264.868,2453.259,15,0.103351728192562,0.0251566460516446
som-rs-bc-baseline,2554.8131333333336,2507.101,84.01875311148984,2502.854,2816.484,15,0.0,0.03288645733626252
