exe,mean,median,std,min,max,n,pct_vs_baseline,cov
som-rs-bc-nan,2293.265266666667,2266.902,56.9793899261162,2241.648,2428.813,15,0.1241366204502754,0.024846401658948743
som-rs-bc-l4bits,2298.7781333333332,2284.297,59.73411739398261,2239.207,2425.253,15,0.12144074684081452,0.025985159910741542
som-rs-bc-l3bits,2312.9426000000003,2270.36,76.12704548957237,2266.778,2524.891,15,0.11457304070869134,0.0329135039881977
som-rs-bc-baseline,2577.9434666666666,2529.67,88.2538502040454,2520.129,2832.478,15,0.0,0.03423420697357628
