exe,mean,median,std,min,max,n,pct_vs_baseline,cov
som-rs-bc-l4bits,7.8744,7.9,0.10745138435590292,7.689,7.957,5,0.17641979071421332,0.013645659904996306
som-rs-bc-nan,7.9506,7.942,0.057348060124122684,7.896,8.019,5,0.16514476894825547,0.0072130480874553725
som-rs-bc-l3bits,8.014,8.008,0.04266145801540259,7.966,8.072,5,0.15592712752682814,0.005323366360793934
som-rs-bc-baseline,9.2636,9.249,0.17131491470388685,9.028,9.505,5,0.0,0.01849334110970755
