exe,mean,median,std,min,max,n,pct_vs_baseline,cov
som-rs-bc-l4bits,7.755599999999999,7.759,0.10539117610122754,7.589,7.868,5,0.17112795915209666,0.013589042253497802
som-rs-bc-l3bits,7.779999999999999,7.81,0.14413188405068472,7.623,7.933,5,0.16745501285347064,0.018525949106771817
som-rs-bc-nan,7.9014,7.955,0.11042554052392042,7.728,7.992,5,0.14951780697091666,0.013975439861786574
som-rs-bc-baseline,9.0828,8.984,0.1927321976214664,8.895,9.309,5,0.0,0.021219469505159905
