exe,mean,median,std,min,max,n,pct_vs_baseline,cov
som-rs-bc-nan,5445.1183,5411.639499999999,5733.2637213676135,6.304,11056.839,10,0.2480750142747128,1.0529181195875237
som-rs-bc-l3bits,5642.193,5578.121,5940.984442440738,6.434,11423.852,10,0.20448132490327797,1.0529566149971719
som-rs-bc-l4bits,5699.5830000000005,5688.6485,6001.08763842587,6.434,11446.964,10,0.19235321250695003,1.0528994206112745
som-rs-bc-baseline,6795.9161,6685.869,7155.474559187399,8.792,13932.78,10,0.0,1.0529080191539444
