exe,mean,median,std,min,max,n,pct_vs_baseline,cov
som-rs-bc-nan,5481.3548,5454.3544999999995,5771.129865489711,6.25,11004.297,10,0.23572953168439303,1.0528655918222463
som-rs-bc-l3bits,5617.213,5600.09,5914.205137218544,6.446,11285.207,10,0.20584211422995713,1.0528717955360682
som-rs-bc-l4bits,5699.4364000000005,5658.226000000001,6001.3366266804305,6.333,11589.817,10,0.18844593125032483,1.052970189592857
som-rs-bc-baseline,6773.472,6757.361000000001,7130.4337447023345,8.813,13580.775,10,0.0,1.0526999660886374
