exe,mean,median,std,min,max,n,pct_vs_baseline,cov
som-rs-bc-l4bits,5.814773333333333,5.73,0.46633466040548094,5.717,9.737,75,0.4149935337118331,0.08019825256682077
som-rs-bc-nan,6.009373333333333,5.976,0.23680256192307841,5.941,8.015,75,0.3691721599368101,0.03940553345380635
som-rs-bc-l3bits,6.15548,6.257,0.3741701217360896,5.759,7.159,75,0.3366734465332788,0.06078650596478091
som-rs-bc-baseline,8.227866666666667,8.152,0.24660112959416328,8.07,9.399,75,0.0,0.02997145427662455
