exe,mean,median,std,min,max,n,pct_vs_baseline,cov
som-rs-bc-nan,8.784786666666667,8.558,1.273453002065042,8.539,19.473,75,0.451003932556131,0.14496117553964982
som-rs-bc-l3bits,8.889746666666667,8.842,0.22837812962297885,8.791,10.184,75,0.4338721313393257,0.025690060491747664
som-rs-bc-l4bits,9.054893333333332,9.008,0.19340271479503607,8.973,10.299,75,0.40772061367923373,0.02135891696074124
som-rs-bc-baseline,12.74676,12.618,0.4222264615876946,12.542,15.023,75,0.0,0.033124218357268406
