exe,mean,median,std,min,max,n,pct_vs_baseline,cov
som-rs-bc-l4bits,5.214066666666667,5.199,0.1054337672630511,5.175,6.098,75,0.3965171139609518,0.0202210240112742
som-rs-bc-nan,5.31292,5.257,0.2892875105907337,5.221,7.551,75,0.3705332158837953,0.05444981490230113
som-rs-bc-l3bits,5.3522799999999995,5.232,0.5110351857564027,5.194,8.36,75,0.360454485440473,0.0954799049669305
som-rs-bc-baseline,7.281533333333334,7.183,0.48350584370915434,7.12,10.025,75,0.0,0.06640165217616541
