exe,mean,median,std,min,max,n,pct_vs_baseline,cov
som-rs-bc-l3bits,6.3194,6.257,0.32178039346986576,6.193,8.635,75,0.6701669989766961,0.050919453345233054
som-rs-bc-l4bits,6.34404,6.274,0.36070638055483983,6.243,9.132,75,0.6636801365270921,0.05685751990133099
som-rs-bc-nan,6.387226666666667,6.378,0.07560719494815245,6.314,6.949,75,0.6524313108245205,0.011837249387551475
som-rs-bc-baseline,10.554453333333333,10.305,0.8824141837661676,10.243,16.682,75,0.0,0.08360586341116366
