exe,mean,median,std,min,max,n,pct_vs_baseline,cov
som-rs-bc-l4bits,6.289866666666667,6.271,0.08393519593780141,6.237,6.869,75,0.6414804765336837,0.01334451116151928
som-rs-bc-l3bits,6.3559866666666665,6.309,0.16689003446462472,6.262,7.162,75,0.6244044984361199,0.026257140427915424
som-rs-bc-nan,6.42328,6.358,0.27237243778485526,6.324,8.564,75,0.6073864650666532,0.04240394903925335
som-rs-bc-baseline,10.324693333333332,10.276,0.19824820460884507,10.188,11.523,75,0.0,0.019201364942123714
