exe,mean,median,std,min,max,n,pct_vs_baseline,cov
som-rs-bc-nan,8.583053333333334,8.56,0.12754669450549996,8.535,9.631,75,0.4690187951762308,0.014860293831585181
som-rs-bc-l3bits,8.866933333333334,8.852,0.07846109955987214,8.765,9.476,75,0.42198730865237133,0.00884873006374306
som-rs-bc-l4bits,9.040426666666667,9.018,0.10750803531670385,8.952,9.558,75,0.3946981853363851,0.011891920512236573
som-rs-bc-baseline,12.608666666666666,12.521,0.3457784923412184,12.462,14.633,75,0.0,0.027423874504934574
