exe,mean,median,std,min,max,n,pct_vs_baseline,cov
som-rs-bc-l3bits,5.825053333333334,5.786,0.29461697045363705,5.681,8.132,75,0.4156757363022714,0.05057755759380235
som-rs-bc-l4bits,5.99496,5.967,0.18360117175625607,5.951,7.546,75,0.37555324250147915,0.030625921066405125
som-rs-bc-nan,6.011026666666667,5.971,0.251117447128335,5.927,8.03,75,0.371876573497151,0.04177613260657664
som-rs-bc-baseline,8.246386666666668,8.202,0.183525967919804,8.129,9.42,75,0.0,0.02225531924929593
