exe,mean,median,std,min,max,n,pct_vs_baseline,cov
som-rs-bc-l4bits,5.189733333333334,5.172,0.10455172434284876,5.16,6.066,75,0.3863268504483208,0.020145876026292055
som-rs-bc-l3bits,5.225853333333333,5.212,0.08893129649058018,5.143,5.944,75,0.3767448506017519,0.017017564561815777
som-rs-bc-nan,5.296679999999999,5.264,0.10819403990179059,5.23,5.813,75,0.3583351583759389,0.020426765426982678
som-rs-bc-baseline,7.1946666666666665,7.169,0.17365399998765274,7.132,8.584,75,0.0,0.024136489990870934
