exe,mean,median,std,min,max,n,pct_vs_baseline,cov
som-rs-bc-nan,3808.9957000000004,3778.487,3943.9362037786013,66.807,7580.066,10,0.23208682015576954,1.0354267934139703
som-rs-bc-l3bits,3949.2349000000004,3895.184,4089.3656454942156,69.686,7983.997,10,0.18833483417256325,1.0354830110242912
som-rs-bc-l4bits,3994.582,3940.5144999999998,4133.887510756216,72.93,7981.792,10,0.1748446771151524,1.034873613999216
som-rs-bc-baseline,4693.0134,4615.4905,4848.151879858807,94.51,9544.989,10,0.0,1.033057327272666
