exe,mean,median,std,min,max,n,pct_vs_baseline,cov
som-rs-bc-nan,3797.4317,3768.883,3931.8474080486517,67.083,7586.785,10,0.23435252304866983,1.035396478111417
som-rs-bc-l3bits,3957.0487999999996,3880.19,4100.018954252523,69.442,8189.344,10,0.18456193919064123,1.0361305006530432
som-rs-bc-l4bits,3959.6518000000005,3919.7475,4092.675679701397,76.705,7940.466,10,0.18378323063659252,1.033594842784256
som-rs-bc-baseline,4687.3694,4602.8735,4841.914454553125,93.987,9367.699,10,0.0,1.0329705302409333
