exe,mean,median,std,min,max,n,pct_vs_baseline,cov
som-rs-bc-nan,118.4768,116.6975,87.55484154999336,35.16,204.275,10,0.28107190606093346,0.739004105023037
som-rs-bc-l3bits,119.4319,119.1935,90.90232994135333,32.068,208.459,10,0.27082714082251047,0.761122697883508
som-rs-bc-l4bits,120.3453,119.26350000000001,92.51817317821042,32.044,212.487,10,0.2611817827534604,0.768772633232959
som-rs-bc-baseline,151.7773,149.4885,118.28244768354733,39.006,268.396,10,0.0,0.7793157981038491
