exe,mean,median,std,min,max,n,pct_vs_baseline,cov
som-rs-bc-nan,118.96979999999999,119.2685,87.26749978186483,34.994,205.089,10,0.2699979322483521,0.7335264897634932
som-rs-bc-l3bits,119.82329999999999,118.5195,92.64988253641293,31.81,210.168,10,0.26095175145401606,0.7732209222781624
som-rs-bc-l4bits,122.18299999999999,121.72149999999999,93.12262121167625,32.186,216.999,10,0.2365991995613137,0.7621569384585111
som-rs-bc-baseline,151.0914,149.68599999999998,117.81267794558914,39.034,266.982,10,0.0,0.7797444324798708
