exe,mean,median,std,min,max,n,pct_vs_baseline,cov
som-rs-bc-nan,20.386599999999998,20.337,0.3684539319915027,20.101,21.014,5,0.1643530554383763,0.018073338957526157
som-rs-bc-l4bits,21.9214,21.946,0.14148604171436785,21.731,22.053,5,0.08283230085669735,0.006454242964152283
som-rs-bc-l3bits,21.952,21.951,0.0439033028370298,21.915,22.024,5,0.08132288629737605,0.0019999682414827713
som-rs-bc-baseline,23.7372,23.665,0.2364153125328395,23.495,24.118,5,0.0,0.009959696701078454
