exe,mean,median,std,min,max,n,pct_vs_baseline,cov
som-rs-bc-nan,20.176,20.118,0.12415111759464839,20.045,20.354,5,0.17041038858049173,0.00615340590774427
som-rs-bc-l4bits,21.8654,21.868,0.2405614266668704,21.595,22.122,5,0.07998024275796456,0.011001922062567818
som-rs-bc-l3bits,22.0684,22.106,0.13937467488751387,21.883,22.252,5,0.07004585742509661,0.00631557679249578
som-rs-bc-baseline,23.6142,23.545,0.18902698220095526,23.401,23.869,5,0.0,0.008004801441545988
