exe,mean,median,std,min,max,n,pct_vs_baseline,cov
som-rs-bc-l3bits,42.964800000000004,43.003,0.3786927514489829,42.407,43.365,5,0.4922727441999031,0.008814023373761378
som-rs-bc-l4bits,43.00320000000001,43.148,0.2972275222788081,42.487,43.207,5,0.4909402091007178,0.006911753596913906
som-rs-bc-nan,58.413599999999995,58.528,0.3656662412638041,57.807,58.735,5,0.09760740649437816,0.006259950444139791
som-rs-bc-baseline,64.1152,64.009,0.686564417953626,63.108,64.94,5,0.0,0.010708294101143347
