exe,mean,median,std,min,max,n,pct_vs_baseline,cov
som-rs-bc-l4bits,42.834199999999996,42.854,0.1965253164353122,42.51,43.004,5,0.48209141293639224,0.004588046851238315
som-rs-bc-l3bits,42.924,42.896,0.27553402693678547,42.567,43.301,5,0.4789907743919486,0.006419113478165723
som-rs-bc-nan,58.8952,58.522,0.9970530076179518,58.275,60.655,5,0.0779180646300548,0.01692927450145261
som-rs-bc-baseline,63.4842,63.612,0.36958720215937957,62.953,63.827,5,0.0,0.0058217194539646015
