exe,mean,median,std,min,max,n,pct_vs_baseline,cov
som-rs-bc-nan,74.203,74.598,1.1818392445675467,72.92,75.737,5,0.36549465655027435,0.015927108669023447
som-rs-bc-l3bits,75.7334,76.264,0.9747806419908025,74.63,76.723,5,0.33790111100254316,0.012871211935431427
som-rs-bc-l4bits,76.2434,76.524,1.098061382619389,75.024,77.282,5,0.3289517518893441,0.01440205162177171
som-rs-bc-baseline,101.3238,101.956,1.7671006479541576,98.973,103.131,5,0.0,0.017440133985837065
