exe,mean,median,std,min,max,n,pct_vs_baseline,cov
som-rs-bc-nan,73.5258,73.235,0.7790229136553029,72.637,74.396,5,0.3812974493307111,0.010595232063511078
som-rs-bc-l4bits,76.0872,75.251,1.6143915881842315,74.817,78.581,5,0.3347974429338971,0.02121765011965523
som-rs-bc-l3bits,76.6564,75.671,2.486210731213265,74.531,80.885,5,0.32488611518412025,0.032433178850210354
som-rs-bc-baseline,101.561,102.014,1.5595773465910574,98.851,102.878,5,0.0,0.015356065286783877
