exe,mean,median,std,min,max,n,pct_vs_baseline,cov
som-rs-bc-nan,3717.006,3685.7690000000002,3859.6700852315807,54.92,7463.326,10,0.24207937786487288,1.0383814514239635
som-rs-bc-l3bits,3851.7909,3812.3390000000004,4003.4417180931946,54.222,7831.599,10,0.19861555828484878,1.039371508482767
som-rs-bc-l4bits,3868.7544000000003,3827.938,4019.4913262413966,55.239,7747.593,10,0.19335993517706873,1.0389626506767646
som-rs-bc-baseline,4616.8165,4558.8665,4792.57844119262,69.974,9444.275,10,0.0,1.0380699430424882
