exe,mean,median,std,min,max,n,pct_vs_baseline,cov
som-rs-bc-nan,3722.1697,3662.544,3865.8118396873797,54.924,7533.739,10,0.2332634377202094,1.0385909701235223
som-rs-bc-l3bits,3823.2392,3770.334,3972.679801217751,54.326,7647.312,10,0.20066141820265937,1.0390874317300762
som-rs-bc-l4bits,3883.1786,3853.3535,4035.840173351467,53.804,7799.573,10,0.1821284243789354,1.0393135596059029
som-rs-bc-baseline,4590.415800000001,4546.9335,4764.528229164698,69.976,9205.741,10,0.0,1.037929555131955
