exe,mean,median,std,min,max,n,pct_vs_baseline,cov
som-rs-bc-l4bits,39.8116,39.737,0.19177147858845034,39.646,40.14,5,0.32588491796360874,0.004816974916568295
som-rs-bc-nan,40.7702,40.755,0.1007754930526275,40.627,40.884,5,0.2947103521689862,0.002471792953005565
som-rs-bc-l3bits,46.0928,39.47,14.402565073624903,39.248,71.841,5,0.14520272146625945,0.3124688687522759
som-rs-bc-baseline,52.7856,52.778,0.06969074544012088,52.694,52.882,5,0.0,0.0013202605528803476
