exe,mean,median,std,min,max,n,pct_vs_baseline,cov
som-rs-bc-l4bits,39.7822,39.779,0.10582154790022891,39.684,39.956,5,0.3502068764422279,0.0026600225201278186
som-rs-bc-l3bits,39.8014,39.763,0.11550670976181565,39.702,40.0,5,0.3495555432723474,0.0029020765541366796
som-rs-bc-nan,40.893,40.84,0.34774487774804047,40.523,41.407,5,0.31353043308145656,0.008503775163182951
som-rs-bc-baseline,53.714200000000005,53.67,0.2698317994603305,53.448,54.164,5,0.0,0.0050234723678343985
