exe,mean,median,std,min,max,n,pct_vs_baseline,cov
som-rs-bc-nan,3523.6907999999994,3494.8285,3675.2665872856023,36.867,7116.981,10,0.24441801193226165,1.0430161997430656
som-rs-bc-l3bits,3673.2468999999996,3641.842,3833.6193676398307,36.669,7477.317,10,0.193751582557655,1.0436595938159863
som-rs-bc-l4bits,3690.928,3656.234,3850.9199459025376,36.8,7443.779,10,0.18803300958458147,1.0433473494748577
som-rs-bc-baseline,4384.9443,4316.634,4570.225982438895,49.152,8852.972,10,0.0,1.0422540560980205
