exe,mean,median,std,min,max,n,pct_vs_baseline,cov
som-rs-bc-nan,3550.2468999999996,3522.855,3702.8752712553423,37.102,7127.636,10,0.23114091022796202,1.0429909174078407
som-rs-bc-l3bits,3614.6673,3603.42,3771.2368471952145,36.617,7213.717,10,0.20919958525643545,1.0433150644860771
som-rs-bc-l4bits,3683.4641,3633.3894999999998,3843.8301527008316,37.044,7428.289,10,0.18661512134732083,1.0435367491978085
som-rs-bc-baseline,4370.8542,4321.8365,4554.8492921167435,49.556,8898.245,10,0.0,1.042095911622205
