exe,mean,median,std,min,max,n,pct_vs_baseline,cov
som-rs-bc-nan,3540.9635500000004,4600.678,1983.9370044627096,190.397,4919.249,20,0.3448508245728763,0.5602816793928053
som-rs-bc-l3bits,3697.20565,4794.808,2072.151671301578,199.626,5153.873,20,0.28801808738986434,0.5604642715239759
som-rs-bc-l4bits,3731.4781000000003,4839.228499999999,2092.0735953338863,200.178,5146.064,20,0.2761880473049003,0.5606554666189482
som-rs-bc-baseline,4762.06775,6199.389499999999,2663.29414247046,262.899,6620.778,20,0.0,0.5592726274149418
