exe,mean,median,std,min,max,n,pct_vs_baseline,cov
som-rs-bc-nan,3558.2493999999997,4606.364,1992.1778160333506,191.585,4881.77,20,0.32834158561229576,0.5598758243402924
som-rs-bc-l3bits,3709.0654000000004,4822.504,2080.0622255874287,197.884,5247.219,20,0.27432928251952604,0.5608049471404383
som-rs-bc-l4bits,3801.9348,4940.594999999999,2133.672529648836,198.594,5275.413,20,0.24320139577354127,0.5612070279713467
som-rs-bc-baseline,4726.57065,6133.737999999999,2641.9102695605907,262.511,6472.102,20,0.0,0.5589486469562431
