exe,mean,median,std,min,max,n,pct_vs_baseline,cov
som-rs-bc-l4bits,16.167866666666665,15.816,1.5008625928187178,15.496,27.806,75,0.1347487609167155,0.09282997093939736
som-rs-bc-l3bits,16.461493333333333,16.413,0.45915519879075356,15.912,20.212,75,0.11450803977281909,0.02789268199993724
som-rs-bc-nan,16.557826666666667,16.477,0.4266519365419013,16.371,19.936,75,0.10802383887740485,0.025767387540105987
som-rs-bc-baseline,18.346466666666664,18.245,0.2243866916449978,18.204,19.788,75,0.0,0.01223051259524983
