exe,mean,median,std,min,max,n,pct_vs_baseline,cov
som-rs-bc-l3bits,16.269813333333335,16.117,0.3670499153526134,15.977,17.943,75,0.12258120560285057,0.022560179876225585
som-rs-bc-l4bits,16.45784,16.393,0.6531795010106636,15.491,21.336,75,0.10975599876208952,0.03968804539421112
som-rs-bc-nan,16.47370666666667,16.462,0.08657425703973393,16.234,16.7,75,0.10868713618792936,0.00525529917410212
som-rs-bc-baseline,18.264186666666667,18.193,0.2008256399408636,18.117,19.697,75,0.0,0.01099559720923043
