exe,mean,median,std,min,max,n,pct_vs_baseline,cov
som-rs-bc-nan,135.9587733333333,142.973,21.16940049488395,108.001,162.376,75,0.16851706419240053,0.15570455643184153
som-rs-bc-l3bits,137.11132,144.452,21.4895073794103,108.596,165.053,75,0.15869460425781523,0.15673036609530341
som-rs-bc-l4bits,137.11929333333333,143.185,20.717270552754677,107.82,164.258,75,0.158627227464319,0.15108939120909518
som-rs-bc-baseline,158.87014666666667,139.174,30.40986300825607,128.878,204.916,75,0.0,0.19141332494682284
