exe,mean,median,std,min,max,n,pct_vs_baseline,cov
som-rs-bc-nan,136.24084,143.506,21.252867679979165,107.792,163.91,75,0.16307082859050692,0.15599483737753794
som-rs-bc-l4bits,136.26989333333333,142.754,21.456815405362924,107.405,165.782,75,0.16282285683646247,0.1574582241205462
som-rs-bc-l3bits,138.36694666666668,144.905,21.712163131802,109.059,184.27,75,0.14519941708621942,0.15691726712816575
som-rs-bc-baseline,158.45774666666668,137.371,30.321091461801885,128.397,204.163,75,0.0,0.1913512724978075
