exe,mean,median,std,min,max,n,pct_vs_baseline,cov
som-rs-bc-l4bits,62.7106,62.544,0.4118407459200711,62.424,63.436,5,0.2914913906101999,0.006567322684204442
som-rs-bc-nan,62.938,63.054,0.35887880962798535,62.366,63.298,5,0.2868251294925164,0.005702100632813012
som-rs-bc-l3bits,62.983799999999995,63.011,0.6872762908758022,62.121,63.828,5,0.28588938742978365,0.01091195340509468
som-rs-bc-baseline,80.9902,81.357,0.9893592370822698,79.746,82.144,5,0.0,0.01221578952863766
