exe,mean,median,std,min,max,n,pct_vs_baseline,cov
som-rs-bc-l4bits,62.837599999999995,62.816,0.46728610079907346,62.367,63.514,5,0.2803544374705591,0.007436409105361654
som-rs-bc-nan,63.165800000000004,63.14,0.8047454255850089,62.148,64.102,5,0.27370190831114294,0.012740207922404352
som-rs-bc-l3bits,63.205200000000005,62.994,0.5509130602917334,62.73,64.054,5,0.27290792529728547,0.008716261641316432
som-rs-bc-baseline,80.45439999999999,80.4,0.8075709256777387,79.57,81.544,5,0.0,0.010037622873052795
