exe,mean,median,std,min,max,n,pct_vs_baseline,cov
som-rs-bc-l4bits,49.0184,49.145,0.5757667062274444,48.21,49.783,5,0.29816966690059243,0.011745930226760654
som-rs-bc-nan,49.0256,48.748,1.3394178959533134,47.943,51.283,5,0.29797901504520086,0.027320785384642176
som-rs-bc-l3bits,49.6372,49.734,0.47769728908588294,49.03,50.212,5,0.2819860910768537,0.009623775899645486
som-rs-bc-baseline,63.6342,64.384,1.1038809718443383,62.316,64.501,5,0.0,0.017347290794012312
