exe,mean,median,std,min,max,n,pct_vs_baseline,cov
som-rs-bc-nan,48.769,48.896,0.6343429671715453,47.982,49.53,5,0.3152453402776356,0.013007093997653126
som-rs-bc-l4bits,49.3512,49.441,0.40696830343406265,48.761,49.815,5,0.29972928723111103,0.008246370978498247
som-rs-bc-l3bits,50.5788,50.29,0.8866096660876186,49.604,51.873,5,0.2681835077146948,0.017529274440825377
som-rs-bc-baseline,64.14320000000001,64.418,0.7265006538193881,63.213,64.911,5,0.0,0.01132623027568609
