exe,mean,median,std,min,max,n,pct_vs_baseline,cov
som-rs-bc-l3bits,43.4106,43.334,0.3727228192638607,43.063,43.959,5,0.30763454087250586,0.0085859863550345
som-rs-bc-nan,45.2502,45.277,0.0873824925256785,45.135,45.338,5,0.2544740133745267,0.0019310962719651739
som-rs-bc-l4bits,45.3502,45.222,0.4962244451858442,45.002,46.205,5,0.25170782047267726,0.010942056378711542
som-rs-bc-baseline,56.76520000000001,56.39,0.8503015347510564,56.293,58.277,5,0.0,0.014979274885864162
