exe,mean,median,std,min,max,n,pct_vs_baseline,cov
som-rs-bc-l3bits,43.270799999999994,43.219,0.22543779629866742,42.991,43.601,5,0.3001146269539736,0.005209929012143696
som-rs-bc-nan,45.1028,45.073,0.12439935691152271,44.969,45.304,5,0.2473061539416619,0.002758129360295208
som-rs-bc-l4bits,45.8684,45.771,0.22443885581601147,45.665,46.143,5,0.2264870804300998,0.004893104093799031
som-rs-bc-baseline,56.25699999999999,56.143,0.34157502836126535,55.963,56.846,5,0.0,0.006071689360635395
