exe,mean,median,std,min,max,n,pct_vs_baseline,cov
som-rs-bc-nan,20.0642,20.07,0.2610013409927258,19.691,20.388,5,0.37823586288015454,0.013008310373337877
som-rs-bc-l4bits,20.5218,20.621,0.20732028361933186,20.273,20.722,5,0.3475036302858423,0.010102441482683385
som-rs-bc-l3bits,20.911399999999997,20.742,0.337680766405195,20.682,21.487,5,0.3223983090563043,0.016148166378396236
som-rs-bc-baseline,27.6532,27.789,0.5261617621986608,26.987,28.351,5,0.0,0.019027156430310447
