exe,mean,median,std,min,max,n,pct_vs_baseline,cov
som-rs-bc-nan,19.929399999999998,19.877,0.18615665446069843,19.783,20.232,5,0.34492759440826126,0.009340805767393823
som-rs-bc-l3bits,20.555799999999998,20.529,0.16294385536128742,20.414,20.831,5,0.3039434125648237,0.007926904103040866
som-rs-bc-l4bits,20.78,20.913,0.4767394466582341,20.19,21.294,5,0.2898748796920114,0.02294222553696988
som-rs-bc-baseline,26.8036,26.726,0.3608272439824914,26.555,27.428,5,0.0,0.013461894819445574
