exe,mean,median,std,min,max,n,pct_vs_baseline,cov
som-rs-bc-l4bits,35.0492,35.041,0.10331360026637543,34.955,35.206,5,0.3130913116419207,0.0029476735636298525
som-rs-bc-nan,35.491,35.492,0.2746898250754837,35.149,35.839,5,0.2967456538277311,0.0077397037298324554
som-rs-bc-l3bits,35.4978,35.437,0.24276367108774793,35.3,35.912,5,0.29649724771676,0.0068388370853334
som-rs-bc-baseline,46.022800000000004,45.622,0.6023767093771163,45.537,46.84,5,0.0,0.01308865843401784
