exe,mean,median,std,min,max,n,pct_vs_baseline,cov
som-rs-bc-l3bits,35.2584,35.115,0.22118838125001,35.072,35.546,5,0.31123363510539326,0.0062733527684185894
som-rs-bc-nan,35.3554,35.322,0.21073751445815284,35.134,35.667,5,0.307636174389202,0.0059605467469793245
som-rs-bc-l4bits,35.477,35.512,0.2480514059625549,35.149,35.757,5,0.3031541562138851,0.006991893507414802
som-rs-bc-baseline,46.232,46.474,0.6429708391521339,45.488,46.896,5,0.0,0.013907484840632764
