exe,mean,median,std,min,max,n,pct_vs_baseline,cov
som-rs-bc-l3bits,32.4524,32.416,0.1284223500797271,32.332,32.664,5,0.250483785482738,0.003957252778830753
som-rs-bc-l4bits,32.702999999999996,32.699,0.0530707075513406,32.635,32.78,5,0.24090144635048794,0.0016228085359551298
som-rs-bc-nan,36.8446,36.063,2.1657441677169538,35.608,40.698,5,0.10141513274672542,0.05878050427245658
som-rs-bc-baseline,40.5812,40.452,0.335613915086963,40.337,41.156,5,0.0,0.008270182130813356
