exe,mean,median,std,min,max,n,pct_vs_baseline,cov
som-rs-bc-l3bits,32.4366,32.413,0.08100185183068208,32.361,32.574,5,0.24942194927951777,0.0024972362032605784
som-rs-bc-l4bits,32.6532,32.655,0.03194839589087353,32.615,32.698,5,0.24113410018007442,0.0009784154658922719
som-rs-bc-nan,36.3726,36.347,0.2863412300036451,36.017,36.666,5,0.11421784530113333,0.00787244326783472
som-rs-bc-baseline,40.527,40.379,0.3094890951229132,40.328,41.065,5,0.0,0.007636614975767099
