exe,mean,median,std,min,max,n,pct_vs_baseline,cov
som-rs-bc-l4bits,30.1775,33.918,7.6935647715956,14.495,38.982,20,0.2556871841603845,0.25494374191353164
som-rs-bc-l3bits,30.890750000000004,34.536500000000004,6.446877888804616,15.616,35.651,20,0.2266940750872024,0.2086992995898324
som-rs-bc-nan,32.6528,37.46,10.452293626910695,12.307,41.097,20,0.160497721481772,0.3201040531565653
som-rs-bc-baseline,37.8935,43.3525,11.943366868596753,13.557,48.428,20,0.0,0.3151824684602043
