rank,exe,geo_mean_speedup_vs_baseline,median_speedup_vs_baseline,win_rate
1,som-rs-bc-nan,1.1693611709642189,1.1567904200975339,0.6153846153846154
2,som-rs-bc-l3bits,1.1654689044135473,1.1458713732604813,0.23076923076923078
3,som-rs-bc-l4bits,1.1498424416275925,1.1399603477288562,0.15384615384615385
4,som-rs-bc-baseline,1.0,1.0,0.0
