rank,exe,geo_mean_speedup_vs_baseline,median_speedup_vs_baseline,win_rate
1,som-rs-bc-l3bits,1.670340363704296,1.7231282784930855,0.9615384615384616
2,som-rs-bc-nan,1.6481173248645602,1.6822682268226823,0.8461538461538461
3,som-rs-bc-l4bits,1.6374225377713447,1.6664411990776327,0.8076923076923077
4,som-rs-bc-baseline,1.0,1.0,0.8076923076923077
