exe,mean,median,std,min,max,n,pct_vs_baseline,cov
som-rs-bc-l3bits,8052736.0,8052736.0,0.0,8052736.0,8052736.0,20,0.3036622583926756,0.0
som-rs-bc-l4bits,8052736.0,8052736.0,0.0,8052736.0,8052736.0,20,0.3036622583926756,0.0
som-rs-bc-nan,8187904.0,8187904.0,0.0,8187904.0,8187904.0,20,0.2821410705352676,0.0
som-rs-bc-baseline,10498048.0,10498048.0,0.0,10498048.0,10498048.0,20,0.0,0.0
