exe,mean,median,std,min,max,n,pct_vs_baseline,cov
som-rs-bc-l3bits,16703488.0,16703488.0,0.0,16703488.0,16703488.0,20,0.5605689063266308,0.0
som-rs-bc-l4bits,16703488.0,16703488.0,0.0,16703488.0,16703488.0,20,0.5605689063266308,0.0
som-rs-bc-nan,16703488.0,16703488.0,0.0,16703488.0,16703488.0,20,0.5605689063266308,0.0
som-rs-bc-baseline,26066944.0,26066944.0,0.0,26066944.0,26066944.0,20,0.0,0.0
