exe,mean,median,std,min,max,n,pct_vs_baseline,cov
som-rs-bc-l4bits,5.4579466666666665,5.445,0.0805182358618611,5.424,6.092,75,0.30601984629140144,0.014752477585318002
som-rs-bc-nan,5.503493333333333,5.483,0.11669819857028439,5.42,6.236,75,0.2952112839844754,0.021204386287427938
som-rs-bc-l3bits,5.548640000000001,5.449,0.4312608052700387,5.421,8.059,75,0.28467276065246017,0.07772369540464666
som-rs-bc-baseline,7.128186666666667,7.095,0.17333912187146688,7.062,8.473,75,0.0,0.024317421804068012
