exe,mean,median,std,min,max,n,pct_vs_baseline,cov
som-rs-bc-l4bits,6.28244,6.269,0.04887276365243763,6.213,6.455,75,0.7036353179125734,0.0077792646889485026
som-rs-bc-l3bits,6.3181199999999995,6.267,0.1341183382265402,6.224,6.786,75,0.6940144642182593,0.021227570578991887
som-rs-bc-nan,6.427066666666667,6.357,0.19318380362230686,6.332,7.117,75,0.665298840321142,0.030057849660131142
som-rs-bc-baseline,10.702986666666668,10.597,0.43956672442898276,10.572,14.109,75,0.0,0.041069538636161
