exe,mean,median,std,min,max,n,pct_vs_baseline,cov
som-rs-bc-nan,8.57184,8.561,0.03818059504300364,8.537,8.76,75,0.508614253182514,0.004454188953947302
som-rs-bc-l3bits,8.853653333333334,8.843,0.07495304716473704,8.818,9.474,75,0.4605947977783935,0.00846577614266243
som-rs-bc-l4bits,8.996893333333334,8.964,0.16920478343929504,8.952,10.247,75,0.4373405931232557,0.018807023399109807
som-rs-bc-baseline,12.9316,12.845,0.271408488385252,12.728,14.492,75,0.0,0.020988005226364254
