exe,mean,median,std,min,max,n,pct_vs_baseline,cov
som-rs-bc-nan,3805.8437,3774.3990000000003,3940.714906548981,66.957,7589.704,10,0.2511453110909416,1.0354379257742459
som-rs-bc-l3bits,3901.9061,3878.7290000000003,4039.39099447268,69.758,7774.041,10,0.22034292419287094,1.0352353160094447
som-rs-bc-l4bits,3938.415,3911.0175,4074.504600014692,72.82,7851.169,10,0.20903040944136175,1.0345544083126568
som-rs-bc-baseline,4761.663500000001,4699.9755,4918.376899765482,95.867,9597.302,10,0.0,1.0329114814109568
