exe,mean,median,std,min,max,n,pct_vs_baseline,cov
som-rs-bc-nan,3717.6800000000003,3668.4539999999997,3861.050042526975,54.745,7446.651,10,0.25731058079232194,1.0385643849193515
som-rs-bc-l3bits,3822.0824999999995,3796.966,3972.0929147635966,53.257,7667.849,10,0.22296638023904536,1.0392483455717132
som-rs-bc-l4bits,3830.5676,3814.139,3981.045140794345,53.423,7680.973,10,0.22025738431035657,1.0392833534106918
som-rs-bc-baseline,4674.2784,4610.1365000000005,4851.761900180621,71.644,9507.783,10,0.0,1.0379702458845028
