exe,mean,median,std,min,max,n,pct_vs_baseline,cov
som-rs-bc-l4bits,135.2612,137.588,21.14235090932352,107.189,164.501,75,0.18855567351662317,0.1563075805132848
som-rs-bc-nan,135.65201333333334,143.332,21.074309160869973,107.466,161.801,75,0.1851314456470532,0.15535566810265283
som-rs-bc-l3bits,138.03178666666668,143.744,21.59379720203287,108.529,178.486,75,0.1646988751576448,0.15644075704228758
som-rs-bc-baseline,160.76546666666667,140.435,30.528584030837855,129.758,223.187,75,0.0,0.18989516009763616
