exe,mean,median,std,min,max,n,pct_vs_baseline,cov
som-rs-bc-l3bits,12060.0,11851.5,12714.835132413022,0.0,24533.0,10,0.772893864013267,1.0542981038485093
som-rs-bc-nan,12094.6,12015.0,12749.359140321087,0.0,24472.0,10,0.7678220032080432,1.054136485730912
som-rs-bc-l4bits,12211.4,11963.0,12878.384950502657,0.0,25472.0,10,0.7509130812191886,1.0546198593529537
som-rs-bc-baseline,21381.1,21270.0,22538.08454076492,0.0,43004.0,10,0.0,1.054112489103223
