exe,mean,median,std,min,max,n,pct_vs_baseline,cov
som-rs-bc-l4bits,10930.5,10838.0,11522.261238817473,0.0,22115.0,10,0.8486802982480215,1.0541385333532294
som-rs-bc-l3bits,10940.6,10705.0,11535.142326338626,0.0,22404.0,10,0.8469736577518601,1.0543427532620355
som-rs-bc-nan,11100.3,10934.0,11702.909951992471,0.0,22770.0,10,0.8204012504166556,1.054287717628575
som-rs-bc-baseline,20207.0,20115.0,21300.311494853257,0.0,40578.0,10,0.0,1.0541055819692808
