exe,mean,median,std,min,max,n,pct_vs_baseline,cov
som-rs-bc-nan,5.61964,5.595,0.08849731099900181,5.506,5.965,75,0.394127263193609,0.01574786125072101
som-rs-bc-l3bits,5.6753599999999995,5.631,0.2321924085636621,5.577,7.615,75,0.38043988986308075,0.040912366539508
som-rs-bc-l4bits,5.752213333333334,5.733,0.12396264621916385,5.546,6.143,75,0.36199630982624664,0.02155042572931298
som-rs-bc-baseline,7.8344933333333335,7.831,0.03816796921338454,7.73,7.93,75,0.0,0.004871785269251771
