exe,mean,median,std,min,max,n,pct_vs_baseline,cov
som-rs-bc-nan,5.648853333333333,5.646,0.08100061616938381,5.496,5.86,75,0.39095368027493493,0.014339302401676295
som-rs-bc-l3bits,5.665466666666667,5.633,0.07577515340712856,5.583,5.921,75,0.38687486761902523,0.013374918231001016
som-rs-bc-l4bits,5.752746666666667,5.71,0.24986802426390928,5.526,7.662,75,0.36583336423644597,0.043434560696324065
som-rs-bc-baseline,7.857293333333334,7.837,0.1353254109428338,7.754,8.757,75,0.0,0.017222904275284844
