exe,mean,median,std,min,max,n,pct_vs_baseline,cov
som-rs-bc-l4bits,24.938586666666666,24.804,0.7500229022329079,24.741,30.105,75,0.21278671766483437,0.030074795827760403
som-rs-bc-nan,25.068786666666664,25.032,0.18392597610094347,24.984,26.552,75,0.20648785554838733,0.007336851940485225
som-rs-bc-l3bits,25.288226666666667,25.018,0.7445175396502397,24.924,28.775,75,0.19601848976361613,0.02944127120750683
som-rs-bc-baseline,30.24518666666667,30.048,0.49345671770911353,29.954,32.309,75,0.0,0.016315214819055953
