exe,mean,median,std,min,max,n,pct_vs_baseline,cov
som-rs-bc-l4bits,24.81833333333333,24.794,0.12351292013972229,24.744,25.806,75,0.21878342623060898,0.004976680685234932
som-rs-bc-l3bits,25.085213333333336,25.032,0.21323703935985147,24.944,26.58,75,0.20581686635048202,0.0085005073118713
som-rs-bc-nan,25.158173333333334,25.059,0.6262178917341219,24.99,30.454,75,0.2023199352576206,0.02489123051332245
som-rs-bc-baseline,30.24817333333333,30.073,0.5365048644230067,29.945,32.327,75,0.0,0.017736769044224603
