exe,mean,median,std,min,max,n,pct_vs_baseline,cov
som-rs-bc-l4bits,18.439466666666668,18.316,0.5973338134449485,18.274,22.666,75,0.2286964192745995,0.03239431075979864
som-rs-bc-nan,18.66382666666667,18.632,0.21955153143386405,18.454,20.045,75,0.21392611875949696,0.011763478913248802
som-rs-bc-l3bits,18.876173333333334,18.79,0.34367852567335216,18.739,21.228,75,0.20027011124429883,0.018207002002172342
som-rs-bc-baseline,22.65650666666667,22.389,1.5052761116327635,22.326,31.676,75,0.0,0.066439020533002
