exe,mean,median,std,min,max,n,pct_vs_baseline,cov
som-rs-bc-l4bits,18.39148,18.329,0.3262537298119613,18.267,20.973,75,0.21861499636425852,0.017739395079241112
som-rs-bc-nan,18.738680000000002,18.655,0.6794878667651697,18.498,24.463,75,0.19603586449703658,0.036261245016466985
som-rs-bc-l3bits,18.797826666666666,18.779,0.10521527138839318,18.728,19.656,75,0.19227258186584706,0.005597204041410098
som-rs-bc-baseline,22.412133333333333,22.394,0.09492661935970975,22.296,22.942,75,0.0,0.004235501277271378
