exe,mean,median,std,min,max,n,pct_vs_baseline,cov
som-rs-bc-l4bits,89.71810666666667,93.018,8.010720189935574,72.938,97.949,75,0.14680767523998872,0.08928766430279374
som-rs-bc-l3bits,90.34782666666668,93.43,8.385362891425803,73.4,112.296,75,0.1388144809829035,0.09281200445875845
som-rs-bc-nan,90.92689333333333,93.83,8.12058041889986,73.912,109.726,75,0.13156195666056725,0.08930889554458028
som-rs-bc-baseline,102.88941333333334,114.138,15.9149757215881,77.838,122.625,75,0.0,0.15468040108293712
