exe,mean,median,std,min,max,n,pct_vs_baseline,cov
som-rs-bc-l4bits,89.69698666666667,92.376,7.843942681911763,72.965,97.587,75,0.1441897565046406,0.08744934443630245
som-rs-bc-l3bits,90.10750666666667,93.037,8.417754483865078,73.32,105.416,75,0.13897695241965047,0.0934190146333174
som-rs-bc-nan,90.71845333333333,93.954,8.085179490048834,74.137,99.403,75,0.13130647142132368,0.089123868330745
som-rs-bc-baseline,102.63037333333334,113.143,15.622655298042053,78.29,118.36,75,0.0,0.152222532089026
