exe,mean,median,std,min,max,n,pct_vs_baseline,cov
som-rs-bc-l4bits,54.775800000000004,54.587,1.4198576337083946,53.11,56.891,5,0.29375015974207597,0.02592125781290998
som-rs-bc-l3bits,55.1152,55.177,0.8080681901918926,54.292,56.375,5,0.2857832322118037,0.01466143986036325
som-rs-bc-nan,55.3274,55.372,0.10746301689418399,55.187,55.425,5,0.2808518021811979,0.0019423109868561327
som-rs-bc-baseline,70.8662,70.215,1.0318627331190873,69.957,72.091,5,0.0,0.014560717706312561
