exe,mean,median,std,min,max,n,pct_vs_baseline,cov
som-rs-bc-l4bits,54.163199999999996,53.92,0.6182505155679188,53.666,55.23,5,0.29544413919413937,0.011414586205540271
som-rs-bc-l3bits,55.02380000000001,54.591,0.8361173362632747,54.31,56.19,5,0.2751827391056232,0.015195557854297131
som-rs-bc-nan,55.537800000000004,55.623,0.19737705033767286,55.244,55.713,5,0.2633809765601085,0.0035539227397857467
som-rs-bc-baseline,70.1654,70.121,0.6315257714456356,69.416,71.152,5,0.0,0.009000529768883745
