exe,mean,median,std,min,max,n,pct_vs_baseline,cov
som-rs-bc-l4bits,25.1826,25.213,0.051786098520741466,25.106,25.226,5,0.31813236123355026,0.0020564238212393265
som-rs-bc-l3bits,26.061,26.076,0.1345473894209771,25.922,26.257,5,0.27370400214880486,0.005162786900770389
som-rs-bc-nan,26.6476,25.924,1.2851697553241734,25.795,28.83,5,0.24566565094042248,0.048228349094258896
som-rs-bc-baseline,33.194,32.793,0.9528567573355401,32.497,34.859,5,0.0,0.02870569251477797
