exe,mean,median,std,min,max,n,pct_vs_baseline,cov
som-rs-bc-l4bits,25.4516,25.182,0.6359758643219101,25.121,26.587,5,0.28336921843813334,0.0249876575273032
som-rs-bc-nan,25.9156,25.906,0.06708800190794083,25.85,26.022,5,0.260391424470203,0.002588711120249611
som-rs-bc-l3bits,26.3026,26.042,0.6540789707672916,25.971,27.471,5,0.24184681362298766,0.024867464462345605
som-rs-bc-baseline,32.663799999999995,32.61,0.134935910713197,32.552,32.885,5,0.0,0.004131053665317477
