exe,mean,median,std,min,max,n,pct_vs_baseline,cov
som-rs-bc-l3bits,8.510186666666668,8.458,0.26739285266748963,8.437,10.643,75,0.34471159269518536,0.03142032756047924
som-rs-bc-nan,8.57616,8.522,0.21515104939101296,8.475,9.946,75,0.3343672070794699,0.025087107678846123
som-rs-bc-l4bits,8.69892,8.558,0.3054515823975861,8.523,9.587,75,0.3155364880544558,0.0351137362336458
som-rs-bc-baseline,11.443746666666666,11.322,0.35115023709091936,11.189,12.81,75,0.0,0.030684901310665102
