exe,mean,median,std,min,max,n,pct_vs_baseline,cov
som-rs-bc-l3bits,8.554173333333333,8.463,0.20131938947000766,8.435,9.283,75,0.3209256144758972,0.0235346399500136
som-rs-bc-l4bits,8.567533333333333,8.55,0.05873424649820306,8.522,8.815,75,0.31886579567825835,0.006855444176643965
som-rs-bc-nan,8.62308,8.524,0.24088781509129775,8.475,9.414,75,0.3103701538970609,0.027935240667058377
som-rs-bc-baseline,11.299426666666667,11.247,0.14815597819147822,11.177,12.158,75,0.0,0.013111813772688012
