exe,mean,median,std,min,max,n,pct_vs_baseline,cov
som-rs-bc-nan,1272.24525,1677.286,747.8467705647978,10.732,1782.644,20,0.25583212041860626,0.5878165161668302
som-rs-bc-l4bits,1348.5198500000001,1786.527,792.3613060354724,11.214,1878.135,20,0.18480009767746441,0.5875785262155928
som-rs-bc-l3bits,1359.60355,1801.1165,798.8648242657877,11.255,1885.04,20,0.17514142265956845,0.587571887603403
som-rs-bc-baseline,1597.7264499999999,2106.651,939.3552946365578,13.462,2294.555,20,0.0,0.5879324928472943
