exe,mean,median,std,min,max,n,pct_vs_baseline,cov
som-rs-bc-nan,1267.0462,1669.388,744.838642300366,10.768,1784.752,20,0.259376098519533,0.5878543673469571
som-rs-bc-l4bits,1356.0075499999998,1783.7154999999998,797.35377021208,11.155,1899.328,20,0.17675428872059018,0.5880157305997892
som-rs-bc-l3bits,1369.27175,1806.0045,804.8673565179527,11.179,1917.439,20,0.165355014444722,0.5878068809335711
som-rs-bc-baseline,1595.6877,2109.32,937.5741098377855,13.437,2184.236,20,0.0,0.5875674230225536
