exe,mean,median,std,min,max,n,pct_vs_baseline,cov
som-rs-bc-l3bits,33.32899999999999,33.324,0.18357832116020928,33.129,33.558,5,0.2863872303399446,0.005508065683345114
som-rs-bc-nan,33.633799999999994,33.376,0.5183220041634357,33.331,34.549,5,0.2747295874982907,0.015410747645625405
som-rs-bc-l4bits,34.3544,34.393,0.2929305378413106,34.045,34.74,5,0.247991523647626,0.008526725480325974
som-rs-bc-baseline,42.874,42.781,0.4188525993711874,42.413,43.54,5,0.0,0.009769384694014727
