exe,mean,median,std,min,max,n,pct_vs_baseline,cov
som-rs-bc-nan,33.3278,33.258,0.17676453264159245,33.163,33.552,5,0.2837150967060531,0.005303816412772293
som-rs-bc-l3bits,33.5798,33.589,0.3749062549491512,33.088,34.135,5,0.27408144181918903,0.01116463632746923
som-rs-bc-l4bits,34.6908,34.78,0.21035137270766915,34.439,34.92,5,0.23327798724733917,0.006063606855640952
som-rs-bc-baseline,42.7834,42.64,0.3227511425231518,42.56,43.351,5,0.0,0.007543840426968212
