exe,mean,median,std,min,max,n,pct_vs_baseline,cov
som-rs-bc-nan,35.3504,35.293,0.26731498274507776,35.11,35.78,5,0.31177582148999705,0.007561865855692658
som-rs-bc-l3bits,35.4548,35.335,0.2797118159820914,35.208,35.891,5,0.3079131739566996,0.007889250989487782
som-rs-bc-l4bits,35.901599999999995,35.908,0.3288651699405103,35.48,36.387,5,0.2916360273636829,0.009160181438724468
som-rs-bc-baseline,46.37179999999999,46.343,0.3413673973887951,46.037,46.818,5,0.0,0.007361530011532768
