exe,mean,median,std,min,max,n,pct_vs_baseline,cov
som-rs-bc-nan,35.3964,35.406,0.23941240569360578,35.127,35.76,5,0.3150546383248012,0.006763750146726949
som-rs-bc-l4bits,35.438,35.417,0.2168778458026569,35.141,35.7,5,0.3135109204808395,0.006119923409973951
som-rs-bc-l3bits,35.5212,35.298,0.4906003465143489,34.956,36.146,5,0.3104343321734624,0.013811480088351433
som-rs-bc-baseline,46.548199999999994,46.554,0.40251732881951674,46.08,47.056,5,0.0,0.008647323179403647
