exe,mean,median,std,min,max,n,pct_vs_baseline,cov
som-rs-bc-nan,116.5276,116.829,0.6091266699135692,115.718,117.06,5,0.28632873242047374,0.005227316703627031
som-rs-bc-l3bits,121.6078,121.586,1.0704264103617769,120.61,123.259,5,0.23259198834285288,0.008802284149222146
som-rs-bc-l4bits,122.18199999999999,120.307,4.114341745650204,119.801,129.492,5,0.22679936488189756,0.03367387786785455
som-rs-bc-baseline,149.8928,150.277,1.325309473292943,148.446,151.705,5,0.0,0.00884171536786919
