exe,mean,median,std,min,max,n,pct_vs_baseline,cov
som-rs-bc-nan,117.548,116.86,1.7188352160693032,116.597,120.608,5,0.27027937523394696,0.014622411406993765
som-rs-bc-l4bits,119.84560000000002,119.832,0.6139000733018378,118.903,120.504,5,0.2459264253339295,0.00512242479742133
som-rs-bc-l3bits,121.92280000000001,121.783,1.842297125873023,119.542,124.206,5,0.22469956398639135,0.01511035774992883
som-rs-bc-baseline,149.3188,149.28,0.9821953471687722,147.769,150.386,5,0.0,0.006577841150402844
