exe,mean,median,std,min,max,n,pct_vs_baseline,cov
som-rs-bc-l4bits,5.981613333333333,5.984,0.039885272406678475,5.883,6.104,75,0.409120393383279,0.006667979052476112
som-rs-bc-nan,6.1848,6.159,0.10719986385630711,6.127,6.754,75,0.36282714612167455,0.017332793923216128
som-rs-bc-l3bits,6.328946666666667,6.316,0.0696809123759839,6.286,6.834,75,0.3317877013763215,0.01100987510970502
som-rs-bc-baseline,8.428813333333332,8.415,0.08679872544420641,8.337,8.992,75,0.0,0.010297858311910229
