exe,mean,median,std,min,max,n,pct_vs_baseline,cov
som-rs-bc-l4bits,9.833,9.801,0.07566042558696036,9.791,9.968,5,0.3582629919658291,0.007694541400077327
som-rs-bc-nan,10.0182,10.01,0.02348829495727643,10.001,10.059,5,0.3331536603381844,0.002344562392173887
som-rs-bc-l3bits,10.628200000000001,10.627,0.029878085614710826,10.582,10.663,5,0.25663800079034993,0.0028112084468405584
som-rs-bc-baseline,13.355799999999999,13.371,0.0275898532072935,13.325,13.383,5,0.0,0.002065758188000232
