exe,mean,median,std,min,max,n,pct_vs_baseline,cov
som-rs-bc-l4bits,5.8163599999999995,5.796,0.10558711530730888,5.735,6.583,75,0.3938316518693252,0.018153469748658765
som-rs-bc-nan,5.830893333333333,5.828,0.03374730152709062,5.765,5.917,75,0.39035756670790334,0.005787672591122222
som-rs-bc-l3bits,6.163866666666667,6.101,0.37388831015220103,6.075,8.409,75,0.31525016764368696,0.060658078828041
som-rs-bc-baseline,8.107026666666668,8.029,0.4634651499576048,7.952,11.99,75,0.0,0.057168326812494105
