exe,mean,median,std,min,max,n,pct_vs_baseline,cov
som-rs-bc-l4bits,6.676533333333333,6.659,0.08965539632442678,6.626,7.216,75,0.6670966968886047,0.013428435364324816
som-rs-bc-nan,7.21724,7.202,0.07886814860807166,7.18,7.823,75,0.5421998806561326,0.010927743653816647
som-rs-bc-l3bits,7.48508,7.434,0.21061991897793142,7.399,8.888,75,0.4870150575099621,0.02813863298427424
som-rs-bc-baseline,11.130426666666667,11.001,0.4326638784457416,10.956,12.734,75,0.0,0.0388721736734029
