exe,mean,median,std,min,max,n,pct_vs_baseline,cov
som-rs-bc-l4bits,9.805800000000001,9.803,0.008348652585896382,9.798,9.82,5,0.36445776989128853,0.0008513994356295642
som-rs-bc-nan,10.0104,10.011,0.004159326868616961,10.004,10.014,5,0.3365699672340765,0.0004155005662727724
som-rs-bc-l3bits,10.633,10.624,0.0457329203091162,10.585,10.705,5,0.2583090379008748,0.0043010364251966715
som-rs-bc-baseline,13.3796,13.378,0.01047854951794422,13.367,13.393,5,0.0,0.0007831736014487893
