exe,mean,median,std,min,max,n,pct_vs_baseline,cov
som-rs-bc-l4bits,5.989933333333333,5.991,0.06673249002716174,5.873,6.394,75,0.4036149539783416,0.011140773413253638
som-rs-bc-nan,6.222040000000001,6.162,0.1966410119165574,6.125,6.956,75,0.351254572455336,0.0316039453164167
som-rs-bc-l3bits,6.346106666666667,6.313,0.13506300565104945,6.287,7.209,75,0.3248374856604994,0.02128281365966894
som-rs-bc-baseline,8.40756,8.397,0.067617613249964,8.338,8.916,75,0.0,0.008042477633221053
