exe,mean,median,std,min,max,n,pct_vs_baseline,cov
som-rs-bc-l4bits,6.680626666666667,6.664,0.057277837167883955,6.614,6.892,75,0.6883685562432267,0.00857372220089392
som-rs-bc-nan,7.299600000000001,7.206,0.2339511383497312,7.181,7.997,75,0.5452024768480463,0.032049857300363194
som-rs-bc-l3bits,7.44032,7.436,0.02330651225545154,7.399,7.511,75,0.5159778074061332,0.003132461003754078
som-rs-bc-baseline,11.27936,11.012,0.6872301758469246,10.959,15.207,75,0.0,0.06092811789382771
