exe,mean,median,std,min,max,n,pct_vs_baseline,cov
som-rs-bc-l4bits,9.81784,9.807,0.07112817512981284,9.782,10.366,75,0.3681176307619598,0.007244788581787118
som-rs-bc-nan,10.0496,10.011,0.23584156385854313,9.997,12.041,75,0.33656662951759286,0.023467756314534224
som-rs-bc-l3bits,10.746853333333334,10.687,0.20443440058890258,10.579,11.482,75,0.24985049887470923,0.01902272174449537
som-rs-bc-baseline,13.43196,13.364,0.3929692732641191,13.309,16.293,75,0.0,0.029256286741779988
