exe,mean,median,std,min,max,n,pct_vs_baseline,cov
som-rs-bc-l4bits,9.806933333333333,9.805,0.011552855424892476,9.787,9.837,75,0.3730163693713291,0.0011780293627188054
som-rs-bc-nan,10.02624,10.01,0.04234888555922218,9.994,10.179,75,0.3429840099578707,0.004223805290839057
som-rs-bc-l3bits,10.729013333333334,10.648,0.3516466474810816,10.577,13.389,75,0.2550156833309307,0.0327753015637115
som-rs-bc-baseline,13.46508,13.365,0.6714703060388382,13.301,19.086,75,0.0,0.04986753187050045
