exe,mean,median,std,min,max,n,pct_vs_baseline,cov
som-rs-bc-l4bits,5.796373333333333,5.791,0.0605106140640996,5.758,6.298,75,0.4078550265913399,0.010439392113706663
som-rs-bc-nan,5.824573333333333,5.827,0.03355478510739713,5.751,5.951,75,0.4010388171494106,0.0057609001015348415
som-rs-bc-l3bits,6.107933333333333,6.093,0.08290996962406305,6.073,6.799,75,0.3360416507492987,0.013574144493619726
som-rs-bc-baseline,8.160453333333333,8.035,0.3078054972610857,7.922,8.941,75,0.0,0.0377191664100057
