exe,mean,median,std,min,max,n,pct_vs_baseline,cov
som-rs-bc-l3bits,5.799106666666667,5.791,0.03684576081573147,5.751,6.029,75,0.3381647288203009,0.006353695997268222
som-rs-bc-nan,5.843066666666667,5.828,0.06799489911975995,5.771,6.102,75,0.3280971179517602,0.011636851502594518
som-rs-bc-l4bits,5.913186666666666,5.904,0.08672894920746264,5.864,6.631,75,0.31234822058720724,0.01466704064939536
som-rs-bc-baseline,7.760159999999999,7.652,0.6337580329465845,7.604,13.011,75,0.0,0.08166816572681293
