exe,mean,median,std,min,max,n,pct_vs_baseline,cov
som-rs-bc-l3bits,5.78552,5.783,0.01885389055842824,5.753,5.839,75,0.3230156206068484,0.003258806565084597
som-rs-bc-nan,5.82512,5.827,0.02664377621154349,5.78,5.89,75,0.31402157094331673,0.004573944607414695
som-rs-bc-l4bits,5.934013333333334,5.902,0.25984171342576246,5.844,8.126,75,0.2899083475826365,0.04378852874599132
som-rs-bc-baseline,7.654333333333334,7.647,0.031027595970550367,7.614,7.786,75,0.0,0.0040535987419610285
