exe,mean,median,std,min,max,n,pct_vs_baseline,cov
som-rs-bc-l4bits,54.8952,54.53,0.634239465817135,54.282,55.615,5,0.15832713971349022,0.011553641590105053
som-rs-bc-nan,55.119600000000005,55.158,0.18533294364467254,54.914,55.363,5,0.15361141953134627,0.003362378240130054
som-rs-bc-l3bits,56.973,57.043,0.47359898648540366,56.32,57.624,5,0.11608305688659537,0.008312691739690795
som-rs-bc-baseline,63.5866,63.712,0.4030704653035238,62.953,63.946,5,0.0,0.0063389214913759165
