exe,mean,median,std,min,max,n,pct_vs_baseline,cov
som-rs-bc-l4bits,55.161199999999994,55.268,0.44986409058736654,54.432,55.605,5,0.15929675206485738,0.008155444235936974
som-rs-bc-nan,55.431799999999996,55.463,0.3082396794703767,54.917,55.676,5,0.1536374427675089,0.005560701248568092
som-rs-bc-l3bits,56.9594,56.857,0.37807710853739807,56.475,57.364,5,0.12269792167754567,0.006637659605568142
som-rs-bc-baseline,63.9482,63.934,0.3305211037135125,63.453,64.266,5,0.0,0.0051685755613686156
