exe,mean,median,std,min,max,n,pct_vs_baseline,cov
som-rs-bc-l3bits,4494.8426,4487.882,17.346570173956472,4477.316,4517.503,5,0.24463722044460456,0.0038592163769998245
som-rs-bc-l4bits,4574.5502,4514.163,113.16937935104177,4493.718,4757.547,5,0.22295048811574958,0.02473890861467468
som-rs-bc-nan,4677.2094,4666.605,19.97033520750208,4663.521,4710.822,5,0.19610817510116174,0.00426971159501691
som-rs-bc-baseline,5594.448399999999,5568.964,91.07271324771244,5525.978,5753.354,5,0.0,0.016279122933319477
