exe,mean,median,std,min,max,n,pct_vs_baseline,cov
som-rs-bc-l3bits,4494.748,4493.135,14.035272797491412,4482.616,4517.477,5,0.2403151411380573,0.003122593924618558
som-rs-bc-l4bits,4518.0306,4514.277,27.66524065140251,4487.28,4560.103,5,0.23392347099198485,0.00612329643172459
som-rs-bc-nan,4767.431,4663.829,235.4787425512121,4651.946,5188.499,5,0.16937277120528882,0.04939321461626023
som-rs-bc-baseline,5574.904,5579.937,36.48571402617747,5527.917,5610.618,5,0.0,0.006544635392139033
