exe,mean,median,std,min,max,n,pct_vs_baseline,cov
som-rs-bc-nan,2310.785933333333,2296.842,38.81487250575612,2291.995,2408.078,15,0.14061365961231842,0.016797260164105838
som-rs-bc-l4bits,2412.0986666666668,2398.987,36.229089777349344,2394.083,2507.11,15,0.09270571574186559,0.015019737906250384
som-rs-bc-l3bits,2427.154666666667,2414.739,32.924094923381205,2412.228,2510.454,15,0.08592750029389684,0.013564893649154017
som-rs-bc-baseline,2635.714,2619.956,53.22247519342072,2616.829,2826.81,15,0.0,0.02019281120539661
