exe,mean,median,std,min,max,n,pct_vs_baseline,cov
som-rs-bc-nan,7.9878,7.971,0.05260893460240458,7.944,8.079,5,0.1794736973885176,0.006586160720399181
som-rs-bc-l3bits,8.1262,8.109,0.06140602576294977,8.076,8.233,5,0.15938569072875386,0.007556548665175576
som-rs-bc-l4bits,8.171000000000001,8.173,0.07770778596768838,8.066,8.268,5,0.15302900501774563,0.009510192873294378
som-rs-bc-baseline,9.4214,9.42,0.08397201914923869,9.323,9.55,5,0.0,0.008912902450722683
