exe,mean,median,std,min,max,n,pct_vs_baseline,cov
som-rs-bc-nan,2342.9610666666663,2329.114,38.75610144492758,2323.913,2440.448,15,0.14550798055657,0.01654150467812337
som-rs-bc-l4bits,2404.2258666666667,2391.782,33.85815258201009,2385.376,2487.388,15,0.11631799541407473,0.014082766952737535
som-rs-bc-l3bits,2411.2870666666663,2397.02,36.22125112508775,2393.923,2510.558,15,0.11304897583603091,0.015021542488990977
som-rs-bc-baseline,2683.8806,2671.75,39.96324185477012,2660.293,2784.082,15,0.0,0.014890096770612716
