exe,mean,median,std,min,max,n,pct_vs_baseline,cov
som-rs-bc-nan,8.0412,8.041,0.07069087635614658,7.953,8.117,5,0.1684077003432325,0.008791085454428018
som-rs-bc-l3bits,8.0854,8.095,0.032423756722502,8.039,8.12,5,0.16202043188957882,0.004010161120352982
som-rs-bc-l4bits,8.099599999999999,8.101,0.06836885255728639,8.017,8.18,5,0.15998320904736052,0.008441015921438887
som-rs-bc-baseline,9.3954,9.389,0.06289912559010642,9.314,9.487,5,0.0,0.006694672455681123
