exe,mean,median,std,min,max,n,pct_vs_baseline,cov
som-rs-bc-nan,5434.5324,5384.024,5722.042552470542,6.457,10997.343,10,0.28111623734178104,1.0529043036840746
som-rs-bc-l3bits,6021.5946,5971.421,6340.474376446858,6.619,12110.695,10,0.15621661079608362,1.0529560353410137
som-rs-bc-l4bits,6142.1125999999995,6105.248500000001,6467.53290492907,6.677,12433.407,10,0.1335298053637115,1.052981820119851
som-rs-bc-baseline,6962.267699999999,6948.652,7329.280547662444,9.028,13939.799,10,0.0,1.0527145555840154
