exe,mean,median,std,min,max,n,pct_vs_baseline,cov
som-rs-bc-nan,5438.9085,5411.593,5726.388982181396,6.472,10972.585,10,0.2865181865074584,1.0528562821348064
som-rs-bc-l3bits,6016.5866000000005,5963.095,6335.136522041375,6.649,12089.617,10,0.16299409701839918,1.052945289949184
som-rs-bc-l4bits,6385.6822,6153.4445,6752.869332139385,6.688,14435.407,10,0.09577246108489401,1.0575016295266595
som-rs-bc-baseline,6997.2547,6909.0365,7367.100985212675,8.985,14248.82,10,0.0,1.0528559129357797
