exe,mean,median,std,min,max,n,pct_vs_baseline,cov
som-rs-bc-l3bits,5.579413333333334,5.578,0.013739952922273743,5.552,5.626,75,0.3492553577915001,0.0024626160675687066
som-rs-bc-nan,5.5994,5.599,0.029099549546063298,5.548,5.687,75,0.34443928516150546,0.005196904944469639
som-rs-bc-l4bits,5.744853333333333,5.622,0.29518156086360425,5.586,6.519,75,0.3103995692376249,0.051381914164957666
som-rs-bc-baseline,7.528053333333334,7.512,0.1470916145232728,7.442,8.773,75,0.0,0.019539130238619383
