exe,mean,median,std,min,max,n,pct_vs_baseline,cov
som-rs-bc-nan,9.102746666666667,9.041,0.33671943141953586,9.001,11.563,75,0.4756644880812533,0.03699097028071408
som-rs-bc-l3bits,9.260973333333332,9.239,0.10792802573353578,9.165,9.997,75,0.45045229227165495,0.011654069377898629
som-rs-bc-l4bits,10.673426666666666,10.641,0.17788473137865884,10.617,12.112,75,0.258508670130305,0.016666131405970733
som-rs-bc-baseline,13.4326,13.361,0.3696644936125701,13.272,15.941,75,0.0,0.027519950985853078
