exe,mean,median,std,min,max,n,pct_vs_baseline,cov
som-rs-bc-l3bits,6.38964,6.348,0.3083158103615821,6.33,9.015,75,0.40582150689762386,0.04825245402895658
som-rs-bc-l4bits,6.410266666666667,6.318,0.34307620039763664,6.239,8.544,75,0.40129791792333136,0.05351980163034871
som-rs-bc-nan,6.79608,6.796,0.012117398703985606,6.721,6.815,75,0.32174626157039565,0.0017829982436913052
som-rs-bc-baseline,8.982693333333334,8.842,0.8879734895807407,8.797,16.354,75,0.0,0.09885381328622381
