exe,mean,median,std,min,max,n,pct_vs_baseline,cov
som-rs-bc-nan,9.239146666666667,9.033,1.4358136095752267,9.001,21.237,75,0.4525814793862637,0.15540543530447545
som-rs-bc-l3bits,9.28412,9.232,0.31434874590819367,9.172,11.906,75,0.44554500947136977,0.033858755154844364
som-rs-bc-l4bits,10.655786666666666,10.639,0.14157457144303578,10.61,11.862,75,0.2594671564996298,0.013286167964107996
som-rs-bc-baseline,13.420613333333334,13.365,0.3676268265559567,13.261,15.915,75,0.0,0.027392699381545156
