exe,mean,median,std,min,max,n,pct_vs_baseline,cov
som-rs-bc-l3bits,6.716026666666667,6.705,0.03999762605568093,6.667,6.888,75,0.7101202695244409,0.005955549023383011
som-rs-bc-nan,6.772133333333334,6.729,0.26908776491179465,6.671,9.017,75,0.6959520387470219,0.03973456393531255
som-rs-bc-l4bits,6.82692,6.818,0.08138625954817727,6.73,7.357,75,0.682341866219808,0.011921372968802515
som-rs-bc-baseline,11.485213333333332,11.132,1.6531702328371205,11.067,23.234,75,0.0,0.14393900965157988
