exe,mean,median,std,min,max,n,pct_vs_baseline,cov
som-rs-bc-l3bits,6.754226666666667,6.706,0.2786507342744888,6.67,9.095,75,0.6501706585703371,0.041255757028362795
som-rs-bc-nan,6.77012,6.725,0.17144678159393664,6.677,7.85,75,0.6462967667732131,0.02532403880491581
som-rs-bc-l4bits,6.81876,6.817,0.07481740655973276,6.722,7.357,75,0.634553300991187,0.010972289178638456
som-rs-bc-baseline,11.145626666666667,11.133,0.08312263381445673,11.053,11.588,75,0.0,0.007457869916193442
