exe,mean,median,std,min,max,n,pct_vs_baseline,cov
som-rs-bc-l4bits,6.3405466666666666,6.317,0.25640109485226714,6.24,8.517,75,0.41812377902220854,0.04043832627243505
som-rs-bc-l3bits,6.3753866666666665,6.355,0.07979532827436955,6.324,6.976,75,0.41037406358620876,0.012516155089317912
som-rs-bc-nan,6.799426666666666,6.797,0.016443328831567662,6.777,6.897,75,0.3224173802889265,0.0024183404921739966
som-rs-bc-baseline,8.99168,8.838,0.47567440488159507,8.787,11.281,75,0.0,0.05290161625876311
