exe,mean,median,std,min,max,n,pct_vs_baseline,cov
som-rs-bc-l3bits,5.588026666666666,5.576,0.0504739626035137,5.553,5.923,75,0.3464240208827447,0.009032519995761242
som-rs-bc-nan,5.609253333333333,5.589,0.09783260570351121,5.545,6.359,75,0.34132885184956296,0.017441288508424985
som-rs-bc-l4bits,5.666733333333333,5.621,0.2591046086008472,5.587,7.843,75,0.32772320325643234,0.04572380476715225
som-rs-bc-baseline,7.523853333333333,7.516,0.03346385437377996,7.47,7.718,75,0.0,0.0044477015820501495
