exe,mean,median,std,min,max,n,pct_vs_baseline,cov
som-rs-bc-nan,3766.9453000000003,3727.9835,3895.6490290413044,71.279,7533.545,10,0.27392577216345537,1.0341666041822546
som-rs-bc-l3bits,4112.7136,4064.6375,4260.157802367216,71.268,8239.057,10,0.1668229706051012,1.0358508315208763
som-rs-bc-l4bits,4254.7686,4236.7695,4392.092670773522,87.806,8452.018,10,0.12786596667090167,1.0322753323820058
som-rs-bc-baseline,4798.8087,4769.03,4955.090188878728,98.048,9609.508,10,0.0,1.0325667261707534
