exe,mean,median,std,min,max,n,pct_vs_baseline,cov
som-rs-bc-nan,3788.2778,3725.228,3920.4789788474345,71.282,7889.508,10,0.2658355730933988,1.0348974351478222
som-rs-bc-l3bits,4106.9,4074.1755000000003,4253.808692561892,71.262,8178.438,10,0.16762930677640075,1.0357711881374985
som-rs-bc-l4bits,4261.2356,4226.715,4398.82605427494,87.918,8485.96,10,0.12533951420099854,1.0322888634167378
som-rs-bc-baseline,4795.3368,4741.467000000001,4951.208968869921,98.196,9607.66,10,0.0,1.032504947070646
