exe,mean,median,std,min,max,n,pct_vs_baseline,cov
som-rs-bc-nan,120.2592,121.807,84.2304276056,38.489,201.558,10,0.27303191772438185,0.7004073501702988
som-rs-bc-l3bits,124.8632,125.0935,94.77774008208185,34.536,216.152,10,0.22609223534235845,0.7590526278525767
som-rs-bc-l4bits,127.91869999999999,129.574,97.95374000579163,33.928,221.783,10,0.19680547097492385,0.7657499646712455
som-rs-bc-baseline,153.0938,153.327,113.91541095508836,44.162,261.823,10,0.0,0.7440889895938854
