exe,mean,median,std,min,max,n,pct_vs_baseline,cov
som-rs-bc-nan,118.94239999999999,118.496,84.45661699384155,38.517,199.744,10,0.3215732993448932,0.7100631649760014
som-rs-bc-l3bits,125.2678,124.9425,95.1767039806602,34.543,218.337,10,0.25484042986306155,0.7597858666046678
som-rs-bc-l4bits,127.85979999999999,127.666,98.83504894272636,33.973,222.106,10,0.22940204818089827,0.7729954914893217
som-rs-bc-baseline,157.1911,155.10750000000002,118.42572978542758,43.518,298.367,10,0.0,0.7533869906465924
