exe,mean,median,std,min,max,n,pct_vs_baseline,cov
som-rs-bc-nan,21.891399999999997,21.777,0.25456394088715634,21.759,22.345,5,0.1815690179705276,0.0116284906806854
som-rs-bc-l4bits,22.433600000000002,22.386,0.3435248171529965,22.166,23.017,5,0.15301155409742528,0.015312959897341329
som-rs-bc-l3bits,23.589,23.576,0.1346179779969972,23.406,23.736,5,0.09653652125990941,0.00570681156458507
som-rs-bc-baseline,25.866200000000003,25.754,0.5287080479811137,25.35,26.703,5,0.0,0.020440112887904434
