exe,mean,median,std,min,max,n,pct_vs_baseline,cov
som-rs-bc-nan,21.5566,21.499,0.12513712478717007,21.433,21.749,5,0.18887950790013286,0.0058050492557810635
som-rs-bc-l4bits,22.6274,22.65,0.33696260920167426,22.216,23.001,5,0.132617976435649,0.014891795310184742
som-rs-bc-l3bits,23.7268,23.765,0.24997039824747364,23.441,24.049,5,0.08013722878770002,0.010535360783901479
som-rs-bc-baseline,25.628200000000003,25.626,0.32859503952433694,25.189,26.071,5,0.0,0.012821619915730987
