exe,mean,median,std,min,max,n,pct_vs_baseline,cov
som-rs-bc-l4bits,44.3548,44.378,0.26845707291855775,44.022,44.634,5,0.5395808345432735,0.0060524920170659715
som-rs-bc-l3bits,45.0586,45.091,0.27165198324326595,44.677,45.413,5,0.5155331057778092,0.006028859823502416
som-rs-bc-nan,61.2072,61.159,0.14142736651723442,61.041,61.418,5,0.11568246872916887,0.0023106328424962164
som-rs-bc-baseline,68.28779999999999,67.835,1.631151341844156,67.077,71.148,5,0.0,0.023886423956316596
