exe,mean,median,std,min,max,n,pct_vs_baseline,cov
som-rs-bc-l4bits,44.4308,44.368,0.21898219105671443,44.179,44.687,5,0.5276294822510512,0.004928612382777588
som-rs-bc-l3bits,45.1464,45.075,0.2946664215685279,44.808,45.578,5,0.5034155547286163,0.006526908492560379
som-rs-bc-nan,61.44500000000001,61.422,0.2941581207446077,61.157,61.878,5,0.10462690210757586,0.004787340235081905
som-rs-bc-baseline,67.8738,67.753,0.4719562479722083,67.448,68.652,5,0.0,0.006953437820959019
