exe,mean,median,std,min,max,n,pct_vs_baseline,cov
som-rs-bc-nan,72.8072,72.754,0.21817240888801487,72.524,73.114,5,0.35518739904844576,0.002996577383665556
som-rs-bc-l3bits,76.33160000000001,76.005,1.337462634992094,75.022,78.341,5,0.2926153781657923,0.01752174243684259
som-rs-bc-l4bits,77.886,77.667,0.5439972426400704,77.407,78.773,5,0.266818170146111,0.006984531785430892
som-rs-bc-baseline,98.6674,98.667,0.9651260539432195,97.411,99.648,5,0.0,0.00978161027799678
