exe,mean,median,std,min,max,n,pct_vs_baseline,cov
som-rs-bc-nan,73.9048,73.26,1.8708703054995546,72.763,77.201,5,0.34037302042627826,0.02531459804369344
som-rs-bc-l3bits,76.5376,76.737,0.8141153480926406,75.655,77.42,5,0.2942658249017478,0.01063680267074798
som-rs-bc-l4bits,77.84400000000001,77.607,0.4851175115371507,77.456,78.631,5,0.27254509018036055,0.006231919114346008
som-rs-bc-baseline,99.06,98.912,0.5702617819913915,98.298,99.659,5,0.0,0.005756731092180411
