exe,mean,median,std,min,max,n,pct_vs_baseline,cov
som-rs-bc-nan,3651.7231,3607.088,3790.2755949119305,56.147,7400.928,10,0.3046973085116995,1.037941676057511
som-rs-bc-l3bits,4028.6133999999997,4006.0609999999997,4187.635031400452,55.674,8134.222,10,0.1826384979010396,1.0394730433554267
som-rs-bc-l4bits,4179.9769,4147.2995,4346.1235494473685,56.017,8416.224,10,0.13981330853766205,1.0397482219213625
som-rs-bc-baseline,4764.3933,4676.6759999999995,4948.265827341693,72.279,9912.685,10,0.0,1.0385930622775608
