exe,mean,median,std,min,max,n,pct_vs_baseline,cov
som-rs-bc-nan,3656.0468,3626.9860000000003,3793.764006076135,55.868,7356.098,10,0.2924335377763765,1.0376683378550118
som-rs-bc-l3bits,4023.3026,4009.898,4181.225641674545,56.067,8026.794,10,0.1744573972636312,1.0392520914719527
som-rs-bc-l4bits,4168.3938,4128.869,4333.733900789064,56.282,8380.294,10,0.13357751851564514,1.039665182495249
som-rs-bc-baseline,4725.1975,4663.287499999999,4904.155611834637,72.505,9479.025,10,0.0,1.037873149605839
