exe,mean,median,std,min,max,n,pct_vs_baseline,cov
som-rs-bc-l3bits,41.4516,41.353,0.3380529544316976,41.235,42.045,5,0.33767574713641957,0.008155365641656717
som-rs-bc-nan,41.571799999999996,41.696,0.3378819320413559,41.208,42.007,5,0.3338080140864723,0.008127671451352984
som-rs-bc-l4bits,41.6078,41.6,0.2488467399826636,41.309,41.916,5,0.33265397353380877,0.005980771393408534
som-rs-bc-baseline,55.448800000000006,55.381,0.34382146529848895,54.97,55.897,5,0.0,0.00620070164365124
