exe,mean,median,std,min,max,n,pct_vs_baseline,cov
som-rs-bc-nan,41.4456,41.446,0.27884547692225387,41.119,41.855,5,0.3586194915744976,0.006727987456382677
som-rs-bc-l3bits,41.7592,41.85,0.19076608713290713,41.502,41.96,5,0.3484166363340293,0.004568240941706429
som-rs-bc-l4bits,41.7684,41.769,0.12730003927729258,41.568,41.916,5,0.34811963110868493,0.0030477595329792997
som-rs-bc-baseline,56.3088,55.152,1.9375199869936854,55.089,59.587,5,0.0,0.03440883107069739
