exe,mean,median,std,min,max,n,pct_vs_baseline,cov
som-rs-bc-nan,3453.296,3430.5685,3601.174550588275,36.804,6944.705,10,0.2983205320366398,1.0428224370538393
som-rs-bc-l3bits,3811.5528,3774.483,3978.4417046834583,37.356,7675.813,10,0.17628833581945913,1.043785017141428
som-rs-bc-l4bits,3967.8984000000005,3954.097,4142.605242699982,37.822,7966.605,10,0.1299394913942351,1.0440300695955274
som-rs-bc-baseline,4483.4851,4441.179,4675.1537479811395,48.196,9009.872,10,0.0,1.0427499241563531
