exe,mean,median,std,min,max,n,pct_vs_baseline,cov
som-rs-bc-nan,3518.4976,3419.522,3670.985399200759,36.84,7256.448,10,0.2678742199511517,1.0433388953287217
som-rs-bc-l3bits,3799.4642999999996,3771.2389999999996,3965.318102972938,37.224,7649.623,10,0.17411615105845324,1.0436518913924098
som-rs-bc-l4bits,3971.0351,3934.704,4145.763896381046,37.851,8037.898,10,0.1233878038499332,1.0440008189252836
som-rs-bc-baseline,4461.0124,4403.8355,4651.095333776293,48.657,9009.262,10,0.0,1.04260981964011
