exe,mean,median,std,min,max,n,pct_vs_baseline,cov
som-rs-bc-nan,3748.1718,4917.634,2105.341334737724,192.649,5037.968,20,0.30499369052400427,0.5616981950341028
som-rs-bc-l3bits,4044.91195,5307.439,2273.808842087805,205.097,5502.178,20,0.20925760819095207,0.5621405039701308
som-rs-bc-l4bits,4448.854,5843.4169999999995,2500.702506759588,224.11,5941.504,20,0.09946079372350702,0.5621003761327271
som-rs-bc-baseline,4891.34055,6413.7305,2735.221014988031,272.25,6527.002,20,0.0,0.5591966020415469
