exe,mean,median,std,min,max,n,pct_vs_baseline,cov
som-rs-bc-nan,3715.1205499999996,4872.7125,2085.494439402358,190.974,4993.267,20,0.3422257993754738,0.5613531004807792
som-rs-bc-l3bits,4006.7563,5257.618,2250.914281371861,206.276,5449.728,20,0.2445305570493519,0.5617796823260404
som-rs-bc-l4bits,4455.7784,5850.3615,2504.485928578755,224.585,5965.121,20,0.11911549506142394,0.5620759615376643
som-rs-bc-baseline,4986.53065,6541.466,2792.3668696839904,270.089,6664.357,20,0.0,0.5599818923571623
