exe,mean,median,std,min,max,n,pct_vs_baseline,cov
som-rs-bc-nan,128.7164,132.757,19.984092745603057,104.077,152.969,75,0.1693108259708942,0.15525677183018682
som-rs-bc-l4bits,131.69736,135.486,19.91291181935493,106.102,157.835,75,0.14284356193624537,0.15120205765214223
som-rs-bc-l3bits,131.91017333333335,136.034,20.348245747731916,106.714,158.955,75,0.14099978945268088,0.1542583504633298
som-rs-bc-baseline,150.50948,128.961,28.4593933684754,125.577,190.758,75,0.0,0.18908704865949574
