exe,mean,median,std,min,max,n,pct_vs_baseline,cov
som-rs-bc-l4bits,16.313133333333333,16.259,0.39564218523653216,16.238,19.682,75,0.2578683024311701,0.024252985441374362
som-rs-bc-nan,16.611906666666666,16.52,0.4505994857704303,16.491,20.361,75,0.23524492071148972,0.027125091346353398
som-rs-bc-l3bits,16.770973333333334,16.703,0.42640337371685627,16.679,20.363,75,0.22352906569525288,0.025425082089263924
som-rs-bc-baseline,20.519773333333333,20.465,0.13388009695380568,20.409,21.227,75,0.0,0.006524443266452863
