exe,mean,median,std,min,max,n,pct_vs_baseline,cov
som-rs-bc-nan,129.17185333333333,133.248,20.07170532466936,104.066,155.79,75,0.1739032104930187,0.1553876081105184
som-rs-bc-l4bits,131.75426666666667,135.195,19.65773779520994,105.96,157.086,75,0.15089444288711218,0.14920000917270693
som-rs-bc-l3bits,132.97830666666667,137.382,19.704947253660674,106.773,157.858,75,0.1403006786169534,0.14818166772911737
som-rs-bc-baseline,151.63525333333334,129.711,28.64309077440196,125.846,193.734,75,0.0,0.18889466759709939
