exe,mean,median,std,min,max,n,pct_vs_baseline,cov
som-rs-bc-l4bits,16.399693333333335,16.267,0.4782672546253271,16.237,19.829,75,0.25253236442632643,0.029163182804962638
som-rs-bc-nan,16.656053333333332,16.528,0.4721515129396192,16.484,20.403,75,0.23325413623395375,0.02834714223655339
som-rs-bc-l3bits,16.844546666666666,16.7,0.4600169295748752,16.673,19.483,75,0.21945381334097447,0.027309546447171144
som-rs-bc-baseline,20.541146666666666,20.459,0.190444337709909,20.427,21.166,75,0.0,0.00927135864420628
