exe,mean,median,std,min,max,n,pct_vs_baseline,cov
som-rs-bc-nan,63.5976,63.525,0.33420248353356213,63.299,64.102,5,0.2687711485968023,0.005254954330565338
som-rs-bc-l3bits,63.6188,63.354,0.7843533642434395,62.959,64.873,5,0.2683483498588466,0.012328955658444352
som-rs-bc-l4bits,64.5038,64.338,0.5583141588747349,63.846,65.237,5,0.25094645586771636,0.008655523533105568
som-rs-bc-baseline,80.6908,80.71,0.4088798111915034,80.098,81.22,5,0.0,0.005067242005179071
