exe,mean,median,std,min,max,n,pct_vs_baseline,cov
som-rs-bc-l3bits,63.702600000000004,63.558,0.6988664393144077,63.046,64.845,5,0.26915070970415633,0.010970767901379342
som-rs-bc-l4bits,63.7946,63.63,0.43871722099776495,63.344,64.506,5,0.2673204315098767,0.006877027538345956
som-rs-bc-nan,63.8702,63.825,0.4375427979066713,63.383,64.454,5,0.2658203669316832,0.006850499887375823
som-rs-bc-baseline,80.84819999999999,80.676,0.5538309308805355,80.279,81.708,5,0.0,0.006850256788407603
