exe,mean,median,std,min,max,n,pct_vs_baseline,cov
som-rs-bc-nan,47.567,47.179,0.964265264333423,46.884,49.264,5,0.29073096894906136,0.02027172754921317
som-rs-bc-l4bits,48.1378,48.063,0.1450299968971935,47.985,48.302,5,0.27542596462655133,0.003012808996198279
som-rs-bc-l3bits,48.4882,48.185,0.6817013275621499,47.77,49.311,5,0.2662090982960803,0.01405911804443452
som-rs-bc-baseline,61.3962,61.406,0.24547647545131607,61.181,61.783,5,0.0,0.003998235647341628
