exe,mean,median,std,min,max,n,pct_vs_baseline,cov
som-rs-bc-nan,47.6118,47.479,0.6729262218103855,47.009,48.696,5,0.30889821430821773,0.01413360179221087
som-rs-bc-l4bits,48.2044,48.288,0.25867508577364196,47.824,48.508,5,0.29280729559957197,0.005366213162566943
som-rs-bc-l3bits,48.3898,48.127,0.5504268343749226,48.118,49.372,5,0.2878540518869679,0.01137485243532568
som-rs-bc-baseline,62.319,62.27,0.7869561614219713,61.413,63.382,5,0.0,0.01262786889106005
