exe,mean,median,std,min,max,n,pct_vs_baseline,cov
som-rs-bc-l3bits,44.6234,44.533,0.1602866182811276,44.486,44.8,5,0.3382485422446522,0.0035919857805798666
som-rs-bc-l4bits,48.649800000000006,48.586,0.12375661598476359,48.545,48.84,5,0.2274911715978276,0.0025438257913653
som-rs-bc-nan,48.7884,48.762,0.12220188214589851,48.684,48.991,5,0.22400406654040728,0.002504732316409198
som-rs-bc-baseline,59.717200000000005,59.698,0.14775554135125074,59.604,59.969,5,0.0,0.0024742543413162495
