exe,mean,median,std,min,max,n,pct_vs_baseline,cov
som-rs-bc-l3bits,44.6884,44.665,0.13708865744473567,44.532,44.879,5,0.33644077657736693,0.0030676564263821407
som-rs-bc-l4bits,48.649,48.621,0.08073722809212482,48.584,48.79,5,0.2276388003864418,0.001659586591546071
som-rs-bc-nan,48.7596,48.715,0.10388840166255352,48.703,48.945,5,0.22485418256097267,0.00213062456752216
som-rs-bc-baseline,59.723400000000005,59.763,0.11663961591157271,59.572,59.858,5,0.0,0.0019529969143011398
