exe,mean,median,std,min,max,n,pct_vs_baseline,cov
som-rs-bc-nan,20.0366,19.803,0.5619984875424472,19.687,21.032,5,0.3278400527035523,0.02804859544745352
som-rs-bc-l3bits,20.759999999999998,20.715,0.10994771484664782,20.648,20.909,5,0.2815703275529864,0.005296132699742189
som-rs-bc-l4bits,21.5102,21.261,0.617953639037752,21.027,22.574,5,0.23687366923599007,0.02872840043503789
som-rs-bc-baseline,26.605399999999996,26.419,0.34826756954962085,26.323,27.106,5,0.0,0.013090108382118701
