exe,mean,median,std,min,max,n,pct_vs_baseline,cov
som-rs-bc-nan,20.037,20.097,0.1199333148045212,19.895,20.163,5,0.32089634176772974,0.0059855923942966115
som-rs-bc-l3bits,20.8514,20.79,0.17973118816721853,20.649,21.129,5,0.2693056581332667,0.008619622095745058
som-rs-bc-l4bits,21.4918,21.405,0.2703973002823801,21.212,21.884,5,0.2314836356191663,0.012581417111753325
som-rs-bc-baseline,26.4668,26.473,0.35696666511034414,26.089,27.007,5,0.0,0.013487337536473777
