exe,mean,median,std,min,max,n,pct_vs_baseline,cov
som-rs-bc-nan,35.068,35.08,0.3269808862915422,34.713,35.523,5,0.2872248203490362,0.009324195457155874
som-rs-bc-l3bits,35.7032,35.648,0.2507642318992073,35.457,36.078,5,0.2643236460597369,0.007023578611978963
som-rs-bc-l4bits,35.745999999999995,35.812,0.13639464798884027,35.531,35.848,5,0.26280982487551063,0.0038156618359771804
som-rs-bc-baseline,45.1404,44.969,0.3588799242086418,44.837,45.735,5,0.0,0.007950304476890806
