exe,mean,median,std,min,max,n,pct_vs_baseline,cov
som-rs-bc-nan,34.781600000000005,34.79,0.17507369876711934,34.536,35.014,5,0.2978643880672538,0.005033514811484213
som-rs-bc-l3bits,35.7752,35.754,0.17468600401864015,35.553,36.019,5,0.26181824280507193,0.004882879872611199
som-rs-bc-l4bits,35.93,35.926,0.35194530825115494,35.57,36.496,5,0.2563818536042306,0.009795304988899385
som-rs-bc-baseline,45.1418,45.249,0.2067503325269404,44.797,45.297,5,0.0,0.004580019683019737
