exe,mean,median,std,min,max,n,pct_vs_baseline,cov
som-rs-bc-l3bits,33.7296,33.723,0.05502544865787192,33.675,33.807,5,0.2584021156491627,0.001631369736310894
som-rs-bc-nan,34.4212,34.424,0.013608820668961793,34.398,34.432,5,0.2331179621860946,0.0003953615989262952
som-rs-bc-l4bits,36.1182,36.108,0.07561878073600671,36.032,36.214,5,0.17518037997463876,0.002093647544340712
som-rs-bc-baseline,42.4454,42.503,0.2155615921262427,42.147,42.709,5,0.0,0.005078561920166678
