exe,mean,median,std,min,max,n,pct_vs_baseline,cov
som-rs-bc-l3bits,33.8154,33.802,0.0943387513167281,33.732,33.958,5,0.2584857786688908,0.002789816217366292
som-rs-bc-nan,34.449799999999996,34.421,0.06061930385611335,34.397,34.532,5,0.23531050978525303,0.0017596416773424915
som-rs-bc-l4bits,36.1272,36.107,0.037625789028273404,36.092,36.182,5,0.17795456055271375,0.001041480907135715
som-rs-bc-baseline,42.556200000000004,42.467,0.1667863903320626,42.418,42.827,5,0.0,0.003919203085145351
