exe,mean,median,std,min,max,n,pct_vs_baseline,cov
som-rs-bc-l4bits,53.7682,53.811,0.2874399067631362,53.326,54.125,5,0.3139625280370182,0.005345909045925587
som-rs-bc-l3bits,54.0552,54.155,0.30845048224958327,53.537,54.284,5,0.3069861918927319,0.005706212949902752
som-rs-bc-nan,55.021,55.046,0.2877012339215804,54.674,55.346,5,0.2840442740044711,0.005228935023383443
som-rs-bc-baseline,70.6494,70.992,0.8489763247582307,69.661,71.398,5,0.0,0.012016752085059897
