exe,mean,median,std,min,max,n,pct_vs_baseline,cov
som-rs-bc-l4bits,24.0474,24.078,0.07444998321020586,23.916,24.095,5,0.30727646232025085,0.003095968096767462
som-rs-bc-nan,24.1662,24.184,0.09769186250655745,24.019,24.275,5,0.300849947447261,0.004042499958891239
som-rs-bc-l3bits,24.6418,24.433,0.558203994969581,24.25,25.617,5,0.27574284346111066,0.022652728086811066
som-rs-bc-baseline,31.4366,31.161,0.5136431640740466,31.061,32.3,5,0.0,0.016339017707832484
