exe,mean,median,std,min,max,n,pct_vs_baseline,cov
som-rs-bc-l3bits,7.922466666666666,7.891,0.07697864451724057,7.863,8.273,75,0.29113996482577,0.009716499640335994
som-rs-bc-l4bits,8.011320000000001,7.991,0.07494108677145325,7.945,8.382,75,0.2768199664141906,0.009354399371321235
som-rs-bc-nan,8.1436,8.094,0.19798491616036565,8.034,9.683,75,0.25608003012590697,0.024311719161103893
som-rs-bc-baseline,10.229013333333334,10.218,0.17908811762334648,10.024,10.698,75,0.0,0.017507858459794082
