exe,mean,median,std,min,max,n,pct_vs_baseline,cov
som-rs-bc-l3bits,33.741,33.728,0.2201056564470814,33.521,34.075,5,0.28788121276784917,0.006523388650220249
som-rs-bc-l4bits,34.1286,33.986,0.40709188152062054,33.695,34.678,5,0.27325468961516153,0.01192817406868786
som-rs-bc-nan,34.344,34.393,0.17519560496770314,34.06,34.513,5,0.26526904262753304,0.005101199771945701
som-rs-bc-baseline,43.4544,43.661,0.41388802833616983,42.768,43.787,5,0.0,0.009524651780629115
