exe,mean,median,std,min,max,n,pct_vs_baseline,cov
som-rs-bc-l4bits,33.0372,33.064,0.1397558585534075,32.888,33.226,5,0.3653457314784545,0.004230257363015253
som-rs-bc-l3bits,34.1068,34.024,0.1619049103640775,33.965,34.325,5,0.3225280589208017,0.0047469979700258454
som-rs-bc-nan,34.397000000000006,34.279,0.30542511357123125,34.212,34.937,5,0.3113701776317699,0.00887941138969187
som-rs-bc-baseline,45.1072,45.283,0.34469218151852327,44.634,45.44,5,0.0,0.0076416222137158435
