exe,mean,median,std,min,max,n,pct_vs_baseline,cov
som-rs-bc-nan,119.0542,119.75,1.7866463556059393,116.18,120.566,5,0.31668265378289884,0.01500699980014094
som-rs-bc-l3bits,119.28599999999999,119.756,1.764317856850063,116.25,120.773,5,0.3141240380262562,0.014790653193585695
som-rs-bc-l4bits,120.5768,121.385,1.8459947724736399,117.426,121.932,5,0.30005606385307937,0.015309701140465162
som-rs-bc-baseline,156.7566,158.104,2.3512295294164716,154.176,158.665,5,0.0,0.014999237859308455
