exe,mean,median,std,min,max,n,pct_vs_baseline,cov
som-rs-bc-l4bits,5.35692,5.348,0.04094913126491642,5.31,5.603,75,0.36136187709853185,0.007644155833000385
som-rs-bc-nan,5.663586666666666,5.614,0.136513546831325,5.585,6.302,75,0.28764810991385925,0.02410372699596575
som-rs-bc-l3bits,5.9396,5.937,0.03184888304715492,5.897,6.075,75,0.22781107594226313,0.0053621259086731295
som-rs-bc-baseline,7.292706666666667,7.217,0.43306044061450005,7.175,10.921,75,0.0,0.0593826764751039
