exe,mean,median,std,min,max,n,pct_vs_baseline,cov
som-rs-bc-l4bits,6.650746666666667,6.646,0.02553539850044606,6.614,6.756,75,0.5543317442051618,0.003839478449604565
som-rs-bc-nan,7.114506666666666,7.07,0.16767926053753457,7.0,8.305,75,0.4530124365615418,0.023568641986542228
som-rs-bc-l3bits,8.114626666666666,7.953,0.5251688730543974,7.872,11.627,75,0.2739300390899069,0.06471879664060094
som-rs-bc-baseline,10.337466666666666,10.23,0.3064657881057515,10.12,12.218,75,0.0,0.02964612104568671
