exe,mean,median,std,min,max,n,pct_vs_baseline,cov
som-rs-bc-l4bits,4502.1606,4505.89,33.12495524223395,4462.403,4542.24,5,0.24857331833075857,0.007357568551027245
som-rs-bc-l3bits,4505.3012,4507.213,21.424096741753267,4477.371,4527.361,5,0.24770295047088076,0.004755308422387668
som-rs-bc-nan,4708.2892,4716.168,20.49924036885278,4679.101,4726.096,5,0.19391085832195687,0.004353861774007591
som-rs-bc-baseline,5621.277599999999,5608.893,32.36764941728055,5589.183,5667.022,5,0.0,0.005758059238576041
