exe,mean,median,std,min,max,n,pct_vs_baseline,cov
som-rs-bc-l4bits,5.77696,5.734,0.2673184880513394,5.708,7.897,75,0.4417063645931423,0.046273210832572735
som-rs-bc-nan,5.975280000000001,5.971,0.028927476884770105,5.929,6.173,75,0.3938560201362944,0.004841191857916299
som-rs-bc-l3bits,6.039946666666666,5.8,1.2381470123309848,5.75,15.905,75,0.37893270580755667,0.2049930373001613
som-rs-bc-baseline,8.328679999999999,8.189,0.40878426081723324,8.107,10.62,75,0.0,0.04908151841795258
