exe,mean,median,std,min,max,n,pct_vs_baseline,cov
som-rs-bc-l3bits,6.258013333333333,6.243,0.11153807898230574,6.168,7.111,75,0.6591314389444147,0.01782324086594666
som-rs-bc-l4bits,6.334466666666667,6.27,0.1654785307650031,6.255,6.842,75,0.6391066861719481,0.026123514334014403
som-rs-bc-nan,6.463546666666667,6.36,0.23392417883032413,6.3,7.183,75,0.6063729717018107,0.03619130345831661
som-rs-bc-baseline,10.382866666666667,10.324,0.21328507337017857,10.249,11.729,75,0.0,0.02054202179586035
