exe,mean,median,std,min,max,n,pct_vs_baseline,cov
som-rs-bc-l4bits,5.187213333333333,5.17,0.1041404059150153,5.14,6.066,75,0.39151914579697245,0.020076368412650977
som-rs-bc-l3bits,5.263493333333333,5.227,0.28238603888109454,5.152,7.577,75,0.3713528657773544,0.053649928098657144
som-rs-bc-nan,5.273586666666667,5.257,0.059950451012286604,5.205,5.558,75,0.36872817740740627,0.011368060259864875
som-rs-bc-baseline,7.218106666666666,7.201,0.16747791894256792,7.164,8.641,75,0.0,0.023202472154641836
