exe,mean,median,std,min,max,n,pct_vs_baseline,cov
som-rs-bc-nan,117.9616,117.2935,86.81415509287001,35.13,202.889,10,0.28520213357567203,0.7359526752169351
som-rs-bc-l3bits,119.2527,118.1835,91.65279467406691,31.96,210.79,10,0.2712877779706455,0.7685594931944258
som-rs-bc-l4bits,125.21310000000001,121.0635,98.14693135119181,32.082,237.063,10,0.21077187610561499,0.7838391618064867
som-rs-bc-baseline,151.6045,150.07,118.20015124473308,38.469,266.655,10,0.0,0.7796612319867358
