exe,mean,median,std,min,max,n,pct_vs_baseline,cov
som-rs-bc-nan,73.6472,73.895,0.7539765911485562,72.676,74.319,5,0.37576717105334634,0.010237681692563413
som-rs-bc-l3bits,74.52720000000001,74.97,0.7477243476041199,73.621,75.18,5,0.35952242939490553,0.010032905403719981
som-rs-bc-l4bits,77.3654,77.565,0.8767555531617723,76.076,78.481,5,0.30964746514591823,0.011332657145982214
som-rs-bc-baseline,101.32140000000001,102.516,1.853209863992746,98.998,102.742,5,0.0,0.01829040917311393
