exe,mean,median,std,min,max,n,pct_vs_baseline,cov
som-rs-bc-nan,3659.1076000000003,4760.208500000001,2054.549474250522,190.955,5065.459,20,0.28365241295445887,0.561489220554903
som-rs-bc-l3bits,3732.1650499999996,4840.701,2093.706250623935,196.876,5159.634,20,0.2585248072027255,0.5609897264923841
som-rs-bc-l4bits,3986.8542,5180.307000000001,2238.201102965001,208.899,5510.817,20,0.17812743189856284,0.5613952732369799
som-rs-bc-baseline,4697.0223,6112.8495,2625.148849305143,264.054,6530.055,20,0.0,0.5588963989600695
