exe,mean,median,std,min,max,n,pct_vs_baseline,cov
som-rs-bc-l4bits,16.314373333333332,16.173,0.42742512457402065,15.708,18.125,75,0.12301054775420939,0.02619929775057377
som-rs-bc-l3bits,16.339213333333333,16.352,0.31908387837908925,15.898,18.727,75,0.12130326959845461,0.01952871731762826
som-rs-bc-nan,16.533333333333335,16.459,0.35788629982663994,16.327,18.664,75,0.1081379032258063,0.02164634877983709
som-rs-bc-baseline,18.321213333333333,18.248,0.23946665362467082,18.125,19.674,75,0.0,0.013070458231551122
