exe,mean,median,std,min,max,n,pct_vs_baseline,cov
som-rs-bc-l3bits,62.6306,62.579,0.38864675477868094,62.216,63.067,5,0.2781962810511156,0.0062053813116700295
som-rs-bc-l4bits,62.766,62.636,0.5834535114300026,62.187,63.477,5,0.27543893190580904,0.009295693710448373
som-rs-bc-nan,63.52380000000001,62.312,2.8468740225025755,62.039,68.607,5,0.2602237271699741,0.04481586464447302
som-rs-bc-baseline,80.05420000000001,80.172,0.6162505172411594,79.311,80.857,5,0.0,0.007697916127338221
