exe,mean,median,std,min,max,n,pct_vs_baseline,cov
som-rs-bc-l3bits,63408128.0,63414272.0,58742.69030040084,63320064.0,63483904.0,60,0.30888860178934796,0.0009264220874081134
som-rs-bc-l4bits,63408128.0,63414272.0,58742.69030040084,63320064.0,63483904.0,60,0.30888860178934796,0.0009264220874081134
som-rs-bc-nan,63408128.0,63414272.0,58742.69030040084,63320064.0,63483904.0,60,0.30888860178934796,0.0009264220874081134
som-rs-bc-baseline,82994176.0,82993152.0,57632.56934072611,82915330.0,83075070.0,60,0.0,0.0006944170316327511
