exe,mean,median,std,min,max,n,pct_vs_baseline,cov
som-rs-bc-nan,7981.2,7957.0,119.58344367010005,7874.0,8153.0,5,0.49594046008119075,0.014983140839735886
som-rs-bc-l3bits,7989.2,8005.0,96.74812659684942,7830.0,8093.0,5,0.4944424973714514,0.012109864141196794
som-rs-bc-l4bits,8088.4,8044.0,157.22690609434508,7926.0,8346.0,5,0.4761139409524753,0.019438567095389086
som-rs-bc-baseline,11939.4,11941.0,127.82527136681536,11807.0,12139.0,5,0.0,0.010706172116422547
