exe,mean,median,std,min,max,n,pct_vs_baseline,cov
som-rs-bc-baseline,306.4533333333333,0.0,617.1547025234814,0.0,1582.0,75,0.0,2.013861933921907
som-rs-bc-l4bits,308.1333333333333,0.0,620.6523232102707,0.0,1584.0,75,-0.005452185201211601,2.0142329831575205
som-rs-bc-l3bits,308.2133333333333,0.0,620.6584405450552,0.0,1585.0,75,-0.005710330507008088,2.0137300156116607
som-rs-bc-nan,309.5733333333333,0.0,623.5033794167792,0.0,1632.0,75,-0.01007838745800671,2.0140732817752798
