exe,mean,median,std,min,max,n,pct_vs_baseline,cov
som-rs-bc-baseline,307.02666666666664,0.0,618.471109101139,0.0,1574.0,75,0.0,2.014388899230704
som-rs-bc-l3bits,309.3333333333333,0.0,622.9400069446914,0.0,1597.0,75,-0.0074568965517241015,2.013814677622925
som-rs-bc-l4bits,310.64,0.0,625.6232706323805,0.0,1630.0,75,-0.011631899733882789,2.013981685012814
som-rs-bc-nan,312.5733333333333,0.0,629.4799692696438,0.0,1618.0,75,-0.017745169133643324,2.01386331507159
