exe,mean,median,std,min,max,n,pct_vs_baseline,cov
som-rs-bc-nan,8048.6,7967.0,147.6323135360277,7899.0,8216.0,5,0.4846805655641975,0.01834260784931885
som-rs-bc-l4bits,8112.6,8087.0,146.86660614312558,7962.0,8296.0,5,0.4729679757414391,0.01810351874160264
som-rs-bc-l3bits,8169.2,8204.0,148.46110601770422,7967.0,8326.0,5,0.4627625716104393,0.018173273517321675
som-rs-bc-baseline,11949.6,11949.0,99.36699653305396,11827.0,12089.0,5,0.0,0.008315508178772005
