exe,mean,median,std,min,max,n,pct_vs_baseline,cov
som-rs-bc-l3bits,8010.6,7951.0,154.46455904187223,7915.0,8284.0,5,0.4903752527900531,0.019282520540517843
som-rs-bc-l4bits,8034.0,7947.0,243.42555330120953,7860.0,8451.0,5,0.486034353995519,0.030299421620762948
som-rs-bc-nan,8113.0,8121.0,101.00495037373169,7993.0,8251.0,5,0.47156415629237025,0.012449765854028311
som-rs-bc-baseline,11938.8,11875.0,125.61329547464332,11839.0,12146.0,5,0.0,0.010521433935960342
