exe,mean,median,std,min,max,n,pct_vs_baseline,cov
som-rs-bc-l4bits,18866.9,18661.0,19888.379144336748,0.0,38034.0,10,0.6966327271570845,1.0541413345243122
som-rs-bc-l3bits,18897.9,18631.0,19923.26593848397,0.0,38619.0,10,0.6938495811703944,1.054258194745658
som-rs-bc-nan,18922.9,18585.0,19951.14274337855,0.0,38586.0,10,0.6916117508415729,1.0543385391974036
som-rs-bc-baseline,32010.2,31727.0,33743.650789774096,0.0,64833.0,10,0.0,1.0541530758875013
