exe,mean,median,std,min,max,n,pct_vs_baseline,cov
som-rs-bc-nan,18916.0,18711.0,19941.55437494502,0.0,38559.0,10,0.6901247621061537,1.0542162388953806
som-rs-bc-l3bits,18940.6,18647.5,19966.938936374023,0.0,38262.0,10,0.6879296326409936,1.0541872451967744
som-rs-bc-l4bits,19054.8,18765.5,20088.546088643536,0.0,38764.0,10,0.67781346432395,1.0542512169449973
som-rs-bc-baseline,31970.4,31453.0,33707.09826398259,0.0,65671.0,10,0.0,1.054322068662969
