exe,mean,median,std,min,max,n,pct_vs_baseline,cov
som-rs-bc-nan,12011.8,11813.0,12663.337551986662,0.0,24462.0,10,0.7586789656837445,1.0542414585646334
som-rs-bc-l3bits,12157.6,12058.5,12816.39518741522,0.0,24753.0,10,0.7375880107916037,1.0541879307935136
som-rs-bc-l4bits,12168.8,11870.0,12830.563500226066,0.0,24889.0,10,0.73598875813556,1.0543819850951668
som-rs-bc-baseline,21124.9,20916.0,22269.687980900555,0.0,42952.0,10,0.0,1.0541914035522324
