exe,mean,median,std,min,max,n,pct_vs_baseline,cov
som-rs-bc-nan,11980.5,11807.5,12629.77735573971,0.0,24226.0,10,0.7795751429406119,1.0541945123942833
som-rs-bc-l3bits,12134.1,11997.5,12791.10176342219,0.0,24512.0,10,0.7570483183754873,1.0541450757305602
som-rs-bc-l4bits,12243.2,12023.0,12911.982899616929,0.0,25550.0,10,0.7413911395713539,1.0546248447805253
som-rs-bc-baseline,21320.2,21222.0,22473.71725569424,0.0,42832.0,10,0.0,1.0541044294000168
