exe,mean,median,std,min,max,n,pct_vs_baseline,cov
som-rs-bc-l3bits,12114.6,11865.5,12776.730595544037,0.0,25322.0,10,0.8056724943456655,1.0546555887560494
som-rs-bc-nan,12269.7,12049.0,12936.272518688598,0.0,25156.0,10,0.7828471763775804,1.054326716927765
som-rs-bc-l4bits,12297.3,12081.0,12969.88581334127,0.0,25745.0,10,0.7788457628910412,1.0546937793939541
som-rs-bc-baseline,21875.0,21409.5,23062.99499197795,0.0,44587.0,10,0.0,1.0543083424904205
