exe,mean,median,std,min,max,n,pct_vs_baseline,cov
som-rs-bc-l3bits,12132.6,12033.5,12789.381039666374,0.0,24460.0,10,0.7834676821126549,1.0541335772766245
som-rs-bc-l4bits,12262.4,12124.5,12927.06234739097,0.0,24934.0,10,0.7645893136743214,1.0542032838099369
som-rs-bc-nan,12307.4,11946.5,12978.72457524236,0.0,25273.0,10,0.7581373807627931,1.0545464172158507
som-rs-bc-baseline,21638.1,21401.0,22810.631553680792,0.0,43959.0,10,0.0,1.054188286110185
