exe,mean,median,std,min,max,n,pct_vs_baseline,cov
som-rs-bc-nan,11063.1,10806.5,11668.413111663662,0.0,23023.0,10,0.8174923845938298,1.0547146018442988
som-rs-bc-l3bits,11123.0,10920.0,11726.086559462197,0.0,22521.0,10,0.807704755911175,1.0542197751921423
som-rs-bc-l4bits,11138.0,10963.0,11742.517191811983,0.0,22729.0,10,0.8052702460046686,1.0542752012759906
som-rs-bc-baseline,20107.1,19824.5,21196.3426166455,0.0,40650.0,10,0.0,1.054172039560429
