exe,mean,median,std,min,max,n,pct_vs_baseline,cov
som-rs-bc-l4bits,11062.2,10998.0,11661.413472550305,0.0,22492.0,10,0.8558243387391296,1.0541676585625195
som-rs-bc-l3bits,11064.9,10951.5,11663.855980001736,0.0,22268.0,10,0.8553714900270224,1.0541311697350844
som-rs-bc-nan,11064.9,10896.5,11665.124483309688,0.0,22532.0,10,0.8553714900270224,1.05424581182927
som-rs-bc-baseline,20529.5,19896.0,21651.5501690346,0.0,41890.0,10,0.0,1.05465550398376
