exe,mean,median,std,min,max,n,pct_vs_baseline,cov
som-rs-bc-l3bits,307.2,0.0,618.6473911644619,0.0,1563.0,75,0.8468315972222225,2.0138261431134827
som-rs-bc-l4bits,308.9866666666667,0.0,622.2701354246734,0.0,1630.0,75,0.8361525847933029,2.0139061084340426
som-rs-bc-nan,309.50666666666666,0.0,623.3124541475934,0.0,1595.0,75,0.8330676775944514,2.01389023655148
som-rs-bc-baseline,567.3466666666667,0.0,703.9550141748987,0.0,1569.0,75,0.0,1.2407846128908226
