exe,mean,median,std,min,max,n,pct_vs_baseline,cov
som-rs-bc-l4bits,304.3333333333333,0.0,612.954218415922,0.0,1569.0,75,0.8798685651697702,2.0140883409066443
som-rs-bc-l3bits,305.53333333333336,0.0,615.2436637347562,0.0,1566.0,75,0.8724852716561204,2.013671166489492
som-rs-bc-nan,305.6666666666667,0.0,615.5629445789754,0.0,1561.0,75,0.8716684841875681,2.0138373323194396
som-rs-bc-baseline,572.1066666666667,0.0,711.49715718665,0.0,1913.0,75,0.0,1.2436442339190537
