exe,mean,median,std,min,max,n,pct_vs_baseline,cov
som-rs-bc-l4bits,9.852253333333334,9.809,0.2594143660889532,9.777,11.949,75,0.3688293304137529,0.026330460384252522
som-rs-bc-nan,10.01876,10.011,0.02403704348416125,9.997,10.152,75,0.3460800870899525,0.002399203442757512
som-rs-bc-l3bits,10.695266666666667,10.665,0.1150815613630861,10.58,11.321,75,0.2609366137045046,0.010760046004439918
som-rs-bc-baseline,13.486053333333333,13.362,0.7033659401518996,13.298,19.095,75,0.0,0.052155061437685224
