exe,mean,median,std,min,max,n,pct_vs_baseline,cov
som-rs-bc-l3bits,5.590573333333333,5.578,0.08400195836412995,5.551,6.288,75,0.365183773638005,0.015025642873383878
som-rs-bc-nan,5.597173333333333,5.593,0.030520871606223732,5.553,5.785,75,0.3635739944924583,0.005452908064229516
som-rs-bc-l4bits,5.662253333333333,5.623,0.16793355292554926,5.596,6.472,75,0.34790154214223334,0.029658431553553934
som-rs-bc-baseline,7.632160000000001,7.52,0.5205428050524681,7.482,10.578,75,0.0,0.06820386431265435
