exe,mean,median,std,min,max,n,pct_vs_baseline,cov
som-rs-bc-nan,3649.2290000000003,3636.24,3786.671030522251,56.358,7258.386,10,0.28614227827302696,1.0376633065566043
som-rs-bc-l3bits,4038.2266000000004,4008.9935,4197.200089711452,56.068,8110.965,10,0.16224971129653776,1.0393671543126015
som-rs-bc-l4bits,4191.3457,4153.657,4358.505389982291,56.005,8444.47,10,0.11979016667606301,1.0398821051630962
som-rs-bc-baseline,4693.4277,4653.1965,4870.21820632357,72.889,9362.417,10,0.0,1.0376676743786997
