exe,mean,median,std,min,max,n,pct_vs_baseline,cov
som-rs-bc-nan,18712.2,18452.5,19726.35644005248,0.0,37880.0,10,0.7010506514466497,1.0541976058428448
som-rs-bc-l3bits,19036.0,18759.0,20070.25310143237,0.0,38826.0,10,0.6721159907543601,1.0543314299974977
som-rs-bc-l4bits,19089.6,18731.5,20125.329309659064,0.0,38901.0,10,0.6674210041069484,1.0542562080745048
som-rs-bc-baseline,31830.4,31542.0,33553.54481422195,0.0,64336.0,10,0.0,1.0541351919618336
