exe,mean,median,std,min,max,n,pct_vs_baseline,cov
som-rs-bc-l4bits,5.1118266666666665,5.11,0.032388425248691496,5.043,5.334,75,0.4243362450995991,0.006335978772498448
som-rs-bc-l3bits,5.123826666666666,5.109,0.0856749629663141,5.058,5.793,75,0.4210004501843676,0.016720894077794875
som-rs-bc-nan,5.206173333333334,5.15,0.17514699412079426,5.138,6.074,75,0.39852431600433325,0.03364217495398941
som-rs-bc-baseline,7.28096,7.24,0.14761202250897196,7.2,7.832,75,0.0,0.02027370326289005
