exe,mean,median,std,min,max,n,pct_vs_baseline,cov
som-rs-bc-l3bits,5.1071333333333335,5.105,0.03411559575727589,5.057,5.251,75,0.4632474839113918,0.006679989248490848
som-rs-bc-l4bits,5.14372,5.112,0.26542319905124073,5.064,7.405,75,0.4528395791372781,0.05160140891246816
som-rs-bc-nan,5.176880000000001,5.154,0.0545061266082799,5.133,5.448,75,0.4435335568914094,0.010528759911042924
som-rs-bc-baseline,7.473,7.239,1.649280047680101,7.206,21.451,75,0.0,0.22069852103306584
