exe,mean,median,std,min,max,n,pct_vs_baseline,cov
som-rs-bc-l4bits,24.128013333333335,23.972,0.559273913776274,23.853,28.266,75,0.17596475687181878,0.023179443166322602
som-rs-bc-nan,24.15482666666667,23.978,0.611317725443522,23.875,28.668,75,0.1746593641464067,0.02530830520457148
som-rs-bc-l3bits,25.00804,24.607,1.2400223345852572,24.415,31.134,75,0.13458285148829474,0.049584946864498665
som-rs-bc-baseline,28.373693333333335,27.87,3.310894130778757,27.772,56.092,75,0.0,0.11668886710949003
