exe,mean,median,std,min,max,n,pct_vs_baseline,cov
som-rs-bc-l4bits,17.627760000000002,17.527,0.6605544116958202,17.469,23.13,75,0.17489384168304234,0.0374723964755488
som-rs-bc-nan,17.965826666666665,17.929,0.12525998620526738,17.863,18.456,75,0.15278562188807365,0.0069721248306192085
som-rs-bc-l3bits,18.194906666666665,18.103,0.22273085038160115,18.01,18.812,75,0.13827166283897796,0.012241384606256175
som-rs-bc-baseline,20.71074666666667,20.556,0.3584383581267176,20.383,21.98,75,0.0,0.01730687762714096
