exe,mean,median,std,min,max,n,pct_vs_baseline,cov
som-rs-bc-l4bits,17.636453333333332,17.533,0.3082844988841517,17.474,19.378,75,0.1710789924504852,0.017479960004287618
som-rs-bc-nan,18.022226666666665,17.945,0.4041618813128061,17.88,21.126,75,0.14601155462107185,0.022425746207061698
som-rs-bc-l3bits,18.21436,18.087,0.5022447621240878,18.005,21.457,75,0.1339229047850159,0.027574109775149264
som-rs-bc-baseline,20.65368,20.495,0.5887502834107322,20.367,24.251,75,0.0,0.028505829634754298
