exe,mean,median,std,min,max,n,pct_vs_baseline,cov
som-rs-bc-l4bits,24.073706666666666,23.972,0.5397207930165498,23.903,28.282,75,0.17357083357333702,0.022419513558494378
som-rs-bc-nan,24.11316,23.964,0.6453738920506011,23.88,29.114,75,0.17165066710460164,0.02676438476129222
som-rs-bc-l3bits,24.732760000000003,24.598,0.5548916095764813,24.49,28.452,75,0.14229871635838443,0.02243549080557452
som-rs-bc-baseline,28.2522,27.958,0.6769666046296398,27.745,31.84,75,0.0,0.02396155360041483
