exe,mean,median,std,min,max,n,pct_vs_baseline,cov
som-rs-bc-l4bits,95.33464,98.41,8.697012551134703,76.274,105.165,75,0.1230384534589597,0.0912261540100713
som-rs-bc-nan,95.938,99.278,8.594237486419198,77.042,103.46,75,0.11597559534977453,0.08958116165043255
som-rs-bc-l3bits,96.42249333333334,99.009,8.806785676740184,77.338,107.288,75,0.11036816167513885,0.09133538630135869
som-rs-bc-baseline,107.06446666666666,116.717,16.613678472493305,79.438,125.15,75,0.0,0.15517453166061296
