exe,mean,median,std,min,max,n,pct_vs_baseline,cov
som-rs-bc-l4bits,95.05814666666666,97.963,8.394308075880513,76.251,102.984,75,0.12688696785027442,0.08830708750630506
som-rs-bc-nan,95.9866,99.053,8.660864997996073,76.914,104.686,75,0.11598688428037529,0.0902299383246836
som-rs-bc-l3bits,96.722,99.278,8.551495352086485,77.26,112.965,75,0.10750177484612267,0.08841313612297601
som-rs-bc-baseline,107.11978666666667,116.436,16.788462898503077,79.589,128.308,75,0.0,0.15672606733940853
