exe,mean,median,std,min,max,n,pct_vs_baseline,cov
som-rs-bc-l4bits,53.8738,53.771,0.24259266270850144,53.619,54.191,5,0.31185474200817453,0.004502980348676007
som-rs-bc-l3bits,54.298,54.323,0.8744649792873297,53.387,55.662,5,0.30160595233710263,0.016104920610102207
som-rs-bc-nan,55.2518,55.447,0.38175476421388477,54.83,55.643,5,0.2791366073141508,0.006909363391127253
som-rs-bc-baseline,70.6746,69.899,1.159845377625827,69.699,72.052,5,0.0,0.01641106391300166
