exe,mean,median,std,min,max,n,pct_vs_baseline,cov
som-rs-bc-l4bits,53.99739999999999,53.757,1.0224232489531933,53.16,55.659,5,0.29839584868901103,0.018934675539066574
som-rs-bc-l3bits,54.4982,54.529,0.5500879020665681,53.768,55.251,5,0.28646450708463767,0.010093689370778633
som-rs-bc-nan,55.63399999999999,55.803,0.3476046604980997,55.183,55.986,5,0.26020059675737883,0.006248061625949953
som-rs-bc-baseline,70.11,69.808,0.9588263659286882,69.464,71.784,5,0.0,0.013676028611163717
