exe,mean,median,std,min,max,n,pct_vs_baseline,cov
som-rs-bc-l4bits,24.0018,24.044,0.07268906382668594,23.922,24.061,5,0.2897449357964821,0.003028483856489344
som-rs-bc-nan,24.2262,24.156,0.18127934245247046,24.024,24.472,5,0.27779841659030313,0.007482780727166063
som-rs-bc-l3bits,24.450799999999997,24.418,0.09561746702355181,24.362,24.611,5,0.26606082418571186,0.003910606893171259
som-rs-bc-baseline,30.956200000000003,31.004,0.1337934975998465,30.752,31.075,5,0.0,0.00432202588172471
