exe,mean,median,std,min,max,n,pct_vs_baseline,cov
som-rs-bc-l4bits,24.069799999999997,24.049,0.0686818753384038,23.993,24.155,5,0.29854838843696263,0.0028534460335525764
som-rs-bc-nan,24.180200000000003,24.198,0.10787353707003486,24.018,24.303,5,0.29261958131032806,0.0044612342772199914
som-rs-bc-l3bits,24.3698,24.369,0.07040738597618801,24.287,24.453,5,0.2825628441759882,0.0028891244891705308
som-rs-bc-baseline,31.2558,31.299,0.21730899659240888,30.921,31.497,5,0.0,0.006952597488863151
