exe,mean,median,std,min,max,n,pct_vs_baseline,cov
som-rs-bc-l3bits,7.915066666666666,7.89,0.07320192977321434,7.866,8.3,75,0.28790829304448917,0.009248428706418267
som-rs-bc-nan,8.119,8.107,0.058872055501051734,8.049,8.439,75,0.25555856632590235,0.00725114613881657
som-rs-bc-l4bits,8.12312,8.021,0.24515438930313796,7.944,9.016,75,0.2549217542028186,0.03017983106283521
som-rs-bc-baseline,10.19388,10.106,0.15149943894285597,10.025,10.515,75,0.0,0.014861803252819925
