exe,mean,median,std,min,max,n,pct_vs_baseline,cov
som-rs-bc-l3bits,7.954186666666666,7.889,0.20611487831562061,7.864,9.485,75,0.27923743303317017,0.02591275349111168
som-rs-bc-l4bits,8.037573333333333,7.995,0.1308759649370285,7.944,8.682,75,0.2659658470715873,0.016283019701264955
som-rs-bc-nan,8.191226666666667,8.101,0.24490950194744224,8.052,8.99,75,0.24221850369989362,0.029899001933870982
som-rs-bc-baseline,10.175293333333334,10.066,0.18847695201653045,10.026,11.061,75,0.0,0.018522999371339707
