exe,mean,median,std,min,max,n,pct_vs_baseline,cov
som-rs-bc-l3bits,1223.5067999999999,1596.4885,719.7257247037784,10.667,1761.471,20,0.23984169928601973,0.5882482424321455
som-rs-bc-nan,1229.9004499999999,1592.7055,723.569133714364,10.715,1763.489,20,0.23339636960048282,0.5883152036527542
som-rs-bc-l4bits,1249.9059,1615.6805,736.675147718157,10.575,1875.232,20,0.21365516396074313,0.5893844870387098
som-rs-bc-baseline,1516.95475,1983.7640000000001,892.097861049529,13.217,2171.033,20,0.0,0.5880846881223906
