exe,mean,median,std,min,max,n,pct_vs_baseline,cov
som-rs-bc-nan,1222.48525,1588.608,719.0371219824668,10.589,1761.704,20,0.23396212755941215,0.5881765215428708
som-rs-bc-l3bits,1224.3469499999999,1592.592,721.2021326326932,10.777,1845.99,20,0.232085807050036,0.5890504588039307
som-rs-bc-l4bits,1258.07405,1625.214,741.7265288664419,10.575,1887.296,20,0.19905541331211785,0.58957302939874
som-rs-bc-baseline,1508.5004999999999,1974.333,887.4572709857789,13.026,2184.676,20,0.0,0.5883042604134231
