exe,mean,median,std,min,max,n,pct_vs_baseline,cov
som-rs-bc-l3bits,33.83200000000001,33.715,0.2967717978514793,33.56,34.296,5,0.2945968314022225,0.008771925923725443
som-rs-bc-l4bits,34.342200000000005,34.234,0.3947577738309892,33.953,34.897,5,0.27536383807676823,0.011494830669875231
som-rs-bc-nan,35.2108,34.557,1.8150175481245372,33.994,38.426,5,0.24390243902439024,0.05154718291332595
som-rs-bc-baseline,43.7988,44.025,0.45907101847099974,43.07,44.203,5,0.0,0.010481360641638578
