exe,mean,median,std,min,max,n,pct_vs_baseline,cov
som-rs-bc-l3bits,34.0486,34.124,0.2565166661252258,33.746,34.381,5,0.28092785019060984,0.007533838869299348
som-rs-bc-l4bits,34.4054,34.309,0.39660723644432005,34.01,34.977,5,0.2676440326227858,0.011527470584394312
som-rs-bc-nan,34.4474,34.479,0.18622379010212334,34.236,34.663,5,0.26609845735817483,0.005406033259465833
som-rs-bc-baseline,43.6138,43.864,0.4175652044890722,43.107,44.0,5,0.0,0.009574153237944692
