exe,mean,median,std,min,max,n,pct_vs_baseline,cov
som-rs-bc-l4bits,33.2078,33.092,0.24030230960188387,33.002,33.564,5,0.361788495473955,0.007236321273974304
som-rs-bc-l3bits,33.9948,33.996,0.23775134069022727,33.745,34.354,5,0.33026227540682696,0.006993756124178618
som-rs-bc-nan,34.2724,34.192,0.14168027385631302,34.145,34.43,5,0.3194874009406987,0.004133946670099352
som-rs-bc-baseline,45.222,45.221,0.2357307786437766,44.973,45.593,5,0.0,0.005212745536326934
