exe,mean,median,std,min,max,n,pct_vs_baseline,cov
som-rs-bc-l4bits,33.0178,33.048,0.26487487612078364,32.663,33.344,5,0.3627800762013218,0.008022184280018161
som-rs-bc-l3bits,34.2044,34.051,0.5774770991130252,33.779,35.19,5,0.3155032685853283,0.016883123197981114
som-rs-bc-nan,34.5264,34.553,0.2047774401637032,34.256,34.821,5,0.30323462625700914,0.005931039441230571
som-rs-bc-baseline,44.996,45.033,0.32369893419658097,44.559,45.38,5,0.0,0.007193949110956106
