exe,mean,median,std,min,max,n,pct_vs_baseline,cov
som-rs-bc-nan,118.27000000000001,116.337,3.0946449715597413,115.938,122.749,5,0.3198410416842816,0.026165933639635926
som-rs-bc-l3bits,119.16959999999999,120.394,1.8317218129399504,116.898,120.58,5,0.30987768692686735,0.015370713780527505
som-rs-bc-l4bits,121.2494,121.86,1.9718480671694776,118.886,123.104,5,0.28740925728292277,0.01626274494693976
som-rs-bc-baseline,156.0976,158.697,3.712693604379433,151.596,158.921,5,0.0,0.02378443745694638
