exe,mean,median,std,min,max,n,pct_vs_baseline,cov
som-rs-bc-nan,119.398,120.872,2.7230754671877904,116.34,122.176,5,0.31141727667130104,0.02280670921780759
som-rs-bc-l3bits,120.0542,120.627,1.8317965771340445,116.859,121.325,5,0.3042492474232472,0.015258079910024345
som-rs-bc-l4bits,121.154,122.49,2.4671574736931525,118.054,123.374,5,0.2924096604321773,0.02036381360659287
som-rs-bc-baseline,156.5806,158.886,3.8210073017464916,152.408,160.162,5,0.0,0.02440281428061006
