exe,mean,median,std,min,max,n,pct_vs_baseline,cov
som-rs-bc-nan,9.45148,9.407,0.3147004736382013,9.268,11.918,75,0.3620526450178525,0.033296422744184116
som-rs-bc-l4bits,9.764346666666667,9.685,0.32648631002023726,9.64,12.383,75,0.31841010697421646,0.033436575038326914
som-rs-bc-l3bits,10.870626666666666,10.745,0.8096589668017785,10.671,17.754,75,0.18423838184121855,0.07448135159350934
som-rs-bc-baseline,12.873413333333334,12.734,0.35740136017123963,12.609,14.833,75,0.0,0.02776275032246612
