exe,mean,median,std,min,max,n,pct_vs_baseline,cov
som-rs-bc-l4bits,5.357426666666667,5.353,0.02719855587051328,5.317,5.531,75,0.3506857770023917,0.005076794805188799
som-rs-bc-nan,5.61772,5.605,0.05339211400420308,5.551,5.877,75,0.28810264662532137,0.009504231966741503
som-rs-bc-l3bits,6.047693333333333,5.947,0.4207858148535689,5.897,8.919,75,0.1965223104346121,0.06957790212911516
som-rs-bc-baseline,7.2362,7.227,0.032140317359976335,7.193,7.352,75,0.0,0.004441601580937002
