exe,mean,median,std,min,max,n,pct_vs_baseline,cov
som-rs-bc-nan,9.532226666666666,9.41,0.3242275882910165,9.28,10.573,75,0.3538760443520017,0.034013835342880695
som-rs-bc-l4bits,9.765906666666666,9.679,0.3315393325218126,9.646,11.977,75,0.3214803063173517,0.0339486484806817
som-rs-bc-l3bits,10.764813333333333,10.736,0.11148914543375736,10.67,11.537,75,0.198855282828871,0.010356811770114983
som-rs-bc-baseline,12.905453333333334,12.728,0.6195943375008064,12.629,17.035,75,0.0,0.04801027298285322
