exe,mean,median,std,min,max,n,pct_vs_baseline,cov
som-rs-bc-l4bits,5.642946666666667,5.593,0.2986951756020305,5.574,8.139,75,0.4170445228379498,0.052932482485869764
som-rs-bc-nan,5.93544,5.803,0.4158078506337377,5.749,8.144,75,0.34721379824691456,0.07005510132925911
som-rs-bc-l3bits,6.04904,6.029,0.09929732039606037,5.984,6.634,75,0.32191333941694333,0.016415384986057355
som-rs-bc-baseline,7.9963066666666665,7.936,0.3273703157031859,7.831,10.455,75,0.0,0.04094019018403321
