exe,mean,median,std,min,max,n,pct_vs_baseline,cov
som-rs-bc-nan,9.4568,9.404,0.18023235003738886,9.319,9.773,5,0.35054140935623046,0.019058492305789366
som-rs-bc-l4bits,9.7684,9.668,0.2215452549706268,9.655,10.164,5,0.3074607919413619,0.02267978942003059
som-rs-bc-l3bits,10.722,10.719,0.028133609793270474,10.684,10.751,5,0.19117701921283348,0.002623914362364342
som-rs-bc-baseline,12.771799999999999,12.764,0.04698616817745401,12.703,12.827,5,0.0,0.0036788994642457614
