exe,mean,median,std,min,max,n,pct_vs_baseline,cov
som-rs-bc-l4bits,6.6856,6.638,0.2998743881171724,6.615,9.228,75,0.5586913166606837,0.04485377350083349
som-rs-bc-nan,7.092466666666666,7.065,0.08484968160499158,7.034,7.719,75,0.46927538139058367,0.011963352891564513
som-rs-bc-l3bits,7.959639999999999,7.947,0.06086063832476039,7.893,8.344,75,0.3092032637992004,0.007646154640757671
som-rs-bc-baseline,10.420786666666666,10.249,0.6559795294542833,10.116,14.263,75,0.0,0.06294913718487184
