exe,mean,median,std,min,max,n,pct_vs_baseline,cov
som-rs-bc-l4bits,5.36944,5.351,0.11103910195134932,5.326,6.3,75,0.3489426582039592,0.020679829172380978
som-rs-bc-nan,5.63148,5.611,0.0950377393033522,5.572,6.364,75,0.28617462313045006,0.016876156765779547
som-rs-bc-l3bits,6.054573333333334,5.942,0.43035862396985247,5.897,8.979,75,0.1962967938285769,0.07107992591327973
som-rs-bc-baseline,7.2430666666666665,7.218,0.08335439373515315,7.168,7.684,75,0.0,0.011508163264430327
