exe,mean,median,std,min,max,n,pct_vs_baseline,cov
som-rs-bc-nan,9.393,9.406,0.034474628351876244,9.333,9.417,5,0.36086447354412865,0.003670246816978201
som-rs-bc-l3bits,10.7404,10.744,0.028094483444263466,10.697,10.774,5,0.1901418941566424,0.0026157762694372154
som-rs-bc-l4bits,11.5348,9.761,3.9964399407472646,9.681,18.683,5,0.1081769948330269,0.3464680740669335
som-rs-bc-baseline,12.7826,12.771,0.05158778925288363,12.723,12.854,5,0.0,0.004035782176778091
