exe,mean,median,std,min,max,n,pct_vs_baseline,cov
som-rs-bc-l4bits,5.683586666666667,5.598,0.33407872892047025,5.572,8.124,75,0.395421670353697,0.058779560955723426
som-rs-bc-nan,5.838213333333333,5.793,0.2849742659473875,5.743,8.21,75,0.358463548208813,0.04881189666714032
som-rs-bc-l3bits,6.056053333333334,6.031,0.08997175132249045,5.977,6.4,75,0.30959877059647223,0.014856499170387718
som-rs-bc-baseline,7.931000000000001,7.923,0.07762017709263366,7.825,8.288,75,0.0,0.009786934446177488
