exe,mean,median,std,min,max,n,pct_vs_baseline,cov
som-rs-bc-l4bits,6.657533333333333,6.646,0.08661382658071964,6.606,7.371,75,0.5498372770695854,0.01300989754674699
som-rs-bc-nan,7.088253333333333,7.063,0.07295113013098162,6.98,7.413,75,0.4556609150538262,0.010291834490158594
som-rs-bc-l3bits,7.98556,7.947,0.3076014550276624,7.868,10.595,75,0.2920938961492159,0.03851970995492644
som-rs-bc-baseline,10.318093333333334,10.223,0.2267357178870715,10.123,11.184,75,0.0,0.021974575201271503
