exe,mean,median,std,min,max,n,pct_vs_baseline,cov
som-rs-bc-l4bits,5.462853333333333,5.444,0.09502399317687761,5.414,6.194,75,0.30305286126419895,0.01739457155055922
som-rs-bc-l3bits,5.484133333333333,5.484,0.028113348437359097,5.422,5.594,75,0.2979966448664024,0.005126306515285143
som-rs-bc-nan,5.527426666666667,5.495,0.10947530553747047,5.455,6.253,75,0.2878301415728115,0.01980583590509938
som-rs-bc-baseline,7.118386666666667,7.094,0.10999728415975785,7.059,7.871,75,0.0,0.015452558186371515
