exe,mean,median,std,min,max,n,pct_vs_baseline,cov
som-rs-bc-l4bits,5.472053333333333,5.448,0.0966444994776178,5.422,6.19,75,0.3118415025194685,0.017661468847334175
som-rs-bc-l3bits,5.4911200000000004,5.473,0.11526068690557914,5.418,6.441,75,0.3072864309406216,0.020990378448400168
som-rs-bc-nan,5.533333333333333,5.494,0.12466651009288224,5.43,6.154,75,0.29731325301204814,0.022530092185460645
som-rs-bc-baseline,7.178466666666666,7.095,0.48944315666234783,7.055,10.125,75,0.0,0.06818213128091624
