exe,mean,median,std,min,max,n,pct_vs_baseline,cov
som-rs-bc-l4bits,54.1634,53.991,0.7948938922900318,53.314,55.162,5,0.1639815816584631,0.014675849231954268
som-rs-bc-nan,54.90560000000001,55.225,0.5601752404382043,54.134,55.425,5,0.14824717333022486,0.0102025155983762
som-rs-bc-l3bits,54.9332,54.82,0.6058281109357672,54.354,55.957,5,0.1476702613355858,0.011028451117644106
som-rs-bc-baseline,63.0452,62.814,0.8998867706550655,62.153,64.301,5,0.0,0.014273676198268314
