exe,mean,median,std,min,max,n,pct_vs_baseline,cov
som-rs-bc-l4bits,53.765,53.743,0.45086971510626106,53.25,54.365,5,0.16815028364177453,0.008385933508904698
som-rs-bc-nan,54.5678,54.599,0.28172362343261087,54.212,54.948,5,0.15096448821466146,0.005162818061798549
som-rs-bc-l3bits,55.2562,55.58,0.5703930223977142,54.47,55.732,5,0.13662539226367376,0.010322697224885428
som-rs-bc-baseline,62.805600000000005,62.632,0.6084811418606185,62.038,63.533,5,0.0,0.009688326229836487
