exe,mean,median,std,min,max,n,pct_vs_baseline,cov
som-rs-bc-l3bits,4495.2784,4498.598,26.467029816358533,4451.525,4520.259,5,0.2396729421697219,0.0058877398597511855
som-rs-bc-l4bits,4534.6558,4530.938,58.84364351142754,4468.573,4625.629,5,0.2289080463394817,0.012976429988672466
som-rs-bc-nan,4739.564,4733.46,55.84560728472764,4686.151,4828.975,5,0.17577798295370628,0.011782857512785488
som-rs-bc-baseline,5572.675,5565.437,26.024695031834774,5548.159,5617.086,5,0.0,0.004670054333302189
