exe,mean,median,std,min,max,n,pct_vs_baseline,cov
som-rs-bc-l3bits,4485.1216,4489.485,37.755532929625154,4431.854,4532.087,5,0.23755048246629462,0.008417950793045421
som-rs-bc-l4bits,4522.4164,4507.805,65.05508106443327,4471.896,4631.7,5,0.22734483273145756,0.014385026788871822
som-rs-bc-nan,4728.2354,4723.669,45.906327747925594,4687.479,4804.454,5,0.1739187943138365,0.009708976788238082
som-rs-bc-baseline,5550.5644,5549.671,29.213227608396746,5514.112,5588.65,5,0.0,0.005263109389091449
