exe,mean,median,std,min,max,n,pct_vs_baseline,cov
som-rs-bc-l3bits,7.8904,7.866,0.0481694924199955,7.853,7.969,5,0.16518807665010637,0.006104822622426683
som-rs-bc-l4bits,7.8934,7.891,0.1453764079897426,7.695,8.101,5,0.16474523019231246,0.018417463702554364
som-rs-bc-nan,7.980199999999999,8.01,0.0804872660735847,7.853,8.052,5,0.15207638906293086,0.010085870789401858
som-rs-bc-baseline,9.1938,9.288,0.2212627397462118,8.906,9.456,5,0.0,0.024066516537907263
