exe,mean,median,std,min,max,n,pct_vs_baseline,cov
som-rs-bc-l3bits,2270.2644666666665,2225.035,65.45289311609295,2220.148,2438.899,15,0.1276843018024889,0.02883051471628531
som-rs-bc-l4bits,2289.2282,2246.323,80.71121927871694,2235.782,2545.04,15,0.11834267986040015,0.03525695659293247
som-rs-bc-nan,2302.0906666666665,2267.067,69.02888445805719,2252.226,2510.034,15,0.11209416599867494,0.029985302254844814
som-rs-bc-baseline,2560.1416,2509.506,78.49674564937615,2502.847,2793.696,15,0.0,0.03066109532745226
