exe,mean,median,std,min,max,n,pct_vs_baseline,cov
som-rs-bc-l4bits,7.8122,7.864,0.12882041763633562,7.639,7.951,5,0.16666239983615383,0.016489646659882697
som-rs-bc-l3bits,7.837000000000001,7.829,0.12141457902574998,7.661,7.998,5,0.16297052443537052,0.015492481692707664
som-rs-bc-nan,7.8549999999999995,7.912,0.10784247771634328,7.708,7.956,5,0.16030553787396573,0.013729150568598764
som-rs-bc-baseline,9.1142,9.125,0.18597499831966746,8.873,9.316,5,0.0,0.020404972276191816
