exe,mean,median,std,min,max,n,pct_vs_baseline,cov
som-rs-bc-l3bits,2269.0565333333334,2224.987,71.48425301907575,2218.583,2473.208,15,0.13727311862480973,0.03150395416286194
som-rs-bc-l4bits,2276.0232,2229.599,74.69489598187317,2224.386,2471.955,15,0.13379204570498215,0.03281816107229187
som-rs-bc-nan,2301.7446,2259.024,78.41474301868048,2248.709,2514.201,15,0.12112221312477489,0.034067525571117
som-rs-bc-baseline,2580.537,2529.717,79.78895239854418,2518.223,2755.378,15,0.0,0.030919514968606995
