exe,mean,median,std,min,max,n,pct_vs_baseline,cov
som-rs-bc-nan,5472.1007,5410.1995,5761.852149025115,6.376,11131.128,10,0.2360173671511565,1.0529506792565266
som-rs-bc-l3bits,5657.4622,5609.6795,5956.7420653367935,6.444,11385.797,10,0.1955204048910837,1.0529000203194983
som-rs-bc-l4bits,5795.344999999999,5764.4890000000005,6102.01531422369,6.442,11665.968,10,0.16707659336933367,1.0529166622908026
som-rs-bc-baseline,6763.611500000001,6738.7245,7120.090515686756,8.793,13606.751,10,0.0,1.0527054245630096
