exe,mean,median,std,min,max,n,pct_vs_baseline,cov
som-rs-bc-nan,5479.969800000001,5444.585,5769.7337898337655,6.28,11030.724,10,0.24127364716498967,1.0528769318826838
som-rs-bc-l3bits,5646.373,5588.91,5945.236252199851,6.45,11391.206,10,0.20469230424557505,1.0529301291643063
som-rs-bc-l4bits,5787.2246,5710.6275000000005,6093.720983543529,6.442,11652.946,10,0.17537206003720684,1.0529608585682901
som-rs-bc-baseline,6802.1421,6732.292,7160.772104139181,8.781,13684.984,10,0.0,1.0527230979398652
