exe,mean,median,std,min,max,n,pct_vs_baseline,cov
som-rs-bc-l4bits,5.1782,5.171,0.03145094850973745,5.151,5.375,75,0.3958132169479742,0.0060737222412686745
som-rs-bc-nan,5.267413333333333,5.256,0.07136205618578445,5.227,5.846,75,0.372172552752015,0.013547836797653584
som-rs-bc-l3bits,5.2685466666666665,5.232,0.27592230072256924,5.156,7.585,75,0.37187738047937335,0.05237161558581036
som-rs-bc-baseline,7.2278,7.207,0.16756104172122674,7.167,8.645,75,0.0,0.023182855325441593
