exe,mean,median,std,min,max,n,pct_vs_baseline,cov
som-rs-bc-l3bits,6.306533333333333,6.251,0.3097834175125676,6.173,8.724,75,0.6511533013382949,0.04912103070560175
som-rs-bc-l4bits,6.33356,6.283,0.13794938750684435,6.25,6.839,75,0.6441074740482973,0.02178070271803604
som-rs-bc-nan,6.441573333333333,6.358,0.4222977741950458,6.317,9.296,75,0.6165388166038113,0.06555817225735418
som-rs-bc-baseline,10.413053333333334,10.324,0.24435739738681542,10.228,11.235,75,0.0,0.023466450191376664
