exe,mean,median,std,min,max,n,pct_vs_baseline,cov
som-rs-bc-l4bits,6.29188,6.277,0.034533164631401055,6.255,6.392,75,0.6561430499840006,0.00548852880719293
som-rs-bc-l3bits,6.29492,6.248,0.2946205878936685,6.166,8.66,75,0.6553432503246002,0.04680291217261991
som-rs-bc-nan,6.6480266666666665,6.361,1.6100487400154149,6.316,16.304,75,0.5674205077396401,0.24218445874897437
som-rs-bc-baseline,10.420253333333333,10.315,0.4387902624425644,10.231,13.62,75,0.0,0.042109366097551476
