exe,mean,median,std,min,max,n,pct_vs_baseline,cov
som-rs-bc-nan,8.578159999999999,8.56,0.0908131494229119,8.542,9.114,75,0.48976625912006,0.010586553459356308
som-rs-bc-l3bits,8.940506666666666,8.869,0.3610510697324617,8.852,11.656,75,0.429388043630637,0.040383736984234496
som-rs-bc-l4bits,9.028,8.991,0.17090759317656248,8.958,10.264,75,0.4155353714370107,0.0189308366389635
som-rs-bc-baseline,12.779453333333333,12.671,0.6256585134843893,12.493,17.395,75,0.0,0.04895815941143982
