exe,mean,median,std,min,max,n,pct_vs_baseline,cov
som-rs-bc-l4bits,5.746786666666667,5.728,0.10024447054014443,5.713,6.557,75,0.4445452415146782,0.017443569137792558
som-rs-bc-l3bits,5.874533333333334,5.804,0.23600843625171944,5.752,6.652,75,0.41313239065798113,0.04017483991665484
som-rs-bc-nan,5.977333333333333,5.973,0.028220815268422853,5.911,6.152,75,0.38882890921258095,0.004721305253472483
som-rs-bc-baseline,8.301493333333333,8.208,0.3481690476848359,8.125,10.659,75,0.0,0.041940532107255714
