exe,mean,median,std,min,max,n,pct_vs_baseline,cov
som-rs-bc-l4bits,5.18392,5.17,0.03789307859498106,5.141,5.328,75,0.3946640123047167,0.0073097344470942965
som-rs-bc-l3bits,5.243119999999999,5.229,0.08120211021089743,5.149,5.595,75,0.37891687900842763,0.015487364433943423
som-rs-bc-nan,5.311346666666666,5.262,0.15838411172477762,5.22,5.97,75,0.3612040637528209,0.0298199537075552
som-rs-bc-baseline,7.229826666666666,7.207,0.08783513015923683,7.171,7.652,75,0.0,0.012148995295309547
