exe,mean,median,std,min,max,n,pct_vs_baseline,cov
som-rs-bc-l4bits,5.78344,5.727,0.27550863232662337,5.703,7.882,75,0.42001069720904294,0.04763750161264289
som-rs-bc-l3bits,5.8454,5.797,0.2718475824945076,5.753,8.103,75,0.4049588850492125,0.04650624123148246
som-rs-bc-nan,5.979453333333334,5.968,0.08535890734459443,5.942,6.699,75,0.37346111907666013,0.014275369768127258
som-rs-bc-baseline,8.212546666666666,8.2,0.060511176839675856,8.13,8.491,75,0.0,0.007368137959602769
