exe,mean,median,std,min,max,n,pct_vs_baseline,cov
som-rs-bc-nan,8.584066666666667,8.561,0.12967342903693949,8.535,9.64,75,0.47687265554010927,0.015106293330698677
som-rs-bc-l3bits,8.882733333333334,8.867,0.07215324032980146,8.818,9.441,75,0.42721534662753946,0.008122864620852604
som-rs-bc-l4bits,8.99768,8.989,0.034125824413366625,8.955,9.115,75,0.4089824636276609,0.0037927359511970445
som-rs-bc-baseline,12.677573333333333,12.667,0.11575091772834901,12.525,13.453,75,0.0,0.009130368619048205
