exe,mean,median,std,min,max,n,pct_vs_baseline,cov
som-rs-bc-nan,3793.2335999999996,3767.334,3927.3862691177023,67.198,7551.372,10,0.23469585421788963,1.0353663083438107
som-rs-bc-l3bits,3951.4527000000003,3874.3535,4092.697454601958,69.688,8037.722,10,0.1852577154725905,1.0357450196992002
som-rs-bc-l4bits,4033.9078999999997,3987.903,4174.68078861655,72.839,8063.579,10,0.1610304241204914,1.0348973977855445
som-rs-bc-baseline,4683.4898,4639.0464999999995,4837.335782402099,94.432,9446.783,10,0.0,1.0328485785112842
