exe,mean,median,std,min,max,n,pct_vs_baseline,cov
som-rs-bc-nan,3824.1655,3774.5865000000003,3960.4368150188307,67.211,7747.912,10,0.2214915907797399,1.0356342619112144
som-rs-bc-l3bits,3947.0867,3912.6620000000003,4087.3263519192283,69.667,7930.951,10,0.18345158215045032,1.0355299142324967
som-rs-bc-l4bits,4026.7218999999996,3991.6925,4168.017821378552,72.739,8083.338,10,0.16004683611252135,1.0350895653803538
som-rs-bc-baseline,4671.186,4617.842,4824.207540088839,94.547,9331.057,10,0.0,1.032758605649366
