exe,mean,median,std,min,max,n,pct_vs_baseline,cov
som-rs-bc-nan,118.5001,117.18,87.4378754296761,35.132,203.842,10,0.29460059527375937,0.7378717438185799
som-rs-bc-l3bits,119.66659999999999,118.1045,92.0782051533731,32.071,208.899,10,0.2819809370367339,0.7694561820372027
som-rs-bc-l4bits,122.324,121.42949999999999,94.91999368942245,31.951,215.775,10,0.25413083287008287,0.7759719571745729
som-rs-bc-baseline,153.4103,149.6955,119.69157143726633,39.534,283.05,10,0.0,0.7802055757486057
