exe,mean,median,std,min,max,n,pct_vs_baseline,cov
som-rs-bc-nan,118.40240000000001,117.189,87.61850741988755,34.822,204.336,10,0.2785610764646662,0.7400061774076162
som-rs-bc-l3bits,120.2296,119.38900000000001,92.17759650828636,32.162,209.668,10,0.2591300312069573,0.7666797236977113
som-rs-bc-l4bits,122.81479999999999,121.0985,95.13875169549881,32.195,216.117,10,0.2326258724518544,0.7746521729913562
som-rs-bc-baseline,151.3847,149.211,117.45371571725131,39.315,266.765,10,0.0,0.7758625258513662
