exe,mean,median,std,min,max,n,pct_vs_baseline,cov
som-rs-bc-nan,20.2436,20.186,0.1549009360849702,20.064,20.421,5,0.1457151889980044,0.007651847304084756
som-rs-bc-l4bits,21.865199999999998,21.816,0.22471693305133947,21.641,22.138,5,0.06074492801346443,0.010277378347846783
som-rs-bc-l3bits,22.201999999999998,22.075,0.39959291785515927,21.82,22.793,5,0.04465363480767515,0.01799805953766144
som-rs-bc-baseline,23.1934,23.245,0.1913015943477726,22.943,23.368,5,0.0,0.008248104820671941
