exe,mean,median,std,min,max,n,pct_vs_baseline,cov
som-rs-bc-nan,20.7434,20.239,1.2057938463933204,20.106,22.892,5,0.12357665570735743,0.05812903604969872
som-rs-bc-l4bits,21.9164,21.816,0.1732809856851016,21.745,22.128,5,0.06344107608913863,0.007906452961485537
som-rs-bc-l3bits,22.185,22.16,0.2596285808611997,21.953,22.608,5,0.050565697543385246,0.011702888476952885
som-rs-bc-baseline,23.3068,23.31,0.23193037748427894,23.037,23.552,5,0.0,0.0099511892445243
