exe,mean,median,std,min,max,n,pct_vs_baseline,cov
som-rs-bc-l4bits,42.9396,42.878,0.45079185884396916,42.323,43.496,5,0.4983698031653765,0.01049827801944986
som-rs-bc-l3bits,44.325599999999994,43.437,2.123975706075756,42.847,48.07,5,0.45151785875430916,0.047917585009018625
som-rs-bc-nan,58.6546,58.426,0.5386467302416315,58.281,59.579,5,0.09691993466838067,0.009183367208055829
som-rs-bc-baseline,64.3394,64.215,0.44065269771101984,63.876,64.964,5,0.0,0.006848877945877951
