exe,mean,median,std,min,max,n,pct_vs_baseline,cov
som-rs-bc-l4bits,42.9456,42.991,0.08656962515801672,42.838,43.032,5,0.49956689393092657,0.0020157973146961907
som-rs-bc-l3bits,43.323,43.23,0.406454794534398,43.011,44.014,5,0.48650370472958926,0.009381963265110864
som-rs-bc-nan,58.66420000000001,58.667,0.0759651235765456,58.588,58.771,5,0.09777001987583556,0.0012949145062328574
som-rs-bc-baseline,64.3998,64.419,0.29729900773464585,63.992,64.693,5,0.0,0.0046164585563098935
