exe,mean,median,std,min,max,n,pct_vs_baseline,cov
som-rs-bc-nan,74.0452,74.316,0.7246662680158353,72.925,74.773,5,0.371772917083079,0.009786809516563334
som-rs-bc-l3bits,74.672,74.217,1.1015030639993701,73.593,76.007,5,0.3602581958431541,0.014751219520025848
som-rs-bc-l4bits,78.3994,78.181,1.293978477409883,76.732,80.029,5,0.29558644581463644,0.01650495383140538
som-rs-bc-baseline,101.5732,102.234,1.9321984111369077,99.074,103.609,5,0.0,0.019022718700768586
