exe,mean,median,std,min,max,n,pct_vs_baseline,cov
som-rs-bc-nan,73.906,73.65,0.8639649877165161,72.914,74.943,5,0.3565393878710794,0.011690052062302331
som-rs-bc-l3bits,75.1918,75.435,1.2972388754581787,73.816,76.977,5,0.333342199548355,0.01725239820642914
som-rs-bc-l4bits,78.1554,77.624,1.668591112286052,76.825,80.977,5,0.28278276357103915,0.02134965865808443
som-rs-bc-baseline,100.2564,99.34,1.6434276071674097,98.742,102.503,5,0.0,0.016392246352027497
