exe,mean,median,std,min,max,n,pct_vs_baseline,cov
som-rs-bc-nan,3702.7987000000003,3661.8765,3845.033370555985,54.916,7400.624,10,0.24019064282376457,1.0384127472433176
som-rs-bc-l3bits,3812.8748,3786.142,3961.9593574384044,54.006,7609.505,10,0.2043868579162369,1.0391003023331382
som-rs-bc-l4bits,3938.0267999999996,3917.203,4093.899450932185,53.991,7899.757,10,0.16611098228178656,1.0395814093830407
som-rs-bc-baseline,4592.1763,4569.2835,4766.8322997139785,69.436,9188.261,10,0.0,1.0380333829330504
