exe,mean,median,std,min,max,n,pct_vs_baseline,cov
som-rs-bc-nan,3726.2610999999997,3705.1620000000003,3869.505459340981,54.854,7488.915,10,0.23139511077202823,1.0384418470678238
som-rs-bc-l3bits,3834.0788000000002,3808.0775,3984.575210892981,53.857,7685.964,10,0.1967671869446186,1.0392522998987346
som-rs-bc-l4bits,3953.5534,3931.2765,4109.307557559469,54.127,7889.507,10,0.16060142250766107,1.0393959918587339
som-rs-bc-baseline,4588.499699999999,4510.776,4762.165939378589,70.126,9242.4,10,0.0,1.0378481531509287
