exe,mean,median,std,min,max,n,pct_vs_baseline,cov
som-rs-bc-l3bits,40.303399999999996,40.34,0.1579534741624871,40.039,40.455,5,0.31339787710218014,0.0039191104016655445
som-rs-bc-l4bits,40.4962,40.346,0.40777469269193606,40.236,41.22,5,0.3071448679135327,0.01006945571910293
som-rs-bc-nan,41.0596,41.004,0.6366068645561406,40.504,42.125,5,0.28920885736831337,0.015504458508025907
som-rs-bc-baseline,52.934400000000004,53.026,0.32542787219290126,52.575,53.353,5,0.0,0.006147757832201768
