exe,mean,median,std,min,max,n,pct_vs_baseline,cov
som-rs-bc-l3bits,39.910399999999996,39.865,0.10559261337802194,39.827,40.091,5,0.3210491500962156,0.002645741796073754
som-rs-bc-l4bits,40.305600000000005,40.27,0.18007998223011842,40.116,40.582,5,0.3080961454487712,0.004467865066643801
som-rs-bc-nan,41.2716,41.207,0.34394374540032074,40.864,41.817,5,0.2774789443588326,0.008333666380763546
som-rs-bc-baseline,52.7236,52.849,0.3543695810873163,52.321,53.055,5,0.0,0.006721270571192338
