exe,mean,median,std,min,max,n,pct_vs_baseline,cov
som-rs-bc-nan,3549.0343000000003,3510.7895000000003,3701.939944507655,36.892,7174.399,10,0.23344671535014472,1.043083732526241
som-rs-bc-l3bits,3648.7091,3587.3355,3807.3593333500685,37.084,7410.594,10,0.19975163270757879,1.0434811954041687
som-rs-bc-l4bits,3755.6038999999996,3716.377,3920.0549114131454,36.625,7562.745,10,0.16560340668514084,1.043788167174165
som-rs-bc-baseline,4377.5447,4320.7,4561.360034460728,49.612,8771.112,10,0.0,1.0419905099908464
