exe,mean,median,std,min,max,n,pct_vs_baseline,cov
som-rs-bc-nan,3555.6133,3541.622,3708.986300979766,36.841,7154.258,10,0.2210829844741553,1.0431354559787944
som-rs-bc-l3bits,3657.9288,3628.2960000000003,3816.5551890454185,37.017,7314.842,10,0.1869282146771145,1.0433650838270603
som-rs-bc-l4bits,3728.1942000000004,3696.67,3890.9248323588918,36.608,7476.546,10,0.16455813916560458,1.0436486469398218
som-rs-bc-baseline,4341.6989,4285.3435,4523.0280398492005,50.111,8722.846,10,0.0,1.041764558995374
