exe,mean,median,std,min,max,n,pct_vs_baseline,cov
som-rs-bc-nan,3563.2663000000002,4633.3595000000005,1996.880351877321,190.741,4925.499,20,0.32449060851836964,0.56040727348313
som-rs-bc-l3bits,3702.6400000000003,4806.841,2076.594350584478,196.191,5118.9,20,0.2746345175334355,0.5608415483504953
som-rs-bc-l4bits,4044.4725,5251.0,2271.051261618249,208.453,5569.847,20,0.1669043985340486,0.5615197684291955
som-rs-bc-baseline,4719.51275,6136.6630000000005,2636.953051585622,265.765,6469.047,20,0.0,0.5587341726294991
