exe,mean,median,std,min,max,n,pct_vs_baseline,cov
som-rs-bc-nan,3590.2241999999997,4667.592500000001,2013.1174110773832,191.383,4951.841,20,0.3120639095463733,0.560721921231934
som-rs-bc-l3bits,3718.8589,4831.1615,2084.8366000007595,196.722,5115.441,20,0.2666798409587414,0.5606119124338811
som-rs-bc-l4bits,4002.0557999999996,5202.9645,2246.0405022404625,211.158,5611.112,20,0.1770459572302816,0.5612216856747632
som-rs-bc-baseline,4710.6036,6114.986,2633.6827518022305,262.167,6452.909,20,0.0,0.5590966626447257
