exe,mean,median,std,min,max,n,pct_vs_baseline,cov
som-rs-bc-nan,135.81672,142.696,21.18942201459097,107.589,161.329,75,0.16437141661694277,0.1560148265588432
som-rs-bc-l3bits,136.1350666666667,139.692,21.02627541867513,108.802,163.585,75,0.16164857842162617,0.15445157470087398
som-rs-bc-l4bits,138.20136,144.908,21.222688609789948,109.722,168.738,75,0.14428039396042625,0.15356352940224285
som-rs-bc-baseline,158.14110666666667,138.578,30.251902394311585,128.384,202.918,75,0.0,0.19129689321118268
