exe,mean,median,std,min,max,n,pct_vs_baseline,cov
som-rs-bc-nan,136.0692,143.37,21.276511694633868,107.851,164.491,75,0.16602336654192618,0.15636537654835825
som-rs-bc-l3bits,137.11030666666665,139.204,22.185656118417693,109.164,202.524,75,0.15716951208044372,0.16180881406934614
som-rs-bc-l4bits,138.14589333333333,144.829,21.38581065552283,109.493,169.712,75,0.14849499205767192,0.15480598184645877
som-rs-bc-baseline,158.65986666666666,138.638,30.177928512960147,128.087,203.804,75,0.0,0.19020518009360157
