exe,mean,median,std,min,max,n,pct_vs_baseline,cov
som-rs-bc-l4bits,16.200213333333334,16.152,0.3048020754936321,15.547,17.121,75,0.12981145927296445,0.01881469516617263
som-rs-bc-l3bits,16.456133333333334,16.414,0.23661659792671835,15.955,17.171,75,0.11224102867421282,0.014378626687924969
som-rs-bc-nan,16.567893333333334,16.461,0.4836173820824195,16.39,19.953,75,0.1047383211866808,0.029190034746869015
som-rs-bc-baseline,18.30318666666667,18.253,0.20850184349002415,18.12,19.855,75,0.0,0.011391559693249634
