exe,mean,median,std,min,max,n,pct_vs_baseline,cov
som-rs-bc-l4bits,16.202146666666668,16.166,0.36977439043262555,15.369,17.379,75,0.13644529408037265,0.02282255543294009
som-rs-bc-l3bits,16.4568,16.37,0.6570603041146551,15.866,20.246,75,0.11885988365498323,0.03992637111192061
som-rs-bc-nan,16.544706666666666,16.481,0.41433296355067323,16.377,19.974,75,0.11291506729644829,0.025043234183501586
som-rs-bc-baseline,18.41285333333333,18.268,0.5209650269252994,18.177,21.933,75,0.0,0.028293552199331384
