exe,mean,median,std,min,max,n,pct_vs_baseline,cov
som-rs-bc-l3bits,62.6148,62.684,0.18515588027388977,62.296,62.769,5,0.2872228291074952,0.00295706255188693
som-rs-bc-l4bits,62.628600000000006,62.52,0.5492192640467038,62.062,63.203,5,0.2869391939146011,0.008769464175260245
som-rs-bc-nan,63.217999999999996,63.211,0.592366018606739,62.628,64.044,5,0.2749406814514854,0.009370211310176516
som-rs-bc-baseline,80.5992,80.63,0.43399965437774246,80.075,81.193,5,0.0,0.005384664542299954
