exe,mean,median,std,min,max,n,pct_vs_baseline,cov
som-rs-bc-l4bits,62.809400000000004,62.675,0.9193170291036712,61.786,64.31,5,0.2824386158759675,0.01463661536495606
som-rs-bc-nan,62.8288,62.54,0.8857413279281949,62.053,64.051,5,0.28204263013140474,0.014097696087275182
som-rs-bc-l3bits,64.5762,63.29,3.4691178561703575,62.211,70.721,5,0.2473511913057751,0.0537213068618215
som-rs-bc-baseline,80.5492,80.625,0.39639651865272013,79.933,80.99,5,0.0,0.004921172633033229
