exe,mean,median,std,min,max,n,pct_vs_baseline,cov
som-rs-bc-nan,48.8754,48.744,0.29288188745636,48.577,49.314,5,0.28929481907053445,0.005992419242734791
som-rs-bc-l3bits,49.0246,49.066,0.397517043659766,48.586,49.536,5,0.28537101781554575,0.008108521918787017
som-rs-bc-l4bits,49.173199999999994,48.898,0.6806446943890749,48.49,50.144,5,0.28148666346709206,0.013841781588122697
som-rs-bc-baseline,63.0148,62.526,0.9459041706219522,62.205,64.281,5,0.0,0.015010825561962463
