exe,mean,median,std,min,max,n,pct_vs_baseline,cov
som-rs-bc-nan,49.0298,48.963,0.454342602008659,48.35,49.544,5,0.2935765595617361,0.009266662356539472
som-rs-bc-l3bits,49.2504,49.554,0.939953349906261,48.178,50.355,5,0.28778243425434136,0.019085192199581345
som-rs-bc-l4bits,49.2876,49.22,0.38170577674433975,48.826,49.729,5,0.28681047565716344,0.007744458580745254
som-rs-bc-baseline,63.42380000000001,63.751,0.7904648632292255,62.264,64.087,5,0.0,0.012463221428379022
