exe,mean,median,std,min,max,n,pct_vs_baseline,cov
som-rs-bc-l3bits,43.2248,43.205,0.09818706635804794,43.13,43.357,5,0.3075317873072865,0.0022715447233543694
som-rs-bc-l4bits,44.3794,44.468,0.20919321212697017,44.116,44.602,5,0.2735142881607233,0.004713745839893513
som-rs-bc-nan,45.857600000000005,45.214,1.3204114131587918,45.13,48.202,5,0.23246310317155716,0.028793731315175493
som-rs-bc-baseline,56.5178,56.571,0.13711017467715644,56.33,56.67,5,0.0,0.002425964469196544
