exe,mean,median,std,min,max,n,pct_vs_baseline,cov
som-rs-bc-l3bits,43.481,43.334,0.49449216373973304,43.108,44.335,5,0.2987097812837791,0.011372603292006463
som-rs-bc-l4bits,44.325599999999994,44.3,0.061638462018450545,44.254,44.407,5,0.2739635786092012,0.0013905838165405669
som-rs-bc-nan,45.205200000000005,45.119,0.26219496562672645,45.006,45.665,5,0.2491748736870978,0.005800106306945361
som-rs-bc-baseline,56.4692,56.417,0.17533453738496615,56.303,56.766,5,0.0,0.003104958763095035
