exe,mean,median,std,min,max,n,pct_vs_baseline,cov
som-rs-bc-nan,20.082,20.04,0.13072298956189787,19.952,20.277,5,0.34983567373767555,0.006509460689268891
som-rs-bc-l3bits,20.534399999999998,20.565,0.199796896872798,20.27,20.743,5,0.3200970079476393,0.00972986290677098
som-rs-bc-l4bits,20.956799999999998,21.035,0.38196950140030755,20.547,21.468,5,0.29348946404031184,0.01822651842840069
som-rs-bc-baseline,27.107400000000002,27.006,0.3568505289333327,26.722,27.611,5,0.0,0.013164321511223234
