exe,mean,median,std,min,max,n,pct_vs_baseline,cov
som-rs-bc-nan,20.2674,20.095,0.5368298613154816,19.863,21.208,5,0.3256066392334489,0.02648735710132931
som-rs-bc-l3bits,20.4262,20.322,0.3016930559359962,20.227,20.951,5,0.31530093703185114,0.01476990609785453
som-rs-bc-l4bits,21.087200000000003,21.035,0.41862835546579896,20.669,21.552,5,0.274071474638643,0.019852249490961288
som-rs-bc-baseline,26.8666,26.953,0.2669612331406932,26.411,27.089,5,0.0,0.0099365469817801
