exe,mean,median,std,min,max,n,pct_vs_baseline,cov
som-rs-bc-l4bits,35.053200000000004,35.084,0.14329410315850286,34.889,35.259,5,0.29762190042563863,0.0040879036195982914
som-rs-bc-l3bits,35.2368,35.376,0.27784833992665725,34.817,35.479,5,0.2908606910956726,0.007885175155708158
som-rs-bc-nan,35.7256,35.729,0.22291657632396952,35.464,36.035,5,0.27319905054078863,0.006239687404101527
som-rs-bc-baseline,45.4858,45.249,0.4547754390905486,45.089,46.003,5,0.0,0.009998184908049296
