exe,mean,median,std,min,max,n,pct_vs_baseline,cov
som-rs-bc-l4bits,35.367399999999996,35.417,0.2417173969742369,34.987,35.646,5,0.30163370787787636,0.006834468945250059
som-rs-bc-nan,35.4058,35.35,0.38197931881189756,35.074,36.03,5,0.3002219975258291,0.010788608612484327
som-rs-bc-l3bits,35.4226,35.397,0.31195400301967746,35.109,35.854,5,0.2996053367059448,0.008806637655611882
som-rs-bc-baseline,46.0354,46.338,0.5938318785649687,45.323,46.683,5,0.0,0.01289946168741813
