exe,mean,median,std,min,max,n,pct_vs_baseline,cov
som-rs-bc-l3bits,32.571000000000005,32.53,0.11436782764396858,32.496,32.773,5,0.2424365232875869,0.0035113391558124884
som-rs-bc-l4bits,32.81699999999999,32.676,0.3391076525235025,32.632,33.422,5,0.23312307645427688,0.010333292273014065
som-rs-bc-nan,36.035199999999996,35.908,0.38967383797221883,35.615,36.6,5,0.1229964035165616,0.010813699881566326
som-rs-bc-baseline,40.4674,40.391,0.12704841596808594,40.38,40.671,5,0.0,0.0031395250490045307
