exe,mean,median,std,min,max,n,pct_vs_baseline,cov
som-rs-bc-l3bits,32.62,32.572,0.17282505605380327,32.474,32.914,5,0.24136112814224409,0.005298131699993969
som-rs-bc-l4bits,32.6746,32.67,0.0507474137272011,32.619,32.756,5,0.23928678545414495,0.0015531150718662541
som-rs-bc-nan,36.1746,35.982,0.4806410302918395,35.766,36.978,5,0.1193821078878552,0.013286699239019631
som-rs-bc-baseline,40.4932,40.477,0.09928343265620768,40.377,40.635,5,0.0,0.002451854451024065
