exe,mean,median,std,min,max,n,pct_vs_baseline,cov
som-rs-bc-nan,7960.4,7957.0,36.81439935677335,7923.0,7998.0,5,0.99241244158585,0.004624692145717973
som-rs-bc-l4bits,8106.8,8102.0,35.8008379790194,8053.0,8143.0,5,0.9564316376375388,0.004416149156142917
som-rs-bc-l3bits,8126.0,8126.0,146.9778894936242,7909.0,8322.0,5,0.9518090081220771,0.018087360262567586
som-rs-bc-baseline,15860.4,15887.0,181.20237305289356,15608.0,16048.0,5,0.0,0.011424829957182263
