exe,mean,median,std,min,max,n,pct_vs_baseline,cov
som-rs-bc-l3bits,12078.7,11925.0,12732.9300115008,0.0,24426.0,10,1.340640963017543,1.0541639424359244
som-rs-bc-nan,12085.4,11918.0,12740.219021316358,0.0,24493.0,10,1.3393433398977281,1.0541826519036488
som-rs-bc-l4bits,12147.7,12032.0,12805.749681295507,0.0,24601.0,10,1.3273459173341458,1.0541707221363308
som-rs-bc-baseline,28271.9,27983.0,29802.400635780257,0.0,56898.0,10,0.0,1.0541350470177193
