exe,mean,median,std,min,max,n,pct_vs_baseline,cov
som-rs-bc-l3bits,12074.1,11965.0,12728.469415273603,0.0,24615.0,10,1.3847823026146875,1.054196123543254
som-rs-bc-nan,12191.3,12070.5,12851.282037645547,0.0,24540.0,10,1.3618564057975768,1.0541354931504883
som-rs-bc-l4bits,12204.0,11989.0,12866.988830163627,0.0,25073.0,10,1.359398557849885,1.0543255350838765
som-rs-bc-baseline,28794.1,28477.5,30354.109615411955,0.0,58517.0,10,0.0,1.054178099520803
