exe,mean,median,std,min,max,n,pct_vs_baseline,cov
som-rs-bc-l3bits,7.0866533333333335,7.106,0.05810928504988691,6.938,7.195,75,0.08745642042600266,0.008199820467661309
som-rs-bc-nan,7.18808,7.215,0.09432917636401549,6.912,7.381,75,0.07211197797835678,0.013123000351139035
som-rs-bc-l4bits,7.28896,7.274,0.06509918420213706,7.154,7.43,75,0.057273831474814685,0.008931203381845566
som-rs-bc-baseline,7.706426666666666,7.695,0.060593500082535626,7.594,7.868,75,0.0,0.007862723244305484
