exe,mean,median,std,min,max,n,pct_vs_baseline,cov
som-rs-bc-l4bits,25.61697333333333,26.105,1.1585976725536977,23.054,26.572,75,0.08659466926355597,0.045227734653808874
som-rs-bc-nan,25.812293333333333,26.293,1.1403888238445472,23.301,27.283,75,0.0783724757505726,0.04418006602969595
som-rs-bc-l3bits,25.922586666666668,26.346,1.26884858523476,23.089,27.619,75,0.07378430341828013,0.04894760702512558
som-rs-bc-baseline,27.835266666666666,29.348,2.1815551812890295,24.22,30.116,75,0.0,0.07837378414274324
