exe,mean,median,std,min,max,n,pct_vs_baseline,cov
som-rs-bc-nan,16.1834,16.171,0.09779979550080684,16.103,16.349,5,0.24013495310009048,0.006043216845706517
som-rs-bc-l3bits,16.419999999999998,16.42,0.13050862040493655,16.278,16.614,5,0.2222655298416567,0.00794814984195716
som-rs-bc-l4bits,16.4696,16.443,0.06290310008258701,16.399,16.559,5,0.21858454364404722,0.003819345951485586
som-rs-bc-baseline,20.0696,20.044,0.11062911009313925,19.96,20.216,5,0.0,0.005512272795329216
