exe,mean,median,std,min,max,n,pct_vs_baseline,cov
som-rs-bc-nan,9.6738,9.694,0.031807231882073926,9.632,9.699,5,0.15410696933986645,0.0032879769978781787
som-rs-bc-l3bits,9.8796,9.883,0.022445489524623396,9.849,9.905,5,0.13006599457467916,0.0022719026604946955
som-rs-bc-l4bits,10.2726,10.234,0.08728000916590176,10.224,10.428,5,0.08683293421334426,0.008496389343097342
som-rs-bc-baseline,11.1646,11.163,0.018379336223052458,11.142,11.184,5,0.0,0.0016462153792390643
