exe,mean,median,std,min,max,n,pct_vs_baseline,cov
som-rs-bc-nan,389.95705,516.021,228.61850433935965,3.572,531.644,20,0.244625401694879,0.586265857584469
som-rs-bc-l4bits,402.334,533.058,236.03745903808974,3.59,547.585,20,0.2063371477429201,0.5866704256614895
som-rs-bc-l3bits,411.2067,544.9559999999999,241.1911932212373,3.592,558.877,20,0.18030773817644508,0.5865449011926054
som-rs-bc-baseline,485.35045,644.5715,284.9839856607782,3.991,653.729,20,0.0,0.5871715698641635
