exe,mean,median,std,min,max,n,pct_vs_baseline,cov
som-rs-bc-nan,10.3254,10.321,0.05887529193133545,10.25,10.39,5,0.2670501869176982,0.005701986550771442
som-rs-bc-l3bits,10.4418,10.332,0.23240524951041852,10.296,10.844,5,0.2529257407726637,0.022257201776553708
som-rs-bc-baseline,13.0828,13.042,0.11013037728074827,12.983,13.25,5,0.0,0.008417951606746894
som-rs-bc-l4bits,13.6684,10.594,6.895338084532187,10.53,26.003,5,-0.04284334669749201,0.5044729510792915
