exe,mean,median,std,min,max,n,pct_vs_baseline,cov
som-rs-bc-l4bits,34.4752,34.312,0.5171471744097611,34.112,35.362,5,0.21273843226435218,0.015000556179797684
som-rs-bc-l3bits,34.9828,34.882,0.23805923632575574,34.785,35.387,5,0.19514161244954664,0.006805036655892488
som-rs-bc-nan,35.042,34.811,0.6832960558937824,34.384,35.804,5,0.1931225386678841,0.019499345239820283
som-rs-bc-baseline,41.8094,41.72,0.79600678389069,41.082,43.15,5,0.0,0.01903894301020082
