exe,mean,median,std,min,max,n,pct_vs_baseline,cov
som-rs-bc-nan,3.1081066666666666,3.104,0.015240924045666225,3.079,3.152,75,0.1203862587298592,0.004903603923610373
som-rs-bc-l4bits,3.1194933333333332,3.116,0.019265831211039232,3.088,3.189,75,0.11629666356074919,0.0061759488328358555
som-rs-bc-l3bits,3.1740266666666668,3.16,0.053556732570271715,3.092,3.336,75,0.09711743652647309,0.016873434975427128
som-rs-bc-baseline,3.48228,3.495,0.03806699641705678,3.406,3.567,75,0.0,0.010931629971471788
