exe,mean,median,std,min,max,n,pct_vs_baseline,cov
som-rs-bc-nan,3.2571066666666666,3.251,0.05051426700617532,3.184,3.365,75,0.2414985897504125,0.015508938507645433
som-rs-bc-l4bits,3.4161599999999996,3.41,0.05887711435349552,3.323,3.539,75,0.18369553338641453,0.01723488195912824
som-rs-bc-l3bits,3.419026666666667,3.431,0.04820114760698777,3.336,3.532,75,0.1827030694895624,0.01409791508118912
som-rs-bc-baseline,4.043693333333334,4.044,0.050423067794073864,3.938,4.166,75,0.0,0.012469557812018516
