exe,mean,median,std,min,max,n,pct_vs_baseline,cov
som-rs-bc-nan,3.1171733333333336,3.114,0.032268038463877935,3.087,3.342,75,0.08884117234417488,0.010351698482346591
som-rs-bc-l3bits,3.1368,3.134,0.017354024379438945,3.1,3.208,75,0.08202839411714691,0.0055323974685791075
som-rs-bc-l4bits,3.141653333333333,3.136,0.027904515440730786,3.085,3.238,75,0.08035683971072549,0.008882111576302962
som-rs-bc-baseline,3.3941066666666666,3.414,0.03652232687494536,3.326,3.446,75,0.0,0.010760512400399524
