exe,mean,median,std,min,max,n,pct_vs_baseline,cov
som-rs-bc-l4bits,4.7032799999999995,4.64,0.126109407669304,4.585,4.966,75,0.08713635306991452,0.026813076761176034
som-rs-bc-l3bits,4.727133333333334,4.725,0.10347637585632966,4.601,4.97,75,0.08165061277447916,0.021889878825009444
som-rs-bc-nan,4.820666666666667,4.818,0.1024543844884195,4.694,5.03,75,0.060663808601853164,0.02125315678780656
som-rs-bc-baseline,5.113106666666667,5.129,0.05071957171501903,4.978,5.274,75,0.0,0.00991952153974603
