exe,mean,median,std,min,max,n,pct_vs_baseline,cov
som-rs-bc-nan,757.4359333333334,756.132,4.6372579408012005,755.49,774.105,15,0.1209935555385584,0.006122310464455387
som-rs-bc-l4bits,764.5422666666667,763.444,4.421135850607133,762.535,780.4,15,0.1105740480535018,0.005782722608499952
som-rs-bc-l3bits,778.1501333333333,776.523,5.094103410059635,775.275,794.691,15,0.09115293261317525,0.00654642747182759
som-rs-bc-baseline,849.0808,848.188,4.497820348314781,846.604,865.16,15,0.0,0.005297281893919615
