exe,mean,median,std,min,max,n,pct_vs_baseline,cov
som-rs-bc-nan,4.439306666666666,4.446,0.0598157019368511,4.327,4.576,75,0.13180436584691924,0.013474109005802207
som-rs-bc-l3bits,4.4657333333333336,4.456,0.05817270032466325,4.387,4.642,75,0.1251067387215239,0.013026460825694156
som-rs-bc-l4bits,4.65072,4.643,0.059313769423661275,4.55,4.75,75,0.0803545830896435,0.012753674575906801
som-rs-bc-baseline,5.024426666666667,5.014,0.04626777914907291,4.944,5.154,75,0.0,0.009208568901209208
