exe,mean,median,std,min,max,n,pct_vs_baseline,cov
som-rs-bc-nan,14.162200000000002,14.16,0.03513829819442056,14.125,14.204,5,0.19419299261414147,0.002481132747342966
som-rs-bc-l3bits,14.406200000000002,14.298,0.2937332122862519,14.181,14.9,5,0.17396676430981084,0.020389360989452585
som-rs-bc-l4bits,14.713,14.718,0.038871583451153296,14.657,14.754,5,0.14948684836539106,0.0026419889520256437
som-rs-bc-baseline,16.912399999999998,16.901,0.0696763948550718,16.811,16.991,5,0.0,0.00411984075915138
