exe,mean,median,std,min,max,n,pct_vs_baseline,cov
som-rs-bc-nan,1235.50485,1624.9279999999999,696.8956543246308,58.586,1645.621,20,0.1479878448069225,0.5640574007658737
som-rs-bc-l4bits,1269.6712499999999,1670.5025,716.2716692289225,60.176,1688.725,20,0.11709590179347629,0.5641394725043373
som-rs-bc-l3bits,1273.7028,1676.2185,718.5855963554633,60.199,1695.018,20,0.11356004713187406,0.5641705399057483
som-rs-bc-baseline,1418.34455,1865.9535,798.9242217823107,69.119,1883.504,20,0.0,0.5632793680367092
