exe,mean,median,std,min,max,n,pct_vs_baseline,cov
som-rs-bc-nan,37.15978666666667,37.823,2.8204867429908944,32.776,40.855,75,0.15575654542688433,0.07590158598840792
som-rs-bc-l3bits,37.990293333333334,38.286,2.9343976442217934,33.841,42.791,75,0.13049052529909377,0.07724072089875396
som-rs-bc-l4bits,38.61630666666667,39.257,2.804743795079339,34.068,42.775,75,0.11216401499470163,0.07263107317045353
som-rs-bc-baseline,42.94766666666666,40.967,4.126929302576973,37.511,49.773,75,0.0,0.09609204929822279
