exe,mean,median,std,min,max,n,pct_vs_baseline,cov
som-rs-bc-l3bits,22.009,22.019,0.0277578817635639,21.969,22.04,5,0.22443545822163657,0.0012612059504549912
som-rs-bc-nan,22.0416,22.085,0.08226967849700215,21.902,22.097,5,0.22262449186991873,0.003732473073506558
som-rs-bc-l4bits,22.7758,22.779,0.24775128657587214,22.407,23.096,5,0.18321200572537522,0.010877830266154081
som-rs-bc-baseline,26.9486,26.777,0.61491731151432,26.548,28.027,5,0.0,0.022818154246020947
