exe,mean,median,std,min,max,n,pct_vs_baseline,cov
som-rs-bc-l3bits,19.04,19.046,0.06841052550594996,18.929,19.107,5,0.1310714285714285,0.003592989784976364
som-rs-bc-nan,19.270000000000003,19.279,0.02624880949681229,19.231,19.297,5,0.11757135443694833,0.0013621592888849138
som-rs-bc-l4bits,19.764400000000002,19.757,0.03955755300824292,19.715,19.825,5,0.08961567262350467,0.002001454787812578
som-rs-bc-baseline,21.5356,21.519,0.04542906558581322,21.49,21.609,5,0.0,0.0021094868768835426
