exe,mean,median,std,min,max,n,pct_vs_baseline,cov
som-rs-bc-l3bits,20631552.0,20631552.0,0.0,20631552.0,20631552.0,20,0.6722255310700813,0.0
som-rs-bc-l4bits,20631552.0,20631552.0,0.0,20631552.0,20631552.0,20,0.6722255310700813,0.0
som-rs-bc-nan,20631552.0,20631552.0,0.0,20631552.0,20631552.0,20,0.6722255310700813,0.0
som-rs-bc-baseline,34500608.0,34500608.0,0.0,34500608.0,34500608.0,20,0.0,0.0
