exe,mean,median,std,min,max,n,pct_vs_baseline,cov
som-rs-bc-l3bits,231.97333333333333,0.0,474.95735152302433,0.0,1620.0,75,0.005058052649729916,2.0474653043008866
som-rs-bc-baseline,233.14666666666668,0.0,477.17639928650703,0.0,1632.0,75,0.0,2.0466790544714644
som-rs-bc-l4bits,240.65333333333334,0.0,491.1135304792771,0.0,1765.0,75,-0.031192863870574516,2.0407509992767343
som-rs-bc-nan,243.52,0.0,527.755736906609,0.0,2741.0,75,-0.0425974594831362,2.167196685720306
