exe,mean,median,std,min,max,n,pct_vs_baseline,cov
som-rs-bc-l4bits,13542.2,13211.5,14294.804936681641,0.0,29072.0,10,0.6922139681883297,1.0555747911477928
som-rs-bc-nan,13609.2,12941.5,14361.974321102234,0.0,28367.0,10,0.6838829615260265,1.055313634975034
som-rs-bc-l3bits,13838.2,13168.0,14599.746130212903,0.0,28856.0,10,0.6560174011070803,1.055032166771177
som-rs-bc-baseline,22916.3,22765.5,24156.527036301297,0.0,46202.0,10,0.0,1.054119863865515
