exe,mean,median,std,min,max,n,pct_vs_baseline,cov
som-rs-bc-l3bits,8341.5,8169.0,8796.398672815547,0.0,17318.0,10,0.7736498231732902,1.0545343970287775
som-rs-bc-nan,8470.2,7874.5,8949.37317233882,0.0,18306.0,10,0.7467001959812045,1.0565716479349743
som-rs-bc-l4bits,8491.5,7927.0,8974.600433693104,0.0,18291.0,10,0.7423187893776129,1.056892237377743
som-rs-bc-baseline,14794.9,14106.0,15609.142651735301,0.0,30934.0,10,0.0,1.0550353602751827
