exe,mean,median,std,min,max,n,pct_vs_baseline,cov
som-rs-bc-nan,243.48,0.0,499.5236206302637,0.0,1622.0,75,0.7201686654619135,2.0516002161584677
som-rs-bc-l4bits,245.02666666666667,0.0,500.41844580401,0.0,1605.0,75,0.7093105512325188,2.042301977216126
som-rs-bc-l3bits,247.04,0.0,512.7508071863664,0.0,1937.0,75,0.6953799654576858,2.0755780731313407
som-rs-bc-baseline,418.82666666666665,0.0,529.3083036948884,0.0,1503.0,75,0.0,1.2637884495452896
