exe,mean,median,std,min,max,n,pct_vs_baseline,cov
som-rs-bc-baseline,329.04,0.0,663.5590655800835,0.0,1838.0,75,0.0,2.0166516702531103
som-rs-bc-l4bits,330.4266666666667,0.0,666.152794203571,0.0,1772.0,75,-0.0041965943023161145,2.016038236028885
som-rs-bc-nan,332.53333333333336,0.0,671.0881509208058,0.0,1846.0,75,-0.01050521251002412,2.0181079117506187
som-rs-bc-l3bits,338.81333333333333,0.0,683.3814710357275,0.0,1876.0,75,-0.028845775451576072,2.016985176800581
