exe,mean,median,std,min,max,n,pct_vs_baseline,cov
som-rs-bc-baseline,335.2,0.0,677.268540296739,0.0,2048.0,75,0.0,2.0204908720069783
som-rs-bc-nan,337.1066666666667,0.0,680.0530697362212,0.0,1919.0,75,-0.005655974370130212,2.0173231115855157
som-rs-bc-l4bits,341.62666666666667,0.0,689.8413796004188,0.0,1941.0,75,-0.018811958473187174,2.0192843443147064
som-rs-bc-l3bits,345.04,0.0,698.92277035372,0.0,2265.0,75,-0.028518432645490477,2.02562824702562
