exe,mean,median,std,min,max,n,pct_vs_baseline,cov
som-rs-bc-nan,8171.6,8079.0,374.2723607214403,7871.0,8821.0,5,0.4523716285672328,0.04580160075400659
som-rs-bc-l4bits,8223.2,8394.0,342.7144584052443,7816.0,8552.0,5,0.4432580990368713,0.04167653205628517
som-rs-bc-l3bits,8239.8,8165.0,341.98128603770135,7953.0,8819.0,5,0.4403504939440279,0.041503590625707104
som-rs-bc-baseline,11868.2,11797.0,363.801731716604,11394.0,12268.0,5,0.0,0.03065348845794678
