exe,mean,median,std,min,max,n,pct_vs_baseline,cov
som-rs-bc-l4bits,8290.6,8166.0,374.60352374210237,7992.0,8930.0,5,0.409331049622464,0.045184127052577905
som-rs-bc-nan,8316.4,8346.0,288.101197498379,7931.0,8650.0,5,0.4049588764369201,0.03464253733567157
som-rs-bc-l3bits,8464.8,8464.0,150.81014554730734,8281.0,8642.0,5,0.38032794631887357,0.017816149885089706
som-rs-bc-baseline,11684.2,11711.0,249.25027582732957,11309.0,12008.0,5,0.0,0.021332250032294
