exe,mean,median,std,min,max,n,pct_vs_baseline,cov
som-rs-bc-nan,22843.5,22103.0,24102.811695134475,0.0,48315.0,10,0.601733534703526,1.0551277910624237
som-rs-bc-l3bits,22913.9,22264.5,24179.347364825397,0.0,48575.0,10,0.5968124151715768,1.0552261886813417
som-rs-bc-l4bits,23028.5,21894.5,24293.599606343505,0.0,47617.0,10,0.5888659704279477,1.0549362575219188
som-rs-bc-baseline,36589.2,35875.0,38581.16356980437,0.0,74988.0,10,0.0,1.054441298793206
