exe,mean,median,std,min,max,n,pct_vs_baseline,cov
som-rs-bc-l3bits,22432.7,21726.0,23657.259445158805,0.0,45758.0,10,0.6249180883264165,1.0545881434316335
som-rs-bc-l4bits,22640.7,21663.0,23889.84490461725,0.0,47489.0,10,0.6099899738082304,1.0551725390388658
som-rs-bc-nan,22890.0,22164.5,24134.97723682834,0.0,46462.0,10,0.5924552206203584,1.0543895691056506
som-rs-bc-baseline,36451.3,35377.5,38440.59687665285,0.0,75376.0,10,0.0,1.0545740995973492
