exe,mean,median,std,min,max,n,pct_vs_baseline,cov
som-rs-bc-l3bits,14517.8,14116.0,15306.82320477447,0.0,29598.0,10,0.6469644160961028,1.0543486757480107
som-rs-bc-nan,14649.9,14411.0,15445.302359905063,0.0,29830.0,10,0.6321135297851863,1.0542940470518614
som-rs-bc-l4bits,14906.6,14254.5,15735.349709774133,0.0,31530.0,10,0.6040076207854239,1.0555961594041654
som-rs-bc-baseline,23910.3,23439.0,25209.58744450655,0.0,49080.0,10,0.0,1.0543400728768166
