exe,mean,median,std,min,max,n,pct_vs_baseline,cov
som-rs-bc-l4bits,14455.1,14328.5,15239.891975776382,0.0,29695.0,10,0.7095834688103162,1.0542917015984934
som-rs-bc-l3bits,14832.5,14313.5,15645.302995894112,0.0,30568.0,10,0.6660846114950278,1.05479878617186
som-rs-bc-nan,14843.2,14369.5,15660.67370340256,0.0,31342.0,10,0.664883583054867,1.0550739532851783
som-rs-bc-baseline,24712.2,23867.0,26070.59720067801,0.0,51928.0,10,0.0,1.0549686875582915
