exe,mean,median,std,min,max,n,pct_vs_baseline,cov
som-rs-bc-l4bits,14585.8,14266.0,15382.83425553735,0.0,30204.0,10,0.6869489503489696,1.0546445347898195
som-rs-bc-nan,14611.0,14201.0,15409.103687250743,0.0,30034.0,10,0.6840394223530217,1.0546234814352708
som-rs-bc-l3bits,14745.4,14551.5,15544.195952902233,0.0,29778.0,10,0.668689896510098,1.0541725523147716
som-rs-bc-baseline,24605.5,24165.0,25943.20976993145,0.0,50280.0,10,0.0,1.0543662908671416
