exe,mean,median,std,min,max,n,pct_vs_baseline,cov
som-rs-bc-nan,14710.4,14267.0,15511.166688693807,0.0,30204.0,10,0.6755424733521864,1.0544354122725288
som-rs-bc-l3bits,15080.4,14790.5,15902.634416277631,0.0,31247.0,10,0.6344327736664812,1.05452338242206
som-rs-bc-l4bits,15099.5,14532.0,15930.82178427159,0.0,31735.0,10,0.6323653101096063,1.0550562458539414
som-rs-bc-baseline,24647.9,23941.0,25988.710781799084,0.0,50238.0,10,0.0,1.0543985808851497
