exe,mean,median,std,min,max,n,pct_vs_baseline,cov
som-rs-bc-l4bits,13460.0,13084.5,14194.735581271747,0.0,27935.0,10,0.7157652303120356,1.054586595934008
som-rs-bc-l3bits,13526.6,13391.5,14259.126155242162,0.0,27383.0,10,0.7073174337971109,1.0541544922775983
som-rs-bc-nan,13710.6,13352.5,14463.179734914604,0.0,28873.0,10,0.6844047671144953,1.0548903574544224
som-rs-bc-baseline,23094.2,22157.0,24364.042233495566,0.0,48519.0,10,0.0,1.0549853311002575
