exe,mean,median,std,min,max,n,pct_vs_baseline,cov
som-rs-bc-nan,13692.9,13423.5,14436.167739011933,0.0,27711.0,10,0.6951923989804936,1.0542812507950787
som-rs-bc-l3bits,13778.1,13131.0,14538.0349463055,0.0,29017.0,10,0.6847097930774197,1.0551552787616216
som-rs-bc-l4bits,13780.0,13031.0,14545.820300767578,0.0,29271.0,10,0.684477503628447,1.0555747678350929
som-rs-bc-baseline,23212.1,22817.5,24485.790325774207,0.0,48940.0,10,0.0,1.0548718265807147
