exe,mean,median,std,min,max,n,pct_vs_baseline,cov
som-rs-bc-l4bits,328.96,0.0,663.5058491768493,0.0,1784.0,75,0.7566472114137486,2.016980329452971
som-rs-bc-l3bits,333.41333333333336,0.0,672.3102986401872,0.0,1790.0,75,0.7331840358314003,2.016446948652885
som-rs-bc-nan,342.18666666666667,0.0,690.1532867988669,0.0,1860.0,75,0.6887468827930174,2.0168912293451924
som-rs-bc-baseline,577.8666666666667,0.0,724.003123282298,0.0,1813.0,75,0.0,1.2528895765152828
