exe,mean,median,std,min,max,n,pct_vs_baseline,cov
som-rs-bc-nan,331.8933333333333,0.0,669.3996821140673,0.0,1835.0,75,0.7875220954523543,2.0169121066428994
som-rs-bc-l3bits,333.24,0.0,673.5395780822707,0.0,2002.0,75,0.780298483575401,2.021184665953279
som-rs-bc-l4bits,333.82666666666665,0.0,672.9793051983287,0.0,1789.0,75,0.7771697887127051,2.0159543032262115
som-rs-bc-baseline,593.2666666666667,0.0,741.8483368957263,0.0,1784.0,75,0.0,1.2504466854068879
