exe,mean,median,std,min,max,n,pct_vs_baseline,cov
som-rs-bc-l3bits,18496.35,13247.5,19249.695979683846,0.0,46383.0,40,0.660635747052797,1.0407294401156901
som-rs-bc-l4bits,18659.05,12576.5,19565.363502163586,0.0,48383.0,40,0.6461556188551938,1.048572328289146
som-rs-bc-nan,19642.75,13399.5,22009.264338117446,0.0,90254.0,40,0.5637168930012346,1.1204777507282557
som-rs-bc-baseline,30715.7,21704.0,32022.7442122322,0.0,75052.0,40,0.0,1.0425529684243626
