exe,mean,median,std,min,max,n,pct_vs_baseline,cov
som-rs-bc-l3bits,34500608.0,34500608.0,0.0,34500608.0,34500608.0,5,0.6694764335747359,0.0
som-rs-bc-l4bits,34500608.0,34500608.0,0.0,34500608.0,34500608.0,5,0.6694764335747359,0.0
som-rs-bc-nan,34500608.0,34500608.0,0.0,34500608.0,34500608.0,5,0.6694764335747359,0.0
som-rs-bc-baseline,57597952.0,57597952.0,0.0,57597952.0,57597952.0,5,0.0,0.0
