exe,mean,median,std,min,max,n,pct_vs_baseline,cov
som-rs-bc-l3bits,5.1195466666666665,5.106,0.06288541560247084,5.035,5.441,75,0.42457665522468147,0.012283395327152178
som-rs-bc-nan,5.1966399999999995,5.153,0.18686406679578466,5.107,6.733,75,0.40344273735849856,0.03595863226927104
som-rs-bc-l4bits,5.19944,5.113,0.7440924499375426,5.076,11.556,75,0.40268695603116234,0.14311011376947183
som-rs-bc-baseline,7.293186666666667,7.248,0.14922979679759732,7.196,7.851,75,0.0,0.02046153535047286
