exe,mean,median,std,min,max,n,pct_vs_baseline,cov
som-rs-bc-nan,1213.8685,1572.842,715.6257054075494,10.463,1833.252,20,0.23666369133065057,0.5895413756988911
som-rs-bc-l3bits,1238.97135,1608.858,729.9841412597714,10.859,1866.04,20,0.21160759689883046,0.5891856508705963
som-rs-bc-l4bits,1248.6316,1630.734,734.5685856130937,10.682,1801.327,20,0.20223378937390346,0.5882988910524879
som-rs-bc-baseline,1501.1471,1954.2465,884.2361248630546,13.141,2266.211,20,0.0,0.5890402911633741
