exe,mean,median,std,min,max,n,pct_vs_baseline,cov
som-rs-bc-l4bits,5.632639999999999,5.599,0.11857608345517061,5.575,6.425,75,0.4096622542892856,0.021051599863504612
som-rs-bc-nan,5.807813333333334,5.796,0.07421256783877786,5.74,6.374,75,0.36714449041061914,0.012778056659094506
som-rs-bc-l3bits,6.34084,6.037,0.8778441812112704,5.98,9.6,75,0.25221894890897745,0.13844288472998378
som-rs-bc-baseline,7.94012,7.928,0.07418912282771581,7.834,8.205,75,0.0,0.009343577027515428
