exe,mean,median,std,min,max,n,pct_vs_baseline,cov
som-rs-bc-nan,9.447186666666667,9.413,0.17407839903046246,9.331,10.369,75,0.3633505001136139,0.018426480302826922
som-rs-bc-l4bits,9.70084,9.674,0.057933801924311794,9.642,9.906,75,0.3277022058570873,0.005972039733086186
som-rs-bc-l3bits,10.793133333333333,10.748,0.11290121648894993,10.678,11.385,75,0.19333526872023565,0.010460467132400533
som-rs-bc-baseline,12.879826666666666,12.731,0.2954402749051591,12.668,14.165,75,0.0,0.02293821823470392
