exe,mean,median,std,min,max,n,pct_vs_baseline,cov
som-rs-bc-l4bits,5.473466666666667,5.449,0.12542278052201633,5.425,6.234,75,0.3033689800492072,0.022914687922708885
som-rs-bc-nan,5.494893333333334,5.486,0.03760950617802602,5.437,5.727,75,0.2982866516062188,0.00684444699770199
som-rs-bc-l3bits,5.495760000000001,5.499,0.03312378095666125,5.419,5.596,75,0.2980819152704388,0.006027152014764336
som-rs-bc-baseline,7.1339466666666675,7.091,0.21702502616514507,7.064,8.526,75,0.0,0.030421453412203585
