exe,mean,median,std,min,max,n,pct_vs_baseline,cov
som-rs-bc-nan,5445.9884,5417.290499999999,5733.896610151312,6.321,10929.394,10,0.24348634308512307,1.0528661078586419
som-rs-bc-l3bits,5628.5977,5597.676,5926.334073471822,6.438,11340.816,10,0.20314375994574996,1.052897078338326
som-rs-bc-l4bits,5786.7116000000005,5724.5445,6093.078143898155,6.428,11641.167,10,0.1702695188749339,1.0529431160692637
som-rs-bc-baseline,6772.0122,6717.281,7129.193599350129,8.862,13705.459,10,0.0,1.0527437619427398
