exe,mean,median,std,min,max,n,pct_vs_baseline,cov
som-rs-bc-nan,8.572280000000001,8.559,0.08077672932224957,8.539,9.246,75,0.4775516743114627,0.009423015734699468
som-rs-bc-l3bits,8.914866666666667,8.874,0.17946635108334708,8.85,10.247,75,0.42077129588776807,0.020131131265752385
som-rs-bc-l4bits,9.00584,8.984,0.08694344853548946,8.956,9.673,75,0.4064192420325776,0.009654118720240364
som-rs-bc-baseline,12.665986666666667,12.63,0.23118054798309884,12.51,14.545,75,0.0,0.018252075741679197
