exe,mean,median,std,min,max,n,pct_vs_baseline,cov
som-rs-bc-nan,3788.4550000000004,3767.7325,3922.373825231631,67.286,7566.285,10,0.23775417683461986,1.035349192541981
som-rs-bc-l3bits,3926.0254999999997,3903.3630000000003,4064.5938534223465,69.777,7829.199,10,0.19438246134672355,1.0352948174744017
som-rs-bc-l4bits,4029.9675,4005.23,4171.006583527005,72.669,8054.279,10,0.1635766293400629,1.0349975734362635
som-rs-bc-baseline,4689.176,4639.681500000001,4843.555637975887,94.063,9370.516,10,0.0,1.032922551419671
