exe,mean,median,std,min,max,n,pct_vs_baseline,cov
som-rs-bc-l3bits,61.70666666666666,0.0,124.71879432410199,0.0,373.0,75,0.07346585998271382,2.0211559149325087
som-rs-bc-nan,64.48,0.0,130.13520619683163,0.0,367.0,75,0.027295285359801413,2.018225902556322
som-rs-bc-l4bits,64.50666666666666,0.0,130.58303492034872,0.0,375.0,75,0.026870607689127857,2.02433394357713
som-rs-bc-baseline,66.24,0.0,134.0059337129154,0.0,421.0,75,0.0,2.0230364389027087
