exe,mean,median,std,min,max,n,pct_vs_baseline,cov
som-rs-bc-l3bits,4827.1,4742.5,5089.309917202266,0.0,9887.0,10,0.6682273000352177,1.0543203822589682
som-rs-bc-nan,4952.1,4859.0,5221.087210108212,0.0,10068.0,10,0.6261182124755154,1.0543178066089562
som-rs-bc-l4bits,5124.1,5069.5,5401.704287640256,0.0,10386.0,10,0.571534513377959,1.0541762041412648
som-rs-bc-baseline,8052.7,7972.5,8488.785504678772,0.0,16289.0,10,0.0,1.0541539489461635
