exe,mean,median,std,min,max,n,pct_vs_baseline,cov
som-rs-bc-l3bits,3049.4,2955.5,3215.983043073041,0.0,6268.0,10,0.7439496294352987,1.0546281376903786
som-rs-bc-l4bits,3163.2,3110.5,3334.680154577547,0.0,6429.0,10,0.6812089023773396,1.0542109745123758
som-rs-bc-nan,3173.4,3127.5,3345.496116671886,0.0,6472.0,10,0.6758051301443246,1.0542308302363035
som-rs-bc-baseline,5318.0,5248.0,5606.4173745608505,0.0,10865.0,10,0.0,1.054234181000536
