exe,mean,median,std,min,max,n,pct_vs_baseline,cov
som-rs-bc-l3bits,62.49333333333333,0.0,126.2535387069845,0.0,353.0,75,0.965863025389375,2.020272115004019
som-rs-bc-nan,64.89333333333333,0.0,131.33293501563048,0.0,418.0,75,0.8931580028765154,2.0238278459363648
som-rs-bc-l4bits,65.72,0.0,133.236992671766,0.0,416.0,75,0.8693446946642323,2.0273431629909617
som-rs-bc-baseline,122.85333333333334,0.0,152.95456782920812,0.0,432.0,75,0.0,1.245017645668614
