rank,exe,geo_mean_speedup_vs_baseline,median_speedup_vs_baseline,win_rate
1,som-rs-bc-nan,1.6723714648932932,1.7225856106612685,0.9230769230769231
2,som-rs-bc-l4bits,1.6670006809511364,1.7244214803773805,0.8461538461538461
3,som-rs-bc-l3bits,1.6642830031886484,1.7163713669431455,0.8461538461538461
4,som-rs-bc-baseline,1.0,1.0,0.8076923076923077
