rank,exe,geo_mean_speedup_vs_baseline,median_speedup_vs_baseline,win_rate
1,som-rs-bc-nan,1.2644276895291247,1.2640039636474907,0.5384615384615384
2,som-rs-bc-l4bits,1.2529908228145485,1.260177353506522,0.2692307692307692
3,som-rs-bc-l3bits,1.2391403394778069,1.2445405854167078,0.19230769230769232
4,som-rs-bc-baseline,1.0,1.0,0.0
