exe,mean,median,std,min,max,n,pct_vs_baseline,cov
som-rs-bc-nan,5.668346666666666,5.624,0.25053669382937704,5.506,7.67,75,0.3802966649887327,0.04419925395577612
som-rs-bc-l4bits,5.67624,5.651,0.10265250224040431,5.542,6.15,75,0.3783772356348567,0.018084595126422475
som-rs-bc-l3bits,5.752973333333333,5.713,0.237905896302499,5.61,7.717,75,0.35999239813383443,0.041353554504424204
som-rs-bc-baseline,7.823999999999999,7.78,0.3558354843068522,7.716,10.845,75,0.0,0.04547999543799236
