exe,mean,median,std,min,max,n,pct_vs_baseline,cov
som-rs-bc-nan,18.739986666666667,18.684,0.24682270107460938,18.484,20.218,75,0.206466884714966,0.013170911242623227
som-rs-bc-l3bits,18.903066666666668,18.727,0.3772311762836693,18.642,20.503,75,0.19605848786440294,0.01995608347236441
som-rs-bc-l4bits,18.965880000000002,18.74,0.8438805948582891,18.656,24.286,75,0.1920972469156892,0.04449467121263496
som-rs-bc-baseline,22.609173333333334,22.401,1.1359716923258987,22.364,31.559,75,0.0,0.05024384021379074
