exe,mean,median,std,min,max,n,pct_vs_baseline,cov
som-rs-bc-l3bits,24.75728,24.696,0.27046749117737656,24.493,25.886,75,0.22052718769320911,0.010924766015385234
som-rs-bc-nan,25.23708,25.053,0.47558770924950283,24.982,27.566,75,0.19732288098834472,0.018844799368607733
som-rs-bc-l4bits,25.405266666666666,25.214,0.8752901037746089,25.121,30.624,75,0.18939642436345228,0.03445309648817997
som-rs-bc-baseline,30.216933333333333,29.888,1.0737226645462787,29.637,35.251,75,0.0,0.03553380658128595
