exe,mean,median,std,min,max,n,pct_vs_baseline,cov
som-rs-bc-l4bits,89.89321333333334,93.298,8.021536147776816,73.423,99.72,75,0.13604126733482724,0.08923405728118906
som-rs-bc-nan,90.75768,94.219,7.776239746748997,74.214,97.818,75,0.1252204772092016,0.08568134120163713
som-rs-bc-l3bits,91.14401333333333,94.811,8.013318277975994,74.855,97.494,75,0.12045099030823159,0.08791930467961247
som-rs-bc-baseline,102.1224,113.699,15.67992480935502,77.352,117.377,75,0.0,0.15354050442757927
