exe,mean,median,std,min,max,n,pct_vs_baseline,cov
som-rs-bc-l4bits,54.605999999999995,54.335,1.2111445000494376,53.498,56.613,5,0.3009889023184267,0.022179696371267585
som-rs-bc-l3bits,55.0302,55.003,0.6123472870847075,54.263,55.707,5,0.29096023637929713,0.011127477041419212
som-rs-bc-nan,55.743399999999994,55.563,0.43810078749073195,55.265,56.212,5,0.27444325247473245,0.007859240510817997
som-rs-bc-baseline,71.0418,70.547,0.8515583949442304,70.358,72.085,5,0.0,0.011986723238209483
