exe,mean,median,std,min,max,n,pct_vs_baseline,cov
som-rs-bc-l3bits,25.1704,25.125,0.10113753012606083,25.074,25.291,5,0.34277564122938053,0.004018113741778471
som-rs-bc-l4bits,25.2172,25.203,0.10364458500085734,25.115,25.383,5,0.34028361594467293,0.004110075067844858
som-rs-bc-nan,25.8774,25.873,0.044747066942986316,25.83,25.927,5,0.30608948348752185,0.001729194855085376
som-rs-bc-baseline,33.7982,33.323,1.0512629071740334,33.276,35.677,5,0.0,0.031104109306827978
