exe,mean,median,std,min,max,n,pct_vs_baseline,cov
som-rs-bc-l3bits,8.58124,8.535,0.1270839092883126,8.501,9.025,75,0.31439279171774714,0.014809504137899955
som-rs-bc-nan,8.635159999999999,8.533,0.29794857346937004,8.48,9.976,75,0.3061854094191654,0.0345041172913264
som-rs-bc-l4bits,8.70556,8.562,0.645450235484105,8.531,13.974,75,0.2956225676464235,0.0741422993447986
som-rs-bc-baseline,11.279119999999999,11.21,0.15424523821989894,11.123,11.735,75,0.0,0.013675290113049507
