exe,mean,median,std,min,max,n,pct_vs_baseline,cov
som-rs-bc-nan,1273.2590500000001,1679.212,748.5382794123685,10.79,1798.569,20,0.2778663933313492,0.5878915837373144
som-rs-bc-l4bits,1317.4569999999999,1743.4295000000002,774.0330961808178,11.077,1832.129,20,0.23499662607584182,0.5875205765203857
som-rs-bc-l3bits,1366.7352999999998,1804.8255,803.4784966086096,11.151,1912.024,20,0.1904682274614553,0.5878815719536985
som-rs-bc-baseline,1627.0549500000002,2141.079,956.5443815769167,13.49,2303.666,20,0.0,0.5878992480105952
