exe,mean,median,std,min,max,n,pct_vs_baseline,cov
som-rs-bc-nan,33.444,33.444,0.09162968951164244,33.338,33.57,5,0.29947374715943065,0.002739794567385553
som-rs-bc-l3bits,33.7382,33.565,0.729009739303941,33.094,34.932,5,0.28814222454072835,0.02160784331422367
som-rs-bc-l4bits,34.172399999999996,33.996,0.27990409071680167,33.923,34.519,5,0.27177488265383776,0.008190940370497878
som-rs-bc-baseline,43.4596,43.288,0.36765037739678785,43.155,44.073,5,0.0,0.008459589535954952
