exe,mean,median,std,min,max,n,pct_vs_baseline,cov
som-rs-bc-l3bits,35.271,35.27,0.27985978632165653,34.909,35.615,5,0.33213688299169286,0.007934557747771725
som-rs-bc-l4bits,35.3806,35.258,0.2586228914848789,35.162,35.814,5,0.3280102655127386,0.0073097372991096496
som-rs-bc-nan,35.5498,35.381,0.3756869707615636,35.191,36.134,5,0.3216895734997103,0.010567906732571311
som-rs-bc-baseline,46.9858,46.762,0.7309867987864069,46.457,48.245,5,0.0,0.01555761099707586
