exe,mean,median,std,min,max,n,pct_vs_baseline,cov
som-rs-bc-nan,116.5382,116.09,1.5414552215358062,115.306,119.09,5,0.2986282609479123,0.013227038186069512
som-rs-bc-l4bits,117.0258,117.453,0.6241043182032968,116.284,117.504,5,0.293217393087678,0.005333048936245656
som-rs-bc-l3bits,119.1792,119.307,0.5802660596657438,118.226,119.731,5,0.2698507793306215,0.004868853454845677
som-rs-bc-baseline,151.3398,148.95,3.5843070041501743,148.542,155.849,5,0.0,0.02368383600447585
