exe,mean,median,std,min,max,n,pct_vs_baseline,cov
som-rs-bc-l4bits,9.820426666666668,9.819,0.0153527648124824,9.791,9.883,75,0.3687253235433081,0.001563350079746949
som-rs-bc-nan,10.043346666666666,10.01,0.2192021462050516,9.998,11.9,75,0.33834538553549875,0.021825607885524043
som-rs-bc-l3bits,10.68648,10.672,0.09934615432103243,10.622,11.518,75,0.2578011343928652,0.009296433841735766
som-rs-bc-baseline,13.441466666666667,13.395,0.23209482762226497,13.329,15.138,75,0.0,0.017267076084623575
