exe,mean,median,std,min,max,n,pct_vs_baseline,cov
som-rs-bc-l4bits,5.825266666666667,5.797,0.25559429070587913,5.722,8.004,75,0.3797640165257099,0.04387683952194677
som-rs-bc-nan,5.835226666666666,5.832,0.07573274013217751,5.719,6.442,75,0.3774089324150791,0.012978542986992367
som-rs-bc-l3bits,6.203293333333334,6.169,0.2689118097842516,6.124,8.468,75,0.2956816486726406,0.043349845853533436
som-rs-bc-baseline,8.037493333333334,7.97,0.20942994528477019,7.817,8.895,75,0.0,0.02605662444735301
