exe,mean,median,std,min,max,n,pct_vs_baseline,cov
som-rs-bc-l4bits,9.823,9.813,0.02150581316760588,9.81,9.861,5,0.36184465031049573,0.0021893325020468164
som-rs-bc-nan,10.0278,10.023,0.01444645285182513,10.016,10.051,5,0.3340313927282157,0.00144064030513424
som-rs-bc-l3bits,10.7194,10.677,0.09537976724651814,10.675,10.89,5,0.24796163964400986,0.008897864362419365
som-rs-bc-baseline,13.3774,13.378,0.00817312669668148,13.366,13.386,5,0.0,0.0006109652620600026
