exe,mean,median,std,min,max,n,pct_vs_baseline,cov
som-rs-bc-l4bits,6.04296,6.002,0.31205108036466844,5.899,8.566,75,0.4311220549752659,0.05163877973123576
som-rs-bc-nan,6.207973333333333,6.162,0.15102433787516067,6.128,6.722,75,0.3930815854019991,0.024327478512873875
som-rs-bc-l3bits,6.292906666666667,6.294,0.020122042057817542,6.253,6.345,75,0.3742796121770966,0.003197575162587963
som-rs-bc-baseline,8.648213333333333,8.631,0.11828336262498579,8.579,9.624,75,0.0,0.013677202222692525
