exe,mean,median,std,min,max,n,pct_vs_baseline,cov
som-rs-bc-l4bits,6.690626666666667,6.69,0.030954968746391667,6.627,6.78,75,0.7303929676741792,0.004626617249563818
som-rs-bc-nan,7.2655199999999995,7.207,0.19645289374162833,7.188,7.988,75,0.5934734655376814,0.027039068606462904
som-rs-bc-l3bits,8.08928,8.09,0.016505985810231678,8.046,8.126,75,0.4312044252805358,0.0020404765084447167
som-rs-bc-baseline,11.577413333333334,11.444,0.4251558726350087,11.416,13.19,75,0.0,0.03672287240630106
