exe,mean,median,std,min,max,n,pct_vs_baseline,cov
som-rs-bc-nan,5.857013333333334,5.824,0.2768361059355328,5.762,8.212,75,0.30801364062684944,0.047265746239641956
som-rs-bc-l4bits,5.966746666666666,5.926,0.25852492656929177,5.877,8.075,75,0.2839582039123496,0.043327619054709623
som-rs-bc-l3bits,6.189613333333333,6.206,0.0839846983059983,5.871,6.288,75,0.2377272893729494,0.013568650218214759
som-rs-bc-baseline,7.661053333333332,7.628,0.14138847131156013,7.578,8.45,75,0.0,0.01845548714513933
