exe,mean,median,std,min,max,n,pct_vs_baseline,cov
som-rs-bc-l4bits,54.6168,54.603,0.3960532792440954,54.223,55.124,5,0.1522681665714578,0.0072514918348218025
som-rs-bc-nan,55.17960000000001,55.255,0.26371158488014934,54.851,55.503,5,0.14051569783035744,0.0047791499916662915
som-rs-bc-l3bits,55.515600000000006,55.343,0.41009486707345977,55.081,56.135,5,0.13361289439364787,0.007387020352359692
som-rs-bc-baseline,62.9332,63.069,0.47307155906902487,62.241,63.48,5,0.0,0.007517042817924798
