exe,mean,median,std,min,max,n,pct_vs_baseline,cov
som-rs-bc-l4bits,4456.027599999999,4446.25,17.586699073447154,4441.479,4482.946,5,0.25541062627170463,0.003946721306988124
som-rs-bc-l3bits,4485.4334,4465.107,35.59132821769951,4460.199,4542.792,5,0.24718035050971898,0.007934869396946015
som-rs-bc-nan,4747.7732000000005,4676.484,137.71282471578286,4660.204,4986.592,5,0.17826698208751823,0.02900577153006863
som-rs-bc-baseline,5594.1444,5593.504,40.16472780064625,5550.406,5654.587,5,0.0,0.007179780307538405
