exe,mean,median,std,min,max,n,pct_vs_baseline,cov
som-rs-bc-nan,8.0006,7.984,0.04083258502715711,7.959,8.054,5,0.17276204284678642,0.005103690351618267
som-rs-bc-l4bits,8.0272,8.012,0.054237440942581365,7.958,8.099,5,0.1688758222045046,0.006756707312958611
som-rs-bc-l3bits,8.1662,8.121,0.09207985664628292,8.068,8.285,5,0.14897994171095497,0.011275728814660787
som-rs-bc-baseline,9.3828,9.38,0.04484082960873899,9.323,9.43,5,0.0,0.004779045658943918
