exe,mean,median,std,min,max,n,pct_vs_baseline,cov
som-rs-bc-nan,2326.051066666667,2312.697,36.107618581652424,2307.011,2425.812,15,0.15059064624720464,0.015523140957260335
som-rs-bc-l4bits,2361.8963999999996,2348.961,34.46159383553981,2344.471,2447.853,15,0.13312870115725683,0.01459064581983351
som-rs-bc-l3bits,2394.5775999999996,2381.865,31.25317456743961,2374.282,2479.522,15,0.11766375831796005,0.01305164408430097
som-rs-bc-baseline,2676.3326,2661.54,39.55053304824086,2652.7,2775.45,15,0.0,0.014777884127047907
