exe,mean,median,std,min,max,n,pct_vs_baseline,cov
som-rs-bc-nan,5436.5883,5395.711,5724.025476643436,6.45,10974.413,10,0.28534376973146913,1.0528708743024437
som-rs-bc-l4bits,5943.0503,5909.987,6257.903290872147,6.438,11970.792,10,0.17580780024695408,1.052978348655765
som-rs-bc-l3bits,5960.6246,5880.0635,6276.728068314064,6.579,12127.395,10,0.17234104962758434,1.0530319370077532
som-rs-bc-baseline,6987.8849,6908.7035,7356.528370780646,9.067,14041.95,10,0.0,1.0527546569607416
