exe,mean,median,std,min,max,n,pct_vs_baseline,cov
som-rs-bc-nan,9.093053333333334,9.043,0.3807742075260839,9.009,12.337,75,0.4783490400730812,0.041875285843781536
som-rs-bc-l3bits,9.145786666666666,9.126,0.11607037629064625,9.03,10.065,75,0.46982508521227984,0.01269113095691199
som-rs-bc-l4bits,10.646226666666667,10.646,0.013377647081659427,10.623,10.687,75,0.2626733478027268,0.001256562301415659
som-rs-bc-baseline,13.442706666666666,13.35,0.2931812820494242,13.301,15.128,75,0.0,0.02180969125633113
