exe,mean,median,std,min,max,n,pct_vs_baseline,cov
som-rs-bc-l3bits,6.542106666666667,6.522,0.05537332105522196,6.471,6.756,75,0.708886841751281,0.008464142190979556
som-rs-bc-nan,6.7612,6.722,0.27199826112321757,6.677,9.061,75,0.6535112110276284,0.040229287866535166
som-rs-bc-l4bits,7.0078000000000005,6.87,1.1795218224898298,6.772,17.059,75,0.5953252090527699,0.16831556586800847
som-rs-bc-baseline,11.179720000000001,11.116,0.22702652303676357,11.048,12.296,75,0.0,0.020306995437878905
