exe,mean,median,std,min,max,n,pct_vs_baseline,cov
som-rs-bc-l4bits,6.330986666666667,6.318,0.08772507628385971,6.247,6.945,75,0.49547832460027297,0.013856462018115088
som-rs-bc-l3bits,6.406466666666667,6.397,0.0578780949399155,6.351,6.872,75,0.477858830140379,0.009034323902918223
som-rs-bc-nan,6.797573333333333,6.793,0.021099617860849462,6.722,6.882,75,0.3928284211228321,0.0031039926788848367
som-rs-bc-baseline,9.467853333333334,9.46,0.03902310242052161,9.436,9.679,75,0.0,0.004121642049854483
