exe,mean,median,std,min,max,n,pct_vs_baseline,cov
som-rs-bc-nan,5.5980533333333335,5.585,0.0871802874652436,5.539,6.31,75,0.34571541535867234,0.015573322059318882
som-rs-bc-l4bits,5.624933333333334,5.625,0.019952872402667365,5.592,5.732,75,0.33928461374357033,0.0035472193571480606
som-rs-bc-l3bits,5.649093333333334,5.614,0.2635156887135911,5.583,7.894,75,0.3335567713520988,0.04664743051042841
som-rs-bc-baseline,7.533386666666667,7.514,0.14946299309965078,7.474,8.796,75,0.0,0.019840079862220104
