exe,mean,median,std,min,max,n,pct_vs_baseline,cov
som-rs-bc-nan,3748.1527,3700.1765,3875.7179485943,71.31,7464.138,10,0.27673920542244734,1.0340341653087666
som-rs-bc-l3bits,4082.4088,4056.3725,4228.8883697742285,69.736,8148.203,10,0.17220340598913086,1.035880671669684
som-rs-bc-l4bits,4126.450999999999,4078.8770000000004,4257.606829644821,87.408,8238.988,10,0.15969231186799537,1.031784172317767
som-rs-bc-baseline,4785.413500000001,4759.8215,4940.413861445017,98.529,9549.64,10,0.0,1.0323901709737342
