exe,mean,median,std,min,max,n,pct_vs_baseline,cov
som-rs-bc-nan,119.03569999999999,118.7425,84.14485884347829,38.995,199.441,10,0.30115251138944044,0.7068875878705153
som-rs-bc-l3bits,124.13230000000001,124.32350000000001,94.51468723260835,33.85,214.895,10,0.24773004286555533,0.7614028518975992
som-rs-bc-l4bits,124.37190000000001,123.461,95.15807048094005,33.916,217.325,10,0.2453263156709835,0.7651090839726662
som-rs-bc-baseline,154.8836,156.518,115.54212647168997,43.654,267.421,10,0.0,0.7459932909080753
