exe,mean,median,std,min,max,n,pct_vs_baseline,cov
som-rs-bc-nan,21.817,21.75,0.2454740312130794,21.597,22.238,5,0.18097813631571702,0.011251502553654463
som-rs-bc-l4bits,22.233999999999998,22.214,0.12932323843764534,22.066,22.409,5,0.15882882072501592,0.005816463004301761
som-rs-bc-l3bits,23.183,23.15,0.18061699809264992,22.976,23.469,5,0.11139196825259878,0.007790924301973425
som-rs-bc-baseline,25.7654,25.807,0.1455997939558977,25.573,25.938,5,0.0,0.0056509813143167855
