exe,mean,median,std,min,max,n,pct_vs_baseline,cov
som-rs-bc-l4bits,44.2496,44.13,0.3420326007853652,43.924,44.825,5,0.5080226713913798,0.007729620172506987
som-rs-bc-l3bits,44.5222,44.485,0.12020274539293947,44.415,44.727,5,0.49878936800068274,0.002699838404053247
som-rs-bc-nan,61.0712,61.019,0.1477893771554666,60.938,61.322,5,0.09264923564626204,0.002419952074880903
som-rs-bc-baseline,66.7294,66.683,0.3228347874687571,66.349,67.194,5,0.0,0.004837969282936114
