exe,mean,median,std,min,max,n,pct_vs_baseline,cov
som-rs-bc-nan,73.1818,73.139,0.37643551904675576,72.826,73.713,5,0.38276456714647655,0.005143840668673847
som-rs-bc-l4bits,73.6476,73.489,0.7719270043210033,72.963,74.958,5,0.37401897685735874,0.010481359940052401
som-rs-bc-l3bits,76.554,76.693,0.8809341632607953,75.561,77.742,5,0.3218538547953078,0.011507356418486235
som-rs-bc-baseline,101.1932,101.072,0.8043069687625488,100.031,102.03,5,0.0,0.00794823139067199
