exe,mean,median,std,min,max,n,pct_vs_baseline,cov
som-rs-bc-nan,3662.6087999999995,3616.8194999999996,3801.0986958361223,56.312,7384.641,10,0.280573426241973,1.037811817586449
som-rs-bc-l3bits,3981.1436000000003,3956.52,4138.196996937171,55.113,8001.249,10,0.1781136204180127,1.0394493172607917
som-rs-bc-l4bits,4028.6881999999996,4000.696,4187.209949589605,55.494,8055.408,10,0.16421010193839303,1.039348229924968
som-rs-bc-baseline,4690.239500000001,4664.0985,4865.352414897798,73.249,9338.732,10,0.0,1.0373356019234832
