exe,mean,median,std,min,max,n,pct_vs_baseline,cov
som-rs-bc-l3bits,40.6786,40.607,0.3770501292931751,40.22,41.208,5,0.37724012134144225,0.009269004569802675
som-rs-bc-nan,41.4092,41.331,0.17428195546297934,41.227,41.605,5,0.3529408923620836,0.004208773786090515
som-rs-bc-l4bits,41.9858,41.492,1.1643795343443657,41.317,44.061,5,0.334360664796193,0.027732698539610197
som-rs-bc-baseline,56.02419999999999,55.473,0.9043891308502139,55.327,57.427,5,0.0,0.016142829899404437
