exe,mean,median,std,min,max,n,pct_vs_baseline,cov
som-rs-bc-nan,3462.9963000000002,3441.237,3611.3735491512875,36.876,6948.291,10,0.28637047634154267,1.0428464937000619
som-rs-bc-l3bits,3819.5503,3781.424,3987.074129613958,37.074,7724.494,10,0.1662881360666988,1.0438595689167802
som-rs-bc-l4bits,3829.5260000000003,3812.28,3996.9773221745954,37.508,7675.02,10,0.16325002102087827,1.0437263834152308
som-rs-bc-baseline,4454.6962,4426.999500000001,4644.125036090934,48.842,8934.148,10,0.0,1.0425234017284801
