exe,mean,median,std,min,max,n,pct_vs_baseline,cov
som-rs-bc-nan,3679.5980499999996,4826.4455,2064.651568090478,191.72,4930.479,20,0.3489669612146902,0.5611079090800362
som-rs-bc-l3bits,4007.36765,5231.812,2251.6258973895256,204.844,5415.317,20,0.2386325971364267,0.5618715561047974
som-rs-bc-l4bits,4039.2801,5299.728,2269.5945220450117,207.511,5410.392,20,0.2288467442502935,0.561880945578647
som-rs-bc-baseline,4963.656199999999,6509.74,2777.988661299803,272.349,6633.467,20,0.0,0.5596658087036332
