exe,mean,median,std,min,max,n,pct_vs_baseline,cov
som-rs-bc-l4bits,16.357400000000002,16.264,0.22477105469127165,16.224,17.612,75,0.2585944791552037,0.013741245839269788
som-rs-bc-nan,16.65861333333333,16.529,0.5192332156673459,16.491,20.382,75,0.2358371565140278,0.031169053826849893
som-rs-bc-l3bits,16.664893333333332,16.629,0.09857135888681227,16.591,17.145,75,0.23537144352159078,0.00591491087972634
som-rs-bc-baseline,20.587333333333333,20.485,0.28900918031492767,20.394,22.584,75,0.0,0.014038203765175722
