exe,mean,median,std,min,max,n,pct_vs_baseline,cov
som-rs-bc-nan,129.28765333333334,133.967,20.256788290624236,104.093,155.719,75,0.17889473127312794,0.15667999045815745
som-rs-bc-l4bits,129.95255999999998,135.143,20.052086361247266,104.676,154.691,75,0.1728628765245821,0.15430312693530063
som-rs-bc-l3bits,133.51421333333334,138.454,20.305251012573166,107.948,159.264,75,0.14157533889525453,0.15208306670600535
som-rs-bc-baseline,152.41653333333332,131.284,28.92128782847779,124.93,196.191,75,0.0,0.1897516443654262
