exe,mean,median,std,min,max,n,pct_vs_baseline,cov
som-rs-bc-l3bits,62.4836,62.572,0.4624589711531172,61.956,63.092,5,0.32484363897086577,0.007401285635800709
som-rs-bc-l4bits,63.699,63.553,0.5715028433875035,63.198,64.673,5,0.29956514230992637,0.008971928026931404
som-rs-bc-nan,64.119,64.025,1.1649976394825876,63.164,66.057,5,0.2910525741199954,0.018169304566237582
som-rs-bc-baseline,82.78099999999999,81.458,3.0424919063162656,81.238,88.22,5,0.0,0.03675350510764869
