exe,mean,median,std,min,max,n,pct_vs_baseline,cov
som-rs-bc-l4bits,47.165,46.99,0.3650267113513739,46.873,47.751,5,0.31215519983038287,0.007739355694930009
som-rs-bc-nan,49.461,49.366,2.531114576624298,47.058,53.082,5,0.2512444147914521,0.051173946677671264
som-rs-bc-l3bits,49.5928,49.589,0.34853579443150373,49.205,50.105,5,0.24791905276572423,0.007027951525856652
som-rs-bc-baseline,61.887800000000006,61.772,0.396966875192381,61.388,62.313,5,0.0,0.006414299348052136
