exe,mean,median,std,min,max,n,pct_vs_baseline,cov
som-rs-bc-l3bits,44.546800000000005,44.49,0.23974924400297465,44.35,44.955,5,0.3421210951179432,0.005381963328521345
som-rs-bc-nan,48.799,48.812,0.03817721833764278,48.76,48.849,5,0.2251726469804709,0.0007823360793795524
som-rs-bc-l4bits,49.2906,49.285,0.13645255585734073,49.117,49.472,5,0.21295338259221852,0.0027683281570388824
som-rs-bc-baseline,59.7872,59.756,0.13240732608130146,59.669,59.991,5,0.0,0.002214643369840057
