exe,mean,median,std,min,max,n,pct_vs_baseline,cov
som-rs-bc-nan,20.107599999999998,19.896,0.5785246753596593,19.602,21.066,5,0.36725417255167225,0.028771443402477642
som-rs-bc-l4bits,20.623399999999997,20.552,0.22957743791583593,20.474,21.028,5,0.33305856454318916,0.011131890857755558
som-rs-bc-l3bits,20.982,20.991,0.24698380513709953,20.697,21.251,5,0.310275474215995,0.011771223197840984
som-rs-bc-baseline,27.492200000000004,27.416,0.49403309605733864,26.823,28.011,5,0.0,0.017969936784154726
