exe,mean,median,std,min,max,n,pct_vs_baseline,cov
som-rs-bc-nan,34.827,34.678,0.24111097030205966,34.641,35.181,5,0.3057742556062826,0.006923104783704013
som-rs-bc-l4bits,34.8778,34.939,0.11441459697084157,34.714,34.989,5,0.3038723772715022,0.0032804419135049104
som-rs-bc-l3bits,35.4892,35.477,0.3011589281426001,35.04,35.796,5,0.2814095555831071,0.008485931724090713
som-rs-bc-baseline,45.4762,45.434,0.12454798272152022,45.33,45.65,5,0.0,0.002738750878954711
