exe,mean,median,std,min,max,n,pct_vs_baseline,cov
som-rs-bc-l3bits,33.6408,33.658,0.03943602414037269,33.571,33.663,5,0.283512877220518,0.001172267726700099
som-rs-bc-nan,34.4234,34.424,0.011392980294903926,34.41,34.441,5,0.2543328084965457,0.0003309661536891744
som-rs-bc-l4bits,35.5142,35.53,0.0512367055927683,35.46,35.572,5,0.2158066350924417,0.0014427103973275
som-rs-bc-baseline,43.178399999999996,43.122,0.1347249048988367,43.08,43.414,5,0.0,0.003120192153920403
