exe,mean,median,std,min,max,n,pct_vs_baseline,cov
som-rs-bc-baseline,37998592.0,37998592.0,35283125.642439336,4526080.0,71471104.0,10,0.0,0.9285377111457007
som-rs-bc-l3bits,72466434.0,72466434.0,73653311.00862227,2592768.0,142340100.0,10,-0.47563872123195683,1.0163783001744267
som-rs-bc-l4bits,72466434.0,72466434.0,73653311.00862227,2592768.0,142340100.0,10,-0.47563872123195683,1.0163783001744267
som-rs-bc-nan,73207809.0,73207809.0,74434788.8753914,2592768.0,143822850.0,10,-0.4809489244514885,1.0167602321685572
