exe,mean,median,std,min,max,n,pct_vs_baseline,cov
som-rs-bc-baseline,63.986666666666665,0.0,129.57722244506007,0.0,383.0,75,0.0,2.0250659894518663
som-rs-bc-l4bits,64.17333333333333,0.0,129.84953593287108,0.0,394.0,75,-0.002908788697278175,2.023418906080476
som-rs-bc-l3bits,64.76,0.0,130.82501620433632,0.0,376.0,75,-0.011941527691991083,2.020151578201611
som-rs-bc-nan,66.50666666666666,0.0,134.40231792295498,0.0,375.0,75,-0.03789093825180423,2.0208848925865324
