exe,mean,median,std,min,max,n,pct_vs_baseline,cov
som-rs-bc-l3bits,3132.5,3042.0,3303.2528496754358,0.0,6435.0,10,0.7506464485235433,1.0545100876856939
som-rs-bc-nan,3196.4,3139.0,3370.1005655947756,0.0,6536.0,10,0.7156488549618318,1.0543425621307645
som-rs-bc-l4bits,3238.9,3218.0,3414.2480040754704,0.0,6553.0,10,0.6931365587082032,1.0541381345751553
som-rs-bc-baseline,5483.9,5435.0,5780.826689247058,0.0,11061.0,10,0.0,1.0541451684471013
