exe,mean,median,std,min,max,n,pct_vs_baseline,cov
som-rs-bc-baseline,0.0,0.0,0.0,0.0,0.0,300,,
som-rs-bc-l3bits,13107.2,0.0,26258.200197628335,0.0,65536.0,300,-1.0,2.0033416898825327
som-rs-bc-l4bits,13107.2,0.0,26258.200197628335,0.0,65536.0,300,-1.0,2.0033416898825327
som-rs-bc-nan,13107.2,0.0,26258.200197628335,0.0,65536.0,300,-1.0,2.0033416898825327
