exe,mean,median,std,min,max,n,pct_vs_baseline,cov
som-rs-bc-nan,35502080.0,35502080.0,35887983.142192505,65536.0,70938624.0,40,0.659648110758581,1.0108698741649083
som-rs-bc-l3bits,43587583.0,43587583.0,27628954.85833191,16306176.0,70868990.0,40,0.35178314429593405,0.6338721479080845
som-rs-bc-l4bits,43587583.0,43587583.0,27628954.85833191,16306176.0,70868990.0,40,0.35178314429593405,0.6338721479080845
som-rs-bc-baseline,58920960.0,58920960.0,59605204.85120084,65536.0,117776384.0,40,0.0,1.0116129277459303
