exe,mean,median,std,min,max,n,pct_vs_baseline,cov
som-rs-bc-l4bits,8034.6,8067.0,65.03306851133503,7956.0,8095.0,5,0.48388220944415394,0.008094126466947332
som-rs-bc-l3bits,8038.6,7955.0,245.44103161452048,7835.0,8460.0,5,0.48314383101535086,0.030532808152479347
som-rs-bc-nan,8049.4,8017.0,50.162735172635834,8007.0,8110.0,5,0.48115387482296823,0.0062318601600909185
som-rs-bc-baseline,11922.4,11949.0,121.94793971199357,11796.0,12096.0,5,0.0,0.010228472431053612
