exe,mean,median,std,min,max,n,pct_vs_baseline,cov
som-rs-bc-nan,11991.4,11832.5,12641.026489613536,0.0,24305.0,10,0.7507130109912103,1.0541743657632583
som-rs-bc-l3bits,12042.3,11818.0,12697.807186457212,0.0,24873.0,10,0.7433131544638483,1.0544337200084049
som-rs-bc-l4bits,12158.6,11947.5,12819.494427541898,0.0,24904.0,10,0.7266379352886023,1.0543561287929448
som-rs-bc-baseline,20993.5,20841.5,22129.941297557325,0.0,42369.0,10,0.0,1.0541330077194049
