exe,mean,median,std,min,max,n,pct_vs_baseline,cov
som-rs-bc-l3bits,11094.1,10897.0,11696.959922703563,0.0,22767.0,10,0.816812539998738,1.05434058848429
som-rs-bc-l4bits,11158.0,11072.0,11762.18727769438,0.0,22598.0,10,0.8064079584154868,1.0541483489598835
som-rs-bc-nan,11277.7,10931.5,11892.777313703193,0.0,23108.0,10,0.7872349858570453,1.0545392512394542
som-rs-bc-baseline,20155.9,19968.5,21247.91780360817,0.0,40939.0,10,0.0,1.05417856824097
