exe,mean,median,std,min,max,n,pct_vs_baseline,cov
som-rs-bc-l3bits,305.26666666666665,0.0,614.7718393147285,0.0,1571.0,75,0.8604062022275605,2.0138846013804166
som-rs-bc-nan,307.52,0.0,619.3295058018444,0.0,1597.0,75,0.846774193548387,2.013948705130868
som-rs-bc-l4bits,309.4266666666667,0.0,623.135232672811,0.0,1611.0,75,0.8353944930408927,2.013838171692197
som-rs-bc-baseline,567.92,0.0,704.9380988733997,0.0,1605.0,75,0.0,1.2412630280204953
