exe,mean,median,std,min,max,n,pct_vs_baseline,cov
som-rs-bc-nan,18546.35,12941.5,19350.860222779203,0.0,47806.0,40,0.6665395077737668,1.0433783586947947
som-rs-bc-l4bits,18744.425,13211.5,19620.230263276073,0.0,47831.0,40,0.6489289482072669,1.0467235064973224
som-rs-bc-l3bits,18779.675,13168.0,19601.28567262545,0.0,48483.0,40,0.6458338602771347,1.043749994215845
som-rs-bc-baseline,30908.225,22765.5,32167.621886298526,0.0,78176.0,40,0.0,1.0407463348768338
