exe,mean,median,std,min,max,n,pct_vs_baseline,cov
som-rs-bc-l3bits,11739.0,8169.0,12304.057721347719,0.0,29335.0,40,0.7397542380100519,1.0481350814675627
som-rs-bc-l4bits,11831.375,7927.0,12383.294828295382,0.0,30578.0,40,0.7261708803921774,1.0466488323035472
som-rs-bc-nan,11856.0,7874.5,12436.259504430522,0.0,30615.0,40,0.7225856106612685,1.0489422658932626
som-rs-bc-baseline,20422.975,14106.0,21320.57528387207,0.0,53310.0,40,0.0,1.0439505157241817
