rank,exe,geo_mean_speedup_vs_baseline,median_speedup_vs_baseline,win_rate
1,som-rs-bc-nan,1.587911364312643,1.7095172702971853,0.9285714285714286
2,som-rs-bc-l3bits,1.5842053015573778,1.7214889223870387,0.8809523809523809
3,som-rs-bc-l4bits,1.5687630893568916,1.6966836017860845,0.8571428571428571
4,som-rs-bc-baseline,1.0,1.0,0.8333333333333334
