rank,exe,geo_mean_speedup_vs_baseline,median_speedup_vs_baseline,win_rate
1,som-rs-bc-l3bits,1.765310161485901,2.0020176544766706,0.8571428571428571
2,som-rs-bc-l4bits,1.765310161485901,2.0020176544766706,0.8571428571428571
3,som-rs-bc-nan,1.7595075668662508,2.0020176544766706,0.8333333333333334
4,som-rs-bc-baseline,1.0,1.0,0.47619047619047616
