exe,mean,median,std,min,max,n,pct_vs_baseline,cov
som-rs-bc-nan,5.670920000000001,5.651,0.1260819939134419,5.501,6.45,75,0.3877325019573543,0.022233075746693993
som-rs-bc-l4bits,5.69456,5.655,0.11810694192015006,5.517,6.151,75,0.381971565845298,0.020740310387483855
som-rs-bc-l3bits,5.8946266666666665,5.801,0.3193511061653127,5.646,8.104,75,0.33506673874737913,0.0541766466689402
som-rs-bc-baseline,7.869720000000001,7.831,0.33191893181513094,7.741,10.687,75,0.0,0.04217671426875809
