exe,mean,median,std,min,max,n,pct_vs_baseline,cov
som-rs-bc-nan,5.829453333333333,5.826,0.03802285704227984,5.758,6.068,75,0.38413207413388095,0.006522542486936426
som-rs-bc-l4bits,5.835133333333333,5.818,0.08163404386110695,5.763,6.16,75,0.38278474070858115,0.013990090576811776
som-rs-bc-l3bits,6.1426,6.137,0.02851978924147918,6.114,6.29,75,0.31356971532141653,0.004642950744225439
som-rs-bc-baseline,8.068733333333332,8.034,0.15642590278807098,7.94,9.166,75,0.0,0.01938667400765973
