exe,mean,median,std,min,max,n,pct_vs_baseline,cov
som-rs-bc-l4bits,6.705253333333333,6.691,0.08208566608474706,6.647,7.349,75,0.6528572621665798,0.01224199325574779
som-rs-bc-nan,7.22388,7.203,0.11065565776133912,7.183,8.084,75,0.534193074451218,0.015318036534568558
som-rs-bc-l3bits,8.033733333333332,8.031,0.012659077859475122,8.013,8.079,75,0.37953628864952793,0.001575740360580609
som-rs-bc-baseline,11.082826666666666,11.005,0.19623857331742287,10.96,11.731,75,0.0,0.01770654538048863
