exe,mean,median,std,min,max,n,pct_vs_baseline,cov
som-rs-bc-nan,5.598146666666667,5.589,0.03814789616718047,5.541,5.777,75,0.3444782916250855,0.0068143795507049605
som-rs-bc-l3bits,5.634333333333333,5.596,0.2644807934238137,5.56,7.876,75,0.3358433414186832,0.04694092056270728
som-rs-bc-l4bits,5.671293333333333,5.654,0.08744925529844294,5.62,6.332,75,0.3271376076474033,0.015419631847369844
som-rs-bc-baseline,7.526586666666667,7.517,0.06751538229801309,7.477,8.07,75,0.0,0.008970252424916796
