exe,mean,median,std,min,max,n,pct_vs_baseline,cov
som-rs-bc-l4bits,6.35404,6.333,0.11685766810352925,6.255,7.2,75,0.39613012613497345,0.018391081595886906
som-rs-bc-l3bits,6.41556,6.325,0.5710470998702911,6.229,10.481,75,0.38274237426922464,0.08900970451064148
som-rs-bc-nan,6.795946666666667,6.793,0.01676216245268155,6.775,6.914,75,0.3053467164741337,0.002466494114042716
som-rs-bc-baseline,8.871066666666668,8.839,0.2328324611280718,8.794,10.845,75,0.0,0.026246275659605585
