exe,mean,median,std,min,max,n,pct_vs_baseline,cov
som-rs-bc-nan,9.0866,9.047,0.1968079046973253,9.007,10.531,75,0.47844371565455335,0.021659135947144727
som-rs-bc-l3bits,9.13148,9.118,0.10215520253714644,9.055,9.94,75,0.47117736299774693,0.011187146282655871
som-rs-bc-l4bits,10.66692,10.664,0.01492391514460094,10.636,10.742,75,0.2594100890103861,0.0013990838165656948
som-rs-bc-baseline,13.434026666666666,13.364,0.2566574630384494,13.258,15.145,75,0.0,0.01910502855225706
