exe,mean,median,std,min,max,n,pct_vs_baseline,cov
som-rs-bc-l4bits,16.342666666666666,16.308,0.1424440462297607,16.277,17.348,75,0.25817084115199473,0.00871608343577715
som-rs-bc-nan,16.567359999999997,16.524,0.2625258103141111,16.488,18.744,75,0.24110701202042262,0.01584596521800161
som-rs-bc-l3bits,16.82448,16.632,0.3972369556309168,16.574,19.233,75,0.22213980263679267,0.02361065278872909
som-rs-bc-baseline,20.561866666666667,20.466,0.19645096584639693,20.422,21.812,75,0.0,0.009554140634754153
