exe,mean,median,std,min,max,n,pct_vs_baseline,cov
som-rs-bc-nan,7.9786,7.974,0.04367264590106703,7.927,8.033,5,0.17464216779886188,0.005473722946515307
som-rs-bc-l3bits,8.112,8.105,0.07656696415556842,8.038,8.236,5,0.1553254437869822,0.0094387283229251
som-rs-bc-l4bits,8.243,8.123,0.29008619408720565,8.095,8.761,5,0.13696469731893712,0.035191822647968656
som-rs-bc-baseline,9.372,9.361,0.06141253943617702,9.324,9.477,5,0.0,0.006552767758875056
