exe,mean,median,std,min,max,n,pct_vs_baseline,cov
som-rs-bc-nan,12053.3,11966.5,12705.667021276591,0.0,24331.0,10,0.7560999892145719,1.0541235198059113
som-rs-bc-l4bits,12164.0,12008.5,12823.088022954707,0.0,24670.0,10,0.7401183821111477,1.0541834941593808
som-rs-bc-l3bits,12219.4,12097.0,12880.792083995111,0.0,24559.0,10,0.7322290783508192,1.0541263960583263
som-rs-bc-baseline,21166.8,20938.5,22314.022262046597,0.0,43061.0,10,0.0,1.054199135535206
