exe,mean,median,std,min,max,n,pct_vs_baseline,cov
som-rs-bc-l3bits,12250.2,12009.0,12915.333710146417,0.0,24902.0,10,0.7587794484988,1.0542957429385982
som-rs-bc-l4bits,12299.7,11984.5,12970.194421998633,0.0,25255.0,10,0.751701261006366,1.0545130712130077
som-rs-bc-nan,12372.1,12079.5,13047.21935850275,0.0,25622.0,10,0.7414505217384277,1.0545678873031055
som-rs-bc-baseline,21545.4,21444.0,22711.416161138968,0.0,43378.0,10,0.0,1.054119030565177
