exe,mean,median,std,min,max,n,pct_vs_baseline,cov
som-rs-bc-l3bits,102425600.0,102440960.0,29262.225224421203,102375424.0,102445056.0,60,0.5717470534710072,0.00028569249508346743
som-rs-bc-l4bits,102425600.0,102440960.0,29262.225224421203,102375424.0,102445056.0,60,0.5717470534710072,0.00028569249508346743
som-rs-bc-nan,102425600.0,102440960.0,29262.225224421203,102375424.0,102445056.0,60,0.5717470534710072,0.00028569249508346743
som-rs-bc-baseline,160987135.0,160987135.0,14580.060486606475,160972800.0,161001470.0,30,0.0,9.056661879600799e-05
