exe,mean,median,std,min,max,n,pct_vs_baseline,cov
som-rs-bc-nan,1209.76815,1586.1309999999999,711.3690383012237,10.652,1735.069,20,0.2658970233263289,0.5880209677376806
som-rs-bc-l4bits,1223.35415,1588.409,719.9983057970035,10.721,1750.008,20,0.25183856203863786,0.58854445852577
som-rs-bc-l3bits,1240.4427,1603.3775,731.1809475798723,10.576,1866.7,20,0.23459302070139953,0.5894516107675689
som-rs-bc-baseline,1531.4419,1997.9645,901.9041776916624,13.129,2299.66,20,0.0,0.5889248411524214
