exe,mean,median,std,min,max,n,pct_vs_baseline,cov
som-rs-bc-l3bits,2245.5251333333335,2209.649,70.8464026991459,2198.769,2453.541,15,0.44491098548381114,0.031550037738379305
som-rs-bc-l4bits,2246.1504666666665,2206.861,70.1038682281683,2194.561,2445.095,15,0.4445087190211092,0.031210673224489664
som-rs-bc-nan,2316.7170666666666,2299.769,63.92873495929083,2259.54,2447.954,15,0.4005093587028725,0.027594537062427146
som-rs-bc-baseline,3244.5839333333333,3181.204,80.92668471035687,3176.663,3414.108,15,0.0,0.024942083907571036
