exe,mean,median,std,min,max,n,pct_vs_baseline,cov
som-rs-bc-nan,3564.9154500000004,4629.7185,1998.3136315363636,190.031,4931.171,20,0.33809050085605796,0.5605500774320926
som-rs-bc-l3bits,3707.9831,4824.595499999999,2079.1540737523874,197.782,5149.363,20,0.2864620391608581,0.5607237189814558
som-rs-bc-l4bits,3745.674,4863.995,2100.482923528151,198.443,5186.911,20,0.27351699587310585,0.5607756904440031
som-rs-bc-baseline,4770.1795,6205.1025,2667.1588734987467,264.477,6717.161,20,0.0,0.5591317629658897
