exe,mean,median,std,min,max,n,pct_vs_baseline,cov
som-rs-bc-nan,1521.4635999999998,1434.244,1567.3392428851587,32.39,3225.366,10,0.23182513206362643,1.0301523105023076
som-rs-bc-l4bits,1565.4829000000002,1431.3525000000002,1612.1395399009666,34.715,3307.958,10,0.197187845360687,1.0298033532662454
som-rs-bc-l3bits,1566.3908999999999,1435.6115,1611.9187439159753,31.84,3227.611,10,0.19649386369647592,1.0290654420400267
som-rs-bc-baseline,1874.1771,1772.452,1934.877233630223,37.457,3852.57,10,0.0,1.03238761888096
