exe,mean,median,std,min,max,n,pct_vs_baseline,cov
som-rs-bc-nan,1491.0154,1435.9395,1544.8713838363662,25.62,3210.072,10,0.2557839442838752,1.036120340431337
som-rs-bc-l3bits,1553.9084,1499.1055,1604.028227526644,27.783,3218.21,10,0.20495725488066086,1.0322540424690696
som-rs-bc-l4bits,1574.6168,1466.2894999999999,1631.175651265321,24.343,3304.225,10,0.18911039181088385,1.0359191209348972
som-rs-bc-baseline,1872.3932,1760.5040000000001,1940.992989596293,29.01,3844.637,10,0.0,1.0366374913112764
