exe,mean,median,std,min,max,n,pct_vs_baseline,cov
som-rs-bc-nan,6.51,6.49,0.03803945320322077,6.475,6.557,5,0.40482334869431624,0.005843233978989365
som-rs-bc-l4bits,6.5234,6.501,0.085430088376403,6.438,6.633,5,0.4019376398810435,0.013095945117025325
som-rs-bc-l3bits,6.6854,6.681,0.010922453936730362,6.674,6.701,5,0.3679660154964548,0.0016337771766431872
som-rs-bc-baseline,9.145399999999999,9.133,0.045599342100517484,9.1,9.194,5,0.0,0.004986041299507675
