exe,mean,median,std,min,max,n,pct_vs_baseline,cov
som-rs-bc-nan,36.894400000000005,36.827,0.16398414557511426,36.767,37.154,5,0.3494622490134003,0.004444689318029681
som-rs-bc-l3bits,38.055,37.887,0.4159525213290567,37.817,38.793,5,0.3083063986335566,0.01093029881300898
som-rs-bc-l4bits,38.2352,38.142,0.21455698543743593,38.001,38.55,5,0.30214043603799645,0.005611504201297127
som-rs-bc-baseline,49.7876,49.784,0.10530099714627522,49.692,49.961,5,0.0,0.0021150044819648914
