rank,exe,geo_mean_speedup_vs_baseline,median_speedup_vs_baseline,win_rate
1,som-rs-bc-nan,1.249457550689744,1.2668120041509772,0.5769230769230769
2,som-rs-bc-l3bits,1.2338735079350371,1.2505679879641498,0.23076923076923078
3,som-rs-bc-l4bits,1.2252137768913998,1.2347804662119355,0.19230769230769232
4,som-rs-bc-baseline,1.0,1.0,0.0
