rank,exe,geo_mean_speedup_vs_baseline,median_speedup_vs_baseline,win_rate
1,som-rs-bc-nan,1.6813129258567583,1.7095172702971853,0.9230769230769231
2,som-rs-bc-l3bits,1.6787294934388304,1.7214889223870387,0.8461538461538461
3,som-rs-bc-l4bits,1.668706407439788,1.6966836017860845,0.8461538461538461
4,som-rs-bc-baseline,1.0,1.0,0.8076923076923077
