exe,mean,median,std,min,max,n,pct_vs_baseline,cov
som-rs-bc-nan,13367.2,13002.0,14097.60602056644,0.0,27707.0,10,1.2643934406607213,1.0546416617217098
som-rs-bc-l4bits,13490.3,12823.0,14234.364201935165,0.0,28173.0,10,1.2437306805630715,1.055155497056045
som-rs-bc-l3bits,13873.6,12980.5,14651.266886442885,0.0,29114.0,10,1.181740860339061,1.056053719758598
som-rs-bc-baseline,30268.6,29884.5,31909.348251291845,0.0,61321.0,10,0.0,1.0542062814696367
