exe,mean,median,std,min,max,n,pct_vs_baseline,cov
som-rs-bc-l4bits,8743.6,8355.0,9224.722774515594,0.0,18282.0,10,1.3434283361544441,1.0550257073191356
som-rs-bc-l3bits,8743.7,8350.0,9243.81990605375,0.0,19293.0,10,1.3434015348193555,1.057197743066865
som-rs-bc-nan,8863.1,8182.5,9364.690674727774,0.0,19003.0,10,1.3118322031794745,1.0565931417594039
som-rs-bc-baseline,20490.0,19815.5,21612.221670979492,0.0,42769.0,10,0.0,1.0547692372366761
