exe,mean,median,std,min,max,n,pct_vs_baseline,cov
som-rs-bc-nan,7905.8,7424.0,8343.549881328823,0.0,16431.0,10,1.3965316603000328,1.0553707254583753
som-rs-bc-l4bits,8008.9,7160.0,8469.606818238704,0.0,16968.0,10,1.3656806802432295,1.0575243564333061
som-rs-bc-l3bits,8207.3,8048.0,8655.39115298154,0.0,17100.0,10,1.3084936580848758,1.0545966582166535
som-rs-bc-baseline,18946.5,17966.0,19995.18286015687,0.0,40052.0,10,0.0,1.0553496878134152
