exe,mean,median,std,min,max,n,pct_vs_baseline,cov
som-rs-bc-nan,53.3793,50.7765,36.392194532619214,13.106,93.785,10,0.30889314771831033,0.6817660503719459
som-rs-bc-l3bits,60.3771,60.295,32.79009974384206,24.58,100.618,10,0.15719039172136462,0.5430883521043917
som-rs-bc-l4bits,60.8756,58.653000000000006,33.98348352819515,24.532,99.517,10,0.14771435517678677,0.558244740556071
som-rs-bc-baseline,69.8678,65.435,55.036349797807866,13.779,125.905,10,0.0,0.7877212363607823
