exe,mean,median,std,min,max,n,pct_vs_baseline,cov
som-rs-bc-l4bits,40.0958,42.269,7.061063425575501,31.061,47.21,5,0.24650960948528278,0.1761048146084004
som-rs-bc-l3bits,40.406,41.778,7.506383550019277,32.014,51.404,5,0.23694005840716725,0.1857739828248101
som-rs-bc-nan,42.328199999999995,41.551,3.770768781031265,38.108,48.4,5,0.180768376637797,0.08908408061366335
som-rs-bc-baseline,49.9798,52.232,5.239045017939816,41.545,54.715,5,0.0,0.10482324895137268
