exe,mean,median,std,min,max,n,pct_vs_baseline,cov
som-rs-bc-l3bits,8.5,8.5,8.608284620211165,0.0,17.0,40,1.1176470588235294,1.0127393670836664
som-rs-bc-l4bits,8.5,8.5,8.608284620211165,0.0,17.0,40,1.1176470588235294,1.0127393670836664
som-rs-bc-nan,8.5,8.5,8.608284620211165,0.0,17.0,40,1.1176470588235294,1.0127393670836664
som-rs-bc-baseline,18.0,18.0,18.229308607506,0.0,36.0,40,0.0,1.0127393670836666
