exe,mean,median,std,min,max,n,pct_vs_baseline,cov
som-rs-bc-l3bits,5.5,5.5,5.570066518960167,0.0,11.0,40,1.272727272727273,1.0127393670836666
som-rs-bc-l4bits,5.5,5.5,5.570066518960167,0.0,11.0,40,1.272727272727273,1.0127393670836666
som-rs-bc-nan,5.5,5.5,5.570066518960167,0.0,11.0,40,1.272727272727273,1.0127393670836666
som-rs-bc-baseline,12.5,12.5,12.659242088545833,0.0,25.0,40,0.0,1.0127393670836666
