exe,mean,median,std,min,max,n,pct_vs_baseline,cov
som-rs-bc-l3bits,5.0,5.0,5.063696835418333,0.0,10.0,40,1.2999999999999998,1.0127393670836666
som-rs-bc-l4bits,5.0,5.0,5.063696835418333,0.0,10.0,40,1.2999999999999998,1.0127393670836666
som-rs-bc-nan,5.0,5.0,5.063696835418333,0.0,10.0,40,1.2999999999999998,1.0127393670836666
som-rs-bc-baseline,11.5,11.5,11.646502721462166,0.0,23.0,40,0.0,1.0127393670836666
