exe,mean,median,std,min,max,n,pct_vs_baseline,cov
som-rs-bc-l3bits,0.2,0.0,0.4006683379765066,0.0,1.0,300,1.9999999999999996,2.0033416898825327
som-rs-bc-l4bits,0.2,0.0,0.4006683379765066,0.0,1.0,300,1.9999999999999996,2.0033416898825327
som-rs-bc-nan,0.2,0.0,0.4006683379765066,0.0,1.0,300,1.9999999999999996,2.0033416898825327
som-rs-bc-baseline,0.6,1.0,0.4907164920657183,0.0,1.0,300,0.0,0.8178608201095305
