exe,mean,median,std,min,max,n,pct_vs_baseline,cov
som-rs-bc-nan,24.8146,24.749,0.25065374523433737,24.589,25.152,5,0.17235014870277987,0.010101059264881859
som-rs-bc-l3bits,25.0272,25.026,0.11999458321107605,24.835,25.143,5,0.1623913182457486,0.004794566839721425
som-rs-bc-l4bits,25.5482,25.484,0.20691834138132847,25.326,25.884,5,0.1386868742220586,0.008099135805314208
som-rs-bc-baseline,29.0914,29.045,0.22581696127616305,28.869,29.41,5,0.0,0.007762327054599058
