exe,mean,median,std,min,max,n,pct_vs_baseline,cov
som-rs-bc-l3bits,17.983,17.995,0.1227334510229374,17.847,18.121,5,0.1605849969415558,0.006824970862644575
som-rs-bc-nan,18.017400000000002,18.023,0.053649790307139955,17.932,18.065,5,0.1583691320612295,0.002977665495972779
som-rs-bc-l4bits,18.5206,18.521,0.13041203932152873,18.335,18.694,5,0.12689653682926028,0.007041458663408783
som-rs-bc-baseline,20.8708,20.815,0.22595840325157301,20.665,21.248,5,0.0,0.010826532919273484
