exe,mean,median,std,min,max,n,pct_vs_baseline,cov
som-rs-bc-l3bits,11.1602,11.135,0.06443368684158983,11.104,11.249,5,0.1721474525546136,0.00577352438501011
som-rs-bc-nan,11.1758,11.176,0.032835955902028736,11.14,11.222,5,0.17051128330857734,0.0029381302369431033
som-rs-bc-l4bits,11.3672,11.323,0.1287796567785455,11.267,11.591,5,0.15080230839608677,0.011329057004235475
som-rs-bc-baseline,13.081399999999999,13.03,0.17145349223623327,12.949,13.377,5,0.0,0.013106662301912125
