exe,mean,median,std,min,max,n,pct_vs_baseline,cov
som-rs-bc-l4bits,15.406799999999999,15.359,0.1307792032396587,15.257,15.575,5,0.18799491133785096,0.008488407926348022
som-rs-bc-l3bits,15.5014,15.459,0.09024023492877226,15.425,15.649,5,0.18074496497090586,0.005821424834451873
som-rs-bc-baseline,18.3032,18.312,0.0653276358059896,18.201,18.372,5,0.0,0.0035691920432487
som-rs-bc-nan,19.7958,15.268,10.197787318825588,15.192,38.038,5,-0.0753998322876569,0.5151490376153319
