exe,mean,median,std,min,max,n,pct_vs_baseline,cov
som-rs-bc-nan,6.9206,6.904,0.07639895287240556,6.826,7.025,5,0.17319307574487763,0.011039353939312423
som-rs-bc-l4bits,7.0224,7.006,0.0818339782730866,6.928,7.138,5,0.1561859193438142,0.011653277835652568
som-rs-bc-l3bits,7.0518,7.03,0.09790403464617768,6.964,7.189,5,0.1513656087807369,0.013883552376156114
som-rs-bc-baseline,8.119200000000001,8.087,0.09499315764832789,8.022,8.268,5,0.0,0.011699817426387807
