exe,mean,median,std,min,max,n,pct_vs_baseline,cov
som-rs-bc-l4bits,24.081999999999997,23.986,0.39330835162688793,23.852,26.848,75,0.168610026852698,0.01633204682447006
som-rs-bc-nan,24.104266666666664,23.994,0.5599598038984424,23.89,28.724,75,0.1675305063557213,0.023230733863096535
som-rs-bc-l3bits,24.84133333333333,24.557,0.8246476779769609,24.421,28.441,75,0.1328887338307123,0.03319659484100267
som-rs-bc-baseline,28.142466666666667,27.905,0.632891142455161,27.739,31.479,75,0.0,0.022488829779970517
