exe,mean,median,std,min,max,n,pct_vs_baseline,cov
som-rs-bc-l4bits,17.558106666666667,17.518,0.11312114689072837,17.472,17.964,75,0.17598252810857362,0.0064426734065515245
som-rs-bc-nan,18.084226666666666,17.956,0.6829176788135126,17.88,22.884,75,0.1417699549589071,0.03776316739450545
som-rs-bc-l3bits,18.173146666666668,18.049,0.6133785633538082,18.0,23.181,75,0.1361833503792409,0.033751918399408075
som-rs-bc-baseline,20.648026666666667,20.515,0.42046026817895255,20.374,23.149,75,0.0,0.0203632179949538
