exe,mean,median,std,min,max,n,pct_vs_baseline,cov
som-rs-bc-l4bits,94.88534666666666,97.675,8.525443386255771,76.209,102.535,75,0.11951982469790567,0.08984994718105162
som-rs-bc-l3bits,95.19069333333333,97.975,8.481040527654121,76.613,105.098,75,0.11592870003258038,0.08909527003817168
som-rs-bc-nan,97.64073333333334,98.627,10.423483671347453,77.033,144.798,75,0.08792737457249733,0.10675343491904116
som-rs-bc-baseline,106.22602666666667,115.785,16.366600316443183,79.5,124.781,75,0.0,0.1540733549961439
