exe,mean,median,std,min,max,n,pct_vs_baseline,cov
som-rs-bc-l3bits,8.05596,7.981,0.19254409393203417,7.911,8.785,75,0.25964379167721763,0.023900825467360085
som-rs-bc-l4bits,8.102866666666667,8.01,0.3274085939424735,7.94,10.095,75,0.25235184255777776,0.040406513819282903
som-rs-bc-nan,8.118146666666666,8.094,0.07875564215452237,8.039,8.619,75,0.24999466216427058,0.009701184936445556
som-rs-bc-baseline,10.147639999999999,10.08,0.18950017043421014,10.02,11.066,75,0.0,0.018674309537410685
