exe,mean,median,std,min,max,n,pct_vs_baseline,cov
som-rs-bc-l4bits,6.6782,6.646,0.13108136528250047,6.612,7.378,75,0.5443143361983769,0.01962824792346747
som-rs-bc-nan,7.105093333333333,7.079,0.08377772608150323,7.039,7.659,75,0.45152773034180194,0.011791221051025823
som-rs-bc-l3bits,7.969306666666666,7.946,0.1313777278970351,7.885,9.055,75,0.29412010747902806,0.01648546522203125
som-rs-bc-baseline,10.31324,10.239,0.18615373187742393,10.121,11.063,75,0.0,0.0180499757474299
