exe,mean,median,std,min,max,n,pct_vs_baseline,cov
som-rs-bc-l4bits,5.575573333333334,5.56,0.056672166134835444,5.516,5.739,75,0.4303653077232117,0.01016436566191736
som-rs-bc-nan,5.802253333333333,5.794,0.04082463926565889,5.735,6.042,75,0.3744843957175261,0.007035997382452373
som-rs-bc-l3bits,6.112,6.073,0.268976940637287,6.016,8.377,75,0.30482766143106454,0.04400800730322104
som-rs-bc-baseline,7.975106666666667,7.93,0.30351439581751055,7.853,10.491,75,0.0,0.03805772242346316
