exe,mean,median,std,min,max,n,pct_vs_baseline,cov
som-rs-bc-l4bits,5.4572666666666665,5.457,0.015959690213525668,5.419,5.496,75,0.31166762359667244,0.002924484213133376
som-rs-bc-nan,5.534866666666667,5.494,0.10849340910774191,5.428,5.895,75,0.29327776640208136,0.0196018107827485
som-rs-bc-l3bits,5.58324,5.482,0.6660729576141525,5.432,11.216,75,0.28207277494787975,0.11929864337090158
som-rs-bc-baseline,7.15812,7.091,0.22323681281230132,7.062,7.965,75,0.0,0.03118651444964618
