exe,mean,median,std,min,max,n,pct_vs_baseline,cov
som-rs-bc-l4bits,4475.6384,4485.366,38.00370471809287,4434.193,4521.334,5,0.25226193429746235,0.008491236628520497
som-rs-bc-l3bits,4482.7246,4491.826,36.40184870717408,4446.939,4532.981,5,0.2502823840661548,0.00812047403205945
som-rs-bc-nan,4759.6614,4738.935,68.01456650086097,4705.936,4877.028,5,0.17753578017125338,0.014289790971446196
som-rs-bc-baseline,5604.6716,5591.481,69.27899872833059,5520.815,5707.729,5,0.0,0.012360938101766854
