exe,mean,median,std,min,max,n,pct_vs_baseline,cov
som-rs-bc-nan,2284.3885333333333,2245.315,66.67751877278592,2241.74,2426.703,15,0.13125055667704855,0.029188344189195976
som-rs-bc-l4bits,2296.5297333333338,2254.228,69.3591884266932,2244.596,2480.376,15,0.12526990723917164,0.03020173761304659
som-rs-bc-l3bits,2326.5172000000002,2308.928,56.96477901575943,2269.39,2458.325,15,0.11076582627457032,0.024485002309787104
som-rs-bc-baseline,2584.2158,2559.792,79.6382417015485,2519.638,2811.55,15,0.0,0.030817179316660975
