exe,mean,median,std,min,max,n,pct_vs_baseline,cov
som-rs-bc-nan,8.565386666666667,8.558,0.02476314465760204,8.535,8.701,75,0.49219494274630926,0.0028910714275131428
som-rs-bc-l3bits,8.858626666666668,8.843,0.09527666305304004,8.779,9.616,75,0.44280001264304314,0.010755240810807398
som-rs-bc-l4bits,9.05308,8.972,0.4568052917760419,8.954,12.042,75,0.4118097560903766,0.05045855021451726
som-rs-bc-baseline,12.781226666666667,12.658,0.30311159185540404,12.549,14.097,75,0.0,0.023715375664678302
