exe,mean,median,std,min,max,n,pct_vs_baseline,cov
som-rs-bc-nan,118.859,117.722,88.07708983864332,34.822,204.516,10,0.27024794083746295,0.7410216293140891
som-rs-bc-l3bits,134.2762,133.879,77.46107201943438,58.874,210.576,10,0.1244017927227612,0.5768786428230348
som-rs-bc-l4bits,136.0692,134.4,80.89857069167265,59.079,215.331,10,0.10958541683202383,0.5945399156581552
som-rs-bc-baseline,150.9804,149.219,117.31066185437328,39.492,264.937,10,0.0,0.7769926550358409
