exe,mean,median,std,min,max,n,pct_vs_baseline,cov
som-rs-bc-nan,3564.5286,4611.014999999999,1997.7101110959754,188.42,4904.591,20,0.31179166299857974,0.5604415997941425
som-rs-bc-l3bits,3751.7360500000004,4878.065,2104.330016852607,197.327,5146.487,20,0.24633472016241642,0.5608950066869994
som-rs-bc-l4bits,3997.42515,5201.9529999999995,2243.4504046096936,211.223,5601.63,20,0.16973269655843337,0.561223867971535
som-rs-bc-baseline,4675.9189,6084.942999999999,2613.2345329932223,262.105,6518.687,20,0.0,0.5588707992761001
