exe,mean,median,std,min,max,n,pct_vs_baseline,cov
som-rs-bc-l3bits,16.100426666666667,16.056,0.14200458436959684,15.915,16.517,75,0.1383698320210145,0.008819926782660636
som-rs-bc-l4bits,16.19261333333333,16.029,0.573721560994138,15.635,19.222,75,0.1318889436006212,0.035431066572379794
som-rs-bc-nan,16.54342666666667,16.476,0.28818402403969545,16.337,18.629,75,0.10788655635229105,0.017419850787041426
som-rs-bc-baseline,18.328239999999997,18.276,0.12904282130258005,18.171,18.707,75,0.0,0.007040655365849643
