exe,mean,median,std,min,max,n,pct_vs_baseline,cov
som-rs-bc-l4bits,135.85978666666668,140.985,20.79689575282508,107.401,162.26,75,0.1609632048099785,0.15307616965313267
som-rs-bc-l3bits,136.35652,143.409,21.195863992489382,108.353,165.165,75,0.1567339305324993,0.1554444480725189
som-rs-bc-nan,138.1,143.274,21.71938615739528,107.856,183.028,75,0.14213043688148685,0.1572728903504365
som-rs-bc-baseline,157.72821333333334,138.122,29.87925707870756,128.564,203.868,75,0.0,0.18943508233091141
