exe,mean,median,std,min,max,n,pct_vs_baseline,cov
som-rs-bc-nan,18775.8,18620.0,19792.539204906927,0.0,38069.0,10,0.6999541963591431,1.054151578356551
som-rs-bc-l3bits,18924.7,18612.0,19950.487323761183,0.0,38362.0,10,0.6865789153857127,1.0542036240342612
som-rs-bc-l4bits,18969.2,18760.5,19999.534793478462,0.0,38936.0,10,0.6826223562406426,1.0543161964383558
som-rs-bc-baseline,31918.0,31632.5,33647.13975956946,0.0,64856.0,10,0.0,1.0541744394877328
