exe,mean,median,std,min,max,n,pct_vs_baseline,cov
som-rs-bc-l3bits,79519744.0,79519744.0,0.0,79519744.0,79519744.0,5,0.5937467806737406,0.0
som-rs-bc-l4bits,79519744.0,79519744.0,0.0,79519744.0,79519744.0,5,0.5937467806737406,0.0
som-rs-bc-nan,79519744.0,79519744.0,0.0,79519744.0,79519744.0,5,0.5937467806737406,0.0
som-rs-bc-baseline,126734336.0,126734336.0,0.0,126734336.0,126734336.0,5,0.0,0.0
