exe,mean,median,std,min,max,n,pct_vs_baseline,cov
som-rs-bc-l4bits,24.983973333333335,24.851,0.6203814208915256,24.779,29.901,75,0.21295144940916777,0.024831175274423613
som-rs-bc-nan,25.145653333333332,25.047,0.439109125553255,24.976,28.264,75,0.20515248758698656,0.01746262543797848
som-rs-bc-l3bits,25.15836,24.966,0.889220804366901,24.67,30.633,75,0.20454380439212527,0.03534494316668102
som-rs-bc-baseline,30.304346666666667,30.026,0.9502318990551643,29.938,36.554,75,0.0,0.03135629055155886
