exe,mean,median,std,min,max,n,pct_vs_baseline,cov
som-rs-bc-l4bits,89.57710666666667,93.188,8.105538672886441,72.887,97.587,75,0.14740611552088545,0.09048672115576005
som-rs-bc-l3bits,90.45177333333334,93.886,7.988796160660037,74.013,97.929,75,0.13631072351925888,0.0883210562519287
som-rs-bc-nan,90.76689333333333,94.448,8.002437146630133,74.027,98.002,75,0.13236573628828263,0.08816471350673968
som-rs-bc-baseline,102.78132000000001,114.202,15.646726215012766,78.005,118.509,75,0.0,0.1522331705315009
