exe,mean,median,std,min,max,n,pct_vs_baseline,cov
som-rs-bc-nan,8.570813333333334,8.537,0.11964877579628444,8.483,9.317,75,0.31916379775703896,0.013960025862533984
som-rs-bc-l4bits,8.60872,8.574,0.1172293386394288,8.543,9.435,75,0.31335514067906334,0.013617510923741137
som-rs-bc-l3bits,8.81248,8.821,0.1300317383294287,8.49,9.137,75,0.28298806541026655,0.014755408049655565
som-rs-bc-baseline,11.306306666666666,11.247,0.1175658496716155,11.174,11.674,75,0.0,0.010398254101688572
