exe,mean,median,std,min,max,n,pct_vs_baseline,cov
som-rs-bc-nan,116.9132,116.458,1.3417416666407898,115.737,119.204,5,0.27702774365939864,0.011476391601981554
som-rs-bc-l4bits,119.89860000000002,119.503,1.3476057657935425,118.36,121.921,5,0.2452305531507455,0.011239545464196766
som-rs-bc-l3bits,119.90419999999999,119.327,1.1789023284394708,118.741,121.686,5,0.24517239596277718,0.009832035311852887
som-rs-bc-baseline,149.3014,148.896,0.9582960398540911,148.743,151.007,5,0.0,0.006418533515788138
