exe,mean,median,std,min,max,n,pct_vs_baseline,cov
som-rs-bc-l4bits,9.8536,9.85,0.008792041856133576,9.845,9.864,5,0.3569456848258503,0.0008922669741143923
som-rs-bc-nan,10.0278,10.026,0.018171406109599428,10.002,10.052,5,0.3333732224416124,0.0018121029647180267
som-rs-bc-l3bits,10.801400000000001,10.738,0.17440842869540465,10.643,10.989,5,0.23787657155553887,0.016146835474605572
som-rs-bc-baseline,13.3708,13.378,0.022129166274398506,13.337,13.394,5,0.0,0.0016550368171237703
