exe,mean,median,std,min,max,n,pct_vs_baseline,cov
som-rs-bc-l3bits,6.765693333333334,6.718,0.15112335871581697,6.446,7.363,75,0.6587193822953843,0.022336714253845917
som-rs-bc-nan,6.788613333333333,6.729,0.2939827579671671,6.665,9.122,75,0.6531191446068516,0.04330527362983807
som-rs-bc-l4bits,6.9024399999999995,6.892,0.0623371911895733,6.787,7.201,75,0.6258579091838057,0.009031181899382438
som-rs-bc-baseline,11.222386666666667,11.125,0.32923953710451087,11.071,12.856,75,0.0,0.02933774667401505
