exe,mean,median,std,min,max,n,pct_vs_baseline,cov
som-rs-bc-nan,21.9174,21.993,0.18204752126848633,21.687,22.129,5,0.17365198426820694,0.008306072858481678
som-rs-bc-baseline,25.723399999999998,25.699,0.36451378574753385,25.289,26.128,5,0.0,0.014170513452635883
som-rs-bc-l4bits,34.2394,34.212,0.24227835231402522,33.942,34.52,5,-0.24871931167018124,0.007076010453279707
som-rs-bc-l3bits,37.400400000000005,37.278,0.524327474008371,36.771,38.156,5,-0.3122159121292821,0.01401930123764374
