exe,mean,median,std,min,max,n,pct_vs_baseline,cov
som-rs-bc-nan,34.833600000000004,34.765,0.11231562669548452,34.742,34.967,5,0.29868862247944494,0.003224347374244537
som-rs-bc-l3bits,35.3954,35.319,0.30522581804296656,35.053,35.849,5,0.27807568215078793,0.008623318794051388
som-rs-bc-l4bits,35.6142,35.471,0.36532136537574944,35.278,36.107,5,0.27022367482633336,0.010257744533802514
som-rs-bc-baseline,45.238,45.31,0.31432228683311514,44.856,45.587,5,0.0,0.00694819149460885
