rank,exe,geo_mean_speedup_vs_baseline,median_speedup_vs_baseline,win_rate
1,som-rs-bc-l3bits,1.4011847732458789,1.5704268418162637,0.8571428571428571
2,som-rs-bc-l4bits,1.4011847732458789,1.5704268418162637,0.8571428571428571
3,som-rs-bc-nan,1.3971260618496564,1.5704268418162637,0.8571428571428571
4,som-rs-bc-baseline,1.0,1.0,0.4523809523809524
