rank,exe,geo_mean_speedup_vs_baseline,median_speedup_vs_baseline,win_rate
1,som-rs-bc-l4bits,1.5896496543379826,1.7459899303045565,0.9047619047619048
2,som-rs-bc-l3bits,1.588640553692272,1.7384826521062153,0.9047619047619048
3,som-rs-bc-nan,1.5881822586134344,1.7371521072242597,0.8571428571428571
4,som-rs-bc-baseline,1.0,1.0,0.8333333333333334
