rank,exe,geo_mean_speedup_vs_baseline,median_speedup_vs_baseline,win_rate
1,som-rs-bc-l4bits,1.2656271242962842,1.2577342409155885,0.37209302325581395
2,som-rs-bc-nan,1.2629222054558251,1.269867373039672,0.4186046511627907
3,som-rs-bc-l3bits,1.2537098256797206,1.2558640200851217,0.20930232558139536
4,som-rs-bc-baseline,1.0,1.0,0.0
