rank,exe,geo_mean_speedup_vs_baseline,median_speedup_vs_baseline,win_rate
1,som-rs-bc-l3bits,1.2579384598797454,1.265673966035819,0.2692307692307692
2,som-rs-bc-nan,1.2523775127558747,1.2687072884256252,0.5
3,som-rs-bc-l4bits,1.2452910555534145,1.2528050681790468,0.23076923076923078
4,som-rs-bc-baseline,1.0,1.0,0.0
