exe,mean,median,std,min,max,n,pct_vs_baseline,cov
som-rs-bc-l4bits,5.1234399999999996,5.109,0.11886731644534987,5.034,6.059,75,0.3908858110956701,0.023200684783143723
som-rs-bc-nan,5.16448,5.149,0.028691914295598146,5.138,5.263,75,0.37983301319784357,0.005555625018510701
som-rs-bc-l3bits,5.1975066666666665,5.186,0.08531854038445173,5.074,5.629,75,0.37106510044559826,0.01641528252991532
som-rs-bc-baseline,7.126119999999999,7.115,0.05630658355247075,7.068,7.507,75,0.0,0.007901436342984788
