exe,mean,median,std,min,max,n,pct_vs_baseline,cov
som-rs-bc-l4bits,17.57372,17.538,0.19926008808264242,17.496,19.232,75,0.17506291591459666,0.011338526395244854
som-rs-bc-nan,17.985546666666664,17.936,0.1872140192640737,17.88,19.362,75,0.1481567421544412,0.010409136999491093
som-rs-bc-l3bits,18.160133333333334,18.068,0.24970616966981796,18.029,19.697,75,0.13711867020065927,0.01375023878329553
som-rs-bc-baseline,20.65022666666667,20.454,0.609493621750839,20.325,25.022,75,0.0,0.02951510564940557
