exe,mean,median,std,min,max,n,pct_vs_baseline,cov
som-rs-bc-l4bits,24.381666666666668,24.333,0.32375534362002756,24.079,26.755,75,0.15165711942032933,0.013278638743045768
som-rs-bc-nan,24.712386666666667,23.974,4.375923120814542,23.868,61.585,75,0.13624476578277345,0.1770740794824569
som-rs-bc-l3bits,24.862973333333333,24.581,0.746870117391405,24.517,28.564,75,0.12936291341931216,0.030039452939849713
som-rs-bc-baseline,28.07932,27.942,0.5677424987305998,27.776,30.769,75,0.0,0.02021923959449872
