exe,mean,median,std,min,max,n,pct_vs_baseline,cov
som-rs-bc-l4bits,95.73694666666667,98.601,8.708577793549662,76.662,104.264,75,0.1138670114261704,0.09096360492747761
som-rs-bc-nan,95.95877333333334,98.807,8.689781223839772,76.982,106.043,75,0.11129209932932294,0.09055744380614325
som-rs-bc-l3bits,96.30497333333332,99.644,8.643086401270082,76.791,104.532,75,0.10729719323598808,0.08974704111442307
som-rs-bc-baseline,106.63822666666667,116.173,16.658455349675044,79.539,125.34,75,0.0,0.15621466963949618
