exe,mean,median,std,min,max,n,pct_vs_baseline,cov
som-rs-bc-l4bits,53.9686,54.018,0.5597122474986594,53.38,54.764,5,0.32104223567037105,0.010371072206776893
som-rs-bc-l3bits,54.212199999999996,54.122,0.2955523642267133,53.951,54.68,5,0.3151061938087736,0.005451768499096391
som-rs-bc-nan,55.2134,55.256,0.3726497014623789,54.827,55.678,5,0.291259005965943,0.006749261981011474
som-rs-bc-baseline,71.2948,71.523,0.9675935096929918,70.16,72.275,5,0.0,0.013571726264650323
