exe,mean,median,std,min,max,n,pct_vs_baseline,cov
som-rs-bc-nan,24.165799999999997,24.177,0.14751677870669527,23.985,24.365,5,0.29244634980013084,0.006104361482206063
som-rs-bc-l4bits,24.305,24.167,0.296151143843815,24.021,24.668,5,0.2850442295823903,0.012184782713178976
som-rs-bc-l3bits,24.3706,24.33,0.0845801395127719,24.3,24.502,5,0.2815851887109877,0.003470580925901369
som-rs-bc-baseline,31.232999999999997,31.196,0.1960242331957981,31.059,31.565,5,0.0,0.00627618970946749
