exe,mean,median,std,min,max,n,pct_vs_baseline,cov
som-rs-bc-l3bits,7.990906666666667,7.965,0.0702276555468255,7.912,8.313,75,0.26304566190236245,0.008788446477515964
som-rs-bc-l4bits,8.036906666666667,7.984,0.14264491667161547,7.95,8.804,75,0.2558164998805512,0.017748733758877644
som-rs-bc-nan,8.143573333333334,8.098,0.12828801773936435,8.05,8.929,75,0.23936748487150594,0.015753283293250996
som-rs-bc-baseline,10.092880000000001,10.052,0.1018639739514866,9.988,10.42,75,0.0,0.010092656798801392
