exe,mean,median,std,min,max,n,pct_vs_baseline,cov
som-rs-bc-nan,1222.02845,1589.1825,719.0868378857111,10.592,1764.24,20,0.26096225501132975,0.5884370677996172
som-rs-bc-l3bits,1231.6949,1604.0245,724.5240396667609,10.567,1776.023,20,0.2510661122328266,0.588233368236534
som-rs-bc-l4bits,1237.2105999999999,1602.1475,728.1385502893049,10.55,1772.852,20,0.24548864194988318,0.5885324214723872
som-rs-bc-baseline,1540.93175,2022.7305000000001,906.6550902383688,13.313,2268.13,20,0.0,0.5883810819255095
