exe,mean,median,std,min,max,n,pct_vs_baseline,cov
som-rs-bc-l3bits,33.931,33.896,0.41403502267320225,33.392,34.479,5,0.2964604638825854,0.01220226408514934
som-rs-bc-nan,34.2158,34.181,0.19471825800371115,33.956,34.46,5,0.28566919376428435,0.005690887192575101
som-rs-bc-l4bits,35.0924,34.965,0.5641926089554863,34.584,36.019,5,0.2535534759663063,0.016077344637456723
som-rs-bc-baseline,43.9902,44.128,0.39968762802968966,43.412,44.418,5,0.0,0.009085833390839088
