exe,mean,median,std,min,max,n,pct_vs_baseline,cov
som-rs-bc-l4bits,33.2108,33.223,0.24456532869563172,32.861,33.454,5,0.35034988618160345,0.007364030035278636
som-rs-bc-l3bits,33.32,33.488,0.2844863792873033,32.913,33.543,5,0.3459243697478991,0.0085380065812516
som-rs-bc-nan,34.1666,34.089,0.23081442762531196,33.93,34.46,5,0.3125742684375967,0.006755557404755285
som-rs-bc-baseline,44.846199999999996,44.749,0.29892089254516835,44.461,45.215,5,0.0,0.006665467588004521
