exe,mean,median,std,min,max,n,pct_vs_baseline,cov
som-rs-bc-l4bits,118.549,118.021,2.2727645060586474,116.392,121.022,5,0.32036373145281694,0.0191715198446098
som-rs-bc-l3bits,118.56880000000001,117.781,2.1597645010509785,116.51,120.917,5,0.3201432417296961,0.018215285142895755
som-rs-bc-nan,119.3684,120.135,2.209511665504396,116.365,121.41,5,0.31130014308644527,0.018510021626363393
som-rs-bc-baseline,156.5278,158.439,3.661975928375279,152.358,159.965,5,0.0,0.023395051411795723
