exe,mean,median,std,min,max,n,pct_vs_baseline,cov
som-rs-bc-l4bits,5.6107466666666665,5.597,0.03511221137136466,5.566,5.743,75,0.39629425435949095,0.0062580282905955464
som-rs-bc-nan,5.86528,5.804,0.28128991296371614,5.733,8.165,75,0.3356998017713275,0.04795847989588155
som-rs-bc-l3bits,6.13256,6.086,0.16547909478484243,6.02,7.01,75,0.27748498723752113,0.026983689484463655
som-rs-bc-baseline,7.834253333333333,7.817,0.10678977749099652,7.677,8.246,75,0.0,0.013631136618549889
