exe,mean,median,std,min,max,n,pct_vs_baseline,cov
som-rs-bc-l4bits,6.664986666666667,6.636,0.07839978856378907,6.61,7.067,75,0.5583707094187738,0.011762932543569339
som-rs-bc-nan,7.0814933333333325,7.062,0.07482454672627688,7.027,7.659,75,0.4667132356263841,0.010566210148651821
som-rs-bc-l3bits,7.953866666666666,7.939,0.05738898409534265,7.882,8.347,75,0.3058453749958092,0.007215230843113117
som-rs-bc-baseline,10.38652,10.237,0.42130397192141056,10.189,12.918,75,0.0,0.04056257263466594
