exe,mean,median,std,min,max,n,pct_vs_baseline,cov
som-rs-bc-nan,9.4522,9.391,0.15564607287047075,9.348,9.725,5,0.3546687543640634,0.016466650395724886
som-rs-bc-l4bits,9.7464,9.761,0.07042229760523289,9.654,9.818,5,0.3137773947303619,0.0072254676193500055
som-rs-bc-l3bits,10.7666,10.771,0.043661195586011996,10.717,10.833,5,0.189289097765311,0.004055244514146713
som-rs-bc-baseline,12.804599999999999,12.799,0.05361716143176552,12.755,12.889,5,0.0,0.0041873359130129425
