exe,mean,median,std,min,max,n,pct_vs_baseline,cov
som-rs-bc-l4bits,5.364186666666667,5.357,0.033237756670215626,5.327,5.502,75,0.3582052824410782,0.006196234161043791
som-rs-bc-nan,5.636533333333333,5.609,0.09846694236513429,5.582,6.303,75,0.292579363201968,0.017469415426467974
som-rs-bc-l3bits,5.928786666666666,5.921,0.07899423402381348,5.867,6.568,75,0.228863016378843,0.013323844905390448
som-rs-bc-baseline,7.285666666666666,7.26,0.17394324434209077,7.216,8.739,75,0.0,0.02387471899282941
