exe,mean,median,std,min,max,n,pct_vs_baseline,cov
som-rs-bc-nan,9.42412,9.399,0.1195388617122459,9.278,9.947,75,0.3622973108718197,0.012684352672954705
som-rs-bc-l4bits,9.739573333333333,9.692,0.15307489540614988,9.644,10.741,75,0.31817410208250063,0.015716796841834607
som-rs-bc-l3bits,10.896266666666667,10.791,0.35102295810547335,10.739,13.147,75,0.1782433126942562,0.032214974985818386
som-rs-bc-baseline,12.838453333333334,12.76,0.26103811947648525,12.698,14.814,75,0.0,0.020332520802855164
