exe,mean,median,std,min,max,n,pct_vs_baseline,cov
som-rs-bc-l4bits,5.460506666666666,5.447,0.04839348105901202,5.424,5.698,75,0.3020720909903356,0.008862452518266685
som-rs-bc-l3bits,5.486773333333333,5.475,0.08203255341521337,5.438,6.17,75,0.2958387200248844,0.014950964516220836
som-rs-bc-nan,5.49936,5.486,0.058972425988990995,5.448,5.821,75,0.2928728676306578,0.010723507097006015
som-rs-bc-baseline,7.109973333333334,7.067,0.23236789175167297,7.035,8.672,75,0.0,0.032681963891801696
