exe,mean,median,std,min,max,n,pct_vs_baseline,cov
som-rs-bc-l4bits,54.081399999999995,54.181,0.1945566755472571,53.754,54.215,5,0.1521188430772873,0.003597478533234294
som-rs-bc-l3bits,54.3448,54.416,0.6422022267167875,53.609,55.302,5,0.14653471905315696,0.011817178952112943
som-rs-bc-nan,54.629999999999995,54.638,0.4396475861414457,53.984,55.142,5,0.14054914881933023,0.008047731761695877
som-rs-bc-baseline,62.3082,62.444,0.5793489449373305,61.554,62.986,5,0.0,0.009298117181002348
