exe,mean,median,std,min,max,n,pct_vs_baseline,cov
som-rs-bc-l3bits,4496.9426,4503.951,30.682303846028045,4443.336,4518.062,5,0.24540144230437777,0.0068229253906927885
som-rs-bc-l4bits,4643.1174,4487.005,382.77980892779607,4435.099,5326.747,5,0.20619366635011205,0.08244026070238845
som-rs-bc-nan,4718.7072,4710.824,19.14758776451994,4699.636,4740.494,5,0.186871438007427,0.004057803748560611
som-rs-bc-baseline,5600.498799999999,5615.71,47.10606016427181,5532.785,5643.689,5,0.0,0.008411047273909213
