exe,mean,median,std,min,max,n,pct_vs_baseline,cov
som-rs-bc-nan,2296.2196666666664,2253.574,72.44758832983676,2245.355,2504.237,15,0.11829387983931294,0.03155080908918707
som-rs-bc-l4bits,2299.419066666667,2271.209,60.35928265036511,2242.326,2428.74,15,0.11673789141987934,0.026249796535724314
som-rs-bc-l3bits,2302.2975333333334,2255.539,80.18619201482325,2252.76,2508.67,15,0.1153416805699281,0.03482877032784175
som-rs-bc-baseline,2567.8484000000003,2525.213,64.27124883180646,2515.326,2729.321,15,0.0,0.025029222454022775
