exe,mean,median,std,min,max,n,pct_vs_baseline,cov
som-rs-bc-l3bits,7.941,7.972,0.15540431139450395,7.693,8.078,5,0.15441380178818775,0.0195698666911603
som-rs-bc-nan,7.9776,7.94,0.08860191871511618,7.88,8.077,5,0.14911752908142795,0.011106337584626477
som-rs-bc-l4bits,7.996,7.979,0.09184770002563972,7.873,8.123,5,0.14647323661830902,0.01148670585613303
som-rs-bc-baseline,9.1672,9.246,0.19778195064262072,8.945,9.374,5,0.0,0.021574957527120683
