exe,mean,median,std,min,max,n,pct_vs_baseline,cov
som-rs-bc-nan,5491.884,5452.6085,5782.280986196307,6.231,11007.979,10,0.23850873397908634,1.0528774799679503
som-rs-bc-l3bits,5636.269,5629.164,5934.232798820904,6.402,11295.828,10,0.2067817025766514,1.0528654325797622
som-rs-bc-l4bits,5716.0052,5648.478,6018.976760551207,6.314,11591.409,10,0.18994753538712694,1.053004073640662
som-rs-bc-baseline,6801.746300000001,6757.764,7160.517114594092,8.794,13716.654,10,0.0,1.0527468680497671
