exe,mean,median,std,min,max,n,pct_vs_baseline,cov
som-rs-bc-l4bits,6.284213333333333,6.271,0.06514874733469006,6.238,6.815,75,0.6570899354148811,0.010367048965241484
som-rs-bc-l3bits,6.319640000000001,6.322,0.024262995960371,6.252,6.389,75,0.6478006131150928,0.0038393003336220097
som-rs-bc-nan,6.384426666666666,6.361,0.06861214401479017,6.253,6.76,75,0.6310793764827749,0.010746798044218563
som-rs-bc-baseline,10.413506666666667,10.303,0.33573583459415035,10.201,12.083,75,0.0,0.032240420575024076
