exe,mean,median,std,min,max,n,pct_vs_baseline,cov
som-rs-bc-l4bits,5.17672,5.171,0.02664864481113951,5.136,5.35,75,0.38596382780344807,0.005147785627026284
som-rs-bc-l3bits,5.217053333333333,5.214,0.03417913593602561,5.173,5.355,75,0.37524886334303664,0.006551425441186266
som-rs-bc-nan,5.30576,5.27,0.1304477569653742,5.228,5.848,75,0.3522561643697917,0.02458606438387228
som-rs-bc-baseline,7.174746666666667,7.171,0.030868112354991272,7.104,7.256,75,0.0,0.004302327843629964
