exe,mean,median,std,min,max,n,pct_vs_baseline,cov
som-rs-bc-nan,8.581746666666666,8.561,0.11941038631693791,8.538,9.565,75,0.4706205885049044,0.013914461817050989
som-rs-bc-l3bits,8.846053333333332,8.842,0.0338769208424521,8.773,9.031,75,0.42668067416881983,0.0038296084780314954
som-rs-bc-l4bits,9.081346666666667,8.989,0.3434983179207939,8.955,11.53,75,0.3897160626691196,0.03782460140868908
som-rs-bc-baseline,12.620493333333334,12.527,0.39907898606305603,12.463,15.528,75,0.0,0.031621504446977984
