exe,mean,median,std,min,max,n,pct_vs_baseline,cov
som-rs-bc-l4bits,5.778546666666667,5.729,0.2782548556354132,5.713,7.962,75,0.4235874764358283,0.04815308618004524
som-rs-bc-nan,6.00788,5.974,0.2352273747628831,5.927,8.006,75,0.3692461678107197,0.03915314133486073
som-rs-bc-l3bits,6.12564,6.219,0.37282825696182015,5.744,8.104,75,0.34292362376285057,0.0608635598830196
som-rs-bc-baseline,8.226266666666668,8.147,0.3587411674525595,8.067,10.677,75,0.0,0.0436092315006272
