exe,mean,median,std,min,max,n,pct_vs_baseline,cov
som-rs-bc-nan,3796.1432,3776.901,3930.5079563626605,67.244,7549.264,10,0.24031677730176249,1.035395070544931
som-rs-bc-l3bits,3925.2576,3897.819,4063.4798420421002,69.894,7845.304,10,0.19951875260365082,1.035213546759861
som-rs-bc-l4bits,3978.0658000000003,3965.6915000000004,4116.2844859162005,72.706,7924.4,10,0.18359532916725518,1.0347451985123524
som-rs-bc-baseline,4708.4201,4621.948,4863.8098887801125,94.207,9448.122,10,0.0,1.0330025327986583
