exe,mean,median,std,min,max,n,pct_vs_baseline,cov
som-rs-bc-nan,118.59880000000001,118.32050000000001,87.0706155584841,35.193,203.959,10,0.2792178335699853,0.7341610164561876
som-rs-bc-l3bits,120.39760000000001,119.6835,92.66326224825505,31.829,211.058,10,0.2601056831697639,0.7696437657250231
som-rs-bc-l4bits,120.56770000000002,120.57300000000001,92.62118216339307,32.076,211.687,10,0.25832789378913223,0.7682089163465261
som-rs-bc-baseline,151.7137,149.89700000000002,118.3404058271918,39.095,267.509,10,0.0,0.7800245187296323
