exe,mean,median,std,min,max,n,pct_vs_baseline,cov
som-rs-bc-nan,20.177799999999998,20.134,0.12766440380936295,20.046,20.381,5,0.17002844710523468,0.006326973396969093
som-rs-bc-l4bits,21.7966,21.819,0.08876542119541857,21.68,21.907,5,0.08313223163245653,0.004072443463449279
som-rs-bc-l3bits,22.143,22.167,0.061229078059366525,22.044,22.204,5,0.06618796007767691,0.002765166330640226
som-rs-bc-baseline,23.608600000000003,23.637,0.06526331281815159,23.498,23.66,5,0.0,0.002764387249483306
