exe,mean,median,std,min,max,n,pct_vs_baseline,cov
som-rs-bc-l3bits,43.102199999999996,43.061,0.425966782742504,42.478,43.613,5,0.4817573116917466,0.0098827155630688
som-rs-bc-l4bits,43.2254,43.363,0.3274886257566808,42.841,43.613,5,0.47753404248428,0.007576300641675515
som-rs-bc-nan,58.6894,58.631,0.17541892714299853,58.522,58.888,5,0.08822036006502021,0.0029889371358882274
som-rs-bc-baseline,63.867,63.726,0.5913941156284908,63.338,64.795,5,0.0,0.009259776028754925
