exe,mean,median,std,min,max,n,pct_vs_baseline,cov
som-rs-bc-nan,73.93339999999999,74.439,1.1334872297472063,72.544,74.994,5,0.3741962360719244,0.015331193070347183
som-rs-bc-l3bits,76.0928,76.346,1.1918681554601607,74.779,77.652,5,0.33519859960469334,0.015663349955056992
som-rs-bc-l4bits,76.1698,76.267,1.2432335661491722,74.662,77.996,5,0.33384884823118877,0.016321869903152854
som-rs-bc-baseline,101.599,102.413,1.4183090283855642,100.037,102.847,5,0.0,0.013959871931668266
