exe,mean,median,std,min,max,n,pct_vs_baseline,cov
som-rs-bc-nan,3718.0449999999996,3664.7535,3861.3521287418075,54.966,7468.562,10,0.2313016383610207,1.0385436778580701
som-rs-bc-l3bits,3828.7682999999997,3784.644,3978.0604919843668,54.425,7661.505,10,0.195693899784952,1.0389922242054623
som-rs-bc-l4bits,3900.125,3850.267,4053.405134147776,54.414,7857.171,10,0.1738174802089678,1.0393013388411336
som-rs-bc-baseline,4578.034900000001,4534.744,4750.907474283517,70.239,9209.894,10,0.0,1.0377613054639485
