exe,mean,median,std,min,max,n,pct_vs_baseline,cov
som-rs-bc-l4bits,39.5738,39.434,0.30536977584560826,39.235,39.983,5,0.3629674178370539,0.007716463312737424
som-rs-bc-l3bits,39.9698,39.927,0.19908465536047606,39.757,40.297,5,0.34946384520312845,0.004980876946106212
som-rs-bc-nan,41.7218,40.904,1.6672080554028044,40.651,44.633,5,0.29279657157649,0.039960118101395534
som-rs-bc-baseline,53.9378,53.783,0.4683707932824193,53.638,54.768,5,0.0,0.008683535355213214
