exe,mean,median,std,min,max,n,pct_vs_baseline,cov
som-rs-bc-nan,3536.7463,3503.599,3688.586394583313,36.961,7129.956,10,0.23461934490466563,1.0429321420604336
som-rs-bc-l3bits,3684.4137,3648.897,3844.936397288923,36.787,7429.477,10,0.18513710878884204,1.0435680437538606
som-rs-bc-l4bits,3691.114,3668.2470000000003,3851.00175790303,36.811,7369.105,10,0.18298578694670486,1.043316938437293
som-rs-bc-baseline,4366.5354,4299.3324999999995,4550.7746636115635,49.095,8788.833,10,0.0,1.0421934661543255
