exe,mean,median,std,min,max,n,pct_vs_baseline,cov
som-rs-bc-nan,3548.3180999999995,4600.353999999999,1988.2797885550506,190.598,4878.617,20,0.3313529584622079,0.5603442905964521
som-rs-bc-l3bits,3697.4366999999997,4808.732,2071.1006967584603,197.827,5128.646,20,0.27765914153445825,0.5601450044455015
som-rs-bc-l4bits,3800.0083,4938.751,2131.3124013579077,201.519,5271.86,20,0.24317196886122594,0.5608704595087088
som-rs-bc-baseline,4724.0638,6148.4765,2641.709648304406,262.994,6572.908,20,0.0,0.5592027881385527
