exe,mean,median,std,min,max,n,pct_vs_baseline,cov
som-rs-bc-l3bits,16.46492,16.124,1.6670991293342543,16.063,30.252,75,0.10999547320404046,0.10125157785973174
som-rs-bc-l4bits,16.47964,16.413,0.7571979933155408,15.569,20.994,75,0.1090039992783014,0.045947483884086114
som-rs-bc-nan,16.69221333333333,16.478,1.5674596360450983,16.377,30.036,75,0.09488096645461863,0.09390364265923783
som-rs-bc-baseline,18.275986666666668,18.219,0.24191133585347882,18.126,20.122,75,0.0,0.01323656775777243
