exe,mean,median,std,min,max,n,pct_vs_baseline,cov
som-rs-bc-nan,135.70429333333334,139.242,21.33713782812907,107.9,162.809,75,0.17014642228956256,0.1572325923080282
som-rs-bc-l4bits,136.57435999999998,143.228,21.663194476720562,107.864,182.664,75,0.1626918356661773,0.15861831222727724
som-rs-bc-l3bits,137.75197333333332,144.072,21.512915538002407,108.981,165.269,75,0.15275222191614346,0.1561713782926745
som-rs-bc-baseline,158.79389333333333,138.459,30.202370139038678,129.17,203.015,75,0.0,0.1901985618278101
