exe,mean,median,std,min,max,n,pct_vs_baseline,cov
som-rs-bc-l3bits,62.559799999999996,62.603,0.3307441609461904,62.017,62.912,5,0.2792528109105208,0.005286848118858923
som-rs-bc-l4bits,62.6716,62.647,0.39222544537548787,62.281,63.284,5,0.2769707491112401,0.006258423997081419
som-rs-bc-nan,62.971199999999996,62.912,0.6845821353205185,61.954,63.753,5,0.2708952664075006,0.010871352861633866
som-rs-bc-baseline,80.0298,80.123,0.64946185415311,79.12,80.711,5,0.0,0.008115250246197166
