exe,mean,median,std,min,max,n,pct_vs_baseline,cov
som-rs-bc-nan,49.1742,49.286,0.3813308274975958,48.742,49.578,5,0.29780250619227155,0.007754693060539791
som-rs-bc-l4bits,49.4636,49.326,0.7828481972898704,48.686,50.426,5,0.2902093660792986,0.015826753355798414
som-rs-bc-l3bits,50.635000000000005,50.647,0.9111533899404636,49.591,51.971,5,0.26036141009183345,0.017994537176665618
som-rs-bc-baseline,63.8184,63.282,0.9634429407079586,63.067,65.363,5,0.0,0.015096632643688318
