exe,mean,median,std,min,max,n,pct_vs_baseline,cov
som-rs-bc-l3bits,43.221999999999994,43.185,0.17371096683859688,43.086,43.516,5,0.30490490953681015,0.004019040461769398
som-rs-bc-l4bits,45.175,45.177,0.09812237257628889,45.061,45.311,5,0.24849142224681797,0.0021720503060606287
som-rs-bc-nan,45.507400000000004,45.241,0.4737307252015619,45.093,46.133,5,0.2393720581707588,0.010409971239876633
som-rs-bc-baseline,56.4006,56.368,0.1779179586213849,56.19,56.634,5,0.0,0.0031545401754836814
