exe,mean,median,std,min,max,n,pct_vs_baseline,cov
som-rs-bc-nan,20.0724,20.006,0.18887112007927587,19.852,20.325,5,0.36311552181104423,0.009409493636997862
som-rs-bc-l4bits,20.7178,20.66,0.19313906906682593,20.559,21.047,5,0.3206518066590083,0.009322373469520216
som-rs-bc-l3bits,20.8056,20.823,0.18519665223756115,20.501,20.979,5,0.31507863267581815,0.00890128870292427
som-rs-bc-baseline,27.361,27.233,0.24252525641672917,27.149,27.632,5,0.0,0.008863903235142325
