exe,mean,median,std,min,max,n,pct_vs_baseline,cov
som-rs-bc-l4bits,35.1906,35.127,0.38188781075074973,34.846,35.775,5,0.3022852693617042,0.010851983505559715
som-rs-bc-nan,35.414,35.402,0.2509820710728154,35.11,35.802,5,0.2940701417518494,0.007087086210900079
som-rs-bc-l3bits,35.461400000000005,35.469,0.30110679168693777,35.111,35.885,5,0.29234040393216265,0.008491114047582378
som-rs-bc-baseline,45.828199999999995,45.538,0.5350123363063679,45.345,46.602,5,0.0,0.011674303950545036
