exe,mean,median,std,min,max,n,pct_vs_baseline,cov
som-rs-bc-l3bits,32.4002,32.392,0.02986971710612416,32.365,32.446,5,0.24675156326195502,0.0009218991582189048
som-rs-bc-l4bits,32.6618,32.664,0.02288449256592689,32.629,32.693,5,0.23676588552988487,0.0007006500733556292
som-rs-bc-nan,35.7872,35.723,0.2915487952298891,35.466,36.262,5,0.12875553270443052,0.008146733894517847
som-rs-bc-baseline,40.394999999999996,40.376,0.1424254190795994,40.244,40.583,5,0.0,0.0035258180240029563
