exe,mean,median,std,min,max,n,pct_vs_baseline,cov
som-rs-bc-nan,24.1224,24.112,0.05744823757087905,24.06,24.217,5,0.28633137664577313,0.002381530758584513
som-rs-bc-l4bits,24.227800000000002,24.233,0.062359441947469715,24.152,24.321,5,0.28073535360206026,0.0025738796732460113
som-rs-bc-l3bits,24.275,24.273,0.0843119208653215,24.179,24.402,5,0.2782451081359423,0.0034731996237001646
som-rs-bc-baseline,31.0294,31.029,0.054866200889072424,30.95,31.099,5,0.0,0.0017682005094868875
