exe,mean,median,std,min,max,n,pct_vs_baseline,cov
som-rs-bc-nan,9.375,9.362,0.054171025465649066,9.312,9.435,5,0.3613653333333333,0.005778242716335901
som-rs-bc-l4bits,9.6784,9.672,0.019552493447128404,9.66,9.703,5,0.31868903951066296,0.002020219607283064
som-rs-bc-l3bits,10.906600000000001,10.819,0.20834178649517235,10.804,11.279,5,0.170190526836961,0.01910235880065028
som-rs-bc-baseline,12.7628,12.773,0.0306708330503106,12.725,12.8,5,0.0,0.002403142966301329
