exe,mean,median,std,min,max,n,pct_vs_baseline,cov
som-rs-bc-nan,5473.2235,5434.3855,5762.83593754314,6.266,11045.084,10,0.23981182204600282,1.0529144182661534
som-rs-bc-l3bits,5634.385499999999,5592.035,5932.461270201681,6.472,11338.615,10,0.20434911668717048,1.0529029776542058
som-rs-bc-l4bits,5750.671899999999,5719.266500000001,6055.024320486205,6.382,11570.352,10,0.17999554104277804,1.0529246713738278
som-rs-bc-baseline,6785.7672,6752.9400000000005,7143.517787708437,8.698,13684.845,10,0.0,1.0527207281305548
