exe,mean,median,std,min,max,n,pct_vs_baseline,cov
som-rs-bc-nan,20.154,20.143,0.15747380734585562,19.963,20.377,5,0.15139426416592228,0.00781352621543394
som-rs-bc-baseline,23.205199999999998,23.144,0.24315365512366843,22.951,23.6,5,0.0,0.01047841238703689
som-rs-bc-l4bits,34.181,34.259,0.38295104125723417,33.67,34.647,5,-0.32110821801585676,0.011203623102227384
som-rs-bc-l3bits,35.714999999999996,35.672,0.14140544543969902,35.571,35.94,5,-0.350267394652107,0.003959273286845836
