exe,mean,median,std,min,max,n,pct_vs_baseline,cov
som-rs-bc-nan,3723.7338000000004,3706.2865,3867.467740098331,54.609,7448.277,10,0.23422283837797386,1.0385994133357037
som-rs-bc-l3bits,3844.5463000000004,3824.4035,3994.1891313094397,55.022,7695.233,10,0.19543814571826035,1.0389234046445062
som-rs-bc-l4bits,3956.8555,3933.279,4113.577007020646,53.985,7964.734,10,0.16150748997530973,1.0396075891628205
som-rs-bc-baseline,4595.917299999999,4568.358499999999,4770.665622578003,69.765,9243.068,10,0.0,1.0380225124107443
