exe,mean,median,std,min,max,n,pct_vs_baseline,cov
som-rs-bc-l3bits,43.230399999999996,43.249,0.11303893134668312,43.045,43.343,5,0.30988841185832183,0.0026148018835514624
som-rs-bc-l4bits,44.5634,44.563,0.2197687420904079,44.302,44.819,5,0.2707064541753994,0.004931597276922495
som-rs-bc-nan,45.3872,45.12,0.6442772695043668,45.014,46.536,5,0.24764250713857638,0.014195131435831398
som-rs-bc-baseline,56.626999999999995,56.585,0.2804291354335394,56.315,56.94,5,0.0,0.0049522160000271855
