exe,mean,median,std,min,max,n,pct_vs_baseline,cov
som-rs-bc-nan,19.9828,20.018,0.18000333330246973,19.694,20.188,5,0.35882859258962685,0.009007913470708295
som-rs-bc-l4bits,20.8502,20.872,0.14822347992136808,20.618,21.026,5,0.30229925852030193,0.0071089716128079385
som-rs-bc-l3bits,21.3386,21.386,0.30387299978774013,20.92,21.688,5,0.2724921035119454,0.014240531233901949
som-rs-bc-baseline,27.1532,27.31,0.309244563412197,26.677,27.431,5,0.0,0.011388880994217884
