exe,mean,median,std,min,max,n,pct_vs_baseline,cov
som-rs-bc-l4bits,34.7844,34.73,0.38833786835692236,34.335,35.367,5,0.31288738629960555,0.011164138762115269
som-rs-bc-l3bits,35.1524,35.093,0.18673055454317128,34.977,35.47,5,0.299143159499778,0.005312028610938976
som-rs-bc-nan,35.2562,35.294,0.17384820965428277,35.058,35.48,5,0.29531827026168456,0.004930996807775165
som-rs-bc-baseline,45.668,45.524,0.40819725623771635,45.185,46.203,5,0.0,0.00893836507483832
