exe,mean,median,std,min,max,n,pct_vs_baseline,cov
som-rs-bc-nan,13349.9,13139.5,14073.773571592106,0.0,27136.0,10,0.7616161918815874,1.0542231456109863
som-rs-bc-l3bits,13616.9,13170.0,14359.666828771944,0.0,27940.0,10,0.7270744442567694,1.0545474248009419
som-rs-bc-l4bits,13974.1,13213.5,14746.95533510411,0.0,29174.0,10,0.6829277019629172,1.0553062691052812
som-rs-bc-baseline,23517.4,22808.0,24802.886683251654,0.0,48757.0,10,0.0,1.0546610885238867
