exe,mean,median,std,min,max,n,pct_vs_baseline,cov
som-rs-bc-l4bits,327.53333333333336,0.0,661.6118796388706,0.0,1884.0,75,0.8023203745165886,2.0199833491925623
som-rs-bc-l3bits,329.44,0.0,664.5278396950196,0.0,1851.0,75,0.7918892666342887,2.0171437581806084
som-rs-bc-nan,331.14666666666665,0.0,667.9487901825306,0.0,1833.0,75,0.7826542116282817,2.0170784048836286
som-rs-bc-baseline,590.32,0.0,742.8516668345834,0.0,2109.0,75,0.0,1.2583881061705233
