exe,mean,median,std,min,max,n,pct_vs_baseline,cov
som-rs-bc-baseline,37998592.0,37998592.0,33898930.61758044,4526080.0,71471104.0,40,0.0,0.8921101765449742
som-rs-bc-l3bits,72466434.0,72466434.0,70763812.28065552,2592768.0,142340100.0,40,-0.47563872123195683,0.9765046846469018
som-rs-bc-l4bits,72466434.0,72466434.0,70763812.28065553,2592768.0,142340100.0,40,-0.47563872123195683,0.976504684646902
som-rs-bc-nan,73207809.0,73207809.0,71514631.92892717,2592768.0,143822850.0,40,-0.4809489244514885,0.976871633037497
