exe,mean,median,std,min,max,n,pct_vs_baseline,cov
som-rs-bc-l4bits,20.853973333333332,24.7255,6.813752994166088,8.288,30.291,300,0.2244339687784518,0.32673643939473507
som-rs-bc-l3bits,21.087576666666667,24.9065,6.7682339286180975,8.376,30.439,300,0.21086997036011557,0.32095835550970203
som-rs-bc-nan,21.10269,24.99,6.673182875725515,8.769,30.431,300,0.21000276899927606,0.3162242764181019
som-rs-bc-baseline,25.534313333333333,29.957,7.58220927567659,10.509,37.041,300,0.0,0.2969419688987103
