exe,mean,median,std,min,max,n,pct_vs_baseline,cov
som-rs-bc-nan,1055.9213750000001,1586.1309999999999,722.1355654873123,6.77,1793.772,80,0.2483459291654171,0.6838914170927852
som-rs-bc-l4bits,1105.2031375000001,1588.409,752.104374516297,6.256,1911.599,80,0.19268133185153924,0.6805123411227167
som-rs-bc-l3bits,1110.0163875,1603.3775,763.3204580956675,4.34,1884.29,80,0.18750963034768708,0.6876659360091362
som-rs-bc-baseline,1318.15515,1997.9645,916.4544063643792,6.761,2299.66,80,0.0,0.6952553395284153
