exe,mean,median,std,min,max,n,pct_vs_baseline,cov
som-rs-bc-l4bits,5.294783333333333,5.7995,1.0380716121550078,2.832,8.909,300,0.301669882620315,0.19605554123807542
som-rs-bc-nan,5.370466666666667,5.7875,0.9680502361730708,2.778,8.111,300,0.28332609208386583,0.18025439803612425
som-rs-bc-l3bits,5.622066666666666,6.0585,1.0452159698523245,2.724,8.448,300,0.2258943923349659,0.18591312266882723
som-rs-bc-baseline,6.89206,7.906000000000001,1.8213963981509682,3.048,12.02,300,0.0,0.2642745997787263
