exe,mean,median,std,min,max,n,pct_vs_baseline,cov
som-rs-bc-l4bits,5.41068,5.944,1.0922930243774704,2.771,8.061,300,0.36679801183338645,0.2018772177207801
som-rs-bc-nan,5.498343333333333,6.1285,1.1671748838486793,2.702,8.554,300,0.34500634433523336,0.21227755581808813
som-rs-bc-l3bits,5.5150500000000005,6.177,1.2913113454170038,2.721,9.409,300,0.34093193473616146,0.23414318010117835
som-rs-bc-baseline,7.395306666666667,8.447,1.9684772613325996,3.213,18.365,300,0.0,0.2661792607202135
