exe,mean,median,std,min,max,n,pct_vs_baseline,cov
som-rs-bc-nan,7.650499999999999,7.9585,1.1980070512049759,4.923,10.735,20,0.36785177439383054,0.156591994144824
som-rs-bc-l4bits,7.6679,8.002,1.2402129231453938,3.84,10.422,20,0.36474784491190526,0.16174088383330426
som-rs-bc-l3bits,8.32215,8.138,0.5940693097079175,7.75,9.647,20,0.2574575079757031,0.07138411464680611
som-rs-bc-baseline,10.464749999999999,11.2225,1.8684245509604018,5.54,12.721,20,0.0,0.1785445950414871
