exe,mean,median,std,min,max,n,pct_vs_baseline,cov
som-rs-bc-l4bits,5.57163,6.234,1.1345827484779645,2.867,8.242,300,0.4501268031078878,0.20363569520552594
som-rs-bc-l3bits,5.610790000000001,6.312,1.2471000096276859,2.766,9.134,300,0.44000577458789225,0.22226816716143105
som-rs-bc-nan,5.90083,6.7805,1.3918936384541853,2.816,10.669,300,0.3692260241355878,0.2358809927508817
som-rs-bc-baseline,8.07957,9.3995,2.3837514569395766,3.274,18.035,300,0.0,0.2950344457612938
