exe,mean,median,std,min,max,n,pct_vs_baseline,cov
som-rs-bc-nan,3199.4765749999997,1445.001,3463.921318559928,32.39,7589.704,40,0.25812740948103374,1.0826525018580353
som-rs-bc-l4bits,3421.5751250000003,1445.6375,3724.280746816479,34.715,8334.975,40,0.17646084856897604,1.0884696698911378
som-rs-bc-l3bits,3424.3343,1443.7195,3733.4163751744427,31.84,8267.868,40,0.17551290918062534,1.0902604851326703
som-rs-bc-baseline,4025.3491750000003,1801.2665,4362.059708835712,37.457,9597.302,40,0.0,1.0836475344615815
