exe,mean,median,std,min,max,n,pct_vs_baseline,cov
som-rs-bc-nan,112.97536999999998,113.419,37.13125056410861,39.515,163.748,300,0.17526233077764375,0.32866677545830225
som-rs-bc-l3bits,114.41523666666667,114.3275,38.00025171823849,38.312,178.486,300,0.16047215855953456,0.3321257974490503
som-rs-bc-l4bits,114.64241333333334,112.93299999999999,36.96721800721732,41.097,164.501,300,0.15817255417163234,0.32245673248112583
som-rs-bc-baseline,132.77569666666668,130.60399999999998,47.660241680757515,46.313,223.187,300,0.0,0.3589530529853557
