exe,mean,median,std,min,max,n,pct_vs_baseline,cov
som-rs-bc-l4bits,13.687819999999999,16.1655,4.335439790246142,5.53,19.075,300,0.2616408846210232,0.3167370545672096
som-rs-bc-l3bits,14.00428,16.579,4.48608567430345,5.582,20.477,300,0.23313110944178028,0.320336759498057
som-rs-bc-nan,14.517613333333331,16.505,3.9418610136998256,6.576,30.86,300,0.18952839814808886,0.27152266169323236
som-rs-bc-baseline,17.269113333333333,19.951,4.857791675961994,7.324,22.376,300,0.0,0.28129942644972666
