exe,mean,median,std,min,max,n,pct_vs_baseline,cov
som-rs-bc-nan,35502080.0,35502080.0,37353397.14825794,65536.0,70938624.0,10,0.659648110758581,1.0521467234668487
som-rs-bc-l3bits,43587583.0,43587583.0,28757127.964687083,16306176.0,70868990.0,10,0.35178314429593405,0.6597550491544136
som-rs-bc-l4bits,43587583.0,43587583.0,28757127.964687083,16306176.0,70868990.0,10,0.35178314429593405,0.6597550491544136
som-rs-bc-baseline,58920960.0,58920960.0,62039064.16497929,65536.0,117776384.0,10,0.0,1.0529201181545462
