exe,mean,median,std,min,max,n,pct_vs_baseline,cov
som-rs-bc-nan,4.931443333333333,5.5145,1.0717306543345477,2.643,6.992,300,0.3767031017964315,0.21732595954015108
som-rs-bc-l4bits,5.033933333333334,5.596500000000001,1.0456176435056246,2.669,7.899,300,0.3486736680395712,0.20771384407930668
som-rs-bc-l3bits,5.089993333333333,5.56,0.9648813328992741,2.786,7.173,300,0.33381969066102246,0.1895643608372652
som-rs-bc-baseline,6.789133333333333,7.781000000000001,1.6794795664936766,2.931,10.747,300,0.0,0.2473776083094077
