exe,mean,median,std,min,max,n,pct_vs_baseline,cov
som-rs-bc-l4bits,5.025023333333333,5.541,1.0034532762987047,2.736,7.672,300,0.33227640070659703,0.19969126703200146
som-rs-bc-nan,5.066883333333333,5.519,1.0529206154614752,2.628,8.152,300,0.32126981411979094,0.20780439299532755
som-rs-bc-l3bits,5.12561,5.6335,1.0106500861105114,2.754,7.038,300,0.30613136777866434,0.19717654798365686
som-rs-bc-baseline,6.69472,7.71,1.6348606258086344,2.849,8.548,300,0.0,0.24420149398460794
