exe,mean,median,std,min,max,n,pct_vs_baseline,cov
som-rs-bc-l4bits,15.898029999999999,18.665,4.589194133878859,7.035,23.247,300,0.1813394489757536,0.2886643272077647
som-rs-bc-nan,15.904096666666668,18.4785,4.584901939333042,7.228,20.347,300,0.18088882340378132,0.2882843355034756
som-rs-bc-l3bits,15.953479999999999,18.659,4.689099561599789,7.08,24.542,300,0.1772334312012176,0.293923304608135
som-rs-bc-baseline,18.78097,22.352,5.790430718763158,7.277,31.587,300,0.0,0.30831371961954884
