exe,mean,median,std,min,max,n,pct_vs_baseline,cov
som-rs-bc-nan,21.01188,24.9815,6.736720800414879,8.667,30.45,300,0.20643813563247715,0.32061485218908914
som-rs-bc-l3bits,21.108633333333334,24.653,6.459114452507471,8.988,28.105,300,0.20090831713406354,0.30599396704227516
som-rs-bc-l4bits,21.133566666666667,25.125999999999998,6.727799217668914,8.723,30.564,300,0.19949148826432506,0.3183466058419977
som-rs-bc-baseline,25.349533333333333,29.628,7.156963939992297,10.543,35.146,300,0.0,0.28233119110643573
