exe,mean,median,std,min,max,n,pct_vs_baseline,cov
som-rs-bc-l4bits,20.699696666666664,24.4175,7.030305716887314,8.18,51.918,300,0.2306289834520927,0.3396332724144902
som-rs-bc-nan,21.137593333333335,24.985500000000002,6.768337460154991,8.649,36.952,300,0.2051346747453746,0.3202037882657876
som-rs-bc-l3bits,21.36235,24.943,6.5959682304539005,8.787,31.103,300,0.19245526202251484,0.30876604074242303
som-rs-bc-baseline,25.473646666666667,30.02,7.542349615841257,10.441,34.586,300,0.0,0.2960844089005418
