exe,mean,median,std,min,max,n,pct_vs_baseline,cov
som-rs-bc-l4bits,15.734350000000001,18.127,4.430679442467749,6.969,24.038,300,0.2046452506776575,0.2815927853688108
som-rs-bc-nan,15.937073333333334,18.4715,4.56034530919379,7.279,24.168,300,0.18932187883931828,0.28614697402788236
som-rs-bc-l3bits,16.070903333333334,18.7835,4.626267631830939,7.299,23.143,300,0.17941783401098998,0.287866060536585
som-rs-bc-baseline,18.95431,22.505000000000003,5.696949952659794,7.782,31.673,300,0.0,0.3005622442948223
