exe,mean,median,std,min,max,n,pct_vs_baseline,cov
som-rs-bc-l4bits,79.21353666666667,93.19999999999999,24.018954959082016,28.209,128.856,300,0.12112824487363505,0.3032178080894761
som-rs-bc-nan,79.51278333333333,93.937,24.288491836850437,27.724,146.846,300,0.11690887440111841,0.30546650260032115
som-rs-bc-l3bits,79.96692666666667,94.3605,23.85773743616942,27.875,120.883,300,0.11056579307495396,0.29834505877183165
som-rs-bc-baseline,88.80853333333334,89.82249999999999,29.695660555739387,26.777,125.08,300,0.0,0.334378459379347
