exe,mean,median,std,min,max,n,pct_vs_baseline,cov
som-rs-bc-l3bits,78.86315666666667,93.448,24.495165547295656,27.277,105.107,300,0.1304997217331776,0.3106034120702285
som-rs-bc-l4bits,79.27633666666667,93.488,23.48464568364354,28.815,103.287,300,0.12460767506873949,0.2962377762533285
som-rs-bc-nan,79.68883000000001,94.1105,24.656003134388527,27.868,147.596,300,0.11878636775902796,0.3094035027793547
som-rs-bc-baseline,89.15477666666666,89.85900000000001,30.107216018446366,26.762,134.749,300,0.0,0.33769605111582207
