exe,mean,median,std,min,max,n,pct_vs_baseline,cov
som-rs-bc-l4bits,47.875,53.7465,11.372435488819816,23.4,55.947,20,0.3072365535248043,0.23754434441399094
som-rs-bc-nan,48.04025,55.598,13.53153837239817,21.925,56.308,20,0.3027398899880829,0.2816708566753539
som-rs-bc-l3bits,48.096199999999996,54.546499999999995,12.391760758453053,22.769,56.686,20,0.30122442105613345,0.25764531830899434
som-rs-bc-baseline,62.58395,70.4165,15.017139570907144,28.432,72.917,20,0.0,0.23995192970253784
