exe,mean,median,std,min,max,n,pct_vs_baseline,cov
som-rs-bc-l4bits,47.347699999999996,54.602,13.30200787020318,23.013,56.157,20,0.3197008513613122,0.28094306313090567
som-rs-bc-l3bits,48.31465,54.662,12.195800835900336,20.946,56.712,20,0.29328888856692514,0.2524244889676389
som-rs-bc-nan,48.8972,55.3865,12.190404822948597,25.759,56.947,20,0.27788094205803193,0.24930680740305372
som-rs-bc-baseline,62.48479999999999,70.19200000000001,14.821578268826418,34.219,72.517,20,0.0,0.2372029400562444
