exe,mean,median,std,min,max,n,pct_vs_baseline,cov
som-rs-bc-l3bits,22.3081,24.6685,4.808276054996491,10.848,25.984,20,0.3162147381444409,0.21553947019228403
som-rs-bc-nan,23.937649999999998,25.868000000000002,4.252332923479212,10.72,29.739,20,0.22661372356935638,0.17764203768871267
som-rs-bc-l4bits,24.577199999999998,25.156,1.8449986335753028,20.232,29.259,20,0.1946946763667139,0.07506952108357759
som-rs-bc-baseline,29.36225,32.3455,6.32238705649261,15.64,34.874,20,0.0,0.21532365729780958
