exe,mean,median,std,min,max,n,pct_vs_baseline,cov
som-rs-bc-nan,22.9925,25.0535,4.30668242691701,12.695,26.02,20,0.28694139393280405,0.18730814078142916
som-rs-bc-l3bits,23.2817,25.597,4.87623304891885,11.188,26.171,20,0.2709552996559528,0.20944488799867922
som-rs-bc-l4bits,23.3298,24.929499999999997,4.574333389456299,12.264,28.441,20,0.26833491928777775,0.1960725505343509
som-rs-bc-baseline,29.589999999999996,32.2945,6.196034130584534,13.503,34.895,20,0.0,0.2093962193506095
