exe,mean,median,std,min,max,n,pct_vs_baseline,cov
som-rs-bc-l3bits,7.234516666666667,8.4505,2.0192471782685226,3.014,10.214,300,0.35709826272660483,0.2791129347413473
som-rs-bc-l4bits,7.305113333333334,8.443000000000001,1.9787710588899774,3.025,9.845,300,0.3439832555643674,0.2708747925731443
som-rs-bc-nan,7.3839733333333335,8.49,2.192062866645626,2.993,21.097,300,0.3296296664126632,0.296867657518485
som-rs-bc-baseline,9.817950000000002,11.256499999999999,2.33227183389729,4.586,13.053,300,0.0,0.23755181416663249
