exe,mean,median,std,min,max,n,pct_vs_baseline,cov
som-rs-bc-l3bits,7.349386666666666,8.5055,1.9083954800257787,3.078,9.284,300,0.33744267095304115,0.25966731192432096
som-rs-bc-l4bits,7.367190000000001,8.533000000000001,2.004539443822314,3.089,9.904,300,0.3342106465739765,0.27209009728571054
som-rs-bc-nan,7.47989,8.481,1.868268079431339,3.115,9.502,300,0.31410800604465217,0.24977213293662595
som-rs-bc-baseline,9.829383333333334,11.163,2.2799107790122872,4.555,14.385,300,0.0,0.2319485059943354
