exe,mean,median,std,min,max,n,pct_vs_baseline,cov
som-rs-bc-nan,1068.680825,1581.83,730.5774335723826,5.678,1847.705,80,0.24441643977283856,0.6836254721538422
som-rs-bc-l4bits,1102.3037749999999,1593.1115,746.0819603100592,5.765,1868.882,80,0.2064587073558739,0.6768387963744924
som-rs-bc-l3bits,1107.0417499999999,1596.3654999999999,766.5406460941538,4.442,1906.255,80,0.20129524247843422,0.6924225270584003
som-rs-bc-baseline,1329.8839874999999,1985.2109999999998,921.7656323206737,6.355,2286.093,80,0.0,0.6931173252589251
