exe,mean,median,std,min,max,n,pct_vs_baseline,cov
som-rs-bc-nan,1070.4295875,1602.3515,719.9374671758387,5.569,1784.886,80,0.24547013934253759,0.6725687290251949
som-rs-bc-l4bits,1096.0978499999999,1585.1035000000002,751.4109818361736,5.464,1861.99,80,0.21630389795947536,0.6855327577151745
som-rs-bc-l3bits,1129.6606125,1600.9105,772.1600498889751,5.866,1933.327,80,0.18016692159389613,0.6835327720067562
som-rs-bc-baseline,1333.1880875000002,2001.01,918.4995301490112,6.185,2305.242,80,0.0,0.6889496979165073
