exe,mean,median,std,min,max,n,pct_vs_baseline,cov
som-rs-bc-l3bits,30.36605,33.5555,6.264302401410373,18.084,34.671,20,0.25118841601064323,0.20629296208793613
som-rs-bc-nan,30.375099999999996,33.6775,6.518158772149339,17.664,35.764,20,0.2508156351748636,0.21458888274110505
som-rs-bc-l4bits,31.512099999999997,34.303,5.987606743582069,17.924,34.872,20,0.20568448310331577,0.19000976588618562
som-rs-bc-baseline,37.993649999999995,42.768,9.329633925660865,18.763,44.541,20,0.0,0.2455577162410262
