exe,mean,median,std,min,max,n,pct_vs_baseline,cov
som-rs-bc-l3bits,30.86175,33.516999999999996,5.318857572973632,20.36,35.325,20,0.2639869741670515,0.17234465229527268
som-rs-bc-nan,31.67355,33.4405,5.232591291984054,18.143,38.696,20,0.23159071212415427,0.16520381491762226
som-rs-bc-l4bits,32.049,34.476,6.592625481311836,16.838,40.986,20,0.21716278199007788,0.20570456118168542
som-rs-bc-baseline,39.00885,43.245000000000005,8.579477614296254,21.982,44.568,20,0.0,0.21993669678281347
