exe,mean,median,std,min,max,n,pct_vs_baseline,cov
som-rs-bc-l3bits,31.1118,34.954,7.446346307170776,17.188,36.488,20,0.3004069195610668,0.2393415458819733
som-rs-bc-nan,31.64105,34.919,6.386713300817728,19.932,36.355,20,0.27865541756673684,0.20184896837550362
som-rs-bc-l4bits,31.664550000000002,34.466,6.054764782905753,19.882,36.254,20,0.2777064572210879,0.19121587967950762
som-rs-bc-baseline,40.458,45.878,10.710770019987015,17.565,47.924,20,0.0,0.2647380003951509
