exe,mean,median,std,min,max,n,pct_vs_baseline,cov
som-rs-bc-l3bits,30.468650000000004,34.24,7.960004074813819,14.001,36.319,20,0.31054871154448893,0.2612522732321195
som-rs-bc-nan,31.458049999999997,34.828,6.851491566190454,13.852,36.375,20,0.2693301078738195,0.21779772001730732
som-rs-bc-l4bits,32.2413,35.2445,6.132176775870565,16.613,38.058,20,0.2384937952253785,0.1901963250821327
som-rs-bc-baseline,39.93065,46.044,11.549322888673698,18.192,47.798,20,0.0,0.2892345325877164
