exe,mean,median,std,min,max,n,pct_vs_baseline,cov
som-rs-bc-l4bits,102.50540000000001,116.60499999999999,27.582626636115865,49.099,120.721,20,0.2880262893467076,0.26908462028454955
som-rs-bc-nan,102.74895,116.16900000000001,26.244364933959478,54.737,120.66,20,0.28497322843688444,0.25542222021694116
som-rs-bc-l3bits,105.83745000000002,119.9375,26.292460267006305,52.938,123.174,20,0.24747572810947327,0.248423032367147
som-rs-bc-baseline,132.02965,148.6875,35.17418653123639,66.013,160.514,20,0.0,0.2664112684630792
