exe,mean,median,std,min,max,n,pct_vs_baseline,cov
som-rs-bc-nan,102.7483,116.096,26.338177769562048,51.233,122.759,20,0.29060675456430896,0.2563368714573579
som-rs-bc-l3bits,103.5743,119.476,30.139845428130158,49.101,124.046,20,0.28031422852966403,0.2909973364833763
som-rs-bc-l4bits,103.7749,116.8365,25.169066201652335,58.534,121.049,20,0.27783934265414834,0.24253520072437876
som-rs-bc-baseline,132.60764999999998,150.076,36.26158927088002,64.514,160.762,20,0.0,0.273450206461543
