exe,mean,median,std,min,max,n,pct_vs_baseline,cov
som-rs-bc-l4bits,5.3401966666666665,5.856,1.199401870717438,2.708,9.335,300,0.38684842443380685,0.22459882015283547
som-rs-bc-nan,5.54898,6.1325,1.1352078057080424,2.697,8.573,300,0.33466751246775694,0.20457954537735626
som-rs-bc-l3bits,5.716419999999999,6.2865,1.3332581826257277,2.773,9.976,300,0.2955736865614029,0.23323306940807845
som-rs-bc-baseline,7.406043333333334,8.254000000000001,1.810932689382404,3.332,17.524,300,0.0,0.24452094159801982
