exe,mean,median,std,min,max,n,pct_vs_baseline,cov
som-rs-bc-l4bits,5.322543333333333,5.775,0.9699738306932073,2.806,7.988,300,0.34336404338026383,0.18223878509707592
som-rs-bc-nan,5.35331,5.7865,1.028976144972796,2.782,8.234,300,0.3356434305753513,0.19221306910543126
som-rs-bc-l3bits,5.556453333333333,6.1485,1.110477251866029,2.777,8.202,300,0.2868124511079011,0.19985360899267204
som-rs-bc-baseline,7.1501133333333335,7.8805,1.504980969831203,3.053,10.899,300,0.0,0.21048351259204326
