exe,mean,median,std,min,max,n,pct_vs_baseline,cov
som-rs-bc-l4bits,5.4298166666666665,5.9305,1.0491677589134003,2.694,8.453,300,0.38593506840316905,0.19322342232182185
som-rs-bc-nan,5.547573333333333,6.136,1.1073543229747753,2.728,7.937,300,0.35651624253727765,0.19961057861481332
som-rs-bc-l3bits,5.798003333333334,6.278499999999999,1.203576780632829,2.77,9.557,300,0.29792497532196416,0.2075846996695119
som-rs-bc-baseline,7.5253733333333335,8.5805,1.7369301757430893,3.251,10.953,300,0.0,0.23080983478247227
