exe,mean,median,std,min,max,n,pct_vs_baseline,cov
som-rs-bc-nan,8.622523333333334,10.000499999999999,2.3130415141705662,3.842,12.183,300,0.3857490286099543,0.26825575585614336
som-rs-bc-l4bits,8.912976666666667,10.278500000000001,2.301818259649763,3.993,11.981,300,0.34059066686662476,0.25825471621150464
som-rs-bc-l3bits,9.306146666666667,10.644,2.561455190733582,3.897,11.772,300,0.2839528283098911,0.2752433722013388
som-rs-bc-baseline,11.948653333333333,13.359,2.8146057470856,5.475,19.003,300,0.0,0.23555840717494525
