exe,mean,median,std,min,max,n,pct_vs_baseline,cov
som-rs-bc-nan,8.55337,9.7855,2.2553778628233694,3.841,10.193,300,0.3699243689914036,0.2636829533649742
som-rs-bc-l4bits,8.608846666666667,9.806,2.224389819715907,4.062,12.273,300,0.36109637605347067,0.25838418383367345
som-rs-bc-l3bits,9.252256666666668,10.6675,2.694958900560065,3.927,14.473,300,0.2664445466817644,0.2912758473583271
som-rs-bc-baseline,11.71747,13.35,2.99650897253927,5.807,17.646,300,0.0,0.25573003152892815
