exe,mean,median,std,min,max,n,pct_vs_baseline,cov
som-rs-bc-nan,9.11795,9.725,1.542281920948376,4.979,10.093,20,0.3978471037897773,0.16914788093248767
som-rs-bc-l4bits,9.48725,9.813500000000001,1.4412319246139105,5.292,11.138,20,0.3434346096076313,0.15191250621770383
som-rs-bc-l3bits,9.76935,10.67,2.1487894088728683,4.612,11.628,20,0.304641557524298,0.21995213692547289
som-rs-bc-baseline,12.7455,13.386,2.5812407971035123,7.227,17.723,20,0.0,0.2025217368564209
