exe,mean,median,std,min,max,n,pct_vs_baseline,cov
som-rs-bc-l4bits,5.129966666666666,5.7044999999999995,1.0559983779040611,2.779,7.961,300,0.39541907354823613,0.20584897456852766
som-rs-bc-nan,5.301363333333334,5.7780000000000005,0.987723952669881,2.783,8.045,300,0.35030422991821597,0.18631508360488672
som-rs-bc-l3bits,5.555546666666666,6.0855,1.0609973101423582,2.762,7.82,300,0.2885236616378586,0.19097982139333872
som-rs-bc-baseline,7.158453333333333,8.203,1.7551613026966606,3.037,9.393,300,0.0,0.24518722424629819
