exe,mean,median,std,min,max,n,pct_vs_baseline,cov
som-rs-bc-l4bits,6.076403333333333,6.659,1.3022990478466516,2.85,9.147,300,0.5747599594277535,0.214320705260401
som-rs-bc-nan,6.353203333333333,7.186,1.54177684988404,2.783,8.293,300,0.5061499159741463,0.24267708256633375
som-rs-bc-l3bits,7.029343333333333,8.0685,1.8746218915405415,2.9,8.589,300,0.36127604143203507,0.26668520836804693
som-rs-bc-baseline,9.568876666666666,11.149000000000001,2.770484632415488,3.992,15.238,300,0.0,0.28953081212411436
