exe,mean,median,std,min,max,n,pct_vs_baseline,cov
som-rs-bc-nan,9.7351,10.01,1.1780112992041425,5.186,11.557,20,0.3090261014267961,0.12100659461167759
som-rs-bc-l3bits,9.8596,10.6295,2.120604069847229,4.303,11.746,20,0.2924966530082356,0.21508013203854406
som-rs-bc-l4bits,9.8823,10.297,1.2507122644401678,4.805,10.866,20,0.2895277415176629,0.12656084762051018
som-rs-bc-baseline,12.743500000000001,13.664,1.842448385337179,7.204,14.761,20,0.0,0.14457946288987944
