exe,mean,median,std,min,max,n,pct_vs_baseline,cov
som-rs-bc-l4bits,5.913563333333333,6.604,1.3806820594013427,2.78,7.818,300,0.6614534158479743,0.23347717468734464
som-rs-bc-nan,6.510853333333333,7.189500000000001,1.377661485653278,2.783,8.336,300,0.5090356819587398,0.21159461212251923
som-rs-bc-l3bits,6.913593333333333,7.9035,1.8724478250355858,2.884,9.373,300,0.4211292921481258,0.2708356906108043
som-rs-bc-baseline,9.82511,11.506499999999999,2.6316539043233753,4.034,13.641,300,0.0,0.2678498158619471
