exe,mean,median,std,min,max,n,pct_vs_baseline,cov
som-rs-bc-nan,5.15977,5.783,1.0914655103579787,2.649,6.473,300,0.30230352644917624,0.21153375254284176
som-rs-bc-l4bits,5.3868366666666665,5.902,1.1195776750888773,2.655,12.523,300,0.24740865232594755,0.20783583100203099
som-rs-bc-l3bits,5.43183,6.118,1.1208581225425314,2.66,8.447,300,0.23707602532970773,0.20635000037603007
som-rs-bc-baseline,6.719586666666666,7.6025,1.6299161772840127,2.913,11.368,300,0.0,0.24256196967730348
