exe,mean,median,std,min,max,n,pct_vs_baseline,cov
som-rs-bc-l4bits,5.184843333333333,5.7575,1.1262118224468056,2.638,8.13,300,0.2951841039234231,0.21721231482664002
som-rs-bc-nan,5.21042,5.788,1.0665321497050677,2.609,7.287,300,0.28882636460528466,0.2046921648744377
som-rs-bc-l3bits,5.29141,5.768000000000001,1.0237040760645493,2.656,8.233,300,0.2690996665665044,0.1934652722175279
som-rs-bc-baseline,6.715326666666667,7.615,1.5002612191574887,3.012,9.745,300,0.0,0.22340852405653464
