exe,mean,median,std,min,max,n,pct_vs_baseline,cov
som-rs-bc-l4bits,47.91345,54.2525,11.752880244859131,26.697,56.205,20,0.17017246722997403,0.2452939674529622
som-rs-bc-l3bits,48.271,55.153,12.523647761860676,22.202,56.036,20,0.16150483727289666,0.2594445476965606
som-rs-bc-nan,48.480599999999995,54.8245,11.616460360422323,22.8,55.697,20,0.15648321184143765,0.23961049080296704
som-rs-bc-baseline,56.06699999999999,62.836,12.222318011692682,31.346,63.706,20,0.0,0.21799486349711386
