exe,mean,median,std,min,max,n,pct_vs_baseline,cov
som-rs-bc-l4bits,47.7275,54.5055,12.435539996317003,22.31,55.228,20,0.17372060133046974,0.2605529306231628
som-rs-bc-l3bits,48.6065,55.245999999999995,12.352796037633277,25.607,56.713,20,0.1524950366720501,0.2541387682230417
som-rs-bc-nan,48.73555,54.8735,12.23615048459191,22.576,62.616,20,0.14944327087721376,0.25107237908655816
som-rs-bc-baseline,56.01875,62.6575,12.401679495239005,32.661,64.383,20,0.0,0.22138443816113365
