exe,mean,median,std,min,max,n,pct_vs_baseline,cov
som-rs-bc-l4bits,3814.9337,4462.107,1192.6451313243135,1688.552,4540.267,20,0.2431389829920243,0.3126253888302996
som-rs-bc-l3bits,3910.2021,4487.519,1201.424266051401,1726.801,5088.421,20,0.21285106976951407,0.30725375193558435
som-rs-bc-nan,3962.411,4684.2065,1306.121790480343,1718.585,4756.896,20,0.1968704912236514,0.3296280447637418
som-rs-bc-baseline,4742.4928,5574.3279999999995,1581.4360930615396,2008.182,6073.175,20,0.0,0.33346093705435664
