exe,mean,median,std,min,max,n,pct_vs_baseline,cov
som-rs-bc-l3bits,3848.52295,4487.3225,1169.1054153998743,1682.096,4568.55,20,0.2426942003814736,0.3037802893704647
som-rs-bc-l4bits,3873.4655,4548.5075,1229.1818172014177,1630.245,4657.053,20,0.23469207354499488,0.31733387510523015
som-rs-bc-nan,3999.6101000000003,4678.9085,1248.179299964,1724.1,4827.14,20,0.19575084331345183,0.3120752445254601
som-rs-bc-baseline,4782.53715,5551.1215,1426.154713481095,2073.329,5687.145,20,0.0,0.298200446489181
