exe,mean,median,std,min,max,n,pct_vs_baseline,cov
som-rs-bc-l4bits,1960.1619333333333,2341.151,625.8794829136835,830.838,2448.605,60,0.15249731578299208,0.3192998865401649
som-rs-bc-nan,1969.0109333333335,2308.045,619.5873160210199,841.942,2453.259,60,0.14731783781529018,0.31466931215669897
som-rs-bc-l3bits,1993.268,2354.2735000000002,609.1229324444797,853.765,2479.365,60,0.1333555581420396,0.305590082439732
som-rs-bc-baseline,2259.081366666667,2656.8015,671.1159604664803,977.765,2816.484,60,0.0,0.2970747182323624
