exe,mean,median,std,min,max,n,pct_vs_baseline,cov
som-rs-bc-nan,7.281699999999999,7.970000000000001,1.386067405515179,3.769,8.17,20,0.15602812530041077,0.1903494246556682
som-rs-bc-l4bits,7.651649999999999,8.015,0.8961857346848539,4.87,8.296,20,0.10013526494285552,0.11712320018360144
som-rs-bc-l3bits,7.870099999999999,8.062,1.1590473356665765,4.328,9.818,20,0.06959886151383099,0.14727225011963974
som-rs-bc-baseline,8.41785,9.302,1.6360221744411538,5.056,9.505,20,0.0,0.19435154753781
