exe,mean,median,std,min,max,n,pct_vs_baseline,cov
som-rs-bc-l4bits,7.8101,7.99,1.0982417479053077,4.849,10.619,20,0.19662360277077107,0.14061814162498656
som-rs-bc-nan,7.8182,7.9485,1.3545454316174816,3.987,11.497,20,0.19538384794453956,0.17325540810128695
som-rs-bc-l3bits,7.96875,8.048,0.8651596673447046,4.807,9.506,20,0.17279999999999984,0.10856905629423744
som-rs-bc-baseline,9.345749999999999,9.352,1.3724966829602332,4.79,12.899,20,0.0,0.14685784265149757
