exe,mean,median,std,min,max,n,pct_vs_baseline,cov
som-rs-bc-nan,1970.7451666666668,2322.7065000000002,620.0159543585894,853.332,2439.011,60,0.1442958082437682,0.3146099073820331
som-rs-bc-l3bits,2004.2775333333334,2360.1530000000002,630.5764796317694,850.477,2568.63,60,0.12515128061273484,0.31461535099036486
som-rs-bc-l4bits,2015.6229333333333,2348.9480000000003,585.9050842630718,885.053,2472.718,60,0.11881810632306089,0.29068189023535873
som-rs-bc-baseline,2255.1154333333334,2637.6175000000003,670.90837091858,975.121,2832.478,60,0.0,0.2975051125994452
