exe,mean,median,std,min,max,n,pct_vs_baseline,cov
som-rs-bc-nan,4627.399475,2064.6695000000004,5110.40037244907,3.317,11004.297,40,0.27243197433262445,1.1043784743587692
som-rs-bc-l3bits,4978.759025,2278.1575000000003,5496.532304861747,3.386,12243.761,40,0.18263427099687757,1.1039964531847868
som-rs-bc-l4bits,5005.499949999999,2163.2235,5564.765097198236,3.552,12236.712,40,0.17631627386191484,1.1117301274167901
som-rs-bc-baseline,5888.05105,2650.6549999999997,6485.743072344093,4.983,14121.771,40,0.0,1.1015093139085628
