exe,mean,median,std,min,max,n,pct_vs_baseline,cov
som-rs-bc-nan,4614.313875,2000.956,5099.843454732222,6.304,11056.839,40,0.26398780143667633,1.1052224865678915
som-rs-bc-l3bits,4973.5247,2220.8955,5494.499947579627,3.402,12280.492,40,0.17269678986413806,1.104749705491485
som-rs-bc-l4bits,4979.250225,2134.962,5498.471351394669,2.815,11971.493,40,0.17134833287073858,1.10427697001202
som-rs-bc-baseline,5832.43645,2508.1055,6481.35209873221,4.441,14128.798,40,0.0,1.1112597889913074
