exe,mean,median,std,min,max,n,pct_vs_baseline,cov
som-rs-bc-l4bits,5.528829999999999,6.237,1.2066693793538623,2.869,9.737,300,0.4489720248226119,0.21825040367561718
som-rs-bc-l3bits,5.6771199999999995,6.3815,1.286735203481896,2.798,7.623,300,0.4111239501719184,0.22665281048875066
som-rs-bc-nan,5.881913333333333,6.777,1.3476166819837005,2.815,8.364,300,0.3619921862160498,0.22911195823757471
som-rs-bc-baseline,8.01112,9.4255,2.042897427330927,3.31,11.025,300,0.0,0.2550077176887785
