exe,mean,median,std,min,max,n,pct_vs_baseline,cov
som-rs-bc-l3bits,5.776883333333333,6.482,1.3759238172558317,2.838,9.064,300,0.6670990412938924,0.23817753239304326
som-rs-bc-l4bits,5.971163333333333,6.768,1.3875127152952167,2.897,9.107,300,0.6128576843484992,0.23236891001617496
som-rs-bc-nan,6.043863333333333,6.698,1.2818124023317383,2.835,9.096,300,0.5934570547867009,0.21208494164026515
som-rs-bc-baseline,9.630636666666666,11.064,2.4738677822394295,3.952,14.445,300,0.0,0.2568747911342064
