exe,mean,median,std,min,max,n,pct_vs_baseline,cov
som-rs-bc-l3bits,5.001753333333333,5.571,1.043995184682873,2.641,8.36,300,0.33198491728900414,0.20872584374070285
som-rs-bc-nan,5.040776666666667,5.559,1.009976634778358,2.657,7.914,300,0.3216733135700651,0.20036131365570478
som-rs-bc-l4bits,5.172296666666667,5.5585,0.9377365273026753,2.779,7.938,300,0.2880661008745955,0.18129983404587038
som-rs-bc-baseline,6.662260000000001,7.4985,1.5725174326495146,2.934,10.025,300,0.0,0.2360336331289254
