exe,mean,median,std,min,max,n,pct_vs_baseline,cov
som-rs-bc-l3bits,5.9162566666666665,6.689,1.3284708276518384,2.816,8.635,300,0.6270220415273848,0.22454584080787093
som-rs-bc-l4bits,5.930626666666667,6.692,1.3891454703334893,2.85,9.132,300,0.6230797419946628,0.23423249319355052
som-rs-bc-nan,6.035706666666667,6.686,1.3217746079936163,2.824,8.263,300,0.594822368217585,0.21899251918476537
som-rs-bc-baseline,9.62588,11.103,2.698909312516939,4.075,23.237,300,0.0,0.2803805275483321
