exe,mean,median,std,min,max,n,pct_vs_baseline,cov
som-rs-bc-nan,4.9883033333333335,5.5595,1.0187302467817054,2.664,7.884,300,0.3347016453824312,0.20422379689187012
som-rs-bc-l4bits,5.079986666666667,5.5995,0.960249699178011,2.734,7.842,300,0.31061301998167967,0.1890260274655598
som-rs-bc-l3bits,5.0825,5.594,0.9749843579913264,2.626,7.198,300,0.309964912280702,0.19183164938343858
som-rs-bc-baseline,6.657896666666667,7.484,1.5524468870504382,2.942,10.87,300,0.0,0.23317377315615265
