exe,mean,median,std,min,max,n,pct_vs_baseline,cov
som-rs-bc-nan,7.878266666666667,8.9995,1.8881545206546135,4.026,11.61,300,0.4693358945284072,0.23966623631102613
som-rs-bc-l3bits,8.376673333333333,9.0475,3.0940301412568005,4.057,27.405,300,0.3819113554227176,0.3693626357547826
som-rs-bc-l4bits,8.771106666666666,10.089500000000001,2.4776969121714982,4.01,11.044,300,0.31976732696596266,0.2824839562820083
som-rs-bc-baseline,11.57582,13.3035,2.9814350881551928,5.306,19.028,300,0.0,0.25755713963720867
