exe,mean,median,std,min,max,n,pct_vs_baseline,cov
som-rs-bc-nan,7.958096666666667,9.014,2.0064659327083736,3.974,19.473,300,0.4715239699274827,0.25212887160728636
som-rs-bc-l3bits,8.123713333333333,9.186499999999999,1.9872469059916704,4.023,11.833,300,0.4415242783062263,0.2446229728266717
som-rs-bc-l4bits,8.73932,10.4345,2.505603445550494,3.991,11.842,300,0.3399818292498731,0.2867046229627127
som-rs-bc-baseline,11.71053,13.462,2.9747023643194295,5.437,19.871,300,0.0,0.2540194478234059
