exe,mean,median,std,min,max,n,pct_vs_baseline,cov
som-rs-bc-l3bits,5.697376666666667,6.341,1.1711378231410372,2.801,8.224,300,0.3520924542464865,0.20555738046826882
som-rs-bc-l4bits,5.7008366666666666,6.183999999999999,1.0790684930521695,2.779,8.508,300,0.35127183085991476,0.18928247837051454
som-rs-bc-nan,5.884116666666666,6.765499999999999,1.458185413010963,2.816,16.792,300,0.3091820635779372,0.24781721634982817
som-rs-bc-baseline,7.70338,8.817,1.8821509760347668,3.505,11.266,300,0.0,0.24432794124589033
