exe,mean,median,std,min,max,n,pct_vs_baseline,cov
som-rs-bc-nan,3211.508175,1437.0249999999999,3479.2934477204053,33.135,7587.643,40,0.2664328964381353,1.0833830269544324
som-rs-bc-l3bits,3443.1002,1569.435,3726.5649789054914,33.694,8160.516,40,0.18124927064277707,1.0823283559698587
som-rs-bc-l4bits,3492.293025,1627.058,3761.089994149934,44.886,8277.175,40,0.16461006304017123,1.0769686183907587
som-rs-bc-baseline,4067.1596,1841.4865,4399.610334418019,40.208,9650.458,40,0.0,1.081740272601552
