exe,mean,median,std,min,max,n,pct_vs_baseline,cov
som-rs-bc-nan,3202.554,1466.3945,3466.9960433691485,38.388,7586.785,40,0.2765738766621888,1.0825722355873308
som-rs-bc-l3bits,3442.65495,1476.0004999999999,3752.444806541887,35.374,8360.473,40,0.18754183453674322,1.0899857409589906
som-rs-bc-l4bits,3484.116825,1472.4534999999998,3809.1958813202996,44.507,8833.238,40,0.17340978513256355,1.0933031447130936
som-rs-bc-baseline,4088.296775,1939.6370000000002,4389.473521593727,43.356,9663.435,40,0.0,1.0736680244045462
