exe,mean,median,std,min,max,n,pct_vs_baseline,cov
som-rs-bc-nan,102.321325,59.45,78.72139291078851,15.022,204.275,40,0.3000791868166288,0.7693547059793109
som-rs-bc-l3bits,105.88505,59.394999999999996,85.10819018497303,11.323,217.353,40,0.2563230125499303,0.8037790999293387
som-rs-bc-l4bits,106.4188,59.599000000000004,86.54618353143258,12.842,218.561,40,0.25002184764346147,0.8132602841925729
som-rs-bc-baseline,133.025825,77.695,108.1755058750712,17.225,295.977,40,0.0,0.8131917684033998
