exe,mean,median,std,min,max,n,pct_vs_baseline,cov
som-rs-bc-nan,102.67452499999999,59.4055,78.65782093052046,15.398,205.089,40,0.2802481920417943,0.7660889683251075
som-rs-bc-l3bits,105.553325,58.538,86.28186107837543,12.608,217.603,40,0.24533144739874357,0.8174243784208165
som-rs-bc-l4bits,107.03900000000002,59.3325,86.09048361596518,16.009,219.207,40,0.22804655312549604,0.8042908063039189
som-rs-bc-baseline,131.448875,77.499,106.82377083253246,15.13,267.393,40,0.0,0.8126640173415898
