exe,mean,median,std,min,max,n,pct_vs_baseline,cov
som-rs-bc-nan,20.2412,21.478,3.0111938286474054,9.863,24.466,20,0.1061374819674723,0.148765578554997
som-rs-bc-l4bits,20.36055,22.069499999999998,3.333942213293288,11.789,22.538,20,0.09965349659021983,0.16374519417664493
som-rs-bc-l3bits,20.80525,22.5975,3.767508319063215,11.531,23.972,20,0.07614904891794128,0.1810845012226825
som-rs-bc-baseline,22.38955,24.6095,5.036498945591804,10.167,26.099,20,0.0,0.2249486454882659
