exe,mean,median,std,min,max,n,pct_vs_baseline,cov
som-rs-bc-nan,19.31895,21.27,4.02329474141726,9.555,22.443,20,0.19570680601171375,0.20825638771347613
som-rs-bc-l3bits,20.50025,22.737000000000002,4.920565573771929,9.22,24.11,20,0.12680577066133325,0.24002466183446197
som-rs-bc-l4bits,20.95085,22.368000000000002,3.8442471068365336,10.341,23.858,20,0.10257101740502161,0.18348883729474144
som-rs-bc-baseline,23.0998,25.122999999999998,5.00919813522032,9.584,27.06,20,0.0,0.21685028161370748
