exe,mean,median,std,min,max,n,pct_vs_baseline,cov
som-rs-bc-l4bits,38.24345,43.426,9.954224686163741,17.946,44.789,20,0.5224018753538189,0.2602857400721886
som-rs-bc-l3bits,38.6459,43.980000000000004,10.265326261382617,16.984,45.076,20,0.5065479132327106,0.2656252347954794
som-rs-bc-nan,52.24210000000001,60.701,14.71320480277567,23.15,61.7,20,0.11446323941801717,0.2816350185535357
som-rs-bc-baseline,58.221900000000005,65.2555,14.08653983100627,28.981,68.417,20,0.0,0.24194572542301554
