exe,mean,median,std,min,max,n,pct_vs_baseline,cov
som-rs-bc-l3bits,38.2518,43.8035,10.299534402353494,17.295,44.903,20,0.5067121024370094,0.2692562023840314
som-rs-bc-l4bits,39.1845,43.635999999999996,8.775157629413423,20.43,45.176,20,0.4708481670048106,0.22394461150233952
som-rs-bc-nan,53.36105,59.9435,12.834823692123502,27.479,62.213,20,0.08008463101831764,0.24052794486097073
som-rs-bc-baseline,57.63445,65.8765,15.529573734194685,29.316,68.02,20,0.0,0.2694494999812557
