exe,mean,median,std,min,max,n,pct_vs_baseline,cov
som-rs-bc-nan,64.74005,72.8235,15.23631046814087,32.156,74.396,20,0.33471012147812673,0.23534597931482706
som-rs-bc-l4bits,65.51559999999999,74.842,18.237281746899384,31.435,78.581,20,0.31891030533186004,0.278365484661659
som-rs-bc-l3bits,66.3707,75.5195,17.593981300732533,31.132,80.885,20,0.30191786435882095,0.2650865713444718
som-rs-bc-baseline,86.4092,98.636,24.103417832769118,41.954,103.393,20,0.0,0.2789450409536151
