exe,mean,median,std,min,max,n,pct_vs_baseline,cov
som-rs-bc-nan,64.7729,72.68350000000001,15.88075006149866,31.292,75.737,20,0.3782901491210058,0.24517583837528747
som-rs-bc-l4bits,65.3958,74.3985,17.449363045530827,31.492,77.471,20,0.36516182996461577,0.2668269681773268
som-rs-bc-l3bits,67.09004999999999,75.7615,16.63085745637339,34.081,80.529,20,0.33068689023186026,0.24788858342441827
som-rs-bc-baseline,89.27585,100.358,21.231311708678117,50.507,103.945,20,0.0,0.23781696515550527
