exe,mean,median,std,min,max,n,pct_vs_baseline,cov
som-rs-bc-nan,3160.795525,1575.284,3407.7983499566744,24.799,7534.544,40,0.26195271679271337,1.0781457778597288
som-rs-bc-l3bits,3344.5246749999997,1490.9475,3638.4745251526974,27.125,8035.382,40,0.19262821704253108,1.0878898733652482
som-rs-bc-l4bits,3387.9262499999995,1490.0559999999998,3687.4486306053846,24.343,8124.033,40,0.17734986114293405,1.0884087664556998
som-rs-bc-baseline,3988.7745000000004,1847.3629999999998,4331.919125008731,30.111,9495.167,40,0.0,1.0860275819073577
