exe,mean,median,std,min,max,n,pct_vs_baseline,cov
som-rs-bc-nan,3125.29345,1405.194,3401.5292290331454,24.73,7463.326,40,0.2819539153995283,1.0883871493837307
som-rs-bc-l3bits,3349.6219499999997,1452.9115000000002,3668.1491927020793,25.311,8180.542,40,0.19609980911427938,1.0950934903869016
som-rs-bc-l4bits,3388.568425,1462.027,3713.2927949700597,25.37,8224.617,40,0.18235244873356815,1.0958293678163102
som-rs-bc-baseline,4006.482175,1912.371,4335.106626210696,32.957,9568.096,40,0.0,1.0820231906337374
