exe,mean,median,std,min,max,n,pct_vs_baseline,cov
som-rs-bc-l4bits,36.0266,40.369,8.115366232939635,19.566,41.267,20,0.34083843604447805,0.22526039739913384
som-rs-bc-nan,36.595150000000004,40.935500000000005,8.206220466495939,19.937,41.738,20,0.32000688615841155,0.22424338926048773
som-rs-bc-l3bits,38.3557,41.308499999999995,11.17450273990796,19.674,71.841,20,0.2594177658079504,0.2913387772849396
som-rs-bc-baseline,48.30585,53.8495,12.284580554392912,24.481,56.046,20,0.0,0.2543083405921418
