exe,mean,median,std,min,max,n,pct_vs_baseline,cov
som-rs-bc-nan,36.47915,41.0505,8.92841048077192,16.834,42.375,20,0.29489859275778096,0.2447537971902284
som-rs-bc-l4bits,36.7885,40.435,7.678631741466231,19.441,43.145,20,0.2840099487611618,0.20872369739093008
som-rs-bc-l3bits,36.9186,40.191500000000005,6.666857915326972,21.651,41.762,20,0.2794851375729308,0.18058263085076282
som-rs-bc-baseline,47.2368,54.7435,14.246858485109508,20.181,56.64,20,0.0,0.30160507242466694
