exe,mean,median,std,min,max,n,pct_vs_baseline,cov
som-rs-bc-nan,2982.4126,1391.098,3248.894304586674,19.401,7127.636,40,0.2720797920448699,1.0893510524287195
som-rs-bc-l3bits,3180.9174,1434.0755000000001,3473.105055791563,17.265,7611.458,40,0.19269579272948123,1.0918564109182975
som-rs-bc-l4bits,3226.98555,1347.853,3547.181495305475,16.892,7799.325,40,0.17566897688773353,1.0992244744651785
som-rs-bc-baseline,3793.8668,1791.334,4116.286404567214,21.823,8971.84,40,0.0,1.0849844292285682
