exe,mean,median,std,min,max,n,pct_vs_baseline,cov
som-rs-bc-nan,2963.68465,1359.6875,3246.543398014093,16.415,7116.981,40,0.27608658532546637,1.0954415808085698
som-rs-bc-l3bits,3170.2727,1367.1809999999998,3484.890999473218,17.235,7617.736,40,0.19293151816245957,1.099240137756357
som-rs-bc-l4bits,3208.1097999999997,1397.159,3511.295617937149,18.51,7714.215,40,0.17886184101304758,1.094506060215629
som-rs-bc-baseline,3781.918225,1685.942,4135.2189920041,21.024,9129.56,40,0.0,1.0934184046256314
