exe,mean,median,std,min,max,n,pct_vs_baseline,cov
som-rs-bc-nan,3067.7554375,4600.678,2022.5674017835574,74.844,4923.484,80,0.3412877619583714,0.6592987749479158
som-rs-bc-l3bits,3288.1210125,4794.808,2178.3746854795927,76.048,5399.176,80,0.2513964082701168,0.6624983317823048
som-rs-bc-l4bits,3318.1888625,4839.228499999999,2225.4894489183907,77.43,5490.927,80,0.24005684893410706,0.6706940265122991
som-rs-bc-baseline,4114.742824999999,6199.389499999999,2758.923564738687,117.098,6659.274,80,0.0,0.6704972053116558
