exe,mean,median,std,min,max,n,pct_vs_baseline,cov
som-rs-bc-nan,3028.586375,4606.364,2008.5645778927556,77.214,4881.77,80,0.3645958545593735,0.6632020121574891
som-rs-bc-l3bits,3301.6173000000003,4822.504,2212.2329502881853,78.397,5692.213,80,0.251749078398638,0.670045238219519
som-rs-bc-l4bits,3314.03445,4940.594999999999,2220.567018966238,75.415,5406.978,80,0.24705897746476335,0.6700494676409408
som-rs-bc-baseline,4132.7964125,6133.737999999999,2780.2784036525964,99.421,6756.207,80,0.0,0.6727353893464009
