exe,mean,median,std,min,max,n,pct_vs_baseline,cov
som-rs-bc-l4bits,13.883603333333333,16.0835,4.1160073186052095,5.688,27.806,300,0.23602158037262666,0.29646534979309236
som-rs-bc-l3bits,14.382133333333334,16.6785,4.029736702132944,6.33,20.212,300,0.19317718280088259,0.28019047026863964
som-rs-bc-nan,14.386903333333333,16.506,3.9154207845888247,6.563,20.382,300,0.19278158306478277,0.27215174064019043
som-rs-bc-baseline,17.160433333333334,20.131,4.873812817170114,7.337,23.46,300,0.0,0.2840145538576209
