exe,mean,median,std,min,max,n,pct_vs_baseline,cov
som-rs-bc-nan,113.34230666666667,113.71799999999999,36.999496340320846,39.65,163.91,300,0.1691042285710791,0.3264402977886649
som-rs-bc-l4bits,114.93054333333333,112.92349999999999,37.6065060590321,40.171,170.003,300,0.15294826037395404,0.3272107219571899
som-rs-bc-l3bits,115.43759999999999,114.97149999999999,37.89046127720446,38.577,184.27,300,0.14788396501659795,0.3282332730168027
som-rs-bc-baseline,132.50897,129.624,47.04453104652078,45.804,227.023,300,0.0,0.35502902970659855
