exe,mean,median,std,min,max,n,pct_vs_baseline,cov
som-rs-bc-nan,113.35426333333334,113.4935,37.49779606822112,39.601,176.781,300,0.1597948425936282,0.33080181517261376
som-rs-bc-l4bits,114.60512333333332,114.0605,37.039416769032584,40.866,169.924,300,0.14713623768477846,0.32319163133136763
som-rs-bc-l3bits,115.01043999999999,114.19800000000001,38.594430147207675,38.887,165.053,300,0.14309353133506852,0.3355732761930802
som-rs-bc-baseline,131.46769,129.087,46.98430152764543,45.955,204.916,300,0.0,0.3573828788476121
