exe,mean,median,std,min,max,n,pct_vs_baseline,cov
som-rs-bc-l4bits,14.209773333333333,16.2545,3.9738491918988834,5.968,29.246,300,0.20193120603378167,0.27965605774843816
som-rs-bc-l3bits,14.30954,16.604,3.95514131113375,6.747,20.476,300,0.19355129514994895,0.2763989136711418
som-rs-bc-nan,14.344303333333334,16.505000000000003,3.8894027223268712,6.548,17.511,300,0.19065873072492656,0.27114615690597293
som-rs-bc-baseline,17.07917,20.039,4.821728797477246,7.26,21.736,300,0.0,0.2823163419227776
