exe,mean,median,std,min,max,n,pct_vs_baseline,cov
som-rs-bc-l3bits,54.145950000000006,63.067,16.41210782343008,25.169,64.962,20,0.30187576356126344,0.3031086872320105
som-rs-bc-l4bits,54.82985,62.677,14.628027277420134,26.412,64.5,20,0.28563729428404416,0.2667894819595555
som-rs-bc-nan,55.45739999999999,63.272999999999996,14.60005828899684,26.38,65.046,20,0.2710891603284684,0.2632661879027297
som-rs-bc-baseline,70.4913,80.405,18.193104888506827,38.963,82.144,20,0.0,0.25809007478237495
