exe,mean,median,std,min,max,n,pct_vs_baseline,cov
som-rs-bc-l3bits,55.61725,62.75749999999999,13.225655211607318,28.15,64.054,20,0.26220372276586845,0.23779771944149194
som-rs-bc-nan,55.83605,63.664,13.939856593217653,26.406,64.349,20,0.2572576319420876,0.2496569258251193
som-rs-bc-l4bits,57.31755,63.2355,11.53379265451605,30.368,65.727,20,0.2247610025201705,0.20122619781403864
som-rs-bc-baseline,70.2003,80.8375,19.40219290671736,31.382,83.582,20,0.0,0.2763833332153475
