exe,mean,median,std,min,max,n,pct_vs_baseline,cov
som-rs-bc-l4bits,43.6359,47.662,8.54954947351028,27.699,49.815,20,0.26127340102988605,0.19592925718296816
som-rs-bc-nan,44.017399999999995,47.364999999999995,7.179855594501518,29.134,49.622,20,0.2503419102445854,0.163114032053268
som-rs-bc-l3bits,44.23915,49.6785,10.617059783668925,23.376,51.873,20,0.24407453579013172,0.23999240002732702
som-rs-bc-baseline,55.03680000000001,62.1965,14.200867006889698,28.019,64.911,20,0.0,0.2580249398019088
