exe,mean,median,std,min,max,n,pct_vs_baseline,cov
som-rs-bc-nan,41.8734,47.573499999999996,11.348027653343667,20.496,51.283,20,0.31505562003563137,0.27100803023742204
som-rs-bc-l4bits,42.45215,48.099000000000004,10.936524759649249,21.205,50.311,20,0.29712747175349175,0.2576200442062239
som-rs-bc-l3bits,44.38175,49.857,10.289727902264062,20.875,50.783,20,0.24073183234099615,0.23184592545954277
som-rs-bc-baseline,55.06585,61.667,13.383830701240717,25.855,64.501,20,0.0,0.24305137760046774
