exe,mean,median,std,min,max,n,pct_vs_baseline,cov
som-rs-bc-l3bits,39.7812,44.476,8.990105781240544,23.666,46.169,20,0.30429072023971115,0.22598880328498247
som-rs-bc-nan,41.38185,46.9985,11.17309591584789,19.835,48.922,20,0.2538407538570653,0.2699999133883065
som-rs-bc-l4bits,44.513400000000004,48.421,8.883831975472132,27.313,51.368,20,0.1656321467243569,0.1995765763898541
som-rs-bc-baseline,51.88625,58.42,12.657336049958499,24.38,60.157,20,0.0,0.24394393601307668
