exe,mean,median,std,min,max,n,pct_vs_baseline,cov
som-rs-bc-l3bits,39.8797,44.152,7.805977305548409,22.615,44.641,20,0.2826488163150678,0.1957381150196318
som-rs-bc-nan,41.47315,47.015,11.036578723666324,20.062,48.862,20,0.2333678536595365,0.26611382843276493
som-rs-bc-l4bits,43.11225,47.681,9.023068581054952,21.599,49.465,20,0.18647600160047317,0.20929245356145762
som-rs-bc-baseline,51.151650000000004,58.986000000000004,14.574755400222532,24.99,64.947,20,0.0,0.2849322631864765
