exe,mean,median,std,min,max,n,pct_vs_baseline,cov
som-rs-bc-nan,18.89675,19.896,2.6266954399417,11.5,21.22,20,0.38275894002937005,0.13900249725173378
som-rs-bc-l4bits,19.29785,20.604999999999997,2.907613948077123,11.938,21.018,20,0.354018711929049,0.15067035696085954
som-rs-bc-l3bits,19.64285,20.7235,2.840120554798594,10.267,22.077,20,0.3302372109953493,0.14458800809447683
som-rs-bc-baseline,26.129649999999998,27.186500000000002,2.814579397857183,19.187,28.351,20,0.0,0.10771592416496903
