exe,mean,median,std,min,max,n,pct_vs_baseline,cov
som-rs-bc-nan,18.10825,19.796,3.4154659676705585,10.573,20.439,20,0.3535929755774301,0.18861380683779813
som-rs-bc-l4bits,18.341749999999998,20.47,4.105090907064439,10.474,21.294,20,0.336361034252457,0.22381129974317826
som-rs-bc-l3bits,19.4104,20.7395,2.979974132702992,11.902,21.941,20,0.2627869595680665,0.15352461220289082
som-rs-bc-baseline,24.5112,26.738500000000002,4.618841397215492,14.732,27.769,20,0.0,0.18843799557816396
