exe,mean,median,std,min,max,n,pct_vs_baseline,cov
som-rs-bc-nan,31.18335,34.843,6.942559957666153,15.841,35.667,20,0.3312553013066266,0.22263675832346919
som-rs-bc-l3bits,32.5109,35.1165,5.1756739393354145,20.719,35.733,20,0.2768948260429578,0.15919811322773023
som-rs-bc-l4bits,32.549,34.966499999999996,5.269238934359347,20.425,35.757,20,0.2754001659037144,0.16188635393896425
som-rs-bc-baseline,41.513,45.3,7.473750935951207,25.416,46.896,20,0.0,0.1800339878098718
