exe,mean,median,std,min,max,n,pct_vs_baseline,cov
som-rs-bc-nan,31.54775,34.733999999999995,6.644267017314131,16.222,35.839,20,0.29235999397738355,0.21060985386641298
som-rs-bc-l4bits,31.681400000000004,34.957499999999996,6.347590180118504,17.289,35.616,20,0.286908091182839,0.2003569974849124
som-rs-bc-l3bits,31.7729,35.2265,7.073435574851791,15.375,35.912,20,0.2832020369560224,0.22262480210656851
som-rs-bc-baseline,40.77105,45.4905,8.782800521323962,23.117,46.84,20,0.0,0.21541757009750695
