exe,mean,median,std,min,max,n,pct_vs_baseline,cov
som-rs-bc-l3bits,29.576100000000004,33.070499999999996,6.722033064169612,14.251,33.851,20,0.2621356433065887,0.22727922424422461
som-rs-bc-l4bits,30.62405,34.0835,7.288645729922386,14.715,35.66,20,0.21894556729106696,0.2380039782433214
som-rs-bc-nan,33.0553,34.421499999999995,3.725342995158828,25.411,36.666,20,0.1292909155264057,0.11270032325100143
som-rs-bc-baseline,37.32905,42.0745,11.380647329082269,16.053,57.88,20,0.0,0.30487374656151894
