exe,mean,median,std,min,max,n,pct_vs_baseline,cov
som-rs-bc-l3bits,29.554899999999996,32.968500000000006,6.552870860606784,14.682,33.57,20,0.31133585293809163,0.22171859355324444
som-rs-bc-l4bits,30.175549999999998,33.400000000000006,6.486399507917764,16.861,34.302,20,0.2843643280735564,0.21495546917679262
som-rs-bc-nan,31.45355,34.4185,7.074583160307414,17.238,40.698,20,0.232178879649515,0.22492161171973957
som-rs-bc-baseline,38.7564,42.2445,7.564544202361016,19.895,43.86,20,0.0,0.19518180745273078
