exe,mean,median,std,min,max,n,pct_vs_baseline,cov
som-rs-bc-l4bits,18.66732,18.601,0.4978935944068287,18.422,22.828,75,0.32862778374185475,0.026671937611120862
som-rs-bc-nan,18.746466666666667,18.688,0.23324035470532023,18.492,20.07,75,0.32301838213067713,0.012441830178059523
som-rs-bc-l3bits,19.232893333333333,19.177,0.1467625931180659,19.102,19.726,75,0.2895574040861939,0.007630811993518702
som-rs-bc-baseline,24.80192,23.077,5.444260143217538,23.017,44.987,75,0.0,0.2195096243846258
