exe,mean,median,std,min,max,n,pct_vs_baseline,cov
som-rs-bc-nan,5.83884,5.827,0.07024860102483137,5.764,6.111,75,0.3948318501620187,0.012031259809282557
som-rs-bc-l4bits,5.8527466666666665,5.822,0.2512741096854155,5.777,7.993,75,0.3915176008529331,0.04293268169567375
som-rs-bc-l3bits,6.11844,6.074,0.2820551144148385,6.046,8.448,75,0.3310909316753947,0.04609918776924159
som-rs-bc-baseline,8.144200000000001,8.147,0.10323942259804822,7.894,8.419,75,0.0,0.01267643508239584
