exe,mean,median,std,min,max,n,pct_vs_baseline,cov
som-rs-bc-l4bits,5.996133333333333,5.97,0.2004173573249511,5.899,7.693,75,0.4220497654043718,0.033424433077697484
som-rs-bc-nan,6.223733333333333,6.158,0.3857193116599004,6.117,8.554,75,0.3700458460088265,0.06197555245403088
som-rs-bc-l3bits,6.2726,6.277,0.0316291859744349,6.17,6.394,75,0.3593725090074291,0.00504243630622627
som-rs-bc-baseline,8.5268,8.518,0.06993549151162781,8.444,9.011,75,0.0,0.008201844949058007
