exe,mean,median,std,min,max,n,pct_vs_baseline,cov
som-rs-bc-nan,5445.5323,5405.089,5733.373945975054,6.475,10962.125,10,0.25990943070891337,1.052858312120388
som-rs-bc-l4bits,5920.543299999999,5876.33,6234.158741785901,6.438,11939.989,10,0.15882566047612556,1.0529707200665015
som-rs-bc-l3bits,5961.9809,5901.089499999999,6278.965034691598,6.674,12286.886,10,0.15077146590657486,1.0531675864126968
som-rs-bc-baseline,6860.8775,6819.0509999999995,7222.506940507342,9.1,13808.023,10,0.0,1.0527089195962678
