exe,mean,median,std,min,max,n,pct_vs_baseline,cov
som-rs-bc-nan,6.727666666666667,6.718,0.035888465862752926,6.685,6.832,75,0.7232205321310012,0.00533445957430802
som-rs-bc-l3bits,6.736893333333334,6.684,0.2910467861215988,6.635,9.074,75,0.7208604559569494,0.0432019288002579
som-rs-bc-l4bits,6.793666666666667,6.782,0.07087852824209714,6.741,7.361,75,0.7064795643000834,0.01043303001453763
som-rs-bc-baseline,11.593253333333333,11.539,0.23043637178501472,11.51,12.768,75,0.0,0.01987676497350885
