exe,mean,median,std,min,max,n,pct_vs_baseline,cov
som-rs-bc-nan,129.18942666666666,134.661,19.890547005898902,104.464,152.122,75,0.18341501012415184,0.15396420217283185
som-rs-bc-l3bits,131.00736,136.525,20.353765263353015,106.277,153.112,75,0.16699326409345772,0.15536352509777324
som-rs-bc-l4bits,131.59749333333332,136.515,20.320100103747183,105.914,159.23,75,0.16176002136616208,0.15441099666143984
som-rs-bc-baseline,152.8847066666667,131.102,28.780914707011174,127.525,192.906,75,0.0,0.18825241147083452
