exe,mean,median,std,min,max,n,pct_vs_baseline,cov
som-rs-bc-l4bits,8013.2,8043.0,69.64696691170411,7907.0,8076.0,5,0.4918384665302251,0.008691529839727465
som-rs-bc-l3bits,8047.0,8026.0,42.26700841081602,8011.0,8112.0,5,0.48557226295513845,0.005252517510975024
som-rs-bc-nan,8064.4,8054.0,172.5320260125639,7915.0,8342.0,5,0.48236694608402364,0.02139427930317989
som-rs-bc-baseline,11954.4,11931.0,74.41639604280759,11884.0,12061.0,5,0.0,0.006225021418290135
