exe,mean,median,std,min,max,n,pct_vs_baseline,cov
som-rs-bc-l3bits,2592768.0,2592768.0,0.0,2592768.0,2592768.0,20,0.74565560821485,0.0
som-rs-bc-l4bits,2592768.0,2592768.0,0.0,2592768.0,2592768.0,20,0.74565560821485,0.0
som-rs-bc-nan,2592768.0,2592768.0,0.0,2592768.0,2592768.0,20,0.74565560821485,0.0
som-rs-bc-baseline,4526080.0,4526080.0,0.0,4526080.0,4526080.0,20,0.0,0.0
