exe,mean,median,std,min,max,n,pct_vs_baseline,cov
som-rs-bc-l3bits,19169280.0,19169280.0,0.0,19169280.0,19169280.0,20,0.6666666666666667,0.0
som-rs-bc-l4bits,19169280.0,19169280.0,0.0,19169280.0,19169280.0,20,0.6666666666666667,0.0
som-rs-bc-nan,19169280.0,19169280.0,0.0,19169280.0,19169280.0,20,0.6666666666666667,0.0
som-rs-bc-baseline,31948800.0,31948800.0,0.0,31948800.0,31948800.0,20,0.0,0.0
