exe,mean,median,std,min,max,n,pct_vs_baseline,cov
som-rs-bc-l3bits,6275.0,6267.0,329.2666093001232,5874.0,6757.0,5,0.5455298804780877,0.05247276642233039
som-rs-bc-l4bits,6332.6,6378.0,472.5381466082923,5595.0,6903.0,5,0.5314720651864953,0.07461992650858926
som-rs-bc-nan,6503.6,6367.0,330.27761050364904,6193.0,6886.0,5,0.49120487114828704,0.05078381365761256
som-rs-bc-baseline,9698.2,9701.0,465.46611047422135,9097.0,10213.0,5,0.0,0.04799510326392746
