exe,mean,median,std,min,max,n,pct_vs_baseline,cov
som-rs-bc-l4bits,8387.2,7772.5,8854.070812657621,0.0,17322.0,10,0.7674074780618083,1.055664681020796
som-rs-bc-l3bits,8590.1,8392.5,9058.008211889999,0.0,17696.0,10,0.7256609352626862,1.0544706361846776
som-rs-bc-nan,8649.6,8300.0,9127.678422127818,0.0,18144.0,10,0.7137902330743617,1.0552717376673855
som-rs-bc-baseline,14823.6,14366.5,15640.959214688704,0.0,31017.0,10,0.0,1.0551390495351132
