exe,mean,median,std,min,max,n,pct_vs_baseline,cov
som-rs-bc-nan,9.745650000000001,10.807500000000001,2.0034802686430693,5.363,11.087,20,0.3145916383206866,0.2055768746715785
som-rs-bc-l3bits,10.73865,11.1045,1.002222859710512,6.959,11.483,20,0.19303171255232265,0.0933285710690368
som-rs-bc-l4bits,10.786750000000001,11.216000000000001,0.8737687201518438,8.53,11.62,20,0.18771177602150768,0.08100389089872702
som-rs-bc-baseline,12.81155,13.442,2.2532687478416773,5.545,15.596,20,0.0,0.17587791858453328
