exe,mean,median,std,min,max,n,pct_vs_baseline,cov
som-rs-bc-nan,48.8372,54.825500000000005,11.626448955993215,24.213,60.575,20,0.14057828868157873,0.23806542873041892
som-rs-bc-l4bits,48.8615,54.9345,12.032672549529906,25.543,60.729,20,0.14001105164597916,0.24626080962577707
som-rs-bc-l3bits,49.675200000000004,55.2095,10.204081003000196,26.57,57.123,20,0.12133720649338109,0.2054160024116701
som-rs-bc-baseline,55.702650000000006,62.9305,13.282112190441461,28.263,63.807,20,0.0,0.2384466841423426
