exe,mean,median,std,min,max,n,pct_vs_baseline,cov
som-rs-bc-nan,41.732150000000004,47.328,11.370427558849867,20.166,50.331,20,0.3220670394408147,0.2724620600388397
som-rs-bc-l4bits,43.49625,47.917,8.897284966567938,26.239,49.999,20,0.2684472799379256,0.20455292046022214
som-rs-bc-l3bits,43.7678,47.704499999999996,8.47515199428988,23.819,49.93,20,0.26057741079058117,0.1936389764687711
som-rs-bc-baseline,55.1727,61.522999999999996,12.458990620178028,29.178,63.768,20,0.0,0.22581803355967767
