exe,mean,median,std,min,max,n,pct_vs_baseline,cov
som-rs-bc-l3bits,30.167399999999997,32.979,4.972399700240055,18.904,33.332,20,0.19714493128343857,0.16482692244741196
som-rs-bc-nan,30.40625,34.427,8.157698145891016,14.263,36.309,20,0.1877410071942447,0.2682901754044322
som-rs-bc-l4bits,32.00495,34.284,4.91262951858189,20.34,35.663,20,0.12841138636367178,0.15349592855423583
som-rs-bc-baseline,36.11475,41.449,10.526839566080598,16.917,43.894,20,0.0,0.2914831077629112
