exe,mean,median,std,min,max,n,pct_vs_baseline,cov
som-rs-bc-l4bits,7.352713333333333,8.547,2.011879682621881,3.068,10.095,300,0.30377447962520887,0.27362411553583593
som-rs-bc-nan,7.355243333333333,8.4815,1.9655717808161253,2.995,9.317,300,0.3033260173128196,0.26723409297804224
som-rs-bc-l3bits,7.506893333333334,8.491,2.0262018148753698,3.003,10.201,300,0.2769969645676773,0.26991216271560664
som-rs-bc-baseline,9.58628,11.118500000000001,2.429101511969296,4.545,12.008,300,0.0,0.2533935491107391
