exe,mean,median,std,min,max,n,pct_vs_baseline,cov
som-rs-bc-nan,1054.809975,1589.0085,721.7116925784353,5.363,1875.563,80,0.24919258561239932,0.6842101512914072
som-rs-bc-l3bits,1098.014525,1611.228,755.8448559151151,6.959,1870.811,80,0.20003949856674264,0.6883741869581507
som-rs-bc-l4bits,1105.532825,1626.655,761.4432003370564,8.53,1898.922,80,0.19187849533097312,0.6887567543162334
som-rs-bc-baseline,1317.6608,1969.5900000000001,911.2764905243993,5.545,2290.588,80,0.0,0.6915865528703588
