exe,mean,median,std,min,max,n,pct_vs_baseline,cov
som-rs-bc-nan,5.25544,5.7844999999999995,1.0177687674253375,2.598,6.768,300,0.2999812258028507,0.19366004890653066
som-rs-bc-l4bits,5.296663333333333,5.8855,1.0832664016661913,2.629,7.236,300,0.28986361854223963,0.2045186438127761
som-rs-bc-l3bits,5.479873333333333,6.1265,1.1754743910875136,2.679,11.216,300,0.24673927986170008,0.2145075843153638
som-rs-bc-baseline,6.831973333333334,7.6205,1.4962990014123676,2.928,9.957,300,0.0,0.21901417473512302
