exe,mean,median,std,min,max,n,pct_vs_baseline,cov
som-rs-bc-l3bits,5.908716666666667,6.6085,1.3528720457961076,2.818,8.748,300,0.5957791172928133,0.22896207791248088
som-rs-bc-nan,5.933153333333333,6.6745,1.379358809582966,2.835,9.122,300,0.589206638853089,0.23248325672514214
som-rs-bc-l4bits,5.983266666666666,6.808999999999999,1.4086877081474949,2.902,9.127,300,0.5758961102630673,0.23543789482013644
som-rs-bc-baseline,9.429006666666668,11.071,2.664987993087375,3.97,14.674,300,0.0,0.28263719470139037
