exe,mean,median,std,min,max,n,pct_vs_baseline,cov
som-rs-bc-nan,7.838966666666667,9.006,1.9209234624830709,3.988,10.531,300,0.4660971471580013,0.24504804576492703
som-rs-bc-l3bits,8.025016666666668,9.065,1.9078347993982263,4.033,11.448,300,0.43210751379540224,0.23773592986077613
som-rs-bc-l4bits,8.6973,10.645,2.5993717320417615,3.995,12.042,300,0.32140855974459503,0.29887111310886844
som-rs-bc-baseline,11.492686666666668,13.275500000000001,3.100435114865954,5.106,15.948,300,0.0,0.26977461448230733
