exe,mean,median,std,min,max,n,pct_vs_baseline,cov
som-rs-bc-nan,103.21275,59.4175,79.38118910601311,13.106,215.733,40,0.278747054021911,0.769102548919713
som-rs-bc-l3bits,117.53642500000001,74.244,75.41003786101264,24.58,218.14,40,0.1229114719117923,0.641588663778166
som-rs-bc-l4bits,119.346425,71.7245,79.58961243841307,24.532,224.823,40,0.10588147068502485,0.6668788984539175
som-rs-bc-baseline,131.983,75.93,106.1319338368463,13.779,264.937,40,0.0,0.804133364424557
