exe,mean,median,std,min,max,n,pct_vs_baseline,cov
som-rs-bc-nan,3093.479725,4611.014999999999,2045.0164430329628,83.065,5011.347,80,0.3163865087236024,0.6610731683502347
som-rs-bc-l3bits,3322.4970625,4878.065,2205.268314102215,76.273,5436.924,80,0.22564893163092137,0.663738228392253
som-rs-bc-l4bits,3587.8874375,5201.9529999999995,2432.4034895703094,77.136,5965.812,80,0.13498961322974878,0.6779486625325072
som-rs-bc-baseline,4072.214975,6084.942999999999,2737.532096194386,98.575,6698.729,80,0.0,0.6722464587455593
