exe,mean,median,std,min,max,n,pct_vs_baseline,cov
som-rs-bc-nan,31.564749999999997,34.8375,6.471172787833746,15.026,35.48,20,0.2710745372607102,0.20501264188164794
som-rs-bc-l4bits,31.7395,35.2445,6.45097820815613,16.23,36.107,20,0.2640763087005151,0.20324763175715213
som-rs-bc-l3bits,33.519999999999996,35.1125,4.360610906018122,22.936,39.403,20,0.19693168257756577,0.13008982416521847
som-rs-bc-baseline,40.12115,45.230500000000006,9.431154337312616,23.084,46.203,20,0.0,0.23506689956077073
