exe,mean,median,std,min,max,n,pct_vs_baseline,cov
som-rs-bc-l4bits,89.70644,92.829,7.977121538093397,73.137,96.903,75,0.147381020433613,0.08892473648595794
som-rs-bc-l3bits,90.40878666666666,93.855,8.198270032234936,73.617,100.521,75,0.13846751473566243,0.09068001390685186
som-rs-bc-nan,90.69081333333332,94.278,8.24489850247024,73.943,103.144,75,0.13492715395943833,0.09091216849237183
som-rs-bc-baseline,102.92746666666667,113.433,16.15960563752595,78.226,145.4,75,0.0,0.15699993559405537
