exe,mean,median,std,min,max,n,pct_vs_baseline,cov
som-rs-bc-l4bits,25.4098,25.26,0.2542856661316162,25.18,25.716,5,0.3412148068855323,0.010007385580823784
som-rs-bc-nan,25.9082,25.891,0.04989689369089043,25.858,25.985,5,0.3154136528203424,0.0019259112439648618
som-rs-bc-l3bits,25.9726,25.965,0.03533836442168772,25.937,26.027,5,0.31215203714683937,0.0013606017272698042
som-rs-bc-baseline,34.08,33.71,1.0915491285324712,33.347,36.01,5,0.0,0.032029023724544345
