exe,mean,median,std,min,max,n,pct_vs_baseline,cov
som-rs-bc-l3bits,8.532933333333334,8.446,0.23521791698012376,8.425,9.838,75,0.37002359485600866,0.02756589179728625
som-rs-bc-nan,8.579346666666668,8.525,0.1652143974268499,8.477,9.308,75,0.3626119160588761,0.019257223637874122
som-rs-bc-l4bits,8.661666666666667,8.556,0.26354528475599215,8.513,9.896,75,0.34966172791995365,0.030426625140195358
som-rs-bc-baseline,11.69032,11.629,0.1279394028859393,11.564,12.408,75,0.0,0.010944046261003917
