exe,mean,median,std,min,max,n,pct_vs_baseline,cov
som-rs-bc-l4bits,6.69756,6.687,0.07973897280366614,6.635,7.355,75,0.6849997113376611,0.011905675022495675
som-rs-bc-nan,7.237466666666666,7.207,0.2481760672594365,7.181,9.353,75,0.5593006761113464,0.03429046083244181
som-rs-bc-l3bits,7.408346666666667,7.399,0.04044565701247996,7.355,7.544,75,0.5233340412435703,0.005459471435706746
som-rs-bc-baseline,11.285386666666666,11.208,0.5872903856842175,11.153,16.268,75,0.0,0.05203989929905378
