exe,mean,median,std,min,max,n,pct_vs_baseline,cov
som-rs-bc-l3bits,5.775613333333333,5.762,0.08880907144639648,5.719,6.495,75,0.3297796943932074,0.015376561123620316
som-rs-bc-nan,5.859373333333334,5.821,0.28450116483556415,5.761,8.192,75,0.3107704350635905,0.04855487927643527
som-rs-bc-l4bits,5.956613333333333,5.931,0.12540053594149594,5.894,6.579,75,0.28937248458855835,0.02105232099585043
som-rs-bc-baseline,7.680293333333334,7.657,0.13770334088209382,7.617,8.735,75,0.0,0.017929437705776926
