exe,mean,median,std,min,max,n,pct_vs_baseline,cov
som-rs-bc-nan,129.15201333333334,133.396,20.34414380541721,104.372,163.748,75,0.1798837359716987,0.15752091880217334
som-rs-bc-l3bits,130.61801333333335,135.137,20.016868957236323,105.923,156.07,75,0.16664123202608772,0.1532473848469419
som-rs-bc-l4bits,131.8106,135.71,20.020608607807784,106.283,158.409,75,0.1560857776233473,0.15188921534237598
som-rs-bc-baseline,152.38436,130.502,28.827187772694057,126.968,197.219,75,0.0,0.1891741893504954
