exe,mean,median,std,min,max,n,pct_vs_baseline,cov
som-rs-bc-l3bits,6026.6,5922.0,428.78117962429275,5564.0,6667.0,5,0.555636677396874,0.07114810666450283
som-rs-bc-nan,6080.4,6076.0,453.9766513819847,5552.0,6638.0,5,0.5418722452470235,0.07466230040490505
som-rs-bc-l4bits,6309.4,6339.0,137.34190911735575,6111.0,6451.0,5,0.48590991219450363,0.02176782405892094
som-rs-bc-baseline,9375.2,9392.0,896.8774721220286,8248.0,10662.0,5,0.0,0.09566488950870686
