exe,mean,median,std,min,max,n,pct_vs_baseline,cov
som-rs-bc-l4bits,5.04606,5.547000000000001,0.9541608562143868,2.77,7.601,300,0.8911038182925557,0.1890902716603423
som-rs-bc-nan,5.08655,5.5280000000000005,0.9797240042899521,2.626,7.645,300,0.8760502370631043,0.1926107094769445
som-rs-bc-l3bits,5.217766666666666,5.6145,1.0295954325549497,2.698,7.809,300,0.828871228431066,0.19732492814070193
som-rs-bc-baseline,9.542623333333333,10.6355,2.695584232773195,3.822,12.571,300,0.0,0.2824783226387288
