exe,mean,median,std,min,max,n,pct_vs_baseline,cov
som-rs-bc-l3bits,79.44418666666667,93.751,23.85063329053733,27.416,113.907,300,0.3364895253925859,0.300218735835389
som-rs-bc-l4bits,79.51471666666667,93.2045,23.15088788367297,28.549,103.645,300,0.3353040516818375,0.291152240166103
som-rs-bc-nan,79.83323666666666,94.074,24.047698098851384,28.163,120.992,300,0.3299764329568502,0.30122414050753615
som-rs-bc-baseline,106.17632333333334,104.5775,36.980529132077315,32.581,149.46,300,0.0,0.34829355520231625
