exe,mean,median,std,min,max,n,pct_vs_baseline,cov
som-rs-bc-l3bits,7.221786666666667,8.441500000000001,2.0646463935154604,2.942,9.558,300,0.6974682165447519,0.2858913574732375
som-rs-bc-l4bits,7.396736666666667,8.549,1.9604940850494639,3.049,9.38,300,0.6573191511031216,0.2650485171230192
som-rs-bc-nan,7.4178999999999995,8.4845,1.9056829646803572,2.994,9.388,300,0.6525908051245415,0.25690329671205564
som-rs-bc-baseline,12.258753333333335,13.937,2.9459284854342944,5.733,18.816,300,0.0,0.24031224100283397
