exe,mean,median,std,min,max,n,pct_vs_baseline,cov
som-rs-bc-nan,1068.1812625,1583.1795,723.6211157989343,6.544,1783.012,80,0.9348765491006727,0.6774328863486634
som-rs-bc-l4bits,1107.8710875000002,1622.829,754.9760029601608,7.163,1885.616,80,0.8655589971789022,0.6814655707495938
som-rs-bc-l3bits,1129.718525,1664.4135,778.5331042821914,6.914,1911.083,80,0.82948126392811,0.689139008570468
som-rs-bc-baseline,2066.798875,3199.2515000000003,1427.0250789687818,8.064,3428.853,80,0.0,0.6904518365236588
