exe,mean,median,std,min,max,n,pct_vs_baseline,cov
som-rs-bc-l3bits,29.741300000000003,33.617000000000004,7.537849959406615,14.8,34.954,20,0.8872594674745216,0.2534472252190259
som-rs-bc-nan,29.9018,33.354,6.973715483306253,15.893,34.667,20,0.8771294704666606,0.23322059151309463
som-rs-bc-l4bits,31.1027,33.8275,5.950438038718792,16.902,35.396,20,0.8046520077035111,0.19131580340995452
som-rs-bc-baseline,56.129549999999995,63.322500000000005,15.093573925332393,27.673,67.834,20,0.0,0.2689060205423417
