exe,mean,median,std,min,max,n,pct_vs_baseline,cov
som-rs-bc-l3bits,30.409699999999997,34.5415,8.627108957112734,13.422,36.658,20,0.9875648230663245,0.2836959574449184
som-rs-bc-l4bits,30.952499999999997,34.3515,7.135130268423163,15.523,36.361,20,0.9527097972700107,0.2305187066771073
som-rs-bc-nan,32.1997,34.8445,5.519561758919481,20.0,36.154,20,0.8770749416920034,0.17141655850580848
som-rs-bc-baseline,60.441250000000004,69.0265,16.6548203102222,25.132,71.138,20,0.0,0.2755538694223266
