exe,mean,median,std,min,max,n,pct_vs_baseline,cov
som-rs-bc-l4bits,102.82865,116.70150000000001,27.095944970021275,50.997,122.044,20,0.7416128676200648,0.2635057930841383
som-rs-bc-l3bits,103.19149999999999,117.898,27.972039094518344,47.569,120.911,20,0.7354888726300131,0.2710692168881967
som-rs-bc-nan,103.25735,116.15,26.1685901924526,53.108,125.917,20,0.7343821045184675,0.2534307745884685
som-rs-bc-baseline,179.08769999999998,203.121,48.65188929214095,91.537,218.693,20,0.0,0.2716651634486397
