exe,mean,median,std,min,max,n,pct_vs_baseline,cov
som-rs-bc-nan,9.1638,10.007000000000001,1.7350403483856836,4.62,10.669,20,2.09039372312796,0.18933633955189808
som-rs-bc-l4bits,9.70595,9.837,1.368191409931566,4.457,12.071,20,1.9177720882551426,0.1409641930909974
som-rs-bc-l3bits,10.6004,10.878,0.8577081088575531,7.767,11.947,20,1.671573714199464,0.0809128060127498
som-rs-bc-baseline,28.31975,30.9215,5.241373944773202,15.499,31.871,20,0.0,0.18507839740016074
