exe,mean,median,std,min,max,n,pct_vs_baseline,cov
som-rs-bc-l4bits,5.26496,5.789,1.051246292562032,2.752,8.106,300,2.1445278469985207,0.19966842911665653
som-rs-bc-nan,5.362633333333333,5.7935,0.9550476667203156,2.773,7.643,300,2.08725439616109,0.17809303887772468
som-rs-bc-l3bits,5.58157,6.061999999999999,1.4731481970488327,2.727,21.776,300,1.966157072890483,0.26393079313684725
som-rs-bc-baseline,16.555813333333333,19.49,4.646175743046442,7.256,20.653,300,0.0,0.28063711818324694
