exe,mean,median,std,min,max,n,pct_vs_baseline,cov
som-rs-bc-l4bits,3786.7782999999995,4416.101,1172.0618416410725,1676.238,4575.588,20,0.9099649562267749,0.3095142489965871
som-rs-bc-l3bits,3810.5674,4510.0475,1255.4263237874889,1608.396,4639.011,20,0.8980411814786429,0.329459157129064
som-rs-bc-nan,4011.96745,4665.808,1217.475690927856,1725.064,4799.961,20,0.802759852899604,0.30346100911857
som-rs-bc-baseline,7232.61385,8551.319,2490.2442180028356,2830.573,9388.755,20,0.0,0.3443076416975912
