exe,mean,median,std,min,max,n,pct_vs_baseline,cov
som-rs-bc-nan,7.56635,7.9495000000000005,1.2275754998755626,3.603,8.986,20,1.141858359711089,0.16224143740053826
som-rs-bc-l4bits,10.5399,11.276,1.7089905269054686,5.374,11.617,20,0.5375904894733345,0.16214485212435306
som-rs-bc-l3bits,10.7302,11.67,2.1241538154236728,5.292,12.816,20,0.5103213360421985,0.19796031904565364
som-rs-bc-baseline,16.206049999999998,17.421999999999997,2.554534924713097,8.749,17.879,20,0.0,0.157628473607887
