exe,mean,median,std,min,max,n,pct_vs_baseline,cov
som-rs-bc-nan,1965.5305666666668,2312.9325,617.7726928351219,839.443,2516.369,60,1.3862422337975344,0.31430327429748367
som-rs-bc-l4bits,3038.024733333333,3607.809,968.4075248833383,1280.839,3781.244,60,0.543842615413423,0.3187622254216468
som-rs-bc-l3bits,3130.6200166666667,3676.3495000000003,962.5647427644203,1320.437,3900.477,60,0.4981799212393503,0.30746776601438613
som-rs-bc-baseline,4690.2320500000005,5533.246,1435.126789323749,2007.465,5772.57,60,0.0,0.305982043963848
