exe,mean,median,std,min,max,n,pct_vs_baseline,cov
som-rs-bc-l4bits,5.554286666666667,6.2575,1.2136182053333782,2.855,8.52,300,1.0677530748022845,0.21850118263012078
som-rs-bc-l3bits,5.681156666666666,6.2835,1.18251042920255,2.779,9.202,300,1.0215765920906952,0.20814606929267632
som-rs-bc-nan,5.938893333333334,6.78,1.2492759141416299,2.814,8.407,300,0.9338440158323547,0.21035500118006775
som-rs-bc-baseline,11.484893333333332,12.837499999999999,3.3543415846996005,4.592,22.509,300,0.0,0.2920655409975888
