exe,mean,median,std,min,max,n,pct_vs_baseline,cov
som-rs-bc-nan,4.972273333333334,5.553,1.0802290844407925,2.648,7.909,300,0.9778357585598003,0.21725054356909698
som-rs-bc-l4bits,5.064313333333334,5.618,0.9907905875866951,2.698,7.679,300,0.9418901147506671,0.19564164426109004
som-rs-bc-l3bits,5.088033333333334,5.574999999999999,0.9854779423228633,2.673,8.073,300,0.9328371800499211,0.19368543359704077
som-rs-bc-baseline,9.834340000000001,10.748999999999999,2.9879337841942024,3.842,21.151,300,0.0,0.30382656936756325
