exe,mean,median,std,min,max,n,pct_vs_baseline,cov
som-rs-bc-nan,7.847779999999999,9.001000000000001,1.878806119066965,3.979,9.499,300,1.0567434357232242,0.23940606376159437
som-rs-bc-l3bits,8.25824,9.3775,1.9594285945458048,3.994,12.716,300,0.9545169430774598,0.23726951439360017
som-rs-bc-l4bits,8.717216666666667,10.0655,2.604246989887225,3.992,10.73,300,0.8516082159251903,0.29874753484624006
som-rs-bc-baseline,16.140870000000003,17.829500000000003,4.924126275631159,6.381,21.699,300,0.0,0.3050719246007903
