exe,mean,median,std,min,max,n,pct_vs_baseline,cov
som-rs-bc-nan,20.106749999999998,20.875,2.2531740156359064,14.893,22.264,20,0.5327564126474942,0.11206057744965778
som-rs-bc-l4bits,20.514499999999998,22.1835,3.6566602176533203,11.682,23.1,20,0.5022910624192647,0.17824759158903802
som-rs-bc-l3bits,20.8133,23.6475,5.380513359385544,9.575,24.693,20,0.4807238640676874,0.25851322757013756
som-rs-bc-baseline,30.81875,34.463499999999996,7.199887001123513,14.545,35.154,20,0.0,0.23362034479411115
