exe,mean,median,std,min,max,n,pct_vs_baseline,cov
som-rs-bc-nan,64.96585,73.0135,15.390024182720985,34.436,75.113,20,1.1039892497365926,0.23689406330742974
som-rs-bc-l4bits,66.0722,73.9935,15.395777078557336,36.383,76.676,20,1.0687588728693767,0.23301444599328214
som-rs-bc-l3bits,66.93695,76.162,17.44333806621041,33.485,78.893,20,1.0420328383650586,0.260593559554333
som-rs-bc-baseline,136.68745,155.304,37.107863695583426,68.12,163.218,20,0.0,0.271479669096054
