exe,mean,median,std,min,max,n,pct_vs_baseline,cov
som-rs-bc-l4bits,42.044799999999995,47.397999999999996,10.58994943380403,23.529,49.842,20,0.8495604688332445,0.25187298866456803
som-rs-bc-nan,42.163,47.574,10.489751630194005,21.716,49.482,20,0.8443754002324313,0.24879044731622527
som-rs-bc-l3bits,42.45815,48.394000000000005,11.559590387365992,19.583,50.645,20,0.8315541303613085,0.2722584565593647
som-rs-bc-baseline,77.7644,88.12100000000001,20.272597440621013,36.451,92.628,20,0.0,0.26069252049293784
