exe,mean,median,std,min,max,n,pct_vs_baseline,cov
som-rs-bc-nan,30.9466,34.4195,7.272194053921744,15.76,36.325,20,0.781303923532795,0.23499169711444048
som-rs-bc-l3bits,31.14485,33.86450000000001,5.709030909329903,19.017,35.031,20,0.7699651788337396,0.18330577637490317
som-rs-bc-l4bits,31.316899999999997,34.1555,6.1194313968744405,17.836,35.595,20,0.7602412754774579,0.19540348491946652
som-rs-bc-baseline,55.125299999999996,64.0355,16.1989215856131,23.35,64.689,20,0.0,0.2938563887291879
