exe,mean,median,std,min,max,n,pct_vs_baseline,cov
som-rs-bc-l3bits,69.99600000000001,69.836,0.31805581271217287,69.714,70.409,5,0.4162209269101089,0.004543914119552158
som-rs-bc-nan,71.6686,71.593,0.2291610787197534,71.433,71.979,5,0.3831691982262806,0.0031975101888379767
som-rs-bc-l4bits,89.0972,89.086,0.06669857569693702,89.018,89.203,5,0.11260286518543805,0.000748604621659682
som-rs-bc-baseline,99.1298,98.337,1.8814267724256533,98.144,102.492,5,0.0,0.018979426695359552
