exe,mean,median,std,min,max,n,pct_vs_baseline,cov
som-rs-bc-nan,39.0304,38.979,0.38213911079605584,38.491,39.424,5,0.15285008608674278,0.00979080692988173
som-rs-bc-baseline,44.9962,44.84,0.767053583525951,44.116,46.191,5,0.0,0.01704707472021973
som-rs-bc-l4bits,58.6842,58.5,1.4364620426589765,57.38,60.994,5,-0.23324847233156443,0.024477832920257524
som-rs-bc-l3bits,62.262800000000006,61.79,1.404736701307402,61.39,64.756,5,-0.2773180775679861,0.022561412292852263
