exe,mean,median,std,min,max,n,pct_vs_baseline,cov
som-rs-bc-l4bits,56.311400000000006,56.408,0.2932810938332039,55.896,56.636,5,0.29975102732306413,0.005208201071775944
som-rs-bc-l3bits,56.8154,56.21,1.4516100716101412,55.73,59.169,5,0.2882211513075681,0.0255495881681752
som-rs-bc-nan,57.419000000000004,56.896,1.1851700299956942,56.316,58.842,5,0.27467911318553084,0.020640729201060522
som-rs-bc-baseline,73.1908,73.206,0.32687795887761856,72.828,73.57,5,0.0,0.004466107200325978
