rank,exe,geo_mean_speedup_vs_baseline,median_speedup_vs_baseline,win_rate
1,som-rs-bc-nan,1.5865786953917698,1.7484865427422107,0.9285714285714286
2,som-rs-bc-l3bits,1.5747192474014309,1.737375755041063,0.8571428571428571
3,som-rs-bc-l4bits,1.5729475957896206,1.7317894948580626,0.8809523809523809
4,som-rs-bc-baseline,1.0,1.0,0.8333333333333334
