rank,exe,geo_mean_speedup_vs_baseline,median_speedup_vs_baseline,win_rate
1,som-rs-bc-nan,1.2811324794389645,1.2819539153995283,0.4186046511627907
2,som-rs-bc-l4bits,1.2759877340738826,1.2777064572210879,0.32558139534883723
3,som-rs-bc-l3bits,1.2647750176834118,1.2627869595680665,0.2558139534883721
4,som-rs-bc-baseline,1.0,1.0,0.0
