rank,exe,geo_mean_speedup_vs_baseline,median_speedup_vs_baseline,win_rate
1,som-rs-bc-nan,1.2714130135376154,1.2693301078738195,0.5116279069767442
2,som-rs-bc-l4bits,1.2616410691977629,1.2431389829920243,0.27906976744186046
3,som-rs-bc-l3bits,1.2592309663146115,1.2639869741670515,0.20930232558139536
4,som-rs-bc-baseline,1.0,1.0,0.0
