rank,exe,geo_mean_speedup_vs_baseline,median_speedup_vs_baseline,win_rate
1,som-rs-bc-l3bits,1.5940491106792554,1.713261228353845,0.9285714285714286
2,som-rs-bc-nan,1.5822954518454275,1.7349806458454848,0.9047619047619048
3,som-rs-bc-l4bits,1.5756788256151502,1.7271850051625517,0.8333333333333334
4,som-rs-bc-baseline,1.0,1.0,0.8333333333333334
