exe,mean,median,std,min,max,n,pct_vs_baseline,cov
som-rs-bc-l4bits,14365.1,13851.0,15149.482400032317,0.0,29402.0,10,0.6987629741526338,1.0546033372571244
som-rs-bc-l3bits,14541.1,14299.0,15329.580544018665,0.0,29572.0,10,0.6782017866598813,1.0542242707923517
som-rs-bc-nan,14846.7,14313.0,15663.978925831358,0.0,31265.0,10,0.6436581866677444,1.0550478507568253
som-rs-bc-baseline,24402.9,23811.0,25733.389954385035,0.0,50407.0,10,0.0,1.0545217967694427
