exe,mean,median,std,min,max,n,pct_vs_baseline,cov
som-rs-bc-nan,13286.4,12753.5,14014.81456015582,0.0,27268.0,10,0.7130148121387283,1.0548240727477587
som-rs-bc-l3bits,13480.1,13293.5,14213.571569688833,0.0,27813.0,10,0.688399937685922,1.0544114338683566
som-rs-bc-l4bits,13539.2,13110.0,14277.11145544193,0.0,27901.0,10,0.6810298983691798,1.0545018505851105
som-rs-bc-baseline,22759.8,22350.0,23995.514885541055,0.0,46412.0,10,0.0,1.0542937497491656
