rank,exe,geo_mean_speedup_vs_baseline,median_speedup_vs_baseline,win_rate
1,som-rs-bc-nan,1.2902667517717454,1.2770699491046997,0.4883720930232558
2,som-rs-bc-l4bits,1.2848775973472975,1.27333936648337,0.37209302325581395
3,som-rs-bc-l3bits,1.2672330528504987,1.2466254927639604,0.13953488372093023
4,som-rs-bc-baseline,1.0,1.0,0.0
