exe,mean,median,std,min,max,n,pct_vs_baseline,cov
som-rs-bc-l3bits,1487.6882,1485.787,9.58348259767817,1479.183,1503.34,5,0.23760892907532627,0.006441862345670396
som-rs-bc-nan,1512.3366,1512.542,4.113691383660215,1507.858,1518.702,5,0.21743810207330805,0.0027200898157594116
som-rs-bc-l4bits,1534.2426,1535.616,4.153689600824809,1529.883,1539.43,5,0.20005545407225678,0.0027073225582608705
som-rs-bc-baseline,1841.1761999999999,1836.648,21.004579362605728,1819.14,1876.096,5,0.0,0.011408239669079868
