exe,mean,median,std,min,max,n,pct_vs_baseline,cov
som-rs-bc-l4bits,2.5614,2.383,0.3923191303008303,2.378,3.263,5,0.34481143124853597,0.15316589767347166
som-rs-bc-nan,2.5722,2.374,0.4589746180345925,2.353,3.393,5,0.3391649171915092,0.178436598256198
som-rs-bc-l3bits,2.5962,2.415,0.40892383153834405,2.395,3.327,5,0.32678530159463826,0.15750860162481475
som-rs-bc-baseline,3.4446,3.287,0.37040356369775945,3.269,4.107,5,0.0,0.10753166222428133
