exe,mean,median,std,min,max,n,pct_vs_baseline,cov
som-rs-bc-nan,2.295,2.296,0.010074720839804936,2.281,2.309,5,0.21220043572984748,0.0043898565750784034
som-rs-bc-l4bits,2.307,2.304,0.01743559577416291,2.288,2.333,5,0.2058951018638926,0.007557692143113528
som-rs-bc-l3bits,2.3236,2.321,0.011193748255164533,2.312,2.342,5,0.1972800826304011,0.004817416188313193
som-rs-bc-baseline,2.782,2.788,0.015890248582070773,2.757,2.795,5,0.0,0.005711807542081514
