exe,mean,median,std,min,max,n,pct_vs_baseline,cov
som-rs-bc-nan,38.4858,38.478,0.020474374227310903,38.468,38.512,5,0.09751128987834501,0.0005319981454799148
som-rs-bc-l3bits,38.8004,38.828,0.060846528249359856,38.699,38.85,5,0.0886124885310462,0.001568193324021398
som-rs-bc-l4bits,39.6332,39.606,0.156731298724919,39.425,39.852,5,0.06573781577061655,0.003954545651749518
som-rs-bc-baseline,42.238600000000005,42.222,0.08754884351035447,42.152,42.386,5,0.0,0.0020727212433734655
