exe,mean,median,std,min,max,n,pct_vs_baseline,cov
som-rs-bc-nan,18.0464,18.098,0.18390024469804206,17.729,18.206,5,0.1798475042113663,0.010190411644319204
som-rs-bc-l3bits,18.264,18.258,0.09532051195833834,18.172,18.408,5,0.16579062636881292,0.005219038105471876
som-rs-bc-l4bits,18.465600000000002,18.516,0.16432680852496237,18.201,18.616,5,0.15306299280824853,0.008899077664682564
som-rs-bc-baseline,21.291999999999998,21.3,0.03811167800031928,21.241,21.343,5,0.0,0.001789952940086384
