exe,mean,median,std,min,max,n,pct_vs_baseline,cov
som-rs-bc-nan,15.4224,15.417,0.07912205760721876,15.324,15.54,5,0.18238406473700586,0.005130333645037008
som-rs-bc-l4bits,15.503800000000002,15.508,0.04974133090298217,15.432,15.566,5,0.17617616326319974,0.0032083315640670136
som-rs-bc-l3bits,15.6386,15.62,0.08041019835816805,15.537,15.728,5,0.16603788062870062,0.005141777291967827
som-rs-bc-baseline,18.2352,18.289,0.12140098846384889,18.068,18.337,5,0.0,0.006657507922251958
