exe,mean,median,std,min,max,n,pct_vs_baseline,cov
som-rs-bc-nan,193.4922,193.45,0.6697359181050491,192.808,194.58,5,0.4042230126072264,0.003461307060982557
som-rs-bc-l3bits,209.67020000000002,209.395,1.572199637450665,207.496,211.479,5,0.29587418717585967,0.007498441063397015
som-rs-bc-l4bits,210.993,209.289,4.71013954145734,205.841,218.254,5,0.2877498305630992,0.022323676811350803
som-rs-bc-baseline,271.70619999999997,272.166,1.8214210660909844,268.693,273.467,5,0.0,0.0067036418973545125
