exe,mean,median,std,min,max,n,pct_vs_baseline,cov
som-rs-bc-nan,8123.4,8057.0,247.34651806726535,7801.0,8423.0,5,0.4759583425659206,0.03044864441825656
som-rs-bc-l4bits,8203.4,8209.0,327.29008539825946,7901.0,8711.0,5,0.46156471706853264,0.039896882438776544
som-rs-bc-l3bits,8289.4,8303.0,172.73187314447807,8020.0,8481.0,5,0.4464014283301565,0.020837681031736686
som-rs-bc-baseline,11989.8,12056.0,396.4078707593984,11599.0,12560.0,5,0.0,0.0330620920081568
