exe,mean,median,std,min,max,n,pct_vs_baseline,cov
som-rs-bc-baseline,18249728.0,18249728.0,8344064.970296506,10010624.0,26488832.0,40,0.0,0.4572158538634935
som-rs-bc-l3bits,58507264.0,58507264.0,44020490.9096627,15040512.0,101974016.0,40,-0.688077569308317,0.7523935986762721
som-rs-bc-l4bits,58507264.0,58507264.0,44020490.9096627,15040512.0,101974016.0,40,-0.688077569308317,0.7523935986762721
som-rs-bc-nan,58875904.0,58875904.0,44393827.14994442,15040512.0,102711296.0,40,-0.6900306108251009,0.7540237029726867
