exe,mean,median,std,min,max,n,pct_vs_baseline,cov
som-rs-bc-baseline,31948800.0,31948800.0,0.0,31948800.0,31948800.0,20,0.0,0.0
som-rs-bc-l3bits,111228930.0,111228930.0,93232431.67494388,19169280.0,203288580.0,40,-0.7127653749793332,0.8382030796749
som-rs-bc-l4bits,111228930.0,111228930.0,93232431.67494386,19169280.0,203288580.0,40,-0.7127653749793332,0.8382030796748999
som-rs-bc-nan,112160770.0,112160770.0,94176142.72676712,19169280.0,205152260.0,40,-0.7151517415581223,0.8396531401020796
