exe,mean,median,std,min,max,n,pct_vs_baseline,cov
som-rs-bc-l4bits,9.167826666666667,8.656,1.2813061892579114,8.288,14.76,75,0.3726888379216011,0.13976117086905854
som-rs-bc-l3bits,9.48984,9.058,1.4746531799311593,8.376,16.85,75,0.32611016975347673,0.1553928390711708
som-rs-bc-nan,9.744133333333332,9.19,1.7682443601259181,8.769,19.443,75,0.29150257932978496,0.18146758666335144
som-rs-bc-baseline,12.584573333333333,12.953,1.5711068758984845,10.509,18.212,75,0.0,0.12484387307251983
