exe,mean,median,std,min,max,n,pct_vs_baseline,cov
som-rs-bc-l4bits,8.139786666666668,7.573,1.7519483153962676,6.483,14.142,75,0.11089889333709002,0.21523270659791258
som-rs-bc-l3bits,8.254959999999999,7.589,2.2373003787745778,6.576,17.542,75,0.09539961429249844,0.27102498119610247
som-rs-bc-nan,8.532786666666667,7.859,1.889516985994135,7.241,16.727,75,0.059733514178252234,0.22144195792161706
som-rs-bc-baseline,9.042480000000001,9.285,0.9438686114474173,7.562,11.592,75,0.0,0.10438160896650224
