exe,mean,median,std,min,max,n,pct_vs_baseline,cov
som-rs-bc-nan,39.420626666666664,38.116,6.182637980609838,27.863,52.841,75,0.15393802297071546,0.15683763814535603
som-rs-bc-l3bits,39.53532,37.671,6.5438218359411735,27.394,55.392,75,0.15059040877878305,0.1655183728357624
som-rs-bc-l4bits,41.17138666666666,41.458,6.590640950033029,28.269,55.021,75,0.10486830012040738,0.1600781873924341
som-rs-bc-baseline,45.48896,46.991,10.724674292843003,27.827,61.744,75,0.0,0.235764332551085
