exe,mean,median,std,min,max,n,pct_vs_baseline,cov
som-rs-bc-baseline,3.92632,3.751,0.8416097696226704,3.048,7.764,75,0.0,0.21435078384407547
som-rs-bc-l4bits,4.069506666666667,3.433,1.4307648811825184,2.832,8.909,75,-0.035185264061491583,0.351581898833565
som-rs-bc-nan,4.134773333333333,3.723,1.265791725036616,2.778,7.541,75,-0.05041469423555667,0.3061332805917493
som-rs-bc-l3bits,4.34868,3.916,1.4585229585236366,2.724,8.18,75,-0.09712372490042953,0.3353944089985091
