exe,mean,median,std,min,max,n,pct_vs_baseline,cov
som-rs-bc-l3bits,3.474533333333333,3.164,1.019370345311703,2.59,7.072,75,0.23441421389922867,0.29338338346973303
som-rs-bc-l4bits,3.7524933333333337,3.205,1.2899895806548973,2.725,8.068,75,0.1429769362237372,0.34376865354987896
som-rs-bc-nan,3.86784,3.51,1.1980841918708436,2.601,7.065,75,0.10889109511596473,0.30975536523507785
som-rs-bc-baseline,4.289013333333333,3.609,1.4198942146867495,2.909,9.55,75,0.0,0.3310538122256749
