exe,mean,median,std,min,max,n,pct_vs_baseline,cov
som-rs-bc-l3bits,867.1613333333333,823.011,60.49203488968806,820.735,990.277,15,0.5358513064081885,0.06975868568442634
som-rs-bc-l4bits,888.9923333333334,854.069,73.0206198379869,831.167,1073.921,15,0.49813537949521125,0.08213863843368754
som-rs-bc-nan,979.4613333333333,1008.183,61.55379181736283,840.001,1073.13,15,0.35975849310369235,0.06284453476880097
som-rs-bc-baseline,1331.8308666666667,1332.943,76.142633957468,1219.8,1466.257,15,0.0,0.057171399059130774
