exe,mean,median,std,min,max,n,pct_vs_baseline,cov
som-rs-bc-l3bits,4.7304,4.381,0.9802423445526389,3.998,8.851,75,0.44267715203788227,0.2072218722629458
som-rs-bc-l4bits,4.861346666666667,4.287,1.342568992573499,3.9,10.512,75,0.4038167750499859,0.2761722388117762
som-rs-bc-nan,4.866253333333333,4.372,1.2354149657737101,4.008,11.379,75,0.40240129983642436,0.2538739521247785
som-rs-bc-baseline,6.824439999999999,6.263,2.1008038566996983,5.03,15.997,75,0.0,0.30783534717862543
