exe,mean,median,std,min,max,n,pct_vs_baseline,cov
som-rs-bc-nan,3.55512,3.116,1.0227164802226074,2.744,7.258,75,0.3208855584809138,0.2876742501582527
som-rs-bc-l4bits,3.635613333333333,3.263,0.9426787577750763,2.702,7.269,75,0.29164084189371087,0.25929015859086857
som-rs-bc-l3bits,3.98916,3.388,1.3811254717253785,2.614,7.715,75,0.17716678866394586,0.3462196231099726
som-rs-bc-baseline,4.695906666666667,3.968,1.6154310208309928,2.969,10.208,75,0.0,0.34400833225624716
