exe,mean,median,std,min,max,n,pct_vs_baseline,cov
som-rs-bc-nan,57.908026666666665,56.118,13.81776321513542,39.515,89.755,75,0.12364825877909391,0.23861568094305788
som-rs-bc-l3bits,58.00378666666666,62.057,14.756181881185615,38.312,85.817,75,0.12179319786938048,0.2544003198616277
som-rs-bc-l4bits,59.90036,59.305,14.241326852888774,41.097,90.258,75,0.08627482928872765,0.2377502714990156
som-rs-bc-baseline,65.06825333333333,55.44,18.626479960132706,46.313,101.71,75,0.0,0.2862606418019628
