exe,mean,median,std,min,max,n,pct_vs_baseline,cov
som-rs-bc-nan,335.4266666666667,0.0,676.5528519202632,0.0,1798.0,75,0.015184640457924115,2.016991846961869
som-rs-bc-l4bits,339.38666666666666,0.0,684.8852121880526,0.0,1999.0,75,0.0033393572719415676,2.0180086003812345
som-rs-bc-baseline,340.52,0.0,690.2260178200152,0.0,2278.0,75,0.0,2.0269764413838107
som-rs-bc-l3bits,344.29333333333335,0.0,695.5839035277102,0.0,2058.0,75,-0.010959646812795376,2.0203234747338805
