exe,mean,median,std,min,max,n,pct_vs_baseline,cov
som-rs-bc-l4bits,79.11104999999999,93.1745,23.35347699709144,28.269,102.773,300,0.13221991955190426,0.2951986732206366
som-rs-bc-nan,79.20431333333335,93.81450000000001,24.362434724266286,27.863,105.041,300,0.13088672696024028,0.3075897473125784
som-rs-bc-l3bits,79.3004,93.697,24.446745730862247,27.394,114.926,300,0.12951645472994677,0.3082802322669526
som-rs-bc-baseline,89.57110666666667,90.404,29.565731459541944,27.827,145.4,300,0.0,0.33008112280636415
