exe,mean,median,std,min,max,n,pct_vs_baseline,cov
som-rs-bc-l4bits,46.751549999999995,53.647000000000006,12.805872889852246,21.459,55.833,20,0.3021653827520159,0.27391333313766597
som-rs-bc-l3bits,46.79065,54.715,14.721214717739477,20.501,56.167,20,0.3010772451333761,0.31461872655625595
som-rs-bc-nan,48.226,55.3465,13.113847084986965,21.544,56.633,20,0.2623532949031644,0.27192483483985747
som-rs-bc-baseline,60.87825,70.214,17.683633256340084,27.346,72.124,20,0.0,0.29047538745512697
