exe,mean,median,std,min,max,n,pct_vs_baseline,cov
som-rs-bc-l4bits,31.054750000000002,34.725,7.231291999832539,13.8,36.171,20,0.31767926001658364,0.2328562297179188
som-rs-bc-l3bits,31.28095,34.48950000000001,7.351064129734804,13.477,36.675,20,0.3081508074403112,0.23500130685720236
som-rs-bc-nan,32.25265,34.794,5.905252445916264,16.569,36.313,20,0.2687391578676481,0.1830935580771274
som-rs-bc-baseline,40.9202,46.167,10.236495615405227,20.695,49.252,20,0.0,0.2501575167131448
