exe,mean,median,std,min,max,n,pct_vs_baseline,cov
som-rs-bc-l4bits,6.047693333333333,6.676,1.3266705727689372,2.872,9.277,300,0.5762632364515841,0.2193680300316601
som-rs-bc-nan,6.36313,7.1884999999999994,1.5587599027908356,2.798,9.353,300,0.49812382690070267,0.24496747713638345
som-rs-bc-l3bits,6.65866,7.401,1.7843326861461386,2.825,9.447,300,0.4316328911022138,0.2679717369780314
som-rs-bc-baseline,9.532756666666668,11.1525,2.720165791005656,3.954,16.268,300,0.0,0.28534933662130496
