exe,mean,median,std,min,max,n,pct_vs_baseline,cov
som-rs-bc-nan,8.553896666666667,9.997,2.298348888084683,3.844,10.823,300,0.3728612573840615,0.2686902797225767
som-rs-bc-l4bits,8.916296666666668,10.223,2.50377256799208,3.943,11.899,300,0.31706175471206444,0.28080857575683477
som-rs-bc-l3bits,9.49235,10.826,2.6006550655684615,3.809,14.795,300,0.23713446441959407,0.2739737857926079
som-rs-bc-baseline,11.743313333333333,13.319500000000001,2.8486917894934334,5.85,21.237,300,0.0,0.24257990131349358
