exe,mean,median,std,min,max,n,pct_vs_baseline,cov
som-rs-bc-l3bits,5.15475,5.7325,1.1328150070955996,2.59,8.224,300,0.29822914140679324,0.21976138650673643
som-rs-bc-nan,5.265533333333334,5.7815,1.0256196049881312,2.601,8.192,300,0.27091526024587576,0.19477981432487962
som-rs-bc-l4bits,5.2772499999999996,5.903499999999999,1.112028178479503,2.725,8.068,300,0.2680935461967251,0.21072114803723588
som-rs-bc-baseline,6.692046666666667,7.625,1.5788331339012929,2.909,9.55,300,0.0,0.23592679676989095
