exe,mean,median,std,min,max,n,pct_vs_baseline,cov
som-rs-bc-l4bits,1984.8201666666669,2383.2615,643.616782686826,831.167,2500.259,60,0.4461230534655489,0.32426957035998105
som-rs-bc-l3bits,1987.8821833333334,2387.7619999999997,658.5339393635772,820.735,2523.147,60,0.443895530663198,0.33127412926420524
som-rs-bc-nan,1988.6952166666667,2305.5175,589.9769628556776,840.001,2500.274,60,0.44330522643435377,0.29666535018099055
som-rs-bc-baseline,2870.2942,3405.9210000000003,902.0699992825503,1219.8,3577.018,60,0.0,0.314277888058496
