exe,mean,median,std,min,max,n,pct_vs_baseline,cov
som-rs-bc-nan,7.88998,9.000499999999999,1.8700897550402116,4.008,11.516,300,0.520479984317662,0.23702084860040348
som-rs-bc-l3bits,8.10352,9.382,2.024901727562998,3.998,10.092,300,0.48041303861367246,0.24987927808692992
som-rs-bc-l4bits,8.24795,9.5125,2.0858865829561606,3.9,10.512,300,0.45448949941096495,0.2528975785445063
som-rs-bc-baseline,11.996556666666667,13.858,3.2682840536956106,5.03,18.865,300,0.0,0.2724351782355001
