exe,mean,median,std,min,max,n,pct_vs_baseline,cov
som-rs-bc-nan,2964.679575,1292.949,3252.089170622761,16.365,7132.314,40,0.2592046899368543,1.0969445730480876
som-rs-bc-l3bits,3155.50155,1332.3,3492.467937304867,15.5,7687.788,40,0.18305707217922307,1.1067869503359513
som-rs-bc-l4bits,3191.074025,1370.7185,3482.884749351168,15.954,7655.753,40,0.16986895188055073,1.0914459276297008
som-rs-bc-baseline,3733.138425,1653.329,4088.9432365520834,21.136,8883.381,40,0.0,1.0953098361339448
