exe,mean,median,std,min,max,n,pct_vs_baseline,cov
som-rs-bc-l3bits,43.82,41.7,6.774555372863965,37.467,55.341,5,0.045011410314924616,0.15459962055828308
som-rs-bc-nan,44.2374,42.91,8.03504258233894,37.435,57.737,5,0.0351512521079449,0.18163460290023692
som-rs-bc-baseline,45.7924,46.121,6.083392951306039,37.369,53.814,5,0.0,0.13284721812584707
som-rs-bc-l4bits,47.6636,47.557,5.329557045383791,41.366,55.317,5,-0.03925846977567793,0.11181608282596764
