exe,mean,median,std,min,max,n,pct_vs_baseline,cov
som-rs-bc-baseline,18.0368,16.596,4.335610014749943,13.779,25.201,5,0.0,0.24037578809710938
som-rs-bc-nan,19.413,19.228,4.501910983127055,13.106,23.965,5,-0.07089064029258751,0.23190186901185056
som-rs-bc-l4bits,29.269600000000004,29.858,4.113159770784501,24.532,35.174,5,-0.38377019159810877,0.14052668197667545
som-rs-bc-l3bits,30.020400000000002,27.477,6.181127753088427,24.58,36.858,5,-0.39918188964837253,0.20589758141425255
