exe,mean,median,std,min,max,n,pct_vs_baseline,cov
som-rs-bc-l3bits,24.3172,23.594,1.221887351599974,23.253,25.733,5,0.03939598309015846,0.050247863717861184
som-rs-bc-baseline,25.2752,25.29,4.602124042222245,20.975,32.228,5,0.0,0.1820806182432679
som-rs-bc-nan,25.5068,25.959,0.8197784456790743,24.514,26.255,5,-0.00907993162607601,0.03213960377934803
som-rs-bc-l4bits,26.9378,27.36,4.2264434457354305,20.536,31.937,5,-0.06171996228348264,0.15689638521837088
