exe,mean,median,std,min,max,n,pct_vs_baseline,cov
som-rs-bc-nan,3096.530325,1366.375,3401.1888061799687,26.022,7492.973,40,0.26702565071763007,1.098387049117618
som-rs-bc-l3bits,3337.902825,1454.751,3677.3427675436287,25.005,8110.965,40,0.17540370576845654,1.1016925777471154
som-rs-bc-l4bits,3461.822175,1495.31,3822.165703486614,21.775,8444.47,40,0.1333289671356388,1.1040907101147142
som-rs-bc-baseline,3923.38335,1746.135,4307.701339187373,26.803,9429.697,40,0.0,1.0979557577995465
