exe,mean,median,std,min,max,n,pct_vs_baseline,cov
som-rs-bc-l3bits,38.850350000000006,43.8915,9.533383942618087,19.02,44.829,20,0.2965340080591292,0.24538733737580448
som-rs-bc-l4bits,40.87825,46.786500000000004,11.458215925586689,21.074,48.769,20,0.23221517555179094,0.2803010384638943
som-rs-bc-nan,41.61995,47.0955,10.8779684416908,20.915,49.005,20,0.21025613918325203,0.26136428423606467
som-rs-bc-baseline,50.370799999999996,59.203,15.291569137754859,21.308,60.24,20,0.0,0.3035800332286734
