exe,mean,median,std,min,max,n,pct_vs_baseline,cov
som-rs-bc-l4bits,54.151199999999996,53.734,1.1385678284581913,52.759,55.388,5,0.3263011715345181,0.021025717407152405
som-rs-bc-l3bits,54.583600000000004,54.521,0.29751016789347157,54.242,55.042,5,0.31579448772158636,0.005450541332808235
som-rs-bc-nan,55.8486,55.947,0.26584450342258353,55.443,56.111,5,0.2859910543863229,0.004760092525552718
som-rs-bc-baseline,71.82079999999999,70.435,2.5507022954472722,70.169,76.229,5,0.0,0.03551481319405064
