exe,mean,median,std,min,max,n,pct_vs_baseline,cov
som-rs-bc-l4bits,25.4088,25.157,0.6108622594333343,25.082,26.5,5,0.29795976197223006,0.024041365961136863
som-rs-bc-nan,25.924799999999998,25.912,0.04387140298645734,25.878,25.971,5,0.27212553230883163,0.001692256178888838
som-rs-bc-l3bits,26.2474,25.965,0.6558138455385036,25.922,27.42,5,0.2564901666450772,0.024985859381824627
som-rs-bc-baseline,32.9796,32.537,0.9142266130451481,32.489,34.606,5,0.0,0.027720973360657743
