exe,mean,median,std,min,max,n,pct_vs_baseline,cov
som-rs-bc-nan,10.831199999999999,10.822,0.0582683447508174,10.774,10.928,5,0.25168033089593034,0.005379675820852482
som-rs-bc-l4bits,11.080200000000001,11.099,0.05889991511029482,11.006,11.15,5,0.2235519214454611,0.0053157808622854115
som-rs-bc-l3bits,11.383199999999999,11.32,0.1474676235653097,11.265,11.638,5,0.19098320331716923,0.012954847807761414
som-rs-bc-baseline,13.5572,13.562,0.04091698913654328,13.493,13.605,5,0.0,0.0030181002815141238
