exe,mean,median,std,min,max,n,pct_vs_baseline,cov
som-rs-bc-nan,35.5584,35.454,0.3198613762241367,35.197,35.928,5,0.2968637508999281,0.008995381575777782
som-rs-bc-l3bits,35.806799999999996,35.948,0.6036378881415582,35.062,36.547,5,0.2878671090407412,0.016858191408937916
som-rs-bc-l4bits,36.090999999999994,35.978,0.42025765906167634,35.724,36.799,5,0.2777257488016407,0.011644389433977347
som-rs-bc-baseline,46.1144,46.149,0.27822976116871484,45.681,46.448,5,0.0,0.006033468096054916
