exe,mean,median,std,min,max,n,pct_vs_baseline,cov
som-rs-bc-nan,10.1128,10.024,0.19234656222558316,10.014,10.456,5,0.321770429554624,0.019020109388654297
som-rs-bc-l4bits,10.517199999999999,10.476,0.25765713652060984,10.224,10.848,5,0.2709466397900584,0.024498643794984395
som-rs-bc-l3bits,10.8372,10.833,0.00769415362466799,10.831,10.847,5,0.23341822611006546,0.000709976158478942
som-rs-bc-baseline,13.366800000000001,13.366,0.026864474683119977,13.33,13.403,5,0.0,0.002009791025759342
