exe,mean,median,std,min,max,n,pct_vs_baseline,cov
som-rs-bc-nan,54.999199999999995,54.992,0.08283236082594973,54.908,55.134,5,0.1506749189079113,0.0015060648305057118
som-rs-bc-l4bits,55.059400000000004,54.8,0.45398491164354754,54.681,55.757,5,0.14941681166158705,0.008245366125376366
som-rs-bc-l3bits,56.313,56.282,0.11862124598907363,56.194,56.497,5,0.12382931117148788,0.002106462912454915
som-rs-bc-baseline,63.286199999999994,63.214,0.20186678775865988,63.036,63.556,5,0.0,0.0031897441742221827
