exe,mean,median,std,min,max,n,pct_vs_baseline,cov
som-rs-bc-nan,71.3924,71.422,0.07101971557251208,71.267,71.441,5,0.3786453460032162,0.0009947797744929725
som-rs-bc-l3bits,71.7268,71.8,0.28565836238415554,71.28,71.969,5,0.3722179157581267,0.003982588967919321
som-rs-bc-l4bits,88.527,88.55,0.21684902582211352,88.287,88.847,5,0.11180543788900565,0.002449524165758622
som-rs-bc-baseline,98.4248,98.416,0.24339412482637562,98.158,98.693,5,0.0,0.0024728942789457088
