exe,mean,median,std,min,max,n,pct_vs_baseline,cov
som-rs-bc-l3bits,70.8938,70.796,0.19554845946721258,70.732,71.138,5,0.43579551385311555,0.0027583294937951214
som-rs-bc-nan,71.2972,71.303,0.04143307857256053,71.248,71.343,5,0.4276717739266058,0.0005811319178391372
som-rs-bc-l4bits,79.0088,78.882,0.33497343178228756,78.707,79.515,5,0.28832484482741183,0.004239697752431218
som-rs-bc-baseline,101.789,101.772,0.18612630120431614,101.598,101.982,5,0.0,0.0018285502481045707
