exe,mean,median,std,min,max,n,pct_vs_baseline,cov
som-rs-bc-l3bits,34.742599999999996,34.613,0.2982436923054705,34.549,35.27,5,0.28085980899529694,0.008584380337265217
som-rs-bc-l4bits,34.767,33.987,1.4351701989659613,33.871,37.242,5,0.2799608824459976,0.04127966747104902
som-rs-bc-nan,38.8058,38.872,0.12518066943422143,38.632,38.921,5,0.14674610496369112,0.003225823702493479
som-rs-bc-baseline,44.5004,44.64,0.358469385024718,43.893,44.809,5,0.0,0.008055419390044088
