exe,mean,median,std,min,max,n,pct_vs_baseline,cov
som-rs-bc-l4bits,34.6922,34.4,1.1831936443372244,33.612,36.722,5,0.35011328194810365,0.034105465906953854
som-rs-bc-l3bits,35.212,34.99,0.3512057801346671,34.936,35.651,5,0.3301828921958423,0.00997403669586127
som-rs-bc-nan,39.5678,39.159,0.8488820294952645,38.621,40.48,5,0.18375042332401614,0.021453859691346614
som-rs-bc-baseline,46.8384,46.502,1.0001583874567035,45.826,48.428,5,0.0,0.021353384988742216
