exe,mean,median,std,min,max,n,pct_vs_baseline,cov
som-rs-bc-l4bits,44.2358,44.175,0.130675935045439,44.11,44.422,5,0.5267226997138068,0.0029540764504188692
som-rs-bc-l3bits,45.275800000000004,45.165,0.31813157655284585,44.947,45.633,5,0.4916533777426353,0.007026525794195704
som-rs-bc-nan,61.121,61.141,0.2936222062446893,60.763,61.409,5,0.10495247132736707,0.004803949644879653
som-rs-bc-baseline,67.53580000000001,67.516,0.0914395975494199,67.409,67.63,5,0.0,0.001353942613390526
