exe,mean,median,std,min,max,n,pct_vs_baseline,cov
som-rs-bc-l4bits,44.7608,44.357,0.6555091151158767,44.313,45.808,5,0.5162195492484494,0.014644714015743165
som-rs-bc-l3bits,46.160000000000004,46.06,0.3340157181930217,45.833,46.683,5,0.47025996533795467,0.007236042421859222
som-rs-bc-nan,60.996,61.062,0.3119046328607505,60.645,61.447,5,0.11265000983671047,0.005113526015816619
som-rs-bc-baseline,67.8672,67.962,0.2323374700731687,67.519,68.075,5,0.0,0.00342341322572861
