exe,mean,median,std,min,max,n,pct_vs_baseline,cov
som-rs-bc-nan,73.98060000000001,73.571,1.4408928829028254,72.562,75.894,5,0.35754238273277017,0.019476631480453324
som-rs-bc-l4bits,76.11600000000001,76.27,0.6494628549809466,75.28,76.858,5,0.3194571443586103,0.00853254052999299
som-rs-bc-l3bits,78.381,77.587,2.359240661738431,76.476,82.442,5,0.2813283831540807,0.03009964993733725
som-rs-bc-baseline,100.4318,99.56,2.878594222880329,98.165,105.471,5,0.0,0.028662178940139768
