exe,mean,median,std,min,max,n,pct_vs_baseline,cov
som-rs-bc-l4bits,55.626599999999996,55.502,0.4139713758220501,55.109,56.186,5,0.3499297098869967,0.0074419679761490035
som-rs-bc-nan,56.818799999999996,56.775,0.5489459900573092,56.356,57.701,5,0.32160482093954834,0.009661344309582553
som-rs-bc-l3bits,57.305600000000005,57.347,0.3240768427394971,56.952,57.633,5,0.31037804333258867,0.005655238628327721
som-rs-bc-baseline,75.092,73.648,2.859272722214516,72.589,79.19,5,0.0,0.03807692859711442
