exe,mean,median,std,min,max,n,pct_vs_baseline,cov
som-rs-bc-nan,41.2644,41.328,0.2775901655318507,40.936,41.588,5,0.3440835199348591,0.0067271101853377405
som-rs-bc-l3bits,41.6382,41.473,0.5201198900253688,41.278,42.546,5,0.3320172341743881,0.01249141149294083
som-rs-bc-l4bits,42.2066,42.124,0.6919803465417207,41.354,43.023,5,0.3140788407500248,0.016395074385089553
som-rs-bc-baseline,55.4628,55.404,0.39375588884485146,54.905,55.97,5,0.0,0.007099459256381781
