exe,mean,median,std,min,max,n,pct_vs_baseline,cov
som-rs-bc-nan,37.0236,36.963,0.10759089180781024,36.949,37.201,5,0.3259650601238129,0.002906008378650651
som-rs-bc-l3bits,37.5604,37.483,0.5087074797956093,37.18,38.428,5,0.30701483477279257,0.013543718378814103
som-rs-bc-l4bits,38.0932,37.854,0.533902331892265,37.752,39.035,5,0.2887339472661785,0.014015686051375703
som-rs-bc-baseline,49.092,48.642,1.2935290874193743,48.224,51.385,5,0.0,0.026349081060445173
