exe,mean,median,std,min,max,n,pct_vs_baseline,cov
som-rs-bc-nan,193.314,192.968,2.5585988353002893,190.432,197.426,5,0.422167044290636,0.013235455452270862
som-rs-bc-l3bits,208.0592,207.323,1.6102772121594469,206.791,210.83,5,0.3213777617139737,0.007739514581231913
som-rs-bc-l4bits,226.00460000000004,226.299,2.9031252642626355,222.997,229.736,5,0.21645665619195342,0.012845425554447277
som-rs-bc-baseline,274.9248,274.773,1.6951538868197267,272.836,276.67,5,0.0,0.006165882040542456
