exe,mean,median,std,min,max,n,pct_vs_baseline,cov
som-rs-bc-l3bits,62.7934,62.698,0.3921629763248924,62.322,63.327,5,0.32548325142451273,0.00624528973307533
som-rs-bc-l4bits,62.9688,62.967,0.3854221062679213,62.62,63.583,5,0.32179110924775434,0.006120842484975437
som-rs-bc-nan,64.13300000000001,63.918,0.7967392923660843,63.277,65.403,5,0.2977967660954577,0.012423234409213418
som-rs-bc-baseline,83.2316,81.602,3.759376384455277,80.756,89.808,5,0.0,0.04516765728948233
