exe,mean,median,std,min,max,n,pct_vs_baseline,cov
som-rs-bc-l4bits,48.0,48.088,0.2870287442051765,47.652,48.307,5,0.2846916666666668,0.00597976550427451
som-rs-bc-nan,48.0274,47.325,1.6540203444939827,47.221,50.984,5,0.28395874021912504,0.03443909819174019
som-rs-bc-l3bits,49.2664,49.524,0.7835842647730996,47.899,49.863,5,0.2516684799376454,0.015905044102534377
som-rs-bc-baseline,61.665200000000006,61.157,0.8533874852609468,61.038,63.025,5,0.0,0.013839045122061498
