exe,mean,median,std,min,max,n,pct_vs_baseline,cov
som-rs-bc-nan,19.8696,19.833,0.16822990221717368,19.664,20.07,5,0.3306659419414586,0.008466697981699365
som-rs-bc-l3bits,20.8078,20.764,0.1672519058187393,20.685,21.094,5,0.270667730370342,0.008037942781973072
som-rs-bc-l4bits,21.3374,21.161,0.33780512133477314,21.054,21.754,5,0.23912941595508364,0.015831597164358037
som-rs-bc-baseline,26.4398,26.397,0.2477008276126672,26.153,26.838,5,0.0,0.009368483408069167
