exe,mean,median,std,min,max,n,pct_vs_baseline,cov
som-rs-bc-l3bits,33.7394,33.728,0.02452141920851993,33.726,33.783,5,0.2611249755478755,0.0007267888346716281
som-rs-bc-nan,34.482,34.41,0.1741852462179271,34.394,34.793,5,0.23396554724203922,0.005051483272951891
som-rs-bc-l4bits,36.1194,36.134,0.06488297157190027,36.01,36.177,5,0.17802621306001765,0.0017963468820606178
som-rs-bc-baseline,42.5496,42.444,0.41163005235283706,42.118,43.226,5,0.0,0.009674122726249767
