rank,exe,geo_mean_speedup_vs_baseline,median_speedup_vs_baseline,win_rate
1,som-rs-bc-nan,1.5682230177340022,1.7225856106612685,0.9047619047619048
2,som-rs-bc-l3bits,1.5668627514530375,1.7163713669431455,0.9047619047619048
3,som-rs-bc-l4bits,1.5652620213527197,1.7244214803773805,0.8571428571428571
4,som-rs-bc-baseline,1.0,1.0,0.8333333333333334
