exe,mean,median,std,min,max,n,pct_vs_baseline,cov
som-rs-bc-l4bits,4.971503333333334,5.5575,1.0226949626408284,2.735,7.378,300,0.351668945208391,0.20571141042665733
som-rs-bc-l3bits,5.096396666666667,5.6114999999999995,0.9936874871217963,2.714,7.736,300,0.3185446711042246,0.19497844302840037
som-rs-bc-nan,5.135613333333334,5.5225,0.956717952843573,2.627,7.67,300,0.3084759756056401,0.18629088499203722
som-rs-bc-baseline,6.719826666666667,7.605499999999999,1.6760321284532642,2.855,10.845,300,0.0,0.24941597627318723
