exe,mean,median,std,min,max,n,pct_vs_baseline,cov
som-rs-bc-l3bits,21.13598,24.595,6.484741035739355,8.957,30.549,300,0.18430404772651499,0.30681052100443673
som-rs-bc-l4bits,21.146663333333333,25.119,6.831608187296601,8.653,30.624,300,0.18370573513646504,0.3230584456569082
som-rs-bc-nan,21.21639,24.9835,7.065065458366498,8.734,61.585,300,0.1798155419780021,0.3330003576653002
som-rs-bc-baseline,25.031426666666665,29.629,7.918602981706764,10.259,35.352,300,0.0,0.3163464506899899
