exe,mean,median,std,min,max,n,pct_vs_baseline,cov
som-rs-bc-l4bits,15.850866666666667,18.6415,4.610813109854075,7.024,24.286,300,0.1722391625273907,0.29088712982176
som-rs-bc-nan,15.955096666666668,18.4765,4.581739209215181,7.233,24.232,300,0.16458126546397178,0.28716461610585753
som-rs-bc-l3bits,15.995153333333334,18.654,4.635672318297646,7.047,20.503,300,0.16166480429696817,0.2898173103872076
som-rs-bc-baseline,18.581006666666667,22.360999999999997,5.976691832232991,7.329,31.559,300,0.0,0.32165597588180495
