exe,mean,median,std,min,max,n,pct_vs_baseline,cov
som-rs-bc-l4bits,78.38665,93.2245,24.933425422616605,28.24,104.342,300,0.12334408984182899,0.31808254878371
som-rs-bc-l3bits,78.74599333333333,94.376,25.555687900220324,27.551,104.532,300,0.11821790890694217,0.3245331834477292
som-rs-bc-nan,78.80787333333333,93.84049999999999,25.216429219709067,27.711,106.043,300,0.11733988338390233,0.3199734766734694
som-rs-bc-baseline,88.05518000000001,89.96600000000001,31.102724220245843,26.738,125.34,300,0.0,0.3532185638624081
