exe,mean,median,std,min,max,n,pct_vs_baseline,cov
som-rs-bc-l4bits,46.49915,53.948499999999996,13.821259921527455,21.683,56.613,20,0.305965807977135,0.2972368295232806
som-rs-bc-l3bits,48.354200000000006,54.337,11.760602726230083,25.98,56.313,20,0.25586402008512166,0.24321781202522388
som-rs-bc-nan,48.86135,55.463,12.30014958948403,24.081,56.986,20,0.24282894353103224,0.2517357704910738
som-rs-bc-baseline,60.7263,70.608,18.448641853021396,27.504,72.275,20,0.0,0.3037998668290575
