exe,mean,median,std,min,max,n,pct_vs_baseline,cov
som-rs-bc-l3bits,22.52795,24.743499999999997,4.2122706400155305,13.637,25.312,20,0.31952086186270834,0.18697975803459838
som-rs-bc-nan,22.92615,25.097499999999997,4.451223619765456,13.116,26.038,20,0.2966023514632854,0.19415486768451992
som-rs-bc-l4bits,23.208949999999998,24.8915,3.7570612742436142,12.853,26.038,20,0.28080331079174226,0.16187984696608915
som-rs-bc-baseline,29.726100000000002,32.3705,5.958733121270521,14.883,35.677,20,0.0,0.20045458776195063
