exe,mean,median,std,min,max,n,pct_vs_baseline,cov
som-rs-bc-nan,7.37557,8.481,2.170589149506002,2.988,12.186,300,0.2770181378072025,0.29429442734676803
som-rs-bc-l4bits,7.403333333333333,8.5305,1.9914148704316061,3.066,13.974,300,0.27222917604682584,0.26898895143155416
som-rs-bc-l3bits,7.404886666666666,8.4605,1.8633724327769268,3.055,9.234,300,0.27196229877027167,0.2516409118271799
som-rs-bc-baseline,9.418736666666668,10.7715,2.6201665844796245,4.551,11.735,300,0.0,0.2781866270614096
