exe,mean,median,std,min,max,n,pct_vs_baseline,cov
som-rs-bc-nan,1052.7582375,1589.1825,730.0640435952442,5.481,1798.569,80,0.2698673730396719,0.6934773983141066
som-rs-bc-l4bits,1081.530575,1602.1475,747.4172582611076,5.978,1832.129,80,0.23608464559589537,0.6910736280027104
som-rs-bc-l3bits,1098.8076624999999,1604.0245,769.8507893472645,4.79,1912.024,80,0.21664908529885696,0.7006237903326094
som-rs-bc-baseline,1336.8633375,2022.7305000000001,942.335417055903,5.465,2343.185,80,0.0,0.7048853765547318
