exe,mean,median,std,min,max,n,pct_vs_baseline,cov
som-rs-bc-nan,29.312400000000004,33.516000000000005,8.05060913288717,14.464,34.46,20,0.31948083404975347,0.2746485832919573
som-rs-bc-l3bits,29.772000000000002,33.3715,7.299646566786644,14.892,34.932,20,0.2991115813516054,0.24518495790630943
som-rs-bc-l4bits,30.608999999999998,34.4755,7.645962697982993,15.49,36.562,20,0.2635875069424025,0.2497945930276387
som-rs-bc-baseline,38.67715,43.3595,8.93588721053896,21.525,44.72,20,0.0,0.2310378921543847
