exe,mean,median,std,min,max,n,pct_vs_baseline,cov
som-rs-bc-l4bits,30.2471,34.28,8.005387218354238,14.157,35.814,20,0.3132399469701228,0.26466627274529586
som-rs-bc-nan,30.6693,34.7945,7.996212261867619,14.651,36.134,20,0.29516161112252304,0.26072366378977085
som-rs-bc-l3bits,30.762099999999997,34.226,7.09660626007434,15.743,35.615,20,0.29125449822996496,0.2306931665937742
som-rs-bc-baseline,39.7217,45.836,11.965390354113643,17.219,48.26,20,0.0,0.3012305705474248
