exe,mean,median,std,min,max,n,pct_vs_baseline,cov
som-rs-bc-l4bits,101.94395,116.807,29.020906223789776,48.954,123.657,20,0.29891180398640627,0.28467512023803054
som-rs-bc-nan,102.20965,116.86500000000001,27.907801501740092,49.592,121.41,20,0.29553520631368957,0.27304468317561104
som-rs-bc-l3bits,102.76845,118.9815,30.202325463752302,49.761,123.824,20,0.28849077708187676,0.2938871362149794
som-rs-bc-baseline,132.4162,149.612,36.42941766239274,67.313,159.965,20,0.0,0.2751129972193186
