exe,mean,median,std,min,max,n,pct_vs_baseline,cov
som-rs-bc-l4bits,5.966583333333333,6.659,1.4007899144185316,2.812,9.233,300,0.6131024176315312,0.23477253834582018
som-rs-bc-nan,6.333629999999999,7.1845,1.5810357935125614,2.799,7.988,300,0.519619870437648,0.24962553756890782
som-rs-bc-l3bits,6.966416666666667,8.047,1.9374713193835063,2.895,8.35,300,0.3815868990514013,0.2781159112480361
som-rs-bc-baseline,9.62471,11.416,2.7451961640589335,3.992,13.19,300,0.0,0.2852237796316911
