exe,mean,median,std,min,max,n,pct_vs_baseline,cov
som-rs-bc-l4bits,9.30755,9.811,1.4098184457581764,5.1,10.031,20,0.22791174906393197,0.15147041334810732
som-rs-bc-nan,9.394200000000001,10.017,1.647207512572015,4.179,11.468,20,0.21658576568520993,0.17534303214451627
som-rs-bc-l3bits,10.4018,10.678,1.223618344350712,6.447,12.833,20,0.09873771847180302,0.11763525008659194
som-rs-bc-baseline,11.42885,13.126,3.145524009144623,5.908,13.421,20,0.0,0.27522664215075204
