exe,mean,median,std,min,max,n,pct_vs_baseline,cov
som-rs-bc-nan,8.526769999999999,9.972,2.344437255273219,3.855,11.921,300,0.37521359201667237,0.2749502162334881
som-rs-bc-l4bits,8.529209999999999,9.801,2.268436921344827,4.013,10.741,300,0.37482017678073354,0.26596096488945953
som-rs-bc-l3bits,9.220749999999999,10.669,2.7631401664467625,3.926,14.442,300,0.2717110864083725,0.2996654465685289
som-rs-bc-baseline,11.72613,13.3475,2.9128760235998503,5.811,16.837,300,0.0,0.24840898263961345
