exe,mean,median,std,min,max,n,pct_vs_baseline,cov
som-rs-bc-l4bits,5.292803333333333,5.938,1.214894318589079,2.692,8.566,300,0.41048379529184587,0.22953702264692985
som-rs-bc-nan,5.510386666666666,6.1335,1.1935698641292085,2.722,8.704,300,0.35478937957166945,0.21660364985806355
som-rs-bc-l3bits,5.610333333333333,6.2645,1.2257127892351196,2.757,7.01,300,0.33065415008020893,0.2184741469731661
som-rs-bc-baseline,7.465413333333332,8.58,2.388658577911108,3.215,17.921,300,0.0,0.3199633391021584
