exe,mean,median,std,min,max,n,pct_vs_baseline,cov
som-rs-bc-l4bits,5.1158600000000005,5.765000000000001,1.1093078503084037,2.752,8.004,300,0.3350508679544264,0.2168370225745825
som-rs-bc-nan,5.22846,5.786,1.1122605450764584,2.779,7.454,300,0.3062992417142587,0.212731960285908
som-rs-bc-l3bits,5.48329,6.1385000000000005,1.2101273237552306,2.735,8.468,300,0.2455903906839385,0.2206936572304639
som-rs-bc-baseline,6.829933333333333,7.846,1.8055089302501215,3.041,10.028,300,0.0,0.2643523504744002
