exe,mean,median,std,min,max,n,pct_vs_baseline,cov
som-rs-bc-nan,5.08094,5.772,1.2200987197846205,2.605,8.212,300,0.2912112063253389,0.24013247938070917
som-rs-bc-l4bits,5.3021199999999995,5.898,1.1056099508770085,2.687,8.075,300,0.23734782816433198,0.20852224221198476
som-rs-bc-l3bits,5.342053333333333,5.9615,1.2344376553334888,2.66,8.497,300,0.22809830926435293,0.23107924580813285
som-rs-bc-baseline,6.560566666666667,7.580500000000001,1.6636206853842443,2.942,8.672,300,0.0,0.2535788095618129
