exe,mean,median,std,min,max,n,pct_vs_baseline,cov
som-rs-bc-l4bits,47.64705,54.217,12.115145590605957,24.592,55.182,20,0.1571965105919464,0.2542685347908413
som-rs-bc-l3bits,48.3275,55.1005,12.23740568696521,23.825,56.135,20,0.1409032124566758,0.25321826469329495
som-rs-bc-nan,48.8016,54.8755,11.412216018949074,23.269,55.933,20,0.12981951411429127,0.23384921844671228
som-rs-bc-baseline,55.137,62.6425,13.733224250546174,26.543,64.252,20,0.0,0.24907456427709476
