exe,mean,median,std,min,max,n,pct_vs_baseline,cov
som-rs-bc-l3bits,3780.5750500000004,4463.539,1249.6639486308427,1661.316,4542.792,20,0.24162788409662683,0.3305486419667406
som-rs-bc-l4bits,3819.5400999999997,4460.2955,1274.585042488314,1684.848,5326.747,20,0.22896141344346677,0.333701181063216
som-rs-bc-nan,3965.4138,4676.152,1330.092003920607,1715.279,4986.592,20,0.18375222278189485,0.3354232549250238
som-rs-bc-baseline,4694.0674,5574.2465,1599.1863906469637,1976.211,5654.587,20,0.0,0.3406824517788057
