exe,mean,median,std,min,max,n,pct_vs_baseline,cov
som-rs-bc-nan,1952.9154999999998,2311.4719999999998,645.4816468878106,838.278,2504.237,60,0.13733317357219677,0.3305220563244086
som-rs-bc-l4bits,1982.6321666666665,2347.6904999999997,636.9421998931169,882.568,2462.736,60,0.12028626422803423,0.32126090285521125
som-rs-bc-l3bits,1987.1424166666666,2374.4285,657.5356040503102,853.18,2508.67,60,0.11774353197046894,0.3308950574127917
som-rs-bc-baseline,2221.1155833333332,2640.197,724.0958058308352,971.874,2775.45,60,0.0,0.32600545926752283
