exe,mean,median,std,min,max,n,pct_vs_baseline,cov
som-rs-bc-l4bits,7.393949999999999,8.003,1.3524356770383998,4.211,8.197,20,0.2416164566977057,0.18291112017776695
som-rs-bc-l3bits,7.502249999999999,8.088999999999999,1.2929855649049737,4.512,8.598,20,0.22369289213236043,0.17234637140924042
som-rs-bc-nan,8.0171,7.991,1.0880384523003819,4.472,10.681,20,0.14510858040937502,0.1357147163313894
som-rs-bc-baseline,9.18045,9.3385,1.4154547892908185,5.615,12.271,20,0.0,0.154181416955685
