exe,mean,median,std,min,max,n,pct_vs_baseline,cov
som-rs-bc-nan,4587.098675,1982.778,5111.726163409399,3.392,11007.979,40,0.26736727000973004,1.1143702208257813
som-rs-bc-l3bits,4911.3054250000005,2091.5865000000003,5487.524424740072,2.863,12127.395,40,0.18370539437587508,1.117325018478172
som-rs-bc-l4bits,4940.165825,2113.3239999999996,5511.543749855709,2.95,12060.578,40,0.1767901991427585,1.1156596650995434
som-rs-bc-baseline,5813.538725,2491.837,6483.560155000957,4.614,14041.95,40,0.0,1.1152519079506014
