exe,mean,median,std,min,max,n,pct_vs_baseline,cov
som-rs-bc-nan,7.951583333333333,9.0095,1.8781127784073424,3.99,12.337,300,0.43619111497710117,0.23619356041132383
som-rs-bc-l3bits,7.99547,9.0305,1.9076091155051966,4.051,10.065,300,0.42830794604111255,0.2385862388959244
som-rs-bc-l4bits,8.787636666666668,10.622,2.5580423478708414,4.008,16.225,300,0.29955228766475317,0.29109559770194277
som-rs-bc-baseline,11.419993333333334,13.3065,3.0894672192713224,5.151,15.528,300,0.0,0.27053143807480234
