exe,mean,median,std,min,max,n,pct_vs_baseline,cov
som-rs-bc-l3bits,5.01057,5.59,1.0369163015828684,2.606,7.898,300,0.2999738552699591,0.2069457769441138
som-rs-bc-nan,5.022200000000001,5.5545,1.0275922437416467,2.681,7.157,300,0.29696348213930124,0.20460998043519704
som-rs-bc-l4bits,5.034516666666667,5.592499999999999,0.9539521119156442,2.715,7.921,300,0.29379053268933464,0.18948236247418207
som-rs-bc-baseline,6.51361,7.365,1.6336305438335275,2.924,8.796,300,0.0,0.2508026338441398
