exe,mean,median,std,min,max,n,pct_vs_baseline,cov
som-rs-bc-l4bits,5.474876666666667,6.248,1.2600946325835118,2.865,7.962,300,0.44480880239006915,0.23015945550983707
som-rs-bc-l3bits,5.685886666666667,6.384,1.2350822920150106,2.807,8.104,300,0.39119023359593297,0.21721894304641035
som-rs-bc-nan,5.825723333333333,6.778,1.3823519026396025,2.797,8.39,300,0.35779705753277,0.2372841660245227
som-rs-bc-baseline,7.910150000000001,9.433499999999999,2.1366215824963715,3.299,10.677,300,0.0,0.270111386319649
