exe,mean,median,std,min,max,n,pct_vs_baseline,cov
som-rs-bc-l3bits,5.8679033333333335,6.4745,1.2186762435572969,2.825,8.09,300,0.5939327562201377,0.20768512607125944
som-rs-bc-nan,5.9996599999999995,6.68,1.3226349819147454,2.828,9.835,300,0.5589288948595978,0.22045165591295932
som-rs-bc-l4bits,6.038073333333333,6.784000000000001,1.4805044453376148,2.903,17.059,300,0.5490112188104153,0.2451948433889422
som-rs-bc-baseline,9.353043333333334,11.07,2.7924237374044116,4.001,12.796,300,0.0,0.2985577675506416
