exe,mean,median,std,min,max,n,pct_vs_baseline,cov
som-rs-bc-nan,3166.610225,1397.1145,3468.7217010517293,33.071,7549.264,40,0.26661590470927,1.0954053244907114
som-rs-bc-l3bits,3391.3637000000003,1475.989,3726.195643437785,33.426,8154.108,40,0.1826743545671612,1.098730768226889
som-rs-bc-l4bits,3425.248975,1494.614,3752.469112094168,40.15,8243.237,40,0.17097440340085046,1.095531781625938
som-rs-bc-baseline,4010.878875,1767.2404999999999,4388.4252773011185,37.632,9591.415,40,0.0,1.0941305918397046
