exe,mean,median,std,min,max,n,pct_vs_baseline,cov
som-rs-bc-nan,100.86845,60.168,79.32517410906411,12.421,203.959,40,0.3065433244983937,0.7864220587216727
som-rs-bc-l3bits,104.4897,59.09,86.12024969600682,13.169,216.061,40,0.26126307186258546,0.8241984587572443
som-rs-bc-l4bits,105.08959999999999,58.805,86.68147687641762,14.924,218.626,40,0.2540631994031759,0.8248340166526243
som-rs-bc-baseline,131.789,77.7915,107.73479536128733,17.842,293.887,40,0.0,0.8174794205987399
