exe,mean,median,std,min,max,n,pct_vs_baseline,cov
som-rs-bc-nan,19.1101,20.945500000000003,4.076045179492392,9.458,22.397,20,0.13444984589300946,0.21329271848354495
som-rs-bc-l4bits,20.2114,21.971,3.8565419934662217,10.495,22.543,20,0.07263475068525671,0.19081023548424264
som-rs-bc-l3bits,20.4351,22.59,4.733286761693299,8.751,23.831,20,0.06089277762281564,0.23162532905115707
som-rs-bc-baseline,21.67945,24.438000000000002,5.93370361379095,9.0,25.938,20,0.0,0.2737017596752201
