exe,mean,median,std,min,max,n,pct_vs_baseline,cov
som-rs-bc-l4bits,37.66915,43.7685,11.283642969383878,17.213,44.825,20,0.5113348721699322,0.29954599372122487
som-rs-bc-l3bits,38.50825,43.86,10.062236854355884,17.588,44.737,20,0.4784026799452068,0.26130080838147374
som-rs-bc-nan,51.3796,59.913,16.316289691754776,22.439,62.668,20,0.10804093453432873,0.3175635795482015
som-rs-bc-baseline,56.9307,65.572,16.318460470148203,24.423,68.115,20,0.0,0.2866372707545876
