exe,mean,median,std,min,max,n,pct_vs_baseline,cov
som-rs-bc-nan,64.24629999999999,72.835,16.271279647862592,33.412,74.994,20,0.36994970916613124,0.25326407353983954
som-rs-bc-l4bits,64.54775,74.167,18.45187107293202,31.129,77.996,20,0.36355178917932873,0.2858638925900906
som-rs-bc-l3bits,65.68245,75.93950000000001,19.021201822882855,31.411,77.742,20,0.339995691390927,0.2895933666128906
som-rs-bc-baseline,88.0142,100.2935,23.75723940989246,44.359,104.036,20,0.0,0.26992507356645246
