exe,mean,median,std,min,max,n,pct_vs_baseline,cov
som-rs-bc-nan,3097.449675,1366.218,3401.168867355656,26.009,7468.562,40,0.26707742233132503,1.0980546011149175
som-rs-bc-l3bits,3314.0591249999998,1445.748,3651.386813717419,21.706,8069.684,40,0.18426026874218815,1.1017868649876363
som-rs-bc-l4bits,3355.4566250000003,1459.2545,3697.2439091553724,23.015,8154.703,40,0.1696496151250353,1.1018601407656021
som-rs-bc-baseline,3924.7085500000003,1725.7455,4313.0945645243555,27.064,9458.219,40,0.0,1.0989591990274934
