exe,mean,median,std,min,max,n,pct_vs_baseline,cov
som-rs-bc-l3bits,36.20955,40.2585,8.078331253388514,18.993,41.405,20,0.32026081517168814,0.22309946556608723
som-rs-bc-nan,36.3543,41.262,9.597009079587464,16.459,44.633,20,0.3150040022775846,0.2639855279729623
som-rs-bc-l4bits,36.7654,40.4985,7.912072856351268,19.945,44.061,20,0.3003000103358049,0.21520431863521866
som-rs-bc-baseline,47.80605,55.0475,13.658630148140196,20.298,57.427,20,0.0,0.285709238645322
