exe,mean,median,std,min,max,n,pct_vs_baseline,cov
som-rs-bc-nan,2939.383225,1289.733,3242.804759303805,16.341,7129.956,40,0.2684205119255929,1.1032262590747435
som-rs-bc-l3bits,3166.7649,1355.1115,3508.046675010525,20.546,7724.494,40,0.17734473279023644,1.1077698489744296
som-rs-bc-l4bits,3180.66335,1377.34,3519.5396934887162,17.371,7735.631,40,0.17220012454320277,1.1065426630230188
som-rs-bc-baseline,3728.373975,1616.3005,4118.134441899143,22.093,9023.015,40,0.0,1.1045389946160493
