exe,mean,median,std,min,max,n,pct_vs_baseline,cov
som-rs-bc-nan,3046.4663625000003,4600.353999999999,2048.1315322845567,75.379,4960.395,80,0.3333963161393676,0.6722974385982758
som-rs-bc-l3bits,3253.8511875,4808.732,2210.9136637723827,77.477,5450.47,80,0.24841204803869044,0.6794759613672046
som-rs-bc-l4bits,3299.6966500000003,4938.751,2255.87490151907,76.616,5452.12,80,0.23106680882316843,0.6836613000528609
som-rs-bc-baseline,4062.1470249999998,6148.4765,2777.4602018337096,101.016,6772.942,80,0.0,0.6837419189261643
