exe,mean,median,std,min,max,n,pct_vs_baseline,cov
som-rs-bc-nan,111.94557,111.30250000000001,38.862633807294905,39.537,162.809,300,0.16901011208691252,0.3471565137172905
som-rs-bc-l4bits,112.87511333333333,113.673,38.66038503650805,40.749,182.664,300,0.15938314008042043,0.34250583582883715
som-rs-bc-l3bits,114.23333000000001,114.64949999999999,40.30430472483393,38.961,165.269,300,0.14559825344611177,0.3528243878107548
som-rs-bc-baseline,130.86550333333332,129.577,48.41083761865504,45.943,203.015,300,0.0,0.3699281811139002
