exe,mean,median,std,min,max,n,pct_vs_baseline,cov
som-rs-bc-l4bits,14.093613333333332,16.25,4.070513098711033,6.152,20.994,300,0.1941453859478668,0.2888196945976736
som-rs-bc-nan,14.460293333333333,16.506,3.990256819500985,6.494,30.036,300,0.163864587348159,0.27594577284976596
som-rs-bc-l3bits,14.5013,16.603,3.927627170949384,6.593,30.252,300,0.16057341985431184,0.27084655658109164
som-rs-bc-baseline,16.829823333333334,20.2575,5.339676835522438,7.258,23.474,300,0.0,0.317274681365586
