exe,mean,median,std,min,max,n,pct_vs_baseline,cov
som-rs-bc-l3bits,53.62735,62.3245,15.754200012344246,25.497,63.092,20,0.30843776543125845,0.29377174170165493
som-rs-bc-l4bits,55.78925,63.241,13.80456411891219,28.063,64.812,20,0.2577342409155885,0.24744129234417364
som-rs-bc-nan,56.1936,63.1085,13.557365884504103,29.835,66.057,20,0.24868401383787453,0.24126174305444217
som-rs-bc-baseline,70.16805,80.7005,19.817190991329774,32.294,88.22,20,0.0,0.28242470741783154
