exe,mean,median,std,min,max,n,pct_vs_baseline,cov
som-rs-bc-nan,42.5506,47.340500000000006,11.155806698519692,21.099,53.082,20,0.28621570553646714,0.26217742402033556
som-rs-bc-l4bits,42.6094,47.349999999999994,9.99251809789915,20.786,50.426,20,0.28444075720380946,0.23451440522277128
som-rs-bc-l3bits,44.0693,49.6525,11.513285420262152,20.003,52.33,20,0.2418906131933114,0.26125410252175896
som-rs-bc-baseline,54.72925,62.236000000000004,14.164940365768908,27.637,65.363,20,0.0,0.25881846299316924
