exe,mean,median,std,min,max,n,pct_vs_baseline,cov
som-rs-bc-l3bits,38.36125,43.933,10.323690103604584,19.342,45.176,20,0.32076770178239755,0.2691176670104489
som-rs-bc-nan,41.86415,47.4335,10.552389074841875,20.827,48.855,20,0.21025507504631036,0.2520626616052607
som-rs-bc-l4bits,41.8779,47.214,10.966451001505499,20.616,49.472,20,0.2098577053768218,0.26186726176588365
som-rs-bc-baseline,50.6663,58.15,14.481818303616002,21.363,59.991,20,0.0,0.2858274297435574
