exe,mean,median,std,min,max,n,pct_vs_baseline,cov
som-rs-bc-nan,18.9016,19.936500000000002,3.0030927111194794,11.001,21.416,20,0.3108969611038219,0.15888034405126972
som-rs-bc-l4bits,18.98055,20.523,3.5506659638498954,9.222,21.164,20,0.3054442574108758,0.1870686552207336
som-rs-bc-l3bits,19.51175,20.787,3.084670090267268,9.961,21.251,20,0.2699040321857342,0.1580929486215879
som-rs-bc-baseline,24.77805,27.1615,5.393510696100208,11.817,28.011,20,0.0,0.21767292809967725
