exe,mean,median,std,min,max,n,pct_vs_baseline,cov
som-rs-bc-l4bits,31.14785,34.846999999999994,7.160991347682176,14.728,35.775,20,0.2688740956438407,0.22990323080669053
som-rs-bc-l3bits,31.19375,35.2375,7.597291254644295,15.783,35.885,20,0.26700701262272086,0.24355171323243582
som-rs-bc-nan,32.57055,34.817499999999995,4.593808412876023,21.368,35.802,20,0.21344895925920815,0.14104178200478726
som-rs-bc-baseline,39.5227,45.508,10.927233169808744,19.063,46.602,20,0.0,0.27647992596175724
