exe,mean,median,std,min,max,n,pct_vs_baseline,cov
som-rs-bc-l3bits,30.00895,32.9725,5.948231523783041,14.693,33.663,20,0.20947917204700617,0.19821524990987827
som-rs-bc-l4bits,30.6937,34.076499999999996,7.059287716417137,16.245,35.641,20,0.1824967338574366,0.22999142222726934
som-rs-bc-nan,31.51585,34.422,6.277702984833665,17.457,36.262,20,0.15164909085428446,0.19919192992839047
som-rs-bc-baseline,36.2952,41.8315,10.710221431688026,16.557,43.424,20,0.0,0.29508644205536894
