exe,mean,median,std,min,max,n,pct_vs_baseline,cov
som-rs-bc-l3bits,18.784013333333334,18.689,0.702940666700186,18.635,24.707,75,0.19580906032860557,0.0374222832057288
som-rs-bc-nan,18.857053333333333,18.689,0.6950822602170688,18.512,24.267,75,0.19117727124563122,0.03686059788505674
som-rs-bc-l4bits,18.900959999999998,18.403,1.1590652739122114,18.33,22.65,75,0.18841018304537616,0.06132309014527365
som-rs-bc-baseline,22.462093333333332,22.386,0.2720270342950995,22.312,24.477,75,0.0,0.01211049345482936
