exe,mean,median,std,min,max,n,pct_vs_baseline,cov
som-rs-bc-nan,1259.9906500000002,1660.4315000000001,741.4312578055242,10.737,1875.563,20,0.2720087645094824,0.5884418728071705
som-rs-bc-l3bits,1333.57305,1762.415,783.7736006934974,11.084,1853.174,20,0.20182328969530383,0.5877245349952877
som-rs-bc-l4bits,1359.6308999999999,1801.542,798.9996742554437,11.198,1898.922,20,0.17878988334260426,0.5876592494738415
som-rs-bc-baseline,1602.71915,2116.951,941.8945108453257,13.421,2220.5,20,0.0,0.5876853164481911
