exe,mean,median,std,min,max,n,pct_vs_baseline,cov
som-rs-bc-l4bits,9.878373333333334,9.844,0.1149562517648341,9.825,10.296,75,0.35411903174341774,0.011637164124677149
som-rs-bc-nan,10.09676,10.014,0.22590280378241653,9.992,10.967,75,0.3248302755867558,0.02237379157100065
som-rs-bc-l3bits,10.702426666666668,10.632,0.14106900490236743,10.602,10.998,75,0.24985610739994146,0.013181029807168412
som-rs-bc-baseline,13.376493333333332,13.366,0.06090785537881676,13.313,13.829,75,0.0,0.004553349959592058
