exe,mean,median,std,min,max,n,pct_vs_baseline,cov
som-rs-bc-l4bits,6.038333333333333,6.041,0.03591368531343995,5.949,6.13,75,0.4186188241788573,0.00594761556391498
som-rs-bc-nan,6.20128,6.158,0.13240688313944532,6.124,6.689,75,0.38134277654505744,0.021351540833415898
som-rs-bc-l3bits,6.322986666666666,6.265,0.4043447984530478,6.229,9.716,75,0.3547542933297345,0.06394838701537373
som-rs-bc-baseline,8.566093333333333,8.409,0.4486292086421113,8.331,10.312,75,0.0,0.05237267342119138
