exe,mean,median,std,min,max,n,pct_vs_baseline,cov
som-rs-bc-nan,5.8314,5.831,0.03382866208377709,5.759,5.94,75,0.31733946107852873,0.005801121871896473
som-rs-bc-l4bits,6.00892,5.932,0.19505402993682197,5.877,6.593,75,0.278421635390941,0.032460746679406946
som-rs-bc-l3bits,6.15656,6.161,0.025175191563725385,6.055,6.215,75,0.24776390278553828,0.004089165307204898
som-rs-bc-baseline,7.681933333333333,7.652,0.17250290505453014,7.6,8.721,75,0.0,0.022455662861067545
