exe,mean,median,std,min,max,n,pct_vs_baseline,cov
som-rs-bc-l4bits,4461.4384,4451.055,30.986916155048245,4440.923,4516.083,5,0.2603718567536424,0.006945499046910128
som-rs-bc-l3bits,4560.4408,4410.063,278.29141651369713,4399.087,5045.827,5,0.23301050196726592,0.06102292052858073
som-rs-bc-nan,4688.5652,4668.526,43.452371232189215,4662.836,4765.405,5,0.1993160295605998,0.00926773317180045
som-rs-bc-baseline,5623.0714,5631.148,36.57526682472744,5564.103,5664.437,5,0.0,0.006504499804986905
