exe,mean,median,std,min,max,n,pct_vs_baseline,cov
som-rs-bc-nan,2327.7734666666665,2314.256,36.574907032137915,2311.544,2424.298,15,0.1420834994195599,0.01571239966254645
som-rs-bc-l3bits,2400.9652,2387.331,37.342055349737535,2383.067,2498.94,15,0.10726788820873656,0.015552934857088946
som-rs-bc-l4bits,2414.157533333333,2402.019,36.50772993073161,2395.75,2510.584,15,0.10121714509489488,0.015122347828032491
som-rs-bc-baseline,2658.5116666666668,2644.303,37.78918590902248,2640.122,2754.637,15,0.0,0.014214414171220793
