exe,mean,median,std,min,max,n,pct_vs_baseline,cov
som-rs-bc-nan,5442.346,5370.581499999999,5730.57038229027,6.467,11060.753,10,0.2807030093272278,1.052959584394353
som-rs-bc-l3bits,5980.8267,5954.6085,6297.3555174766825,6.595,11978.881,10,0.16539556312507786,1.0529239239579844
som-rs-bc-l4bits,6186.453100000001,6153.723000000001,6514.093181834674,6.712,12454.233,10,0.12665994348199283,1.0529608931868688
som-rs-bc-baseline,6970.0289,6932.5935,7337.926008314861,9.057,14159.901,10,0.0,1.0527827235142255
