exe,mean,median,std,min,max,n,pct_vs_baseline,cov
som-rs-bc-l3bits,46.1928,46.239,0.23383583985351808,45.851,46.499,5,0.48043850989764647,0.00506217072473455
som-rs-bc-l4bits,46.220600000000005,46.271,0.4175826864226988,45.529,46.633,5,0.4795480802932024,0.00903455789026319
som-rs-bc-nan,61.096399999999996,60.999,0.2463692350923703,60.857,61.419,5,0.1193065385194545,0.00403246729909406
som-rs-bc-baseline,68.3856,67.734,1.5595014588002183,67.53,71.17,5,0.0,0.022804529883487436
