exe,mean,median,std,min,max,n,pct_vs_baseline,cov
som-rs-bc-l3bits,41.0824,41.183,0.4901324310836811,40.249,41.525,5,0.3565857885615251,0.01193047219937689
som-rs-bc-nan,41.3186,41.287,0.20710456296277172,41.076,41.583,5,0.34883079291166674,0.005012380936497647
som-rs-bc-l4bits,41.5684,41.312,0.5251312216960634,41.078,42.202,5,0.34072516623204163,0.012632942853130345
som-rs-bc-baseline,55.7318,55.448,0.8630994728303348,54.971,57.013,5,0.0,0.015486660628767326
