exe,mean,median,std,min,max,n,pct_vs_baseline,cov
som-rs-bc-nan,3686.09395,4834.8135,2068.478061102273,193.584,4944.93,20,0.35911208937037564,0.5611571731920378
som-rs-bc-l3bits,4059.00515,5325.2,2281.5494518295714,207.123,5436.924,20,0.23424698044544257,0.5620957272817383
som-rs-bc-l4bits,4452.43425,5844.253000000001,2502.1278916532724,224.912,5965.812,20,0.1251855880858881,0.5619685212989439
som-rs-bc-baseline,5009.814850000001,6571.441,2806.158523271914,270.194,6698.729,20,0.0,0.5601321819851114
