exe,mean,median,std,min,max,n,pct_vs_baseline,cov
som-rs-bc-nan,129.53668,134.179,20.321271284689495,104.225,170.939,75,0.17008567251633533,0.15687657955020537
som-rs-bc-l4bits,130.24274666666668,135.148,20.197315411716485,104.794,158.124,75,0.16374245178695013,0.15507439706725434
som-rs-bc-l3bits,131.44184,136.622,20.365805149968576,106.228,156.225,75,0.15312607715574655,0.15494157073553272
som-rs-bc-baseline,151.56901333333332,129.866,29.214647103665516,125.169,192.711,75,0.0,0.1927481512294082
