exe,mean,median,std,min,max,n,pct_vs_baseline,cov
som-rs-bc-l3bits,44.805,44.722,0.45733904272432474,44.25,45.38,5,0.3381899341591341,0.01020732156510043
som-rs-bc-l4bits,47.888,47.76,0.2987942435857833,47.686,48.4,5,0.25203808887403945,0.00623943876515585
som-rs-bc-nan,48.7884,48.829,0.05822198897323799,48.709,48.831,5,0.22893146731600122,0.0011933572114116878
som-rs-bc-baseline,59.9576,59.759,0.40781221168572057,59.727,60.678,5,0.0,0.0068016767129725104
