exe,mean,median,std,min,max,n,pct_vs_baseline,cov
som-rs-bc-l4bits,307.28,0.0,619.0338933217479,0.0,1641.0,75,0.0018224420723769175,2.0145596632444285
som-rs-bc-baseline,307.84,0.0,619.9181733274332,0.0,1594.0,75,0.0,2.013767454935789
som-rs-bc-l3bits,308.0,0.0,620.4961179833703,0.0,1670.0,75,-0.0005194805194805863,2.014597785660293
som-rs-bc-nan,313.48,0.0,631.9647261795037,0.0,1803.0,75,-0.017991578410106013,2.015965057354548
