exe,mean,median,std,min,max,n,pct_vs_baseline,cov
som-rs-bc-l4bits,18786.5,18519.5,19804.21056380576,0.0,38030.0,10,1.230686929444016,1.0541724410510611
som-rs-bc-l3bits,18820.9,18578.5,19842.056778749302,0.0,38255.0,10,1.2266097795535815,1.0542565328304863
som-rs-bc-nan,18856.0,18694.0,19876.7911729568,0.0,38067.0,10,1.2224649978786593,1.0541361462111158
som-rs-bc-baseline,41906.8,41539.5,44177.78280941174,0.0,85379.0,10,0.0,1.0541912722854463
