exe,mean,median,std,min,max,n,pct_vs_baseline,cov
som-rs-bc-nan,10974.5,10822.0,11570.64990251916,0.0,22477.0,10,1.4243291266116906,1.054321372501632
som-rs-bc-l3bits,11089.3,10779.0,11699.242350112536,0.0,23376.0,10,1.3992316918110252,1.0550027819711376
som-rs-bc-l4bits,11232.1,10913.0,11849.177181466139,0.0,23249.0,10,1.3687289108893261,1.0549387186248464
som-rs-bc-baseline,26605.8,26087.0,28050.611990947124,0.0,54099.0,10,0.0,1.054304399452267
