exe,mean,median,std,min,max,n,pct_vs_baseline,cov
som-rs-bc-l4bits,305.81333333333333,0.0,615.8664670407256,0.0,1604.0,75,1.7202214858737355,2.0138640141286372
som-rs-bc-nan,306.38666666666666,0.0,617.0524506448758,0.0,1589.0,75,1.715131206753993,2.0139663953333775
som-rs-bc-l3bits,309.48,0.0,624.3197024047943,0.0,1806.0,75,1.6879927620524748,2.0173184128369983
som-rs-bc-baseline,831.88,1297.0,688.244475734007,0.0,1559.0,75,0.0,0.8273362452925986
