exe,mean,median,std,min,max,n,pct_vs_baseline,cov
som-rs-bc-l4bits,18.544066666666666,18.394,0.5670236739738885,18.33,22.655,75,0.21865106898522813,0.030577094235382848
som-rs-bc-l3bits,18.77212,18.684,0.23230617960157882,18.643,19.666,75,0.20384627131441024,0.012375063637009501
som-rs-bc-nan,18.82732,18.662,0.6286542288567377,18.498,22.859,75,0.2003167028906221,0.03339053188965491
som-rs-bc-baseline,22.598746666666667,22.395,1.4389462463274367,22.3,34.804,75,0.0,0.06367371905849513
