exe,mean,median,std,min,max,n,pct_vs_baseline,cov
som-rs-bc-l4bits,89.30136,92.169,7.868354276295475,72.664,97.337,75,0.14851121341638396,0.08811012818052798
som-rs-bc-l3bits,90.60074666666667,93.91,8.275378704640968,73.759,112.023,75,0.13203938275122384,0.09133896804501282
som-rs-bc-nan,90.70025333333334,93.732,8.048515768985213,74.164,101.62,75,0.13079742959924112,0.08873752247864225
som-rs-bc-baseline,102.56361333333334,113.589,15.471334279968309,77.928,118.828,75,0.0,0.1508462287662022
