exe,mean,median,std,min,max,n,pct_vs_baseline,cov
som-rs-bc-baseline,31948800.0,31948800.0,0.0,31948800.0,31948800.0,5,0.0,0.0
som-rs-bc-l3bits,111228930.0,111228930.0,97039391.53263998,19169280.0,203288580.0,10,-0.7127653749793332,0.8724294258035206
som-rs-bc-l4bits,111228930.0,111228930.0,97039391.53263998,19169280.0,203288580.0,10,-0.7127653749793332,0.8724294258035206
som-rs-bc-nan,112160770.0,112160770.0,98021637.13759041,19169280.0,205152260.0,10,-0.7151517415581223,0.8739386965477359
