rank,exe,geo_mean_speedup_vs_baseline,median_speedup_vs_baseline,win_rate
1,som-rs-bc-l3bits,1.608366548127465,1.7439496294352987,1.0
2,som-rs-bc-nan,1.5592824826120224,1.6758051301443246,0.8333333333333334
3,som-rs-bc-l4bits,1.5441448630701728,1.6647728980671537,0.8333333333333334
4,som-rs-bc-baseline,1.0,1.0,0.8333333333333334
