rank,exe,geo_mean_speedup_vs_baseline,median_speedup_vs_baseline,win_rate
1,som-rs-bc-nan,1.1407814479942706,1.1343021005594454,0.5813953488372093
2,som-rs-bc-l3bits,1.1394922650020718,1.1173817922043132,0.27906976744186046
3,som-rs-bc-l4bits,1.1327655811898025,1.1133479909161474,0.13953488372093023
4,som-rs-bc-baseline,1.0,1.0,0.0
