exe,mean,median,std,min,max,n,pct_vs_baseline,cov
som-rs-bc-l4bits,3.8945999999999996,3.637,0.600531264798095,3.598,4.968,5,0.10907410260360506,0.15419587757358783
som-rs-bc-nan,3.9094,3.598,0.7031189799742289,3.578,5.167,5,0.10487542845449416,0.179853425071425
som-rs-bc-l3bits,4.0684,3.605,1.0552915710835562,3.573,5.956,5,0.06169501523940624,0.25938736876500745
som-rs-bc-baseline,4.3194,4.002,0.7170814458623237,3.982,5.602,5,0.0,0.16601413294955866
