exe,mean,median,std,min,max,n,pct_vs_baseline,cov
som-rs-bc-nan,1274.2416,1272.7485000000001,1302.60187275973,38.468,2512.954,10,0.14586809911087517,1.0222565899274751
som-rs-bc-l4bits,1323.679,1319.183,1353.51905702752,39.425,2623.844,10,0.1030716661667972,1.0225432729744295
som-rs-bc-l3bits,1327.6815000000001,1322.2224999999999,1358.6123718494912,38.699,2629.988,10,0.09974628704248722,1.0232969065619208
som-rs-bc-baseline,1460.1128,1458.4355,1494.5724502776927,42.152,2883.72,10,0.0,1.0236006767954453
