exe,mean,median,std,min,max,n,pct_vs_baseline,cov
som-rs-bc-nan,14.145199999999999,14.152,0.06676226479082303,14.064,14.242,5,0.20870684048299082,0.004719782314200085
som-rs-bc-l3bits,14.3322,14.36,0.0584054791950206,14.25,14.383,5,0.19293618565188875,0.004075123093106474
som-rs-bc-l4bits,14.668000000000001,14.689,0.062249497989943496,14.565,14.716,5,0.16562585219525494,0.004243898144937516
som-rs-bc-baseline,17.0974,17.096,0.021892921230387906,17.07,17.127,5,0.0,0.0012804824844940112
