exe,mean,median,std,min,max,n,pct_vs_baseline,cov
som-rs-bc-nan,21.9778,22.002,0.12490676522910986,21.764,22.073,5,0.22407156312278764,0.005683315219408215
som-rs-bc-l3bits,22.3208,22.246,0.21644676019751571,22.16,22.702,5,0.2052614601627183,0.009697087926844724
som-rs-bc-l4bits,22.863400000000002,22.789,0.14749338968238568,22.73,23.082,5,0.17665788990263898,0.006451069818241629
som-rs-bc-baseline,26.9024,26.893,0.07514519279368508,26.809,27.013,5,0.0,0.0027932523787351712
