exe,mean,median,std,min,max,n,pct_vs_baseline,cov
som-rs-bc-nan,11.3572,11.3,0.09557039290491627,11.272,11.491,5,0.15373507554678967,0.008414960809435096
som-rs-bc-l3bits,11.450399999999998,11.449,0.10901513656369019,11.36,11.628,5,0.14434430238244977,0.009520640026871568
som-rs-bc-baseline,13.103200000000001,13.084,0.11532866079167019,12.987,13.288,5,0.0,0.008801564563745512
som-rs-bc-l4bits,14.658600000000002,11.345,7.389386090873855,11.329,27.877,5,-0.10610835959777876,0.5040990333915827
