exe,mean,median,std,min,max,n,pct_vs_baseline,cov
som-rs-bc-nan,2171.0195,2070.251,2286.0512621671087,3.413,4511.208,10,0.24244319316339658,1.0529851354016437
som-rs-bc-l4bits,2194.907,2022.25,2311.848181340202,3.513,4601.505,10,0.22892149872409173,1.0532784219742348
som-rs-bc-l3bits,2246.8394,2059.6575,2368.027760510195,3.443,4686.425,10,0.20051677925890043,1.0539372598282704
som-rs-bc-baseline,2697.3684000000003,2593.063,2838.0023835789543,5.061,5652.89,10,0.0,1.0521374772459535
