exe,mean,median,std,min,max,n,pct_vs_baseline,cov
som-rs-bc-l3bits,21.646800000000002,21.615,2.024759541278915,19.407,24.681,5,0.24978287783875674,0.09353620587241139
som-rs-bc-nan,22.279,22.608,3.5952292694625188,16.849,26.9,5,0.2143184164459806,0.16137300908759453
som-rs-bc-l4bits,26.9132,26.808,5.51802090427356,19.36,32.803,5,0.00522420225019693,0.20503027898107842
som-rs-bc-baseline,27.053800000000003,27.591,3.1174602964592837,24.004,31.375,5,0.0,0.11523188226642037
