exe,mean,median,std,min,max,n,pct_vs_baseline,cov
som-rs-bc-nan,3.7911466666666667,3.225,1.2971657116974697,2.639,8.515,75,0.14588022621124308,0.34215656257846433
som-rs-bc-l3bits,3.804866666666667,3.285,1.1634009479821499,2.725,7.916,75,0.14174828728120126,0.30576654845079543
som-rs-bc-l4bits,3.8265466666666663,3.269,1.2508238397944764,2.764,7.706,75,0.13527950353843865,0.326880592020606
som-rs-bc-baseline,4.3442,3.754,1.4061179547615137,2.837,9.292,75,0.0,0.32367707627676295
