exe,mean,median,std,min,max,n,pct_vs_baseline,cov
som-rs-bc-l4bits,8.029786666666666,7.572,1.3796537099139334,7.073,15.355,75,0.19527293377657218,0.17181698184351102
som-rs-bc-nan,8.276253333333335,7.603,1.6623275858032684,7.288,15.449,75,0.15967772856961027,0.20085508730237855
som-rs-bc-l3bits,8.377386666666666,7.859,1.4135817349702284,7.075,13.707,75,0.14567788841070572,0.16873779272894512
som-rs-bc-baseline,9.597786666666668,9.241,2.233409158078158,7.505,17.043,75,0.0,0.2327004376784951
