exe,mean,median,std,min,max,n,pct_vs_baseline,cov
som-rs-bc-nan,476.07264999999995,596.5615,280.6612034866153,5.363,722.055,20,0.19560333911221317,0.5895343987658508
som-rs-bc-l3bits,485.49449999999996,612.326,284.8931296874413,6.959,774.286,20,0.17240061421911057,0.5868102103884623
som-rs-bc-l4bits,487.83745,625.4159999999999,286.9693069251529,8.53,773.436,20,0.1667698943572289,0.5882478004203099
som-rs-bc-baseline,569.19405,729.8995,333.2333890866209,5.545,827.828,20,0.0,0.5854477731919737
