exe,mean,median,std,min,max,n,pct_vs_baseline,cov
som-rs-bc-l4bits,18.7302,19.04,2.025631062163098,16.778,21.658,5,0.29031190270258733,0.10814786078969248
som-rs-bc-l3bits,23.4098,22.858,4.415896987023134,19.08,28.689,5,0.03237960170526866,0.18863454566135268
som-rs-bc-baseline,24.1678,21.64,5.256666215387848,21.151,33.439,5,0.0,0.2175070223763788
som-rs-bc-nan,24.7426,20.904,7.422318593269895,17.123,33.942,5,-0.023231188314890128,0.29998135172818924
