exe,mean,median,std,min,max,n,pct_vs_baseline,cov
som-rs-bc-l3bits,3.5704,3.262,0.8447305663522128,2.737,6.957,75,0.26505713645529916,0.23659269727543492
som-rs-bc-l4bits,3.759333333333333,3.213,1.0967462853433398,2.79,7.501,75,0.20147898563575106,0.29173956872051954
som-rs-bc-nan,3.87036,3.286,1.315257765713729,2.778,7.746,75,0.16701288769003408,0.33982827584868824
som-rs-bc-baseline,4.51676,3.923,1.3463650045234414,3.039,8.849,75,0.0,0.29808203325468735
