exe,mean,median,std,min,max,n,pct_vs_baseline,cov
som-rs-bc-l3bits,3.5772266666666663,3.212,1.005293913904453,2.751,7.808,75,0.27608352093987176,0.2810260594532598
som-rs-bc-l4bits,3.888586666666667,3.22,1.3204306330044668,2.721,7.557,75,0.17390722936182468,0.3395656947351394
som-rs-bc-nan,4.242586666666667,3.976,1.2652038944037496,2.742,8.213,75,0.07595680622513301,0.29821521486980024
som-rs-bc-baseline,4.56484,4.061,1.5254026764777247,3.141,10.666,75,0.0,0.3341634485497245
