exe,mean,median,std,min,max,n,pct_vs_baseline,cov
som-rs-bc-nan,3.655653333333333,3.247,1.0378271804961443,2.801,7.58,75,0.4669261126146169,0.28389649834488623
som-rs-bc-l4bits,3.742906666666667,3.233,1.0856233627578982,2.809,7.31,75,0.43272964327189545,0.2900482056969712
som-rs-bc-l3bits,3.8733866666666668,3.394,1.0724351286792246,2.911,8.055,75,0.3844663068322638,0.2768727268847997
som-rs-bc-baseline,5.362573333333333,4.82,1.6424044023628592,3.902,12.264,75,0.0,0.3062716908976896
