exe,mean,median,std,min,max,n,pct_vs_baseline,cov
som-rs-bc-l4bits,3.7755466666666666,3.371,1.1748268566316753,2.629,7.236,75,0.2631071526948856,0.31116735147360786
som-rs-bc-nan,3.83388,3.558,1.1760919820618922,2.598,6.768,75,0.24388869761181864,0.3067628569652394
som-rs-bc-l3bits,4.009533333333333,3.319,1.4077564509620355,2.679,8.864,75,0.1893952745955474,0.35110231888051036
som-rs-bc-baseline,4.76892,3.99,1.7254815838531035,2.928,9.957,75,0.0,0.3618181021810187
