exe,mean,median,std,min,max,n,pct_vs_baseline,cov
som-rs-bc-l4bits,28.7618,29.641,2.1173140296139357,25.543,30.981,5,0.17512812132759414,0.07361549101982266
som-rs-bc-nan,29.538,29.104,3.5084544317975688,24.213,33.411,5,0.14424808720969606,0.11877765697737046
som-rs-bc-l3bits,32.8382,33.442,4.490347948656093,26.57,38.011,5,0.029252516885821978,0.1367415981587326
som-rs-bc-baseline,33.7988,30.828,6.068976083327402,28.263,42.448,5,0.0,0.17956188040189006
