exe,mean,median,std,min,max,n,pct_vs_baseline,cov
som-rs-bc-nan,6.1168,6.793,1.2703905698642444,4.543,7.189,5,0.8616269945069319,0.2076887539014263
som-rs-bc-l4bits,7.025,7.622,1.7744186371879664,4.006,8.669,5,0.6209537366548041,0.25258628287373186
som-rs-bc-l3bits,8.0944,9.442,2.8344990386309883,4.009,10.779,5,0.4067997627989721,0.350180252845299
som-rs-bc-baseline,11.3872,10.935,1.8182250135778026,9.233,13.407,5,0.0,0.15967270387608917
