exe,mean,median,std,min,max,n,pct_vs_baseline,cov
som-rs-bc-nan,884.2792000000001,865.994,50.597231906498585,839.956,1004.31,15,0.16782225945530915,0.057218615915084946
som-rs-bc-l4bits,944.3869333333333,955.161,66.09640645026094,832.861,1032.309,15,0.0934934579075073,0.06998869225876019
som-rs-bc-l3bits,971.3357333333333,971.199,68.43235792942512,854.031,1097.703,15,0.06315550627328581,0.07045180732164126
som-rs-bc-baseline,1032.6809333333333,1016.385,63.72585972234805,970.073,1161.522,15,0.0,0.06170914719675408
