exe,mean,median,std,min,max,n,pct_vs_baseline,cov
som-rs-bc-nan,11.6354,11.305,2.662544609954921,8.772,15.33,5,0.26910978565412447,0.22883137751645158
som-rs-bc-baseline,14.7666,16.789,3.705777084499282,10.156,18.276,5,0.0,0.2509566917570248
som-rs-bc-l4bits,17.4724,18.177,3.0781680103594087,13.052,20.3,5,-0.15486138137863148,0.1761731651266803
som-rs-bc-l3bits,23.475,22.825,1.7308079038414406,21.758,26.188,5,-0.37096485623003195,0.07372983615937978
