exe,mean,median,std,min,max,n,pct_vs_baseline,cov
som-rs-bc-l3bits,20.8386,21.343,1.9737154810154383,18.147,22.951,5,0.33852562072308134,0.09471439928860088
som-rs-bc-l4bits,22.6856,21.405,2.2296278389004747,20.996,25.958,5,0.22954649645590153,0.09828383815726605
som-rs-bc-baseline,27.893,28.198,2.150751147855092,24.267,29.804,5,0.0,0.07710720065446856
som-rs-bc-nan,28.814600000000002,27.858,4.958142525180171,22.908,35.095,5,-0.03198378599737639,0.17207049638655997
