exe,mean,median,std,min,max,n,pct_vs_baseline,cov
som-rs-bc-nan,1436.5608,1402.9385,1493.8547083013723,15.719,2967.331,10,0.22808801409588786,1.0398826894770985
som-rs-bc-l3bits,1512.0545,1426.3870000000002,1574.033953831665,19.944,3233.651,10,0.16677216330496014,1.040990224778052
som-rs-bc-l4bits,1519.1964,1420.76,1582.5242692206227,15.634,3291.047,10,0.16128704623049384,1.0416851101152047
som-rs-bc-baseline,1764.2231,1708.1209999999999,1837.1849019113422,20.829,3763.578,10,0.0,1.0413563352114266
