exe,mean,median,std,min,max,n,pct_vs_baseline,cov
som-rs-bc-l4bits,7.696840000000001,7.33,2.0042553853563,6.158,17.535,75,0.21248547022760822,0.2603997725503323
som-rs-bc-l3bits,7.9814799999999995,7.529,1.4273284850812455,6.598,13.238,75,0.1692451358227629,0.1788300522060126
som-rs-bc-nan,8.019413333333334,7.503,1.833181557878036,6.558,15.173,75,0.16371438642228164,0.22859297578019452
som-rs-bc-baseline,9.332306666666666,8.949,1.76898376669964,7.266,16.498,75,0.0,0.18955482603439666
