exe,mean,median,std,min,max,n,pct_vs_baseline,cov
som-rs-bc-l3bits,57.179053333333336,57.285,13.230979455371717,38.907,82.974,75,0.1094165252590169,0.23139556680380594
som-rs-bc-nan,57.317466666666675,58.267,12.990494919449848,39.664,84.183,75,0.10673744594434265,0.2266411213705045
som-rs-bc-l4bits,59.493493333333326,59.015,13.7437760384064,40.226,82.691,75,0.06625755376722453,0.2310130951867633
som-rs-bc-baseline,63.43538666666667,54.568,18.65931164534743,45.955,103.538,75,0.0,0.2941467314355052
