exe,mean,median,std,min,max,n,pct_vs_baseline,cov
som-rs-bc-l4bits,53.431799999999996,53.497,0.3021501282475362,53.032,53.84,5,0.3147226932276286,0.005654874592425039
som-rs-bc-nan,55.080600000000004,55.25,0.7320609947265327,53.872,55.865,5,0.2753673707258091,0.01329072295375382
som-rs-bc-l3bits,55.349000000000004,55.041,0.789014575277289,54.587,56.587,5,0.2691828217311967,0.014255263424403133
som-rs-bc-baseline,70.248,70.095,0.5820863338028136,69.506,71.078,5,0.0,0.008286162364804886
