exe,mean,median,std,min,max,n,pct_vs_baseline,cov
som-rs-bc-nan,10.8776,10.827,0.13887692392906775,10.737,11.087,5,0.2421306170478783,0.01276723945806683
som-rs-bc-l3bits,11.2118,11.188,0.10969138525882557,11.084,11.364,5,0.20510533545015064,0.009783565998218446
som-rs-bc-l4bits,11.272200000000002,11.249,0.07577730530970399,11.198,11.396,5,0.19864800127747895,0.006722494749002323
som-rs-bc-baseline,13.5114,13.532,0.06097376485013826,13.421,13.58,5,0.0,0.00451276439526165
