exe,mean,median,std,min,max,n,pct_vs_baseline,cov
som-rs-bc-nan,6.4828,6.485,0.011144505372604172,6.467,6.497,5,0.409452705621028,0.0017190882601043024
som-rs-bc-l3bits,6.664,6.642,0.0705691150575091,6.595,6.781,5,0.37112845138055217,0.010589603099866311
som-rs-bc-l4bits,6.7616,6.772,0.028395422166257726,6.712,6.781,5,0.3513369616658779,0.004199512270210857
som-rs-bc-baseline,9.1372,9.155,0.07049964538917898,9.057,9.217,5,0.0,0.007715672786978394
