exe,mean,median,std,min,max,n,pct_vs_baseline,cov
som-rs-bc-nan,36.9514,36.937,0.03298939223447485,36.928,37.009,5,0.3145104109722501,0.0008927778713248984
som-rs-bc-l3bits,37.5376,37.546,0.24145869211937634,37.296,37.903,5,0.29398256681300894,0.006432448854465292
som-rs-bc-l4bits,38.1108,37.82,0.7714490909969369,37.623,39.482,5,0.2745206083314966,0.020242269671508783
som-rs-bc-baseline,48.573,48.551,0.24645384963518271,48.306,48.959,5,0.0,0.0050738856903049575
