exe,mean,median,std,min,max,n,pct_vs_baseline,cov
som-rs-bc-l4bits,25.451293333333332,25.846,1.104312318402985,23.064,26.985,75,0.08410522163379253,0.043389241715142114
som-rs-bc-nan,25.50168,25.842,1.1713462820329579,23.034,27.874,75,0.08196322752069674,0.04593212219873192
som-rs-bc-l3bits,25.70748,26.178,1.2260425498546343,22.899,27.243,75,0.07330162271836826,0.04769205499156799
som-rs-bc-baseline,27.59188,28.986,2.0541099931074243,24.085,29.781,75,0.0,0.07444617739376311
