exe,mean,median,std,min,max,n,pct_vs_baseline,cov
som-rs-bc-nan,3.169573333333333,3.161,0.048164462993949164,3.106,3.289,75,0.07366291151700755,0.015195882198849845
som-rs-bc-l4bits,3.2168266666666665,3.202,0.05869581994724385,3.131,3.374,75,0.05789142094486488,0.01824649756713983
som-rs-bc-baseline,3.4030533333333333,3.415,0.04448804678007698,3.305,3.545,75,0.0,0.013072979592858858
som-rs-bc-l3bits,3.5067466666666665,3.173,1.3520945722294178,3.104,10.306,75,-0.029569667612145745,0.38556950380297916
