exe,mean,median,std,min,max,n,pct_vs_baseline,cov
som-rs-bc-nan,391.22495,519.0975000000001,229.4527286652846,3.577,537.914,20,0.22460070606437554,0.5864981992208949
som-rs-bc-l3bits,400.2301,528.8225,234.73876456940044,3.607,545.771,20,0.19704727355588703,0.5865095218210735
som-rs-bc-l4bits,404.36884999999995,534.9995,237.25466272946267,3.591,548.959,20,0.18479539163315883,0.5867283365903746
som-rs-bc-baseline,479.09435,632.9735000000001,281.27865865221065,3.99,646.985,20,0.0,0.5871049379985604
