exe,mean,median,std,min,max,n,pct_vs_baseline,cov
som-rs-bc-l3bits,10.2108,10.186,0.10575774203338563,10.134,10.391,5,0.2756101382849532,0.01035743938118322
som-rs-bc-nan,10.3772,10.403,0.11861787386393301,10.215,10.511,5,0.25515553328450835,0.011430624240058302
som-rs-bc-l4bits,10.8158,10.672,0.25960585509575856,10.588,11.125,5,0.2042567355165592,0.024002464459009835
som-rs-bc-baseline,13.025,12.949,0.1351166162986631,12.914,13.223,5,0.0,0.010373636568035553
