exe,mean,median,std,min,max,n,pct_vs_baseline,cov
som-rs-bc-nan,3.12412,3.117,0.03161634883274025,3.089,3.284,75,0.08765348322087507,0.01012008144141078
som-rs-bc-l3bits,3.148746666666667,3.138,0.0285728529889461,3.114,3.253,75,0.07914683514287169,0.009074357518635806
som-rs-bc-l4bits,3.15008,3.139,0.038369385318632925,3.104,3.328,75,0.07869006501422193,0.012180447899301899
som-rs-bc-baseline,3.3979600000000003,3.41,0.04611660895622758,3.295,3.514,75,0.0,0.013571851627514031
