exe,mean,median,std,min,max,n,pct_vs_baseline,cov
som-rs-bc-nan,756.2084,755.125,4.700451023952031,752.912,772.862,15,0.12388375126927076,0.006215814349525913
som-rs-bc-l4bits,762.8207333333334,761.646,5.256547936576261,759.912,781.629,15,0.11414162750863865,0.006890934798804535
som-rs-bc-l3bits,775.7597333333334,774.43,5.621825649919704,773.249,795.841,15,0.09555871078983547,0.007246864471507806
som-rs-bc-baseline,849.8903333333333,849.033,4.672518098515254,846.685,866.316,15,0.0,0.005497789438537663
