exe,mean,median,std,min,max,n,pct_vs_baseline,cov
som-rs-bc-nan,36.2495,36.1075,25.881356839109753,11.54,61.759,10,0.1641622643070939,0.7139783125038899
som-rs-bc-l4bits,37.2872,37.239000000000004,28.361861441026758,10.31,64.438,10,0.13176371516230767,0.7606326417920026
som-rs-bc-l3bits,38.063900000000004,38.052499999999995,28.97650937665811,10.556,65.655,10,0.10866989457202214,0.7612596023176319
som-rs-bc-baseline,42.2003,41.8605,31.135272584321473,12.645,73.413,10,0.0,0.7377974228695406
