exe,mean,median,std,min,max,n,pct_vs_baseline,cov
som-rs-bc-l3bits,13.297,13.274,0.04222558466143519,13.26,13.358,5,0.5465744152816423,0.003175572284081762
som-rs-bc-l4bits,13.3946,13.373,0.09461659473897907,13.319,13.55,5,0.5353052722739011,0.007063786506426401
som-rs-bc-nan,18.2956,18.261,0.07342206752741329,18.233,18.416,5,0.12402982137781748,0.004013099735860714
som-rs-bc-baseline,20.564799999999998,20.573,0.0676513118867624,20.454,20.63,5,0.0,0.0032896654422490085
