exe,mean,median,std,min,max,n,pct_vs_baseline,cov
som-rs-bc-nan,1231.0608,1229.49,1278.661735049996,17.932,2447.965,10,0.1545929331841287,1.0386665996106739
som-rs-bc-l3bits,1305.1705,1295.653,1356.8815605737093,17.847,2621.975,10,0.08903327189819255,1.0396201573462696
som-rs-bc-l4bits,1307.4217,1305.9955,1358.6219331342943,18.335,2598.895,10,0.08715810667667512,1.0391612232948972
som-rs-bc-baseline,1421.3741,1417.7125,1476.272861100432,20.665,2835.55,10,0.0,1.0386237241134701
