exe,mean,median,std,min,max,n,pct_vs_baseline,cov
som-rs-bc-nan,1232.5919,1622.1215000000002,695.1786357593276,58.096,1642.266,20,0.1389742217192893,0.5639974072191515
som-rs-bc-l4bits,1260.9628,1657.8365,711.3116581238531,59.215,1677.827,20,0.11334799091614745,0.5641020164305031
som-rs-bc-l3bits,1264.6685499999999,1664.522,713.5450790216761,59.71,1678.546,20,0.11008564259781761,0.5642150894174416
som-rs-bc-baseline,1403.8904,1845.41,790.9489951218428,67.896,1870.154,20,0.0,0.5633979654835184
