exe,mean,median,std,min,max,n,pct_vs_baseline,cov
som-rs-bc-nan,6.385666666666666,6.404,0.0787155902229293,6.213,6.616,75,0.0533006211828575,0.01232691813273414
som-rs-bc-l4bits,6.3875866666666665,6.413,0.06984289190425579,6.225,6.544,75,0.05298401691614374,0.010934159573713147
som-rs-bc-l3bits,6.393426666666667,6.395,0.1049660399822228,6.214,6.852,75,0.05202218111518708,0.016417806202342636
som-rs-bc-baseline,6.726026666666667,6.727,0.05009422832734026,6.569,6.837,75,0.0,0.007447818869883595
