exe,mean,median,std,min,max,n,pct_vs_baseline,cov
som-rs-bc-l3bits,12.8156,12.83,0.03865617673800707,12.763,12.86,5,0.11562470738787112,0.0030163376461505567
som-rs-bc-l4bits,12.857800000000001,12.849,0.025868900247207904,12.831,12.897,5,0.11196316632705439,0.0020119227431759632
som-rs-bc-nan,12.894200000000001,12.83,0.17798230249100638,12.687,13.081,5,0.10882412247367013,0.013803283840099143
som-rs-bc-baseline,14.2974,14.282,0.04283456548162987,14.258,14.358,5,0.0,0.0029959688811692945
