exe,mean,median,std,min,max,n,pct_vs_baseline,cov
som-rs-bc-l3bits,0.2,0.0,0.4026936331284146,0.0,1.0,75,1.9999999999999996,2.013468165642073
som-rs-bc-l4bits,0.2,0.0,0.4026936331284146,0.0,1.0,75,1.9999999999999996,2.013468165642073
som-rs-bc-nan,0.2,0.0,0.4026936331284146,0.0,1.0,75,1.9999999999999996,2.013468165642073
som-rs-bc-baseline,0.6,1.0,0.4931969619160719,0.0,1.0,75,0.0,0.8219949365267865
