exe,mean,median,std,min,max,n,pct_vs_baseline,cov
som-rs-bc-l3bits,4.5006,4.502,0.031189741903388926,4.465,4.548,5,0.11580678131804656,0.006930129739010115
som-rs-bc-nan,4.5068,4.503,0.014855975228842798,4.496,4.532,5,0.11427176710748221,0.003296346682533682
som-rs-bc-l4bits,4.574599999999999,4.566,0.012561846997953584,4.565,4.592,5,0.09775718095571229,0.002745998994000259
som-rs-bc-baseline,5.021800000000001,5.023,0.02640454506330296,4.99,5.06,5,0.0,0.005257984201541869
