exe,mean,median,std,min,max,n,pct_vs_baseline,cov
som-rs-bc-nan,15.8706,15.779,0.23211915043787346,15.656,16.162,5,0.11884868877043075,0.01462573251407467
som-rs-bc-l4bits,16.0296,15.914,0.21594744731068166,15.819,16.345,5,0.10775066127663813,0.01347179264053262
som-rs-bc-l3bits,16.043799999999997,15.885,0.32509644722758707,15.837,16.607,5,0.10677021653224306,0.020263057830912073
som-rs-bc-baseline,17.7568,17.614,0.3163853662861164,17.595,18.322,5,0.0,0.017817701741649195
