exe,mean,median,std,min,max,n,pct_vs_baseline,cov
som-rs-bc-l3bits,13.7274,13.725,0.0758340293008354,13.631,13.843,5,0.49349476230021705,0.00552428204181676
som-rs-bc-l4bits,13.8512,13.858,0.09300913933587464,13.753,13.996,5,0.4801461245235068,0.006714879529273611
som-rs-bc-nan,18.3572,18.361,0.0066858058601785425,18.346,18.362,5,0.1168260954829714,0.0003642061894068019
som-rs-bc-baseline,20.5018,20.528,0.07193886293235395,20.4,20.583,5,0.0,0.003508904727016845
