exe,mean,median,std,min,max,n,pct_vs_baseline,cov
som-rs-bc-nan,1181.7399,1177.2855,1233.9675683410132,11.036,2372.248,10,0.15191718583759406,1.044195569888952
som-rs-bc-l4bits,1253.4846,1252.8885,1309.3351949083167,11.328,2497.187,10,0.08598581905194513,1.0445562673113946
som-rs-bc-l3bits,1253.5976,1252.538,1309.5428958329271,11.133,2497.802,10,0.08588792767312237,1.044627794304111
som-rs-bc-baseline,1361.2665,1358.291,1421.075344391333,13.019,2721.843,10,0.0,1.0439361759004082
