exe,mean,median,std,min,max,n,pct_vs_baseline,cov
som-rs-bc-l3bits,20430848.0,20430848.0,0.0,20430848.0,20430848.0,5,1.190457097032879,0.0
som-rs-bc-l4bits,20430848.0,20430848.0,0.0,20430848.0,20430848.0,5,1.190457097032879,0.0
som-rs-bc-nan,20430848.0,20430848.0,0.0,20430848.0,20430848.0,5,1.190457097032879,0.0
som-rs-bc-baseline,44752896.0,44752896.0,0.0,44752896.0,44752896.0,5,0.0,0.0
