exe,mean,median,std,min,max,n,pct_vs_baseline,cov
som-rs-bc-l4bits,6.738933333333334,6.697,0.29852060154962407,6.642,9.277,75,0.6764750108820385,0.04429790098575799
som-rs-bc-nan,7.2662933333333335,7.202,0.19825139468739036,7.183,7.997,75,0.5548028155574964,0.027283703752769457
som-rs-bc-l3bits,7.40628,7.401,0.026202207458068966,7.363,7.479,75,0.525415368219043,0.0035378364655493672
som-rs-bc-baseline,11.297653333333333,11.209,0.3575384497687812,11.152,12.803,75,0.0,0.03164714292603371
