exe,mean,median,std,min,max,n,pct_vs_baseline,cov
som-rs-bc-l3bits,5.820213333333333,5.761,0.3067319145237213,5.725,8.224,75,0.31794023586764286,0.052701146325172726
som-rs-bc-nan,5.831426666666666,5.829,0.03084318371994023,5.768,5.951,75,0.3154059498304589,0.005289131713898525
som-rs-bc-l4bits,5.9419466666666665,5.934,0.07294738817422777,5.889,6.546,75,0.29093944520987525,0.012276681745302512
som-rs-bc-baseline,7.670693333333333,7.667,0.0298396495402458,7.62,7.75,75,0.0,0.003890085060574159
