exe,mean,median,std,min,max,n,pct_vs_baseline,cov
som-rs-bc-nan,7.9432,7.952,0.027707399733645263,7.909,7.97,5,0.41973008359351405,0.003488191123683813
som-rs-bc-l4bits,8.102,8.148,0.08431785101625866,7.985,8.178,5,0.3919032337694397,0.01040704159667473
som-rs-bc-l3bits,8.157,8.162,0.027910571473905663,8.121,8.184,5,0.38251808262841736,0.0034216711381519754
som-rs-bc-baseline,11.2772,11.278,0.06413813218359245,11.217,11.379,5,0.0,0.005687416396232437
