exe,mean,median,std,min,max,n,pct_vs_baseline,cov
som-rs-bc-nan,9.041173333333333,9.033,0.027998732275033866,9.003,9.159,75,0.5698345937400457,0.0030968029527547163
som-rs-bc-l3bits,9.40284,9.399,0.012972986486479201,9.386,9.461,75,0.5094531723039708,0.001379688103432495
som-rs-bc-l4bits,9.541813333333334,9.531,0.02994440494295017,9.513,9.636,75,0.487468489567322,0.003138230009000753
som-rs-bc-baseline,14.193146666666667,13.903,1.0796716429436193,13.835,18.865,75,0.0,0.07606992785322816
