exe,mean,median,std,min,max,n,pct_vs_baseline,cov
som-rs-bc-nan,3732.4202000000005,3703.4425,3859.301976787795,71.248,7447.322,10,0.26709390866548177,1.0339945049026886
som-rs-bc-l4bits,4092.9952,4070.2015,4231.199104662695,78.707,8152.503,10,0.15546846964296468,1.0337659581576581
som-rs-bc-l3bits,4115.651400000001,4061.5765,4263.860250055529,70.732,8267.868,10,0.14910774513118374,1.0360110309769015
som-rs-bc-baseline,4729.3269,4697.1105,4877.98835288299,101.598,9430.225,10,0.0,1.0314339558305834
