exe,mean,median,std,min,max,n,pct_vs_baseline,cov
som-rs-bc-nan,3475.0542,3450.5665000000004,3624.3671778695934,36.767,6983.49,10,0.25819698006436864,1.042967093252702
som-rs-bc-l4bits,3800.2947999999997,3772.0535,3965.738948606841,38.001,7655.753,10,0.15051671780831333,1.0435345564788399
som-rs-bc-l3bits,3817.2095999999997,3775.461,3983.836530034674,37.817,7687.788,10,0.1454185539091175,1.0436515013570842
som-rs-bc-baseline,4372.3027,4350.340999999999,4556.409091848537,49.692,8758.097,10,0.0,1.0421074213019461
