exe,mean,median,std,min,max,n,pct_vs_baseline,cov
som-rs-bc-nan,3620.3900000000003,4744.77,2031.1653283954483,191.812,4946.95,20,0.37273226088902,0.5610349515923556
som-rs-bc-l3bits,4023.25725,5275.818499999999,2259.3867373599387,207.837,5403.686,20,0.23527426688909836,0.5615814741550366
som-rs-bc-l4bits,4045.12295,5307.762,2272.812594149198,205.291,5410.425,20,0.22859705661109753,0.5618648981112423
som-rs-bc-baseline,4969.82615,6520.8955000000005,2783.374336225429,268.133,6636.849,20,0.0,0.5600546683560408
