exe,mean,median,std,min,max,n,pct_vs_baseline,cov
som-rs-bc-l4bits,16.240693333333333,16.183,0.14883438767621904,16.155,16.639,75,0.2772993271223232,0.00916428779372016
som-rs-bc-l3bits,16.814226666666666,16.671,0.4846898582998602,16.565,20.339,75,0.23373064238458374,0.028826176065577417
som-rs-bc-nan,16.90964,16.541,1.7047675488686642,16.489,30.86,75,0.2267692669191459,0.10081631240337845
som-rs-bc-baseline,20.744226666666666,20.609,0.3134242256514719,20.528,22.376,75,0.0,0.015108985776515099
