exe,mean,median,std,min,max,n,pct_vs_baseline,cov
som-rs-bc-nan,34.4948,34.47,0.0743585906267731,34.42,34.588,5,0.2299303083363291,0.0021556463764617595
som-rs-bc-l3bits,34.6762,34.681,0.014618481453284461,34.652,34.689,5,0.2234962308442101,0.00042157103296452497
som-rs-bc-l4bits,35.1046,35.097,0.04160889328016345,35.059,35.169,5,0.20856525925377323,0.0011852832187281284
som-rs-bc-baseline,42.4262,42.348,0.20685792225583316,42.308,42.795,5,0.0,0.004875711759616302
