exe,mean,median,std,min,max,n,pct_vs_baseline,cov
som-rs-bc-l3bits,7.069093333333334,7.088,0.05964629376885336,6.86,7.151,75,0.11253305468688102,0.008437615823743548
som-rs-bc-nan,7.18372,7.199,0.08837887726117548,6.941,7.38,75,0.09478097698685373,0.012302661749229574
som-rs-bc-l4bits,7.301813333333333,7.308,0.07898232668089691,7.076,7.446,75,0.07707491837643987,0.010816809890268845
som-rs-bc-baseline,7.8646,7.853,0.10834442077704555,7.668,8.111,75,0.0,0.01377621503662558
