exe,mean,median,std,min,max,n,pct_vs_baseline,cov
som-rs-bc-l3bits,8.878733333333333,8.866,0.12130008949589295,8.668,9.226,75,0.12668323559666916,0.013661868753338647
som-rs-bc-l4bits,8.954986666666667,8.938,0.06464988730019497,8.81,9.144,75,0.11708932378831016,0.007219428649831785
som-rs-bc-nan,9.101759999999999,9.131,0.09820701246498277,8.555,9.226,75,0.09907534366979598,0.010789892555393988
som-rs-bc-baseline,10.00352,9.984,0.13304412598630383,9.625,10.523,75,0.0,0.013299731093285546
