exe,mean,median,std,min,max,n,pct_vs_baseline,cov
som-rs-bc-l3bits,10.2792,10.264,0.05054404020257956,10.217,10.341,5,0.2907813837652735,0.004917118083370259
som-rs-bc-nan,10.4822,10.444,0.07588609885875011,10.411,10.587,5,0.2657839003262672,0.007239520220826745
som-rs-bc-l4bits,10.7076,10.718,0.10494188868130776,10.554,10.834,5,0.2391385557921475,0.00980069190867307
som-rs-bc-baseline,13.268199999999998,13.219,0.23997437363185248,13.061,13.664,5,0.0,0.01808643023408243
