exe,mean,median,std,min,max,n,pct_vs_baseline,cov
som-rs-bc-l4bits,3.13828,3.116,0.06061476940705337,3.091,3.437,75,0.1295019352426594,0.019314646687693057
som-rs-bc-nan,3.1527066666666665,3.164,0.04059415925679168,3.09,3.227,75,0.12433337703475944,0.012875970887488746
som-rs-bc-l3bits,3.154173333333333,3.151,0.0445786196885158,3.071,3.251,75,0.12381057054568978,0.014133218113731586
som-rs-bc-baseline,3.544693333333333,3.566,0.04502100810922796,3.468,3.636,75,0.0,0.012700959963408578
