exe,mean,median,std,min,max,n,pct_vs_baseline,cov
som-rs-bc-l4bits,4.722866666666667,4.71,0.12146708299886128,4.585,4.998,75,0.09005829792640041,0.025718931227967742
som-rs-bc-l3bits,4.75032,4.757,0.09116811913133861,4.619,4.935,75,0.08375856784385038,0.019191995303756086
som-rs-bc-nan,4.83092,4.816,0.13514274335339319,4.698,5.622,75,0.06567693110215034,0.027974535565356742
som-rs-bc-baseline,5.1482,5.157,0.06672513202117504,4.957,5.345,75,0.0,0.0129608663263228
