exe,mean,median,std,min,max,n,pct_vs_baseline,cov
som-rs-bc-nan,3.28092,3.285,0.05065030081818839,3.193,3.392,75,0.2689408255408037,0.01543783475921034
som-rs-bc-l3bits,3.4116133333333334,3.416,0.04353311673028081,3.34,3.535,75,0.22032977555096123,0.012760272773276616
som-rs-bc-l4bits,3.4481466666666667,3.45,0.04715950316467239,3.345,3.565,75,0.20740030393138742,0.01367676834067549
som-rs-bc-baseline,4.163293333333334,4.182,0.05684706209179573,3.894,4.275,75,0.0,0.013654349463356507
