exe,mean,median,std,min,max,n,pct_vs_baseline,cov
som-rs-bc-l3bits,3.073853333333333,3.073,0.019958533589997635,3.038,3.142,75,0.08128342709910252,0.006493001267680621
som-rs-bc-l4bits,3.0833600000000003,3.078,0.027400256459640226,3.042,3.164,75,0.07794959611160102,0.008886492806432018
som-rs-bc-nan,3.102053333333333,3.101,0.014455797801923251,3.072,3.16,75,0.07145374676558314,0.0046600739086551015
som-rs-bc-baseline,3.3237066666666664,3.336,0.04093032092680409,3.259,3.391,75,0.0,0.012314661019064286
