exe,mean,median,std,min,max,n,pct_vs_baseline,cov
som-rs-bc-nan,759.6576666666666,758.585,4.597025259675567,757.158,776.107,15,0.4707633657792345,0.006051443250546058
som-rs-bc-l4bits,764.7232666666666,763.365,4.583182666268167,762.771,780.648,15,0.46102088868923286,0.005993256470730501
som-rs-bc-l3bits,772.5897333333334,771.308,4.767610384768487,770.438,789.699,15,0.4461448534219883,0.0061709471134164095
som-rs-bc-baseline,1117.2766666666664,1114.298,11.54997542772076,1113.619,1159.001,15,0.0,0.010337614462297398
