exe,mean,median,std,min,max,n,pct_vs_baseline,cov
som-rs-bc-l4bits,3.1624266666666667,3.147,0.03849997308996366,3.11,3.249,75,0.3988498284018178,0.012174186834360426
som-rs-bc-l3bits,3.1937866666666666,3.206,0.04567786539876173,3.127,3.352,75,0.3851144305192582,0.014302102853486895
som-rs-bc-nan,3.21944,3.206,0.07799588346725644,3.112,3.399,75,0.37407747931317226,0.024226537369000958
som-rs-bc-baseline,4.42376,4.432,0.04849069010673097,4.317,4.559,75,0.0,0.010961419721397855
