exe,mean,median,std,min,max,n,pct_vs_baseline,cov
som-rs-bc-l3bits,3.03252,3.03,0.027869076149119255,2.998,3.205,75,0.11991347130439367,0.009190071672773553
som-rs-bc-l4bits,3.0589733333333333,3.057,0.01251374739531993,3.037,3.095,75,0.11022870418397468,0.004090832456418906
som-rs-bc-nan,3.0623333333333336,3.056,0.022936064681262563,3.035,3.141,75,0.10901055839773588,0.007489734847478794
som-rs-bc-baseline,3.39616,3.411,0.0444619606624128,3.315,3.47,75,0.0,0.013091833324228776
