exe,mean,median,std,min,max,n,pct_vs_baseline,cov
som-rs-bc-nan,1234.66875,1625.1745,696.2873592291496,58.859,1644.53,20,0.14557499734240475,0.5639466935800793
som-rs-bc-l4bits,1259.52005,1656.1979999999999,710.4245290264626,59.706,1675.606,20,0.12297192093131026,0.5640438427530093
som-rs-bc-l3bits,1277.17565,1680.5715,720.5734967810654,60.225,1697.484,20,0.10744802408345344,0.5641929493261678
som-rs-bc-baseline,1414.4056500000002,1860.9105,796.5612058967681,69.202,1880.574,20,0.0,0.5631773359338377
