exe,mean,median,std,min,max,n,pct_vs_baseline,cov
som-rs-bc-nan,37.05730666666666,37.546,3.014811338157778,32.754,42.849,75,0.13373161136373302,0.0813553819568227
som-rs-bc-l3bits,37.82304,38.095,2.9660556182935633,33.471,43.506,75,0.11077903838506908,0.0784192814298788
som-rs-bc-l4bits,37.857573333333335,38.02,2.947262376884386,33.42,43.389,75,0.10976579587069857,0.07785132847617948
som-rs-bc-baseline,42.013040000000004,40.173,4.129736626770101,37.34,49.907,75,0.0,0.09829654380568749
