exe,mean,median,std,min,max,n,pct_vs_baseline,cov
som-rs-bc-l3bits,6.363,6.357,0.04807342357325994,6.23,6.577,75,0.06306459217350313,0.0075551506480056475
som-rs-bc-nan,6.391493333333334,6.392,0.03869121463704779,6.304,6.474,75,0.05832544089852765,0.006053548461869285
som-rs-bc-l4bits,6.392733333333333,6.41,0.045348003720576784,6.274,6.472,75,0.05812015726189124,0.007093679863685348
som-rs-bc-baseline,6.76428,6.763,0.04001133623146119,6.684,6.838,75,0.0,0.005915091662595456
