exe,mean,median,std,min,max,n,pct_vs_baseline,cov
som-rs-bc-l3bits,12.901,12.893,0.01573213272255196,12.887,12.92,5,0.12475001937834285,0.0012194506412333895
som-rs-bc-l4bits,13.020199999999999,13.012,0.019917329138215173,13.005,13.055,5,0.11445292699036891,0.0015297252836527222
som-rs-bc-nan,13.068200000000001,12.901,0.39708966241895477,12.866,13.778,5,0.11035949863026273,0.030385949282912317
som-rs-bc-baseline,14.5104,14.515,0.03913182847759603,14.445,14.546,5,0.0,0.002696812526022441
