exe,mean,median,std,min,max,n,pct_vs_baseline,cov
som-rs-bc-l3bits,14241792.0,14241792.0,0.0,14241792.0,14241792.0,20,0.39085418464193267,0.0
som-rs-bc-l4bits,14241792.0,14241792.0,0.0,14241792.0,14241792.0,20,0.39085418464193267,0.0
som-rs-bc-nan,14241792.0,14241792.0,0.0,14241792.0,14241792.0,20,0.39085418464193267,0.0
som-rs-bc-baseline,19808256.0,19808256.0,0.0,19808256.0,19808256.0,20,0.0,0.0
