exe,mean,median,std,min,max,n,pct_vs_baseline,cov
som-rs-bc-baseline,65536.0,65536.0,0.0,65536.0,65536.0,20,0.0,0.0
som-rs-bc-nan,65536.0,65536.0,0.0,65536.0,65536.0,20,0.0,0.0
som-rs-bc-l3bits,16306176.0,16306176.0,0.0,16306176.0,16306176.0,20,-0.9959809093192665,0.0
som-rs-bc-l4bits,16306176.0,16306176.0,0.0,16306176.0,16306176.0,20,-0.9959809093192665,0.0
