exe,mean,median,std,min,max,n,pct_vs_baseline,cov
som-rs-bc-nan,305.28,0.0,614.8934330874368,0.0,1579.0,75,0.012141858839972208,2.014194945910105
som-rs-bc-l3bits,306.04,0.0,616.3606446913401,0.0,1590.0,75,0.009628371019038795,2.013987206546007
som-rs-bc-baseline,308.9866666666667,0.0,622.3565827048316,0.0,1622.0,75,0.0,2.0141858851670995
som-rs-bc-l4bits,310.50666666666666,0.0,625.3226491144356,0.0,1614.0,75,-0.004895225008588078,2.0138783357773393
