exe,mean,median,std,min,max,n,pct_vs_baseline,cov
som-rs-bc-l3bits,12131.1,12009.0,12788.083380414928,0.0,24544.0,10,0.7601948710339539,1.0541569503519819
som-rs-bc-nan,12246.3,11984.5,12918.892204399295,0.0,25794.0,10,0.7436368535802651,1.0549220747817134
som-rs-bc-l4bits,12270.0,12110.0,12935.066541941114,0.0,24969.0,10,0.7402689486552565,1.0542026521549401
som-rs-bc-baseline,21353.1,21071.0,22518.919701984916,0.0,44570.0,10,0.0,1.0545972108024089
