exe,mean,median,std,min,max,n,pct_vs_baseline,cov
som-rs-bc-nan,11060.6,10940.5,11660.70619359451,0.0,22618.0,10,0.8470607381154727,1.0542562061366028
som-rs-bc-l3bits,11184.9,10917.0,11796.0289217271,0.0,23307.0,10,0.8265339877871059,1.0546387470363705
som-rs-bc-l4bits,11281.5,11034.0,11896.57568144903,0.0,23417.0,10,0.8108939414085006,1.0545207358462112
som-rs-bc-baseline,20429.6,20027.5,21538.747576299684,0.0,41808.0,10,0.0,1.0542912037582568
