exe,mean,median,std,min,max,n,pct_vs_baseline,cov
som-rs-bc-nan,16.1588,16.163,0.10686299640193392,15.986,16.268,5,0.24863232418248882,0.006613300269941699
som-rs-bc-l3bits,16.1664,16.048,0.31966279107834933,15.923,16.687,5,0.24804532858273953,0.019773282306410168
som-rs-bc-l4bits,16.3664,16.307,0.10853478705005233,16.287,16.541,5,0.23279401701046054,0.00663156143379438
som-rs-bc-baseline,20.1764,20.214,0.19346265789552244,19.867,20.389,5,0.0,0.0095885617798776
