exe,mean,median,std,min,max,n,pct_vs_baseline,cov
som-rs-bc-l3bits,34.9362,35.41,0.9731732630934741,33.521,35.786,5,0.207853172354177,0.027855727385733827
som-rs-bc-nan,34.9762,34.666,1.0386138358408268,34.022,36.419,5,0.20647182941543107,0.029694873538029482
som-rs-bc-l4bits,35.2,35.456,0.7721453878642311,34.355,36.176,5,0.1988011363636364,0.0219359485188702
som-rs-bc-baseline,42.1978,41.982,0.7601152544186972,41.582,43.454,5,0.0,0.018013148894461255
