exe,mean,median,std,min,max,n,pct_vs_baseline,cov
som-rs-bc-l4bits,2.5846,2.394,0.436354557670709,2.376,3.365,5,0.08573860558693802,0.16882866117415035
som-rs-bc-nan,2.6208,2.376,0.5503105486904645,2.359,3.605,5,0.07074175824175821,0.20997807871278407
som-rs-bc-l3bits,2.6372,2.431,0.47076979512283906,2.406,3.479,5,0.06408311845897163,0.17851122217611068
som-rs-bc-baseline,2.8062,2.629,0.3957362758201474,2.62,3.514,5,0.0,0.14102212095365527
