exe,mean,median,std,min,max,n,pct_vs_baseline,cov
som-rs-bc-nan,7.627799999999999,7.618,0.06813002275061987,7.571,7.744,5,0.025407063635648708,0.008931805074939023
som-rs-bc-baseline,7.821599999999999,7.696,0.29180695673681256,7.677,8.343,5,0.0,0.037307834296922956
som-rs-bc-l4bits,8.279599999999999,8.273,0.07623516249080875,8.191,8.391,5,-0.05531668196531225,0.009207590039471565
som-rs-bc-l3bits,8.4786,8.473,0.040414106448120615,8.447,8.547,5,-0.07748920812398286,0.0047666013785437
