exe,mean,median,std,min,max,n,pct_vs_baseline,cov
som-rs-bc-nan,59.0246,58.847,0.9486597387894137,58.096,60.559,5,0.1631455359290872,0.016072277301149244
som-rs-bc-l3bits,60.0946,59.875,0.4563718878283359,59.71,60.775,5,0.14243542681039556,0.007594224569733984
som-rs-bc-l4bits,60.1726,60.157,0.839735851324684,59.215,61.15,5,0.14095452082841686,0.013955452337520465
som-rs-bc-baseline,68.6542,68.043,1.4144061297944053,67.896,71.176,5,0.0,0.020601887864025874
