rank,exe,geo_mean_speedup_vs_baseline,median_speedup_vs_baseline,win_rate
1,som-rs-bc-nan,1.269573128425551,1.2748124297033407,0.46511627906976744
2,som-rs-bc-l4bits,1.2371836793548445,1.2596555106122476,0.32558139534883723
3,som-rs-bc-l3bits,1.2330926012773928,1.247068456297336,0.20930232558139536
4,som-rs-bc-baseline,1.0,1.0,0.0
