exe,mean,median,std,min,max,n,pct_vs_baseline,cov
som-rs-bc-nan,5.62856,5.599,0.09804166792057678,5.495,6.013,75,0.3923253312866286,0.0174186058104696
som-rs-bc-l3bits,5.643346666666666,5.628,0.06040437905490822,5.55,5.829,75,0.3886771679216354,0.0107036449509112
som-rs-bc-l4bits,5.746733333333333,5.708,0.2619328020557806,5.518,7.657,75,0.3636941566803169,0.04557942519038885
som-rs-bc-baseline,7.836786666666667,7.826,0.07816446509510315,7.737,8.37,75,0.0,0.009974045284092181
