exe,mean,median,std,min,max,n,pct_vs_baseline,cov
som-rs-bc-l3bits,5.70636,5.632,0.32228259548314325,5.568,7.606,75,0.37525848351663726,0.056477788902758196
som-rs-bc-nan,5.74296,5.598,0.8159269217409251,5.508,12.397,75,0.3664939334419879,0.1420742825548019
som-rs-bc-l4bits,5.771773333333333,5.729,0.2666238150254747,5.527,7.665,75,0.35967224400126585,0.046194436203109396
som-rs-bc-baseline,7.847719999999999,7.837,0.1107433800107989,7.738,8.479,75,0.0,0.014111535581136805
