exe,mean,median,std,min,max,n,pct_vs_baseline,cov
som-rs-bc-l4bits,24.8364,24.798,0.1339749875808828,24.747,25.371,75,0.21649192314506127,0.005394299801133933
som-rs-bc-nan,25.170466666666666,25.054,0.6054892668348897,24.963,29.991,75,0.20034643775641836,0.024055543937798386
som-rs-bc-l3bits,25.470253333333332,25.005,1.354021139334894,24.924,31.988,75,0.18621827606478458,0.05316088228941424
som-rs-bc-baseline,30.21328,30.031,0.6856265148299321,29.936,35.026,75,0.0,0.022692885871045183
