exe,mean,median,std,min,max,n,pct_vs_baseline,cov
som-rs-bc-l4bits,24.94204,24.812,0.5658766564104498,24.739,28.212,75,0.21727118818936497,0.02268766533974165
som-rs-bc-l3bits,25.09312,25.008,0.2271510367872296,24.938,25.89,75,0.20994227368564244,0.009052323377373144
som-rs-bc-nan,25.17018666666667,25.047,0.46919447052493163,24.989,27.55,75,0.2062376441122935,0.018640881640591658
som-rs-bc-baseline,30.361226666666667,30.058,1.0027662896765688,29.932,35.335,75,0.0,0.03302785821817593
