exe,mean,median,std,min,max,n,pct_vs_baseline,cov
som-rs-bc-l4bits,18.337186666666668,18.328,0.048130367256567184,18.282,18.516,75,0.2274641911627302,0.002624741086595282
som-rs-bc-nan,18.714226666666665,18.679,0.1452896057863379,18.536,19.397,75,0.2027341765658499,0.007763591217216808
som-rs-bc-l3bits,18.81866666666667,18.801,0.07242392715964341,18.74,19.116,75,0.19605923196825836,0.003848515330149678
som-rs-bc-baseline,22.50824,22.394,0.322545778858535,22.27,23.879,75,0.0,0.014330119940898755
