exe,mean,median,std,min,max,n,pct_vs_baseline,cov
som-rs-bc-l4bits,18.39148,18.332,0.3073692365341193,18.28,20.89,75,0.2285754055682303,0.016712588466731293
som-rs-bc-nan,18.737973333333333,18.681,0.18846327144747504,18.503,19.652,75,0.2058571969362748,0.010057825790167722
som-rs-bc-l3bits,18.833106666666666,18.797,0.13333665716577753,18.728,19.372,75,0.1997659440856987,0.007079907713886337
som-rs-bc-baseline,22.595319999999997,22.422,0.5556459148618862,22.317,25.977,75,0.0,0.024591194763423852
