exe,mean,median,std,min,max,n,pct_vs_baseline,cov
som-rs-bc-l4bits,90.03741333333333,93.071,8.938857202327577,73.168,117.067,75,0.14405256126120003,0.09927936478177639
som-rs-bc-l3bits,90.39800000000001,93.913,8.069792632722054,73.596,98.17,75,0.13948907424205537,0.08926959260959372
som-rs-bc-nan,90.99370666666667,94.363,7.860703233057346,74.191,98.388,75,0.13202920407096275,0.0863873285418861
som-rs-bc-baseline,103.00753333333333,114.399,15.847421242462007,77.901,120.008,75,0.0,0.15384720640945362
