exe,mean,median,std,min,max,n,pct_vs_baseline,cov
som-rs-bc-l4bits,89.77195999999999,93.373,8.104836199621971,73.071,98.49,75,0.14866423769738346,0.0902824913215883
som-rs-bc-l3bits,90.40610666666666,93.809,8.297779019963365,73.533,110.423,75,0.14060702094165323,0.09178339081183784
som-rs-bc-nan,91.06041333333333,94.444,7.887718549836921,74.294,98.277,75,0.13241128856432471,0.0866207198177692
som-rs-bc-baseline,103.11784,114.49,16.108400000268446,77.81,132.185,75,0.0,0.15621351262078847
