exe,mean,median,std,min,max,n,pct_vs_baseline,cov
som-rs-bc-l4bits,53.613200000000006,53.652,0.16604427120500276,53.389,53.837,5,0.3200555087180019,0.0030970781674103157
som-rs-bc-l3bits,54.6232,54.535,0.26725306359329004,54.348,54.955,5,0.2956472707567479,0.004892665819528882
som-rs-bc-nan,55.260000000000005,55.448,0.8265975441531397,53.832,55.949,5,0.28071661237784995,0.014958334132340564
som-rs-bc-baseline,70.77239999999999,69.758,2.2084954833551302,69.6,74.699,5,0.0,0.03120560392688577
