exe,mean,median,std,min,max,n,pct_vs_baseline,cov
som-rs-bc-l4bits,53.9132,53.94,0.16575644783838717,53.652,54.092,5,0.29295979463285415,0.0030745058323079907
som-rs-bc-l3bits,54.537,54.217,0.5491971412889914,54.105,55.419,5,0.2781707831380531,0.010070175134110631
som-rs-bc-nan,55.34400000000001,55.603,0.5606184085454188,54.359,55.723,5,0.25953310205261615,0.010129705271491376
som-rs-bc-baseline,69.7076,69.663,0.332905091580162,69.307,70.13,5,0.0,0.004775735953901182
