exe,mean,median,std,min,max,n,pct_vs_baseline,cov
som-rs-bc-l4bits,25.208000000000002,25.219,0.11568275584545785,25.076,25.38,5,0.29568390986988247,0.004589128683174303
som-rs-bc-nan,25.8824,25.873,0.03361249767571567,25.844,25.933,5,0.26192316013970873,0.0012986623217211568
som-rs-bc-l3bits,25.9718,25.982,0.056366656810564034,25.876,26.024,5,0.2575793745523991,0.002170302282112292
som-rs-bc-baseline,32.6616,32.604,0.11389600519772042,32.557,32.788,5,0.0,0.003487153268600449
