exe,mean,median,std,min,max,n,pct_vs_baseline,cov
som-rs-bc-l4bits,25.148,25.151,0.08238021607158011,25.06,25.25,5,0.3059805948783203,0.0032758158132487718
som-rs-bc-nan,25.895,25.884,0.04354308211415472,25.842,25.958,5,0.2683066229001736,0.001681524700295606
som-rs-bc-l3bits,26.000400000000003,26.022,0.08641354060562391,25.867,26.104,5,0.26316518207412165,0.00332354658411501
som-rs-bc-baseline,32.8428,32.483,0.667516441745072,32.437,34.002,5,0.0,0.020324589917579256
