exe,mean,median,std,min,max,n,pct_vs_baseline,cov
som-rs-bc-nan,8.562106666666667,8.532,0.1244617137845939,8.472,9.302,75,0.3218211094465848,0.01453634235475466
som-rs-bc-l3bits,8.60496,8.462,0.3406370597666762,8.429,9.862,75,0.31523834315712485,0.03958612936802451
som-rs-bc-l4bits,8.61984,8.552,0.23366700954852673,8.52,9.882,75,0.3129679127841507,0.027108044876532133
som-rs-bc-baseline,11.317573333333334,11.25,0.13233905812837804,11.186,11.744,75,0.0,0.01169323619389357
