exe,mean,median,std,min,max,n,pct_vs_baseline,cov
som-rs-bc-l3bits,8.508933333333333,8.461,0.09708610462734484,8.422,8.749,75,0.33206982465487256,0.01140990307762957
som-rs-bc-nan,8.561106666666666,8.533,0.14385433448300947,8.48,9.426,75,0.3239518878400458,0.016803240525330387
som-rs-bc-l4bits,8.582826666666666,8.553,0.12627697713738215,8.522,9.419,75,0.32060144909524757,0.014712749312275772
som-rs-bc-baseline,11.334493333333333,11.252,0.15009477846521663,11.176,11.85,75,0.0,0.013242301534891426
