exe,mean,median,std,min,max,n,pct_vs_baseline,cov
som-rs-bc-nan,1266.3124,1670.945,744.2347938816366,10.741,1769.197,20,0.2598939250693588,0.5877181601330261
som-rs-bc-l4bits,1331.9314,1757.1285,782.8820283843538,11.186,1861.984,20,0.19782392696801065,0.5877795420877936
som-rs-bc-l3bits,1373.5499,1813.1315,807.5993579038596,11.183,1928.401,20,0.16152991602270883,0.5879650662155482
som-rs-bc-baseline,1595.4193,2100.518,937.7696939641922,13.405,2239.089,20,0.0,0.5877888615012945
