exe,mean,median,std,min,max,n,pct_vs_baseline,cov
som-rs-bc-nan,1263.2428,1665.2024999999999,742.5000251194466,10.698,1770.354,20,0.2739992660160029,0.5877730117436225
som-rs-bc-l4bits,1327.0781499999998,1749.0115,780.0267923118023,11.184,1857.475,20,0.2127171259657923,0.5877775866566731
som-rs-bc-l3bits,1361.73785,1798.826,800.4091864743654,11.232,1895.057,20,0.18185038331717096,0.5877850766022001
som-rs-bc-baseline,1609.3704000000002,2117.204,946.0203267053099,13.464,2269.492,20,0.0,0.5878201355668712
