exe,mean,median,std,min,max,n,pct_vs_baseline,cov
som-rs-bc-l3bits,33.131600000000006,33.097,0.2623953124581306,32.803,33.522,5,0.2927899648673771,0.00791978994247578
som-rs-bc-nan,33.2702,33.249,0.08523320949020083,33.157,33.372,5,0.2874043438272087,0.002561848425624157
som-rs-bc-l4bits,34.596799999999995,34.657,0.11731027235498231,34.431,34.708,5,0.2380393562410399,0.003390783897787724
som-rs-bc-baseline,42.8322,42.728,0.2516350532020514,42.6,43.246,5,0.0,0.00587490376870792
