exe,mean,median,std,min,max,n,pct_vs_baseline,cov
som-rs-bc-nan,33.382,33.265,0.19979989989987534,33.243,33.704,5,0.28466239290635675,0.005985258519557706
som-rs-bc-l3bits,33.9716,33.669,0.6501021458201783,33.3,34.727,5,0.2623662117768959,0.01913663606719078
som-rs-bc-l4bits,34.528800000000004,34.501,0.1343659182977597,34.341,34.676,5,0.24199508815829085,0.003891415812242525
som-rs-bc-baseline,42.8846,42.964,0.160075919488225,42.611,42.991,5,0.0,0.0037327133630306684
