exe,mean,median,std,min,max,n,pct_vs_baseline,cov
som-rs-bc-l3bits,35.2888,35.323,0.18328720631838816,35.093,35.481,5,0.31756818027249434,0.0051939200629771524
som-rs-bc-nan,35.5038,35.51,0.35035082417485547,35.147,35.931,5,0.30958939606464675,0.009867981009775165
som-rs-bc-l4bits,36.355399999999996,36.174,0.7360063179076657,35.551,37.168,5,0.2789131738338737,0.020244759180415173
som-rs-bc-baseline,46.495400000000004,46.533,0.4043510850733568,46.068,46.952,5,0.0,0.008696582566734704
