exe,mean,median,std,min,max,n,pct_vs_baseline,cov
som-rs-bc-l3bits,35.163,35.142,0.06570768600399496,35.094,35.243,5,0.3151721980490858,0.0018686598414240812
som-rs-bc-nan,35.5314,35.391,0.41615237593939064,35.232,36.266,5,0.3015361060920765,0.011712242578096856
som-rs-bc-l4bits,35.6714,35.674,0.186642171011805,35.395,35.88,5,0.2964279506831806,0.005232263690570177
som-rs-bc-baseline,46.245400000000004,46.009,0.5753418983526201,45.563,46.902,5,0.0,0.012441062210568402
