exe,mean,median,std,min,max,n,pct_vs_baseline,cov
som-rs-bc-nan,116.26520000000001,115.717,1.2426907097101867,115.289,118.403,5,0.28228567103484115,0.01068841501765091
som-rs-bc-l4bits,119.6946,119.26,1.50516238326634,118.066,121.933,5,0.24554658271968854,0.012575023294838198
som-rs-bc-l3bits,121.697,121.65,1.0898153513325055,120.373,123.371,5,0.22505238420010354,0.008955153794526615
som-rs-bc-baseline,149.08520000000001,148.844,0.9209099847433481,148.359,150.685,5,0.0,0.006177071800174317
