exe,mean,median,std,min,max,n,pct_vs_baseline,cov
som-rs-bc-nan,115.7758,115.818,0.4458718425736227,115.145,116.324,5,0.2785469847757476,0.0038511661553936377
som-rs-bc-l4bits,119.34079999999999,119.55,0.8544701282081238,118.249,120.427,5,0.24035367619456216,0.007159916208104218
som-rs-bc-l3bits,121.7586,121.384,1.0561646651919387,120.622,123.104,5,0.21572357106602724,0.008674251060639156
som-rs-bc-baseline,148.0248,148.288,0.48620180995139395,147.463,148.459,5,0.0,0.003284596972611305
