exe,mean,median,std,min,max,n,pct_vs_baseline,cov
som-rs-bc-l4bits,6.005426666666667,5.995,0.06587276296695718,5.87,6.248,75,0.4046917565668384,0.010968873091496776
som-rs-bc-nan,6.15572,6.154,0.018416032967777603,6.124,6.258,75,0.3703958811208654,0.002991694386323225
som-rs-bc-l3bits,6.333493333333333,6.311,0.15921262116659837,6.29,7.679,75,0.3319305617542294,0.02513819985072983
som-rs-bc-baseline,8.435773333333334,8.393,0.30649450298555136,8.336,11.039,75,0.0,0.03633270962538325
