exe,mean,median,std,min,max,n,pct_vs_baseline,cov
som-rs-bc-l4bits,9.81952,9.808,0.0583276764309866,9.782,10.256,75,0.3691640053010059,0.005939972262492117
som-rs-bc-nan,10.019346666666667,10.01,0.03003443669169445,9.995,10.169,75,0.34185728676919713,0.0029976442268053187
som-rs-bc-l3bits,10.687586666666666,10.637,0.14083036502016003,10.575,11.168,75,0.25795783020550966,0.013177003322873018
som-rs-bc-baseline,13.444533333333334,13.363,0.6649073971966674,13.319,19.12,75,0.0,0.049455595126395906
