exe,mean,median,std,min,max,n,pct_vs_baseline,cov
som-rs-bc-l4bits,5.98572,5.99,0.03459282850221671,5.904,6.061,75,0.4222338053456114,0.005779225974856277
som-rs-bc-nan,6.167520000000001,6.161,0.06559918424014853,6.115,6.704,75,0.3803106164768548,0.010636233727681228
som-rs-bc-l3bits,6.3242666666666665,6.313,0.07479184327063902,6.289,6.929,75,0.3460996795412379,0.011826168505013338
som-rs-bc-baseline,8.513093333333332,8.404,0.33990945429204733,8.329,9.663,75,0.0,0.039927843027530226
