exe,mean,median,std,min,max,n,pct_vs_baseline,cov
som-rs-bc-nan,10.017,10.011,0.01734935157289739,9.996,10.075,75,0.357651991614256,0.0017319907729756805
som-rs-bc-l4bits,10.531093333333333,9.812,2.7096069535123584,9.775,20.782,75,0.291375887530513,0.2572958825591099
som-rs-bc-l3bits,10.668293333333333,10.636,0.0910274347319193,10.576,10.94,75,0.2747680978650757,0.008532520796695938
som-rs-bc-baseline,13.5996,13.359,0.8366836077391865,13.291,16.806,75,0.0,0.061522663000322546
