exe,mean,median,std,min,max,n,pct_vs_baseline,cov
som-rs-bc-l4bits,9.8066,9.807,0.005727128425310837,9.799,9.813,5,0.36306161156771966,0.0005840075485194498
som-rs-bc-nan,10.017,10.013,0.0158587515271536,9.997,10.04,5,0.3344314665069381,0.0015831837403567535
som-rs-bc-l3bits,10.6364,10.616,0.06726291697510552,10.583,10.754,5,0.25672219924034434,0.006323842369138573
som-rs-bc-baseline,13.366999999999999,13.373,0.017320508075689127,13.34,13.386,5,0.0,0.0012957662957798406
