exe,mean,median,std,min,max,n,pct_vs_baseline,cov
som-rs-bc-l4bits,5.79,5.79,0.01621310781019061,5.75,5.835,75,0.3910627518710421,0.002800191331639138
som-rs-bc-nan,5.832773333333334,5.832,0.03559592040598974,5.756,5.95,75,0.3808617055808785,0.006102743647274093
som-rs-bc-l3bits,6.106386666666666,6.095,0.07504609274330028,6.077,6.729,75,0.3189884252334716,0.012289770831735781
som-rs-bc-baseline,8.054253333333333,8.024,0.12962973188041121,7.935,8.902,75,0.0,0.01609456848643258
