exe,mean,median,std,min,max,n,pct_vs_baseline,cov
som-rs-bc-l4bits,6.663453333333334,6.66,0.02889510074124756,6.613,6.755,75,0.656120249960481,0.004336355234410119
som-rs-bc-nan,7.254026666666667,7.207,0.27278359769453014,7.182,9.358,75,0.5212902443148817,0.0376044382284961
som-rs-bc-l3bits,7.497453333333333,7.445,0.1722783176686456,7.409,8.292,75,0.4718971241790548,0.022978244746479998
som-rs-bc-baseline,11.035480000000002,10.996,0.1602206552800806,10.952,11.822,75,0.0,0.01451868475862224
