exe,mean,median,std,min,max,n,pct_vs_baseline,cov
som-rs-bc-l4bits,5.81536,5.79,0.25306230618330106,5.747,7.973,75,0.40129129294374444,0.043516189227029975
som-rs-bc-nan,5.837853333333333,5.831,0.08018402707645844,5.756,6.471,75,0.39589209732344544,0.013735190402715114
som-rs-bc-l3bits,6.116146666666666,6.1,0.14424872413444206,6.074,7.345,75,0.33237703041784505,0.0235849027167065
som-rs-bc-baseline,8.149013333333334,8.018,0.3181194953682237,7.935,9.283,75,0.0,0.03903779296408363
