exe,mean,median,std,min,max,n,pct_vs_baseline,cov
som-rs-bc-l4bits,6.682053333333333,6.67,0.05667376850039187,6.612,6.921,75,0.6601763130694358,0.008481489996147673
som-rs-bc-nan,7.24844,7.203,0.1607851714286841,7.181,7.961,75,0.5304516098176528,0.022182037987302658
som-rs-bc-l3bits,7.443466666666667,7.432,0.09000110109436577,7.403,8.198,75,0.4903521656575791,0.012091288256506703
som-rs-bc-baseline,11.093386666666667,11.017,0.22003266915504968,10.957,11.723,75,0.0,0.019834580346523245
