exe,mean,median,std,min,max,n,pct_vs_baseline,cov
som-rs-bc-l4bits,9.8128,9.813,0.009679876032263822,9.802,9.827,5,0.3616297081363118,0.0009864540225281084
som-rs-bc-nan,10.0226,10.017,0.019346834366376305,10.006,10.054,5,0.3331271326801428,0.0019303209113779162
som-rs-bc-l3bits,10.6532,10.668,0.03997123966053619,10.591,10.692,5,0.2542146960537679,0.003752040669520537
som-rs-bc-baseline,13.3614,13.366,0.017882952776317344,13.339,13.386,5,0.0,0.0013384041175563447
