exe,mean,median,std,min,max,n,pct_vs_baseline,cov
som-rs-bc-l3bits,5.800373333333334,5.789,0.08624176785364807,5.758,6.52,75,0.32705940767031083,0.01486831327873977
som-rs-bc-nan,5.85524,5.83,0.2730780919889479,5.739,8.174,75,0.3146241657045654,0.046638240616771964
som-rs-bc-l4bits,5.913,5.908,0.08421016180575472,5.856,6.611,75,0.301782513106714,0.014241529140158077
som-rs-bc-baseline,7.69744,7.643,0.18684725948854145,7.597,8.718,75,0.0,0.02427394815530117
