exe,mean,median,std,min,max,n,pct_vs_baseline,cov
som-rs-bc-l3bits,5.8034,5.793,0.045977373988941216,5.759,6.122,75,0.3275597063790192,0.007922489228545545
som-rs-bc-nan,5.861493333333334,5.814,0.28485934762252035,5.728,8.181,75,0.31440224561658914,0.0485984255927705
som-rs-bc-l4bits,5.902106666666667,5.906,0.022119193898936337,5.858,5.945,75,0.30535763501393864,0.003747677761206677
som-rs-bc-baseline,7.70436,7.648,0.20693389987848512,7.616,8.705,75,0.0,0.026859323795679995
