exe,mean,median,std,min,max,n,pct_vs_baseline,cov
som-rs-bc-l4bits,55.0966,54.977,0.3092107695407799,54.816,55.55,5,0.15791174047037382,0.005612157003168615
som-rs-bc-nan,55.3014,55.164,0.29021164690618495,54.997,55.644,5,0.15362359723261987,0.005247817359166042
som-rs-bc-l3bits,56.5878,56.659,0.2308705264861672,56.269,56.857,5,0.12739848518585273,0.00407986397220191
som-rs-bc-baseline,63.797000000000004,63.792,0.3580377075113738,63.358,64.306,5,0.0,0.005612140187020923
