exe,mean,median,std,min,max,n,pct_vs_baseline,cov
som-rs-bc-l4bits,55.0604,54.99,0.5966659869642332,54.285,55.896,5,0.16684223144038168,0.01083657196395655
som-rs-bc-nan,55.3498,55.248,0.4081178751292321,54.968,55.816,5,0.16074132155852405,0.0073734299876283575
som-rs-bc-l3bits,56.507799999999996,56.476,0.40519094264309624,55.993,57.07,5,0.1369545443283935,0.007170531194686331
som-rs-bc-baseline,64.2468,63.731,1.7905907405099617,62.729,67.308,5,0.0,0.027870504686769798
