exe,mean,median,std,min,max,n,pct_vs_baseline,cov
som-rs-bc-l3bits,4508.8096000000005,4488.618,50.382414564011945,4475.282,4597.873,5,0.23700206812902436,0.01117421648587954
som-rs-bc-nan,4697.502,4684.609,31.975113009964446,4662.917,4746.279,5,0.18731334228277063,0.006806833293517372
som-rs-bc-l4bits,4810.7684,4516.55,414.505590819714,4502.506,5292.574,5,0.15935882508914778,0.0861620340774904
som-rs-bc-baseline,5577.4068,5563.444,50.19311284130522,5537.179,5664.256,5,0.0,0.008999363797760855
