exe,mean,median,std,min,max,n,pct_vs_baseline,cov
som-rs-bc-l3bits,4612.4946,4488.091,245.89308710758823,4478.951,5048.176,5,0.2060346693956021,0.05331021679843012
som-rs-bc-l4bits,4679.4642,4503.648,384.43063112114214,4486.845,5366.094,5,0.18877464646486652,0.0821527026793243
som-rs-bc-nan,4693.3099999999995,4681.945,33.73758351601367,4668.218,4752.232,5,0.18526762562029808,0.007188441316685596
som-rs-bc-baseline,5562.8284,5552.227,44.26732765031096,5522.462,5632.672,5,0.0,0.007957701454589352
