exe,mean,median,std,min,max,n,pct_vs_baseline,cov
som-rs-bc-nan,7.9828,7.975,0.04298488106299679,7.937,8.044,5,0.16302550483539613,0.0053846872103769094
som-rs-bc-l4bits,8.107600000000001,8.124,0.10285572419656493,8.005,8.256,5,0.14512309438058102,0.012686334327860885
som-rs-bc-l3bits,8.1434,8.141,0.08105738707853859,8.048,8.269,5,0.1400889063536115,0.009953752373521942
som-rs-bc-baseline,9.2842,9.31,0.07213667583136885,9.195,9.376,5,0.0,0.0077698321698551134
