exe,mean,median,std,min,max,n,pct_vs_baseline,cov
som-rs-bc-nan,7.988200000000001,7.971,0.044285437787154824,7.948,8.046,5,0.15763250794922512,0.005543856912340054
som-rs-bc-l4bits,8.1238,8.144,0.0542789093479229,8.034,8.172,5,0.13830965804180329,0.006681467951934182
som-rs-bc-l3bits,8.1448,8.109,0.08407556125295894,8.066,8.254,5,0.13537471761123676,0.010322605988232852
som-rs-bc-baseline,9.2474,9.231,0.029946619174791436,9.223,9.281,5,0.0,0.0032383825913004124
