exe,mean,median,std,min,max,n,pct_vs_baseline,cov
som-rs-bc-nan,2323.1868666666664,2309.598,37.968448890148366,2306.075,2422.661,15,0.13556254895036024,0.016343260817682698
som-rs-bc-l3bits,2386.324333333333,2373.586,34.51486360906538,2371.695,2472.402,15,0.10551778865488126,0.014463609630486964
som-rs-bc-l4bits,2404.3752,2393.463,33.21048526595178,2383.973,2490.531,15,0.09721810472841352,0.013812521966601462
som-rs-bc-baseline,2638.1240000000003,2623.588,39.20882554258125,2619.514,2739.682,15,0.0,0.014862389160851138
