exe,mean,median,std,min,max,n,pct_vs_baseline,cov
som-rs-bc-nan,2345.554466666667,2332.335,36.681487796720575,2329.292,2445.963,15,0.12100402585691361,0.01563872777972607
som-rs-bc-l3bits,2408.479866666667,2395.481,35.02973970758214,2392.52,2495.975,15,0.09171599745986359,0.014544335700037738
som-rs-bc-l4bits,2500.5535333333332,2488.773,34.076226195035595,2483.838,2589.238,15,0.05151757998755624,0.013627473173753927
som-rs-bc-baseline,2629.3759999999997,2614.953,38.632772614156885,2611.133,2725.512,15,0.0,0.014692753190930809
