exe,mean,median,std,min,max,n,pct_vs_baseline,cov
som-rs-bc-nan,5466.1426,5370.9805,5755.973243076703,6.464,11175.001,10,0.2760167654608936,1.0530228836468156
som-rs-bc-l3bits,6017.89,5958.8045,6337.024743249766,6.652,12202.932,10,0.15902577149133656,1.0530310031007157
som-rs-bc-l4bits,6157.3084,6066.5685,6483.840996025636,6.69,12427.739,10,0.13278223972019987,1.0530317104184088
som-rs-bc-baseline,6974.8895999999995,6935.361999999999,7342.926405751263,8.981,14101.73,10,0.0,1.0527659686185231
