exe,mean,median,std,min,max,n,pct_vs_baseline,cov
som-rs-bc-nan,5427.9295,5357.8485,5715.203041499153,6.463,11024.234,10,0.2892961671665042,1.0529250686655294
som-rs-bc-l3bits,6010.3298,5992.237,6328.443661048985,6.613,12037.986,10,0.1643635096363596,1.0529278544829577
som-rs-bc-l4bits,6162.0774,6104.437000000001,6488.53735409066,6.692,12381.914,10,0.13568984057227196,1.052978879182962
som-rs-bc-baseline,6998.2087,6944.05,7367.403239968266,8.985,14092.701,10,0.0,1.0527555772905524
