exe,mean,median,std,min,max,n,pct_vs_baseline,cov
som-rs-bc-l4bits,6.317666666666667,6.307,0.09225703420531353,6.23,6.914,75,0.40100036933466976,0.014603023406106716
som-rs-bc-l3bits,6.394093333333333,6.348,0.159584864598774,6.311,7.073,75,0.38425463500689183,0.024958169404070946
som-rs-bc-nan,6.800026666666667,6.797,0.017432474614098113,6.776,6.881,75,0.30162038580240846,0.002563589154664802
som-rs-bc-baseline,8.851053333333333,8.841,0.06030460816360327,8.787,9.27,75,0.0,0.006813269098322377
