exe,mean,median,std,min,max,n,pct_vs_baseline,cov
som-rs-bc-nan,6.778453333333333,6.718,0.2981764529890264,6.593,9.036,75,0.6515429281802734,0.04398886269862344
som-rs-bc-l4bits,6.897959999999999,6.832,0.29505031362052087,6.718,9.071,75,0.6229300643475273,0.04277356111379609
som-rs-bc-l3bits,6.997213333333334,6.706,1.028675628402107,6.665,11.088,75,0.5999092972249906,0.14701218605151006
som-rs-bc-baseline,11.194906666666668,11.118,0.280109928871242,11.066,12.879,75,0.0,0.025021193763524775
