exe,mean,median,std,min,max,n,pct_vs_baseline,cov
som-rs-bc-nan,9.081653333333334,9.048,0.1856696785949433,9.007,10.574,75,0.48708898820185453,0.020444479851863605
som-rs-bc-l3bits,9.293866666666666,9.269,0.12657102838021494,9.17,9.951,75,0.4531332491679101,0.013618769551985713
som-rs-bc-l4bits,10.641946666666666,10.643,0.014658171167713402,10.612,10.685,75,0.26905603736659733,0.0013773956614184688
som-rs-bc-baseline,13.505226666666667,13.374,0.3238207117114864,13.251,14.699,75,0.0,0.023977436269969038
