exe,mean,median,std,min,max,n,pct_vs_baseline,cov
som-rs-bc-nan,5.6247066666666665,5.587,0.26675197374245524,5.549,7.89,75,0.33720751067314914,0.04742504623810698
som-rs-bc-l3bits,5.631426666666666,5.578,0.18798391056319333,5.552,6.356,75,0.33561181654382444,0.033381223212210286
som-rs-bc-l4bits,5.751146666666667,5.634,0.27101100472985346,5.58,6.881,75,0.30780876161507487,0.047122951376047925
som-rs-bc-baseline,7.5214,7.513,0.03929410931713588,7.473,7.805,75,0.0,0.005224307883789704
