exe,mean,median,std,min,max,n,pct_vs_baseline,cov
som-rs-bc-l4bits,6.325186666666667,6.31,0.10939646386564017,6.218,6.963,75,0.41031727126893736,0.01729537318513501
som-rs-bc-l3bits,6.367626666666666,6.355,0.057107478881002476,6.323,6.776,75,0.4009175579807862,0.008968408776216331
som-rs-bc-nan,6.799066666666667,6.796,0.01755326514119584,6.776,6.885,75,0.3120212578197008,0.002581716874060534
som-rs-bc-baseline,8.92052,8.835,0.35606279282232284,8.777,11.296,75,0.0,0.03991502657046034
