exe,mean,median,std,min,max,n,pct_vs_baseline,cov
som-rs-bc-l3bits,5.579293333333333,5.576,0.015496096573298963,5.551,5.643,75,0.35099068699261804,0.002777429980373673
som-rs-bc-nan,5.6,5.598,0.025105184131375406,5.537,5.676,75,0.34599523809523824,0.0044830685948884655
som-rs-bc-l4bits,5.672733333333333,5.617,0.19612277823889823,5.591,6.499,75,0.3287374692975755,0.03457288871424091
som-rs-bc-baseline,7.5375733333333335,7.518,0.14489895578432363,7.481,8.762,75,0.0,0.019223555032431786
