exe,mean,median,std,min,max,n,pct_vs_baseline,cov
som-rs-bc-l3bits,6.7342933333333335,6.709,0.09155500094586967,6.665,7.391,75,0.6626758165172488,0.013595339022832834
som-rs-bc-nan,6.752893333333333,6.727,0.11370773029098727,6.67,7.582,75,0.6580961839567039,0.016838372039686782
som-rs-bc-l4bits,6.81512,6.811,0.051739200466038034,6.722,6.938,75,0.6429566415069237,0.0075918253040354435
som-rs-bc-baseline,11.196946666666665,11.12,0.24204583513522046,11.063,12.199,75,0.0,0.021617128520920032
