exe,mean,median,std,min,max,n,pct_vs_baseline,cov
som-rs-bc-nan,9.137426666666666,9.036,0.40948293609740904,8.995,12.213,75,0.4795719290770415,0.044813813673734076
som-rs-bc-l3bits,9.294626666666666,9.25,0.3065207445620065,9.17,11.86,75,0.45454793235374713,0.03297827395922015
som-rs-bc-l4bits,10.64316,10.643,0.015357047858196653,10.6,10.673,75,0.27025056468191777,0.0014429030342677036
som-rs-bc-baseline,13.51948,13.364,0.5608373652586555,13.255,16.764,75,0.0,0.04148364916835969
