exe,mean,median,std,min,max,n,pct_vs_baseline,cov
som-rs-bc-nan,3792.9551999999994,3719.2934999999998,3925.0971633127133,71.39,7871.093,10,0.25973918700648,1.0348387883180676
som-rs-bc-l3bits,4104.8319,4073.014,4251.575285762194,71.158,8166.926,10,0.16402678998864717,1.03574893913736
som-rs-bc-l4bits,4276.4209,4241.04,4414.597751215706,88.162,8500.015,10,0.11732086521230856,1.0323113310047909
som-rs-bc-baseline,4778.1343,4756.1565,4932.222374312597,98.13,9539.177,10,0.0,1.0322485858785084
