exe,mean,median,std,min,max,n,pct_vs_baseline,cov
som-rs-bc-nan,3735.2341,3703.7549999999997,3862.3964822205467,71.291,7532.874,10,0.28940780445327374,1.0340440194151543
som-rs-bc-l3bits,4127.8478000000005,4095.9519999999998,4276.12029790377,71.196,8268.037,10,0.16676782511215626,1.0359200496451855
som-rs-bc-l4bits,4283.5889,4242.236,4421.792924793905,88.465,8557.988,10,0.12434692320731333,1.0322636060603072
som-rs-bc-baseline,4816.24,4779.3125,4973.342573703168,98.191,9619.14,10,0.0,1.0326193407519493
