exe,mean,median,std,min,max,n,pct_vs_baseline,cov
som-rs-bc-nan,119.54079999999999,119.12950000000001,84.53977603182487,38.71,201.004,10,0.29279208437621307,0.7072043689838522
som-rs-bc-l3bits,125.05519999999999,124.686,94.92106906126445,34.638,217.625,10,0.23578547713329812,0.7590333633568572
som-rs-bc-l4bits,128.54670000000002,128.166,98.9421076522922,33.941,224.401,10,0.2022198936262074,0.7696977647212428
som-rs-bc-baseline,154.5414,155.01000000000002,114.89261009713958,44.234,264.22,10,0.0,0.7434422756435465
