exe,mean,median,std,min,max,n,pct_vs_baseline,cov
som-rs-bc-nan,119.4363,119.9145,84.22474351934828,38.499,199.641,10,0.29286908586418026,0.7051854714131992
som-rs-bc-l3bits,124.51020000000001,124.545,93.82740665688014,34.552,214.452,10,0.24018353516418722,0.7535720499756657
som-rs-bc-l4bits,127.83399999999999,128.147,98.3436008424883,33.963,222.292,10,0.20793763787411823,0.7693070766970314
som-rs-bc-baseline,154.4155,153.813,115.86620231614855,44.229,265.352,10,0.0,0.7503534445450654
