exe,mean,median,std,min,max,n,pct_vs_baseline,cov
som-rs-bc-nan,21.8304,21.899,0.2355733431439133,21.493,22.035,5,0.16185686015831124,0.010791068562367766
som-rs-bc-l4bits,22.4666,22.359,0.2591954860718057,22.17,22.787,5,0.12895587227261807,0.011536925305645079
som-rs-bc-l3bits,23.6684,23.682,0.15199440779186624,23.472,23.829,5,0.07163137347687232,0.006421828589675105
som-rs-bc-baseline,25.3638,25.286,0.2270257694624108,25.189,25.762,5,0.0,0.008950779041879008
