exe,mean,median,std,min,max,n,pct_vs_baseline,cov
som-rs-bc-nan,21.6802,21.706,0.10563238139888505,21.565,21.79,5,0.18454626802335783,0.004872297368054033
som-rs-bc-l4bits,22.5316,22.504,0.3050586828792123,22.206,23.032,5,0.13978590069058572,0.013539148701344435
som-rs-bc-l3bits,23.5288,23.461,0.17013141979070212,23.418,23.828,5,0.09147937846384013,0.007230773341211712
som-rs-bc-baseline,25.6812,25.626,0.27997803485273604,25.4,26.116,5,0.0,0.010902062008501785
