exe,mean,median,std,min,max,n,pct_vs_baseline,cov
som-rs-bc-l4bits,44.4568,44.349,0.6410676251379412,43.783,45.392,5,0.5280991884256179,0.01442001280204471
som-rs-bc-l3bits,45.2438,45.235,0.2574717460227439,44.979,45.623,5,0.5015184400956598,0.005690763066381337
som-rs-bc-nan,61.208400000000005,61.154,0.3161183322744815,60.826,61.62,5,0.10988687827160981,0.005164623356834707
som-rs-bc-baseline,67.93440000000001,67.834,0.274456371760613,67.6,68.309,5,0.0,0.004040020545711936
