exe,mean,median,std,min,max,n,pct_vs_baseline,cov
som-rs-bc-l4bits,44.5306,44.405,0.5449608242800578,43.958,45.311,5,0.5211517473377858,0.012237895386095354
som-rs-bc-l3bits,44.943400000000004,44.82,0.4158494920040188,44.59,45.639,5,0.5071801421343289,0.009252737710187007
som-rs-bc-nan,61.286199999999994,61.164,0.3270117734883543,60.967,61.751,5,0.10527002816294728,0.005335814155362126
som-rs-bc-baseline,67.73780000000001,67.69,0.11510082536627875,67.626,67.884,5,0.0,0.0016992111548689024
