exe,mean,median,std,min,max,n,pct_vs_baseline,cov
som-rs-bc-nan,72.9548,72.987,0.5585353166989508,72.446,73.822,5,0.36286851584816904,0.007655909093013082
som-rs-bc-l3bits,77.2606,76.952,2.552489529851197,75.252,81.588,5,0.28691467578558805,0.033037402373929235
som-rs-bc-l4bits,77.7514,77.609,0.6750165183164064,77.221,78.906,5,0.2787911214460448,0.008681728153015976
som-rs-bc-baseline,99.4278,98.905,1.2534247883299605,98.338,101.06,5,0.0,0.012606381598807984
