exe,mean,median,std,min,max,n,pct_vs_baseline,cov
som-rs-bc-nan,72.82820000000001,72.751,0.4462434313242077,72.458,73.578,5,0.35580722851862334,0.006127343959128574
som-rs-bc-l3bits,75.6502,75.812,0.38817483174466455,74.982,75.951,5,0.3052311824687841,0.005131180509035859
som-rs-bc-l4bits,79.3726,78.055,2.7059365846227825,77.549,84.049,5,0.24401871678639742,0.03409157044903131
som-rs-bc-baseline,98.74100000000001,98.418,0.7843541929511155,97.959,99.743,5,0.0,0.007943551239617944
