exe,mean,median,std,min,max,n,pct_vs_baseline,cov
som-rs-bc-nan,3690.368,3646.399,3831.5641500986685,56.09,7517.058,10,0.27948944387118035,1.0382607236185304
som-rs-bc-l3bits,4024.1398,3993.983,4181.490342973737,56.283,8110.922,10,0.1733655227385491,1.0391016591853337
som-rs-bc-l4bits,4181.7088,4161.0470000000005,4347.737182605576,56.07,8362.246,10,0.12915248904945265,1.0397034778236054
som-rs-bc-baseline,4721.7869,4644.2555,4901.6338924084275,72.744,9641.381,10,0.0,1.0380887566968402
