exe,mean,median,std,min,max,n,pct_vs_baseline,cov
som-rs-bc-nan,3664.3902000000003,3647.2459999999996,3802.928400243651,56.236,7384.45,10,0.2885550234251799,1.0378066179315868
som-rs-bc-l3bits,4052.2526,4046.7565,4212.26107107325,55.838,8079.915,10,0.16522064789347035,1.0394863022787004
som-rs-bc-l4bits,4162.3036,4127.474499999999,4326.415858819379,56.026,8398.705,10,0.13441229995812898,1.0394282288344796
som-rs-bc-baseline,4721.7684,4697.616,4900.318837726133,72.234,9444.757,10,0.0,1.0378143150193757
