exe,mean,median,std,min,max,n,pct_vs_baseline,cov
som-rs-bc-nan,41.7416,41.605,0.5975694938666135,41.215,42.762,5,0.3621087835636392,0.014315922098496789
som-rs-bc-l4bits,41.8272,41.667,0.43047380872708046,41.426,42.506,5,0.3593212072526968,0.010291719472665646
som-rs-bc-l3bits,41.876400000000004,41.957,0.6507866777984928,41.158,42.799,5,0.35772415966988547,0.015540654827026504
som-rs-bc-baseline,56.8566,56.917,1.937805666211139,54.964,59.726,5,0.0,0.03408233461394348
