exe,mean,median,std,min,max,n,pct_vs_baseline,cov
som-rs-bc-nan,41.376400000000004,41.342,0.12565548137665936,41.273,41.588,5,0.34702390734815003,0.003036887727706116
som-rs-bc-l4bits,41.6206,41.474,0.3051996068149487,41.384,42.09,5,0.33912053165980294,0.007332897815383456
som-rs-bc-l3bits,42.0076,41.565,0.870485381841646,41.425,43.521,5,0.3267837248497891,0.020722092712786404
som-rs-bc-baseline,55.735,55.618,0.7841555968046126,54.88,56.876,5,0.0,0.014069356720276533
