exe,mean,median,std,min,max,n,pct_vs_baseline,cov
som-rs-bc-nan,3466.5425999999998,3436.3085,3615.3825410754466,36.722,6946.376,10,0.285773842790797,1.0429361350053643
som-rs-bc-l3bits,3830.459,3779.425,3998.355803155731,37.194,7696.509,10,0.1636176761061796,1.0438320324419947
som-rs-bc-l4bits,3963.2446000000004,3941.572,4137.84981278031,37.762,7970.147,10,0.12463152034572866,1.044056128350067
som-rs-bc-baseline,4457.1898,4422.7405,4646.855029517582,48.449,8936.424,10,0.0,1.0425526481994511
