exe,mean,median,std,min,max,n,pct_vs_baseline,cov
som-rs-bc-nan,3495.5496,3480.7065000000002,3645.6300798161747,36.907,7025.857,10,0.28322950988880247,1.0429347304401502
som-rs-bc-l3bits,3806.4541,3788.196,3972.9085293000094,37.39,7624.484,10,0.17841757240682332,1.0437295248877452
som-rs-bc-l4bits,3971.9636,3939.864,4147.092784178552,37.729,7968.09,10,0.1293135717557934,1.044091336632227
som-rs-bc-baseline,4485.5923999999995,4437.192,4676.91758032627,48.592,8969.22,10,0.0,1.0426532692373631
