exe,mean,median,std,min,max,n,pct_vs_baseline,cov
som-rs-bc-nan,3710.4721,4867.79,2082.9887193711497,192.699,4986.605,20,0.31831291764732583,0.5613810488889405
som-rs-bc-l3bits,4076.32445,5350.7294999999995,2291.609020010256,205.879,5460.627,20,0.19999361189220344,0.5621753243930953
som-rs-bc-l4bits,4444.4227,5831.896000000001,2498.2463964060257,225.895,5970.119,20,0.10060712722036991,0.562108189305672
som-rs-bc-baseline,4891.5633,6413.366,2734.6510205709424,270.732,6533.171,20,0.0,0.5590546115535175
