exe,mean,median,std,min,max,n,pct_vs_baseline,cov
som-rs-bc-nan,3690.5885499999995,4841.7405,2071.61635447324,191.995,4959.459,20,0.3800288574568955,0.5613241157628477
som-rs-bc-l3bits,4043.596,5306.636,2272.849623114723,205.453,5423.161,20,0.25955181971690555,0.5620862279799275
som-rs-bc-l4bits,4397.42325,5773.0745,2471.0615851672014,225.004,5964.964,20,0.1582052512229748,0.5619339883117236
som-rs-bc-baseline,5093.1187,6684.8485,2855.927759759434,269.901,6789.842,20,0.0,0.5607424307152775
