exe,mean,median,std,min,max,n,pct_vs_baseline,cov
som-rs-bc-nan,131.46245333333331,134.825,21.147897105407452,104.128,174.235,75,0.1537476251774399,0.16086644185610402
som-rs-bc-l4bits,132.44426666666666,136.985,20.83221430558628,106.166,176.095,75,0.14519485932195875,0.15729041981119818
som-rs-bc-l3bits,132.56108,137.462,20.329501273950807,106.883,160.147,75,0.1441857092091685,0.15335950245691124
som-rs-bc-baseline,151.67449333333332,129.185,28.98346393431454,125.837,191.889,75,0.0,0.19108990112541802
