exe,mean,median,std,min,max,n,pct_vs_baseline,cov
som-rs-bc-nan,128.90012,134.173,19.998954459806278,103.964,152.072,75,0.18258053858548284,0.1551507823251544
som-rs-bc-l4bits,132.07682666666668,136.068,20.78256829092225,106.033,175.19,75,0.15413715774717773,0.15735211706269225
som-rs-bc-l3bits,132.35118666666668,137.424,20.476908386589823,106.802,171.345,75,0.15174466638707385,0.15471646988826762
som-rs-bc-baseline,152.43477333333334,130.982,28.720456606122127,125.951,192.847,75,0.0,0.1884114495536941
