exe,mean,median,std,min,max,n,pct_vs_baseline,cov
som-rs-bc-l4bits,16.295279999999998,16.266,0.09299979075826476,16.238,16.649,75,0.262295994095632,0.005707161261313998
som-rs-bc-nan,16.601693333333333,16.52,0.4515437775709721,16.488,20.374,75,0.23899811023293216,0.027198657902224355
som-rs-bc-l3bits,16.895586666666667,16.716,0.3978171552472436,16.682,18.376,75,0.21744613386217626,0.023545625440287182
som-rs-bc-baseline,20.569466666666667,20.478,0.3544175401878314,20.427,23.402,75,0.0,0.017230273683380128
