exe,mean,median,std,min,max,n,pct_vs_baseline,cov
som-rs-bc-l4bits,16.400426666666664,16.267,0.5231135780072005,16.237,19.86,75,0.25780955292220065,0.03189633956721454
som-rs-bc-nan,16.56476,16.527,0.13170296637263493,16.48,17.473,75,0.24533125341588624,0.007950792306839032
som-rs-bc-l3bits,18.296506666666666,16.7,4.083610403675769,16.674,28.744,75,0.12746185428475254,0.22319071493114367
som-rs-bc-baseline,20.628613333333334,20.453,0.5034683192301855,20.418,22.394,75,0.0,0.02440630938661504
