exe,mean,median,std,min,max,n,pct_vs_baseline,cov
som-rs-bc-l3bits,63.5552,63.545,0.34315404704009894,63.042,63.985,5,0.2646455364785256,0.005399307169831878
som-rs-bc-nan,63.5784,63.756,0.48521057284440916,62.848,63.992,5,0.2641840625117964,0.007631688951662973
som-rs-bc-l4bits,64.5644,64.613,0.87747324745544,63.783,65.96,5,0.24487798229364777,0.01359066679866056
som-rs-bc-baseline,80.3748,80.443,0.1921892296670103,80.098,80.588,5,0.0,0.0023911627732449764
