exe,mean,median,std,min,max,n,pct_vs_baseline,cov
som-rs-bc-nan,63.525999999999996,63.692,0.48127694729749915,62.901,64.018,5,0.283254100683185,0.0075760625145216
som-rs-bc-l4bits,64.1534,64.065,0.4845898265543751,63.548,64.762,5,0.2707042806772517,0.007553610978597784
som-rs-bc-l3bits,64.4602,63.661,1.9249949870064604,63.369,67.881,5,0.2646563305729739,0.02986331080273503
som-rs-bc-baseline,81.52000000000001,81.107,0.9293026955734064,80.871,83.098,5,0.0,0.011399689592411754
