exe,mean,median,std,min,max,n,pct_vs_baseline,cov
som-rs-bc-nan,47.4434,47.378,0.23648636324320982,47.196,47.794,5,0.2930228440626095,0.0049845998230145785
som-rs-bc-l4bits,47.8394,47.665,0.38920855591828835,47.487,48.434,5,0.2823195943092931,0.008135732386239969
som-rs-bc-l3bits,48.8584,48.856,0.7240264497930979,47.988,49.785,5,0.25557529513860455,0.014818873515978786
som-rs-bc-baseline,61.3454,61.414,0.3994105657090219,60.676,61.705,5,0.0,0.006510847850189613
