exe,mean,median,std,min,max,n,pct_vs_baseline,cov
som-rs-bc-nan,47.5056,47.394,0.3953167084756178,47.051,47.974,5,0.31079283284496984,0.008321475962320605
som-rs-bc-l4bits,47.592200000000005,47.707,0.23681997381977932,47.33,47.831,5,0.308407680250125,0.004976024933072631
som-rs-bc-l3bits,48.9704,48.76,0.9797371075957058,48.094,50.642,5,0.2715844673517065,0.020006720541300576
som-rs-bc-baseline,62.27,62.099,1.0589556175780008,61.399,64.007,5,0.0,0.01700587148832505
