exe,mean,median,std,min,max,n,pct_vs_baseline,cov
som-rs-bc-l3bits,44.8278,44.708,0.3210937557785896,44.498,45.344,5,0.35061725090234175,0.007162826544657324
som-rs-bc-l4bits,48.6804,48.636,0.16329206961760362,48.519,48.939,5,0.24372848209957199,0.003354369923369644
som-rs-bc-nan,48.7832,48.784,0.011777096416349882,48.769,48.797,5,0.24110759441775031,0.00024141705374698425
som-rs-bc-baseline,60.5452,60.029,1.0111501866686246,59.91,62.294,5,0.0,0.01670074897215014
