exe,mean,median,std,min,max,n,pct_vs_baseline,cov
som-rs-bc-l3bits,44.6036,44.594,0.11290836992889276,44.469,44.769,5,0.3423894035459021,0.002531373474986162
som-rs-bc-l4bits,48.6866,48.668,0.10659174452085718,48.6,48.866,5,0.22981272054322965,0.002189344594218064
som-rs-bc-nan,48.768,48.766,0.022102036105297738,48.734,48.791,5,0.22776000656167983,0.0004532077613455081
som-rs-bc-baseline,59.8754,59.829,0.22098936626000734,59.627,60.17,5,0.0,0.0036908207086717975
