exe,mean,median,std,min,max,n,pct_vs_baseline,cov
som-rs-bc-nan,19.817,19.849,0.1839945651371254,19.593,20.061,5,0.34617752434778226,0.009284683107287955
som-rs-bc-l3bits,21.1582,20.879,0.7665785674019322,20.647,22.505,5,0.26084449527842635,0.036230802591994224
som-rs-bc-l4bits,21.457600000000003,21.446,0.40499913580154684,20.91,22.05,5,0.24325180821713488,0.01887439116217782
som-rs-bc-baseline,26.6772,26.5,0.4933170380191622,26.385,27.555,5,0.0,0.018492084552320417
