exe,mean,median,std,min,max,n,pct_vs_baseline,cov
som-rs-bc-nan,19.9084,19.903,0.13163320249845656,19.756,20.117,5,0.33970585280585075,0.0066119428230524075
som-rs-bc-l3bits,21.1686,21.082,0.3413821905137999,20.742,21.582,5,0.2599510595882579,0.016126819464385926
som-rs-bc-l4bits,21.7132,21.766,0.3688396670641592,21.208,22.182,5,0.22834957537350542,0.0169868866433395
som-rs-bc-baseline,26.6714,26.732,0.31756149010860824,26.351,27.13,5,0.0,0.011906442485531629
