exe,mean,median,std,min,max,n,pct_vs_baseline,cov
som-rs-bc-nan,34.9682,34.869,0.32564428445775123,34.68,35.526,5,0.2949193838973694,0.009312583560427794
som-rs-bc-l3bits,35.6036,35.482,0.33270677780892927,35.373,36.179,5,0.2718095922884203,0.009344751031045435
som-rs-bc-l4bits,36.8994,35.532,3.2838225134741994,35.211,42.764,5,0.22714732488875145,0.08899392709567634
som-rs-bc-baseline,45.281,45.292,0.31871695907183856,44.906,45.747,5,0.0,0.007038646652499692
