exe,mean,median,std,min,max,n,pct_vs_baseline,cov
som-rs-bc-nan,34.825,34.849,0.26042369323853465,34.454,35.159,5,0.30142713567839174,0.007478067286102933
som-rs-bc-l3bits,35.4808,35.502,0.19247259545192213,35.283,35.765,5,0.2773725507880316,0.005424697172891314
som-rs-bc-l4bits,35.7048,35.703,0.20168217571218355,35.398,35.901,5,0.26935874168179064,0.0056486011884167835
som-rs-bc-baseline,45.322199999999995,45.341,0.18020738053698007,45.095,45.566,5,0.0,0.00397613929899652
