exe,mean,median,std,min,max,n,pct_vs_baseline,cov
som-rs-bc-l3bits,33.724599999999995,33.713,0.023383755044902404,33.708,33.764,5,0.2658652734205893,0.0006933738293382993
som-rs-bc-nan,34.4324,34.426,0.017242389625572188,34.414,34.454,5,0.23984386798480495,0.0005007606099363444
som-rs-bc-l4bits,36.0246,36.0,0.08392139179017297,35.954,36.162,5,0.18504577427646685,0.002329557907379207
som-rs-bc-baseline,42.6908,42.941,0.37551790902698806,42.191,42.984,5,0.0,0.008796225627699364
