exe,mean,median,std,min,max,n,pct_vs_baseline,cov
som-rs-bc-l3bits,33.7586,33.75,0.08045992791445782,33.676,33.87,5,0.2629907638349931,0.0023833905409127694
som-rs-bc-nan,34.420399999999994,34.422,0.022052210773525704,34.391,34.446,5,0.23870727824197302,0.0006406727049518805
som-rs-bc-l4bits,36.1166,36.135,0.05269060637343268,36.047,36.168,5,0.1805319437599331,0.0014589027309722588
som-rs-bc-baseline,42.6368,42.491,0.2546403345897873,42.469,43.07,5,0.0,0.005972313461371099
