exe,mean,median,std,min,max,n,pct_vs_baseline,cov
som-rs-bc-nan,5.659133333333333,5.637,0.10478953596064292,5.488,5.935,75,0.8912648579876778,0.018516887620126096
som-rs-bc-l4bits,5.691506666666666,5.67,0.11669854596622316,5.527,6.202,75,0.8805073290493675,0.020503981248004014
som-rs-bc-l3bits,5.79128,5.741,0.2660093759778181,5.525,7.715,75,0.8481095716318328,0.045932743016711
som-rs-bc-baseline,10.70292,10.609,0.28332703670798826,10.574,12.38,75,0.0,0.02647193819144572
