exe,mean,median,std,min,max,n,pct_vs_baseline,cov
som-rs-bc-l4bits,24.982879999999998,24.906,0.26114249811994256,24.832,26.063,75,0.6246133352119532,0.010452858041984854
som-rs-bc-l3bits,25.146346666666666,25.05,0.23994669978713742,24.98,26.193,75,0.6140523527340751,0.009542010335250983
som-rs-bc-nan,25.153693333333333,25.044,0.6515785608051425,24.981,30.423,75,0.6135809347017032,0.025903892210599525
som-rs-bc-baseline,40.58752,40.317,0.8219032355749967,40.263,44.995,75,0.0,0.020250146734143812
