exe,mean,median,std,min,max,n,pct_vs_baseline,cov
som-rs-bc-l4bits,90.08777333333333,93.456,7.975620017537456,73.591,97.102,75,0.3745489399005386,0.0885316588748054
som-rs-bc-l3bits,90.33450666666667,93.886,8.033833068146665,73.763,97.571,75,0.37079459336911946,0.08893426625764858
som-rs-bc-nan,90.82396,94.253,7.921873673467556,74.469,98.404,75,0.3634073358322334,0.08722228884831223
som-rs-bc-baseline,123.83005333333334,137.073,18.46786113758486,100.002,141.782,75,0.0,0.1491387643020062
