exe,mean,median,std,min,max,n,pct_vs_baseline,cov
som-rs-bc-nan,8.527600000000001,8.523,0.038077800867682865,8.477,8.757,75,0.6598042434760851,0.00446524237390155
som-rs-bc-l3bits,8.571066666666667,8.482,0.2397455482963716,8.429,9.32,75,0.6513868363330895,0.02797149498658723
som-rs-bc-l4bits,8.61388,8.571,0.1420745864259621,8.538,9.38,75,0.643178993283708,0.016493680713680955
som-rs-bc-baseline,14.154146666666666,14.024,0.25831437442781985,13.925,15.227,75,0.0,0.018250084622632605
