exe,mean,median,std,min,max,n,pct_vs_baseline,cov
som-rs-bc-nan,1272.7575499999998,1678.6509999999998,748.0579826971251,10.851,1783.012,20,0.9438622461913506,0.5877458614935148
som-rs-bc-l4bits,1336.71515,1770.431,785.47454190748,11.05,1862.53,20,0.8508545743646281,0.5876155005106959
som-rs-bc-l3bits,1371.6291999999999,1812.3705,806.3489281300524,11.221,1911.083,20,0.8037421119352082,0.5878767586240162
som-rs-bc-baseline,2474.06535,3263.5325000000003,1454.8999339784698,18.78,3419.077,20,0.0,0.5880604301654643
