exe,mean,median,std,min,max,n,pct_vs_baseline,cov
som-rs-bc-nan,33.4148,33.278,0.22605574533729375,33.214,33.714,5,0.8929396554820022,0.006765138361962177
som-rs-bc-l3bits,33.5728,33.506,0.22833900236271323,33.372,33.967,5,0.8840311204308249,0.006801309463694218
som-rs-bc-l4bits,34.5312,34.202,0.7769097116139057,33.793,35.396,5,0.8317405708460757,0.022498775357181495
som-rs-bc-baseline,63.2522,63.283,0.16207621663896332,62.973,63.369,5,0.0,0.0025623807019987182
