exe,mean,median,std,min,max,n,pct_vs_baseline,cov
som-rs-bc-l4bits,6.72964,6.713,0.07107222059666163,6.629,7.227,75,3.549188366688263,0.010561073192126418
som-rs-bc-nan,7.255866666666666,7.202,0.17807881138154275,7.186,8.097,75,3.2192616549366955,0.024542734805152074
som-rs-bc-l3bits,7.570013333333333,7.458,0.3736224605976778,7.391,9.65,75,3.0441672493751666,0.049355588180075134
som-rs-bc-baseline,30.6144,29.0,5.901343184257154,28.88,53.081,75,0.0,0.19276364012546887
