exe,mean,median,std,min,max,n,pct_vs_baseline,cov
som-rs-bc-l4bits,9.8476,9.844,0.02415938069727085,9.803,9.927,75,2.200431915729044,0.0024533267696972712
som-rs-bc-nan,10.021239999999999,10.011,0.038593459745598684,9.994,10.28,75,2.144977401332903,0.003851166097768209
som-rs-bc-l3bits,10.926506666666667,10.883,0.21512745269002956,10.77,12.613,75,1.8844144148541528,0.019688584764819272
som-rs-bc-baseline,31.516573333333334,31.495,0.15566788741153698,31.245,31.955,75,0.0,0.004939238976430717
