exe,mean,median,std,min,max,n,pct_vs_baseline,cov
som-rs-bc-l4bits,9.84,9.84,0.014017845768875738,9.82,9.859,5,2.207987804878049,0.0014245778220402174
som-rs-bc-nan,10.0176,10.019,0.009126883367283078,10.005,10.026,5,2.151114039290848,0.0009110848274320275
som-rs-bc-l3bits,10.901599999999998,10.896,0.02101903898849828,10.883,10.931,5,1.8955933074044182,0.0019280691814502718
som-rs-bc-baseline,31.5666,31.579,0.22918289639499712,31.331,31.871,5,0.0,0.007260297162031929
