exe,mean,median,std,min,max,n,pct_vs_baseline,cov
som-rs-bc-l4bits,54.648799999999994,54.605,0.30411379449147047,54.378,55.163,5,0.49635124650495555,0.005564875980652284
som-rs-bc-nan,55.1438,55.11,0.18118416045559813,54.897,55.348,5,0.48291920397216015,0.0032856669372730595
som-rs-bc-l3bits,57.813,57.697,0.36653717410380254,57.452,58.309,5,0.4144534966184077,0.006340047638140255
som-rs-bc-baseline,81.77380000000001,81.923,0.253676368627428,81.376,81.958,5,0.0,0.003102171705698255
