exe,mean,median,std,min,max,n,pct_vs_baseline,cov
som-rs-bc-l4bits,4410.4382,4409.342,6.3633901499119405,4401.327,4418.588,5,0.9361152821504224,0.0014428022480650429
som-rs-bc-l3bits,4544.9256000000005,4523.543,53.30335289454169,4510.016,4639.011,5,0.878824331029753,0.011728102412620723
som-rs-bc-nan,4663.428,4664.606,2.815120246099639,4660.119,4666.557,5,0.8310815134274616,0.0006036589920761378
som-rs-bc-baseline,8539.1168,8548.753,77.91177160545166,8421.38,8637.036,5,0.0,0.009124101874968107
