exe,mean,median,std,min,max,n,pct_vs_baseline,cov
som-rs-bc-nan,5415.9655,5399.925,5702.128943812658,6.455,10864.704,10,0.8830156691360014,1.0528370137905527
som-rs-bc-l3bits,6565.6014,6535.458500000001,6913.9497158568765,6.587,13239.507,10,0.5532998850646034,1.0530565738969284
som-rs-bc-l4bits,6582.3637,6532.552500000001,6931.703872803602,6.419,13235.352,10,0.5493443335560444,1.0530721468343662
som-rs-bc-baseline,10198.347899999999,10161.402,10735.772778965289,13.393,20451.44,10,0.0,1.0526972490284716
