exe,mean,median,std,min,max,n,pct_vs_baseline,cov
som-rs-bc-l4bits,6.322986666666666,6.285,0.2588732076860362,6.255,8.465,75,1.0930593980903538,0.040941602652865984
som-rs-bc-l3bits,6.414653333333333,6.365,0.34168060371486547,6.253,9.202,75,1.063149164724932,0.05326563821295598
som-rs-bc-nan,6.80368,6.798,0.02387646132502477,6.78,6.903,75,0.9451806473359514,0.003509345137488061
som-rs-bc-baseline,13.234386666666666,12.837,1.2041757626639837,12.793,22.509,75,0.0,0.09098840716940293
