exe,mean,median,std,min,max,n,pct_vs_baseline,cov
som-rs-bc-l3bits,6.753493333333333,6.719,0.27401318637304,6.653,9.068,75,1.362664655526424,0.04057354806594513
som-rs-bc-nan,6.754186666666667,6.721,0.10498580255795899,6.658,7.276,75,1.362422122377429,0.01554381122986814
som-rs-bc-l4bits,6.817986666666666,6.805,0.07238345587691106,6.763,7.396,75,1.3403155183641702,0.010616544064363732
som-rs-bc-baseline,15.956240000000001,15.764,0.43008640992247127,15.636,17.866,75,0.0,0.02695412013873389
