exe,mean,median,std,min,max,n,pct_vs_baseline,cov
som-rs-bc-nan,9.046573333333335,9.03,0.05432812554492592,9.0,9.396,75,1.0207828231094496,0.006005381655918991
som-rs-bc-l3bits,9.458786666666667,9.447,0.08004344991236849,9.341,9.978,75,0.9327172336409604,0.008462338007309798
som-rs-bc-l4bits,10.644573333333334,10.643,0.01277473576532476,10.616,10.69,75,0.7174159477818431,0.0012001172207927633
som-rs-bc-baseline,18.28116,17.877,0.8497998339831783,17.764,20.143,75,0.0,0.046485006092785046
