exe,mean,median,std,min,max,n,pct_vs_baseline,cov
som-rs-bc-l4bits,44.4742,44.263,0.6005378422714083,43.956,45.507,5,1.0637133439162478,0.013503061151665646
som-rs-bc-l3bits,45.800200000000004,45.749,0.24817876621499957,45.529,46.198,5,1.0039650481875624,0.00541872669147732
som-rs-bc-nan,61.0816,61.111,0.15195657274365915,60.881,61.281,5,0.5026128981559095,0.0024877634630340257
som-rs-bc-baseline,91.782,90.744,3.095685949834057,89.885,97.237,5,0.0,0.03372868263748946
