exe,mean,median,std,min,max,n,pct_vs_baseline,cov
som-rs-bc-nan,3478.9531,3460.142,3628.4510978303574,36.883,7037.131,10,0.8881709270527389,1.0429721222256079
som-rs-bc-l3bits,4161.0184,4139.338500000001,4346.293411383676,37.64,8330.627,10,0.5786659583144358,1.044526361955928
som-rs-bc-l4bits,4179.3933,4115.1425,4365.781866831544,37.677,8443.708,10,0.5717252788819853,1.044597039199815
som-rs-bc-baseline,6568.8581,6538.0725,6853.863495675842,66.433,13128.658,10,0.0,1.0433873576407202
