exe,mean,median,std,min,max,n,pct_vs_baseline,cov
som-rs-bc-l4bits,16.42866666666667,16.318,0.4609503207485571,16.272,18.953,75,0.6739999188410501,0.028057682957547195
som-rs-bc-nan,16.528906666666668,16.515,0.08238623168449417,16.487,17.147,75,0.66384790121226,0.004984372732325964
som-rs-bc-l3bits,16.767653333333335,16.605,0.4153533986447753,16.55,19.342,75,0.6401571597377171,0.024771110804102298
som-rs-bc-baseline,27.501586666666668,27.351,0.35166761384954176,27.259,29.326,75,0.0,0.012787175449618
