exe,mean,median,std,min,max,n,pct_vs_baseline,cov
som-rs-bc-l4bits,34.915800000000004,34.929,0.318789428933895,34.478,35.373,5,0.8937501074012333,0.00913023413279647
som-rs-bc-nan,34.9368,34.701,0.41102274876215866,34.64,35.59,5,0.892611801882256,0.01176475088623339
som-rs-bc-l3bits,35.3716,35.381,0.14273331776428322,35.179,35.553,5,0.8693471598683686,0.004035251946880639
som-rs-bc-baseline,66.1218,66.011,0.4554280404191187,65.612,66.645,5,0.0,0.0068877138919254885
