exe,mean,median,std,min,max,n,pct_vs_baseline,cov
som-rs-bc-l3bits,8.5,8.5,8.608284620211165,0.0,17.0,40,0.6470588235294117,1.0127393670836664
som-rs-bc-l4bits,8.5,8.5,8.608284620211165,0.0,17.0,40,0.6470588235294117,1.0127393670836664
som-rs-bc-nan,8.5,8.5,8.608284620211165,0.0,17.0,40,0.6470588235294117,1.0127393670836664
som-rs-bc-baseline,14.0,14.0,14.17835113917133,0.0,28.0,40,0.0,1.0127393670836664
