exe,mean,median,std,min,max,n,pct_vs_baseline,cov
som-rs-bc-l4bits,53.3494,53.353,0.15159419513952155,53.161,53.525,5,0.3261442490449751,0.002841535146403175
som-rs-bc-l3bits,53.970600000000005,54.063,0.2799648192184154,53.486,54.174,5,0.3108803682004646,0.005187357917429403
som-rs-bc-nan,55.10940000000001,55.217,0.31020041908417906,54.732,55.423,5,0.2837918757961433,0.0056288114021233945
som-rs-bc-baseline,70.749,71.038,0.7029989331428628,69.881,71.389,5,0.0,0.009936521125992775
