exe,mean,median,std,min,max,n,pct_vs_baseline,cov
som-rs-bc-nan,1223.1638,1589.0085,719.678617181864,10.572,1766.594,20,0.22532051717030854,0.5883746863517902
som-rs-bc-l4bits,1242.07305,1626.655,730.4165490511832,10.595,1776.677,20,0.20666630678445186,0.5880624726952921
som-rs-bc-l3bits,1243.38235,1611.228,732.8808789158371,10.625,1870.811,20,0.20539566932086473,0.5894251908239143
som-rs-bc-baseline,1498.7676999999999,1969.5900000000001,881.0057956689168,13.124,2150.199,20,0.0,0.5878201109277421
