exe,mean,median,std,min,max,n,pct_vs_baseline,cov
som-rs-bc-nan,9.40836,9.399,0.10074447741553724,9.269,10.042,75,0.36602766050618807,0.01070797433511656
som-rs-bc-l4bits,9.700026666666666,9.677,0.06304502323700846,9.616,9.932,75,0.3249530585482927,0.006499469063694168
som-rs-bc-l3bits,10.82328,10.797,0.10625232080136249,10.725,11.341,75,0.187447797710121,0.00981701672703307
som-rs-bc-baseline,12.852079999999999,12.738,0.28450990387929465,12.666,14.812,75,0.0,0.02213726524261401
