exe,mean,median,std,min,max,n,pct_vs_baseline,cov
som-rs-bc-l4bits,5.227453333333334,5.185,0.2759665223200841,5.159,7.564,75,0.3811594683453252,0.05279177158031395
som-rs-bc-l3bits,5.2767333333333335,5.222,0.20632114388596828,5.168,6.663,75,0.36826066632133503,0.03910016497946361
som-rs-bc-nan,5.299533333333333,5.257,0.13922491363465328,5.227,5.87,75,0.36237404551344143,0.02627116481350307
som-rs-bc-baseline,7.219946666666666,7.198,0.08081960113690234,7.17,7.612,75,0.0,0.011193933261312504
