exe,mean,median,std,min,max,n,pct_vs_baseline,cov
som-rs-bc-l3bits,62.4362,62.337,0.6354976003101847,61.979,63.529,5,0.2848988247202744,0.010178351666343958
som-rs-bc-l4bits,62.6802,62.683,0.1747489628009275,62.405,62.885,5,0.27989700096681247,0.002787945201210709
som-rs-bc-nan,62.875800000000005,62.864,0.35047995663090253,62.402,63.311,5,0.27591537602702454,0.005574162978934701
som-rs-bc-baseline,80.2242,80.412,0.5652355261304818,79.252,80.723,5,0.0,0.00704569850656637
