exe,mean,median,std,min,max,n,pct_vs_baseline,cov
som-rs-bc-l3bits,240.94666666666666,0.0,497.319134401082,0.0,1891.0,75,0.003541585966465588,2.064021641308237
som-rs-bc-baseline,241.8,0.0,492.73470193044705,0.0,1612.0,75,0.0,2.037777923616406
som-rs-bc-nan,258.58666666666664,0.0,529.2994884453116,0.0,1647.0,75,-0.06491698463442286,2.0468939689284507
som-rs-bc-l4bits,263.74666666666667,0.0,539.3393379324759,0.0,1674.0,75,-0.08321116222637881,2.044914329150988
