exe,mean,median,std,min,max,n,pct_vs_baseline,cov
som-rs-bc-l3bits,225.58666666666667,0.0,459.4109652097509,0.0,1497.0,75,0.14061114723092372,2.0365164838779664
som-rs-bc-nan,231.36,0.0,471.7334806400291,0.0,1495.0,75,0.1121484555094514,2.038958681881177
som-rs-bc-l4bits,249.81333333333333,0.0,509.7281388107738,0.0,1614.0,75,0.02999573014517498,2.0404360808501303
som-rs-bc-baseline,257.3066666666667,0.0,527.3770120063945,0.0,1755.0,75,0.0,2.049604927996662
