exe,mean,median,std,min,max,n,pct_vs_baseline,cov
som-rs-bc-l3bits,6376.0,6402.0,339.59019420472083,5973.0,6850.0,5,0.5558971141781681,0.05326069545243426
som-rs-bc-nan,6432.6,6404.0,439.1056820402123,5808.0,6966.0,5,0.542206883686223,0.06826255045241617
som-rs-bc-l4bits,6595.8,6580.0,527.3221975225393,6048.0,7313.0,5,0.5040480305649049,0.07994817876869209
som-rs-bc-baseline,9920.4,9896.0,612.2861259248001,9174.0,10747.0,5,0.0,0.06171990302052338
