exe,mean,median,std,min,max,n,pct_vs_baseline,cov
som-rs-bc-nan,6521.8,6419.0,778.5571269983983,5738.0,7604.0,5,0.5113312275752093,0.11937764528173177
som-rs-bc-l3bits,6554.2,6374.0,502.8296928384401,5919.0,7164.0,5,0.5038601202282507,0.07671869836722103
som-rs-bc-l4bits,6653.4,6692.0,416.9637873964596,6006.0,7082.0,5,0.4814380617428684,0.06266927997662243
som-rs-bc-baseline,9856.6,9759.0,482.22017792705424,9288.0,10573.0,5,0.0,0.048923581957982895
