exe,mean,median,std,min,max,n,pct_vs_baseline,cov
som-rs-bc-l3bits,13162.6,12184.0,13898.207791734236,0.0,27376.0,10,0.6793566620576481,1.0558862072640842
som-rs-bc-nan,13330.4,12613.0,14083.686182562038,0.0,28695.0,10,0.6582173078077178,1.0565088956491957
som-rs-bc-l4bits,13467.3,13079.5,14205.864071259837,0.0,28270.0,10,0.6413609260950601,1.0548412875082487
som-rs-bc-baseline,22104.7,21626.5,23308.96917998163,0.0,45594.0,10,0.0,1.0544802318050743
