exe,mean,median,std,min,max,n,pct_vs_baseline,cov
som-rs-bc-l4bits,13507.4,12819.0,14253.613734379393,0.0,27957.0,10,0.6602973185068925,1.05524480909571
som-rs-bc-nan,13533.0,13311.0,14270.109748079101,0.0,27970.0,10,0.6571565802113353,1.0544675791087785
som-rs-bc-l3bits,13550.6,12965.5,14297.670658770494,0.0,28061.0,10,0.6550042064558026,1.0551319246948838
som-rs-bc-baseline,22426.3,21577.5,23649.165914584715,0.0,45922.0,10,0.0,1.054528206373085
