exe,mean,median,std,min,max,n,pct_vs_baseline,cov
som-rs-bc-l3bits,8233.7,7503.5,8703.055262377691,0.0,17536.0,10,0.8336470845427935,1.0570041733822815
som-rs-bc-nan,8340.3,8089.0,8799.987487996155,0.0,17445.0,10,0.8102106638849924,1.0551164212313893
som-rs-bc-l4bits,8617.8,8416.5,9085.970966275427,0.0,17553.0,10,0.7519204437327394,1.0543260421772873
som-rs-bc-baseline,15097.7,14048.0,15952.025730295198,0.0,32500.0,10,0.0,1.0565864820664868
