exe,mean,median,std,min,max,n,pct_vs_baseline,cov
som-rs-bc-nan,8415.9,7817.0,8889.853822695224,0.0,17885.0,10,0.7916325051390822,1.0563164750882525
som-rs-bc-l3bits,8595.3,7720.5,9106.318942238833,0.0,18385.0,10,0.7542377811129339,1.05945329915638
som-rs-bc-l4bits,8877.3,8454.5,9366.300835679178,0.0,18299.0,10,0.698511934935172,1.0550844103138544
som-rs-bc-baseline,15078.2,14362.5,15932.859071044904,0.0,32761.0,10,0.0,1.0566817704397675
