exe,mean,median,std,min,max,n,pct_vs_baseline,cov
som-rs-bc-nan,8698.5,8453.0,9175.52983937894,0.0,18169.0,10,0.7780766798873369,1.0548404712742359
som-rs-bc-l4bits,8888.2,8525.5,9377.565649522861,0.0,18500.0,10,0.7401273598703899,1.05505790255877
som-rs-bc-l3bits,8927.2,8569.5,9419.213765254271,0.0,18674.0,10,0.7325253158885203,1.0551140072199874
som-rs-bc-baseline,15466.6,14796.5,16311.689088912079,0.0,31553.0,10,0.0,1.054639616264213
