exe,mean,median,std,min,max,n,pct_vs_baseline,cov
som-rs-bc-l3bits,8590.9,8244.5,9069.223174500057,0.0,18453.0,10,0.7743542585759351,1.0556778887543863
som-rs-bc-l4bits,8746.2,8492.0,9228.635420978193,0.0,18376.0,10,0.7428483227001439,1.0551594316363897
som-rs-bc-nan,8767.7,8443.5,9248.591977521046,0.0,18272.0,10,0.738574540643498,1.0548481332072317
som-rs-bc-baseline,15243.3,14357.5,16089.65459922065,0.0,31700.0,10,0.0,1.055523055980047
