exe,mean,median,std,min,max,n,pct_vs_baseline,cov
som-rs-bc-l3bits,7896.4,7443.5,8341.343832580775,0.0,16724.0,10,0.7934755078263513,1.0563476815486519
som-rs-bc-l4bits,8016.0,7323.0,8475.011320870839,0.0,16855.0,10,0.7667165668662674,1.0572618913262024
som-rs-bc-nan,8016.0,7690.5,8453.52570759023,0.0,16326.0,10,0.7667165668662674,1.0545815503480827
som-rs-bc-baseline,14162.0,13871.0,14930.750483482067,0.0,28838.0,10,0.0,1.0542826213445888
