exe,mean,median,std,min,max,n,pct_vs_baseline,cov
som-rs-bc-nan,7795.0,7052.0,8246.97081088296,0.0,16787.0,10,0.8157023733162283,1.05798214379512
som-rs-bc-l4bits,7881.4,7279.0,8322.157401913413,0.0,16465.0,10,0.795797700916081,1.0559237447551721
som-rs-bc-l3bits,7887.0,7567.5,8319.990291126815,0.0,16343.0,10,0.794522632179536,1.05489923812943
som-rs-bc-baseline,14153.4,13478.0,14931.776676307181,0.0,29501.0,10,0.0,1.054995737865614
