exe,mean,median,std,min,max,n,pct_vs_baseline,cov
som-rs-bc-l4bits,238.98666666666668,0.0,483.69639498607233,0.0,1475.0,75,0.8992412407944654,2.0239472006223735
som-rs-bc-nan,248.49333333333334,0.0,511.1768978552346,0.0,1850.0,75,0.8265815313623437,2.0571050780244993
som-rs-bc-l3bits,265.9066666666667,0.0,554.2891277276843,0.0,2052.0,75,0.7069648498219925,2.084525125586738
som-rs-bc-baseline,453.8933333333333,0.0,574.8746649143275,0.0,1607.0,75,0.0,1.2665413274359485
