exe,mean,median,std,min,max,n,pct_vs_baseline,cov
som-rs-bc-l4bits,228.30666666666667,0.0,465.55314305566554,0.0,1559.0,75,1.0019272323775041,2.0391570244218253
som-rs-bc-nan,234.69333333333333,0.0,478.48341419286174,0.0,1528.0,75,0.9474491535052836,2.0387601445554275
som-rs-bc-l3bits,235.66666666666666,0.0,482.94049584034934,0.0,1590.0,75,0.9394059405940596,2.0492524575969564
som-rs-bc-baseline,457.05333333333334,0.0,577.7554400163347,0.0,1540.0,75,0.0,1.2640875755192713
