exe,mean,median,std,min,max,n,pct_vs_baseline,cov
som-rs-bc-l3bits,3.05056,3.044,0.02754909131772648,3.013,3.164,75,0.09109147172978083,0.00903083083687142
som-rs-bc-nan,3.057933333333333,3.053,0.020849093138184366,3.036,3.185,75,0.08846061610237865,0.0068180339024780465
som-rs-bc-l4bits,3.0707066666666667,3.071,0.01301950027410375,3.043,3.099,75,0.0839329057806455,0.00423990360767242
som-rs-bc-baseline,3.32844,3.312,0.041308084412592073,3.282,3.433,75,0.0,0.012410644149388925
