exe,mean,median,std,min,max,n,pct_vs_baseline,cov
som-rs-bc-l3bits,7.08236,7.108,0.12110098979665607,6.889,7.8,75,0.08415462265873708,0.017098959922491382
som-rs-bc-nan,7.1654133333333325,7.193,0.1176348097650881,6.852,7.388,75,0.0715883335876415,0.016417030573498637
som-rs-bc-l4bits,7.608586666666667,7.263,1.6421996462666157,7.045,19.163,75,0.009172093284079086,0.21583504508940107
som-rs-bc-baseline,7.678373333333334,7.69,0.08541659015597543,7.491,7.857,75,0.0,0.011124308033469166
