exe,mean,median,std,min,max,n,pct_vs_baseline,cov
som-rs-bc-l3bits,8.819173333333334,8.823,0.09078417729344045,8.619,9.055,75,0.13716629525367452,0.01029395543801238
som-rs-bc-l4bits,8.904026666666667,8.915,0.10731426107759713,8.616,9.105,75,0.12632936109804982,0.012052329254509248
som-rs-bc-nan,9.045613333333334,9.085,0.16449224850983074,8.217,9.242,75,0.108699465376219,0.018184753476436173
som-rs-bc-baseline,10.028866666666666,10.031,0.10260068664926582,9.753,10.29,75,0.0,0.0102305365161832
