exe,mean,median,std,min,max,n,pct_vs_baseline,cov
som-rs-bc-nan,3.11596,3.104,0.03600241733625747,3.085,3.279,75,0.11137926460331116,0.011554197530217804
som-rs-bc-l4bits,3.13272,3.115,0.053135614360930346,3.094,3.348,75,0.10543340398546097,0.01696149491845117
som-rs-bc-l3bits,3.1729866666666666,3.14,0.09323154745815092,3.081,3.704,75,0.09140494339717797,0.02938289922160118
som-rs-bc-baseline,3.4630133333333335,3.456,0.03957015437317772,3.409,3.538,75,0.0,0.011426509390620612
