exe,mean,median,std,min,max,n,pct_vs_baseline,cov
som-rs-bc-l4bits,4.709960000000001,4.71,0.10436052893694994,4.58,4.963,75,0.07981667218688338,0.02215741300073672
som-rs-bc-l3bits,4.7150799999999995,4.683,0.10039526746679706,4.608,5.047,75,0.07864412339415972,0.02129237838314452
som-rs-bc-nan,4.757186666666667,4.722,0.0716515014333801,4.686,4.945,75,0.06909686117004732,0.015061738471487372
som-rs-bc-baseline,5.085893333333334,5.114,0.0754513577570833,4.901,5.205,75,0.0,0.014835418836366333
