exe,mean,median,std,min,max,n,pct_vs_baseline,cov
som-rs-bc-nan,3.2727066666666667,3.262,0.05555853337364673,3.19,3.437,75,0.23696186235246652,0.01697632541881136
som-rs-bc-l3bits,3.3928000000000003,3.393,0.05088859055474641,3.321,3.51,75,0.19317770965967118,0.014998995093947892
som-rs-bc-l4bits,3.4076133333333334,3.391,0.05696108043817894,3.321,3.548,75,0.18799081272914364,0.016715828606780194
som-rs-bc-baseline,4.048213333333333,4.042,0.06821771453644983,3.908,4.194,75,0.0,0.016851314127825073
