exe,mean,median,std,min,max,n,pct_vs_baseline,cov
som-rs-bc-l3bits,4.4794,4.479,0.010784247771634415,4.466,4.495,5,0.11738179220431322,0.0024075205991057765
som-rs-bc-nan,4.5488,4.499,0.10610702144533135,4.495,4.738,5,0.10033415406260993,0.023326376504865316
som-rs-bc-l4bits,4.6222,4.578,0.10995089813184777,4.562,4.818,5,0.0828609752931504,0.023787568286064594
som-rs-bc-baseline,5.0052,4.998,0.020753312988532436,4.985,5.032,5,0.0,0.004146350393297457
