exe,mean,median,std,min,max,n,pct_vs_baseline,cov
som-rs-bc-l4bits,3.0735333333333332,3.07,0.01903860468806649,3.04,3.126,75,0.06285491182786362,0.0061943706552935246
som-rs-bc-l3bits,3.079546666666667,3.073,0.03534551209453931,3.039,3.225,75,0.060779508672272,0.011477504944842306
som-rs-bc-nan,3.1085866666666666,3.106,0.018587334639722182,3.074,3.166,75,0.05086984867721234,0.005979352237154564
som-rs-bc-baseline,3.26672,3.255,0.029148529238312515,3.231,3.338,75,0.0,0.008922873475018526
