exe,mean,median,std,min,max,n,pct_vs_baseline,cov
som-rs-bc-nan,1838.7138,1831.5215,1935.769264426465,2.284,3689.258,10,0.1566700048697085,1.0527844324801745
som-rs-bc-l3bits,1940.85,1935.9944999999998,2043.38960463594,2.314,3888.014,10,0.09580086044774205,1.052832318126563
som-rs-bc-l4bits,1951.9393,1946.5885,2055.0948389036585,2.291,3920.986,10,0.0895754289080608,1.052847718627141
som-rs-bc-baseline,2126.7851,2124.1319999999996,2238.8948030860847,2.748,4260.4,10,0.0,1.0527132257443803
