exe,mean,median,std,min,max,n,pct_vs_baseline,cov
som-rs-bc-l4bits,3.15864,3.143,0.048102829045308375,3.098,3.29,75,0.2979805654754366,0.015228968494449628
som-rs-bc-l3bits,3.1719866666666667,3.155,0.03867798219021126,3.116,3.266,75,0.29251909423747047,0.012193614366877728
som-rs-bc-nan,3.1937866666666666,3.166,0.07990083268066148,3.11,3.423,75,0.28369667771589824,0.025017586025573035
som-rs-bc-baseline,4.099853333333333,4.05,0.192913626754015,3.79,4.459,75,0.0,0.047053787311257075
