exe,mean,median,std,min,max,n,pct_vs_baseline,cov
som-rs-bc-nan,3.1163600000000002,3.114,0.012574792459734781,3.099,3.174,75,0.1339297556551018,0.00403508980340358
som-rs-bc-l4bits,3.1227066666666667,3.111,0.03054052395758142,3.086,3.223,75,0.1316251286277288,0.009780144988828522
som-rs-bc-l3bits,3.129786666666667,3.126,0.01896888870595056,3.086,3.212,75,0.12906523980335183,0.006060760916383191
som-rs-bc-baseline,3.533733333333333,3.538,0.0622881996835661,3.423,3.671,75,0.0,0.017626740279468204
