exe,mean,median,std,min,max,n,pct_vs_baseline,cov
som-rs-bc-nan,4.38216,4.368,0.042585062728233244,4.326,4.53,75,0.14224644163304556,0.009717824709329017
som-rs-bc-l3bits,4.42336,4.412,0.03843303758979193,4.376,4.567,75,0.13160734524584639,0.008688652424806466
som-rs-bc-l4bits,4.6386400000000005,4.615,0.05144838400004602,4.579,4.739,75,0.07908927329274662,0.011091264681037117
som-rs-bc-baseline,5.005506666666667,5.008,0.07128632281033864,4.873,5.182,75,0.0,0.01424157983547559
