exe,mean,median,std,min,max,n,pct_vs_baseline,cov
som-rs-bc-l3bits,3.05516,3.049,0.03847324096395145,3.004,3.179,75,0.09582476858822453,0.012592872701904794
som-rs-bc-nan,3.0565066666666665,3.049,0.02498938873901366,3.036,3.203,75,0.09534195901203124,0.008175800501775556
som-rs-bc-l4bits,3.0767466666666667,3.061,0.04009687368460638,3.033,3.268,75,0.0881363864861584,0.013032231128748453
som-rs-bc-baseline,3.34792,3.342,0.047507541364361146,3.267,3.461,75,0.0,0.01419016624183408
