exe,mean,median,std,min,max,n,pct_vs_baseline,cov
som-rs-bc-nan,13.99,13.983,0.04666904755831174,13.932,14.049,5,0.20780557541100775,0.0033358861728600246
som-rs-bc-l3bits,14.2156,14.263,0.09564674589341673,14.096,14.306,5,0.18863783449168503,0.006728294682842563
som-rs-bc-l4bits,14.5358,14.53,0.03071156134096729,14.497,14.578,5,0.1624540788948663,0.0021128222279453
som-rs-bc-baseline,16.897199999999998,16.865,0.08528012664155689,16.828,17.028,5,0.0,0.005046997528676757
