exe,mean,median,std,min,max,n,pct_vs_baseline,cov
som-rs-bc-nan,1182.2481,1178.199,1234.4333639174472,11.14,2367.763,10,0.14704070998295538,1.04414070440667
som-rs-bc-l4bits,1238.4197,1232.2,1293.4511553239652,11.267,2480.125,10,0.09501383093308369,1.0444368377892932
som-rs-bc-l3bits,1249.0017,1238.7759999999998,1304.8641057499733,11.104,2508.336,10,0.08573647257645844,1.0447256442885333
som-rs-bc-baseline,1356.0867,1354.128,1415.6533167500243,12.949,2702.45,10,0.0,1.0439253749410153
