exe,mean,median,std,min,max,n,pct_vs_baseline,cov
som-rs-bc-nan,37.217279999999995,37.732,2.8336855981546694,33.04,42.328,75,0.1412214971110195,0.07613897625389791
som-rs-bc-l3bits,37.598933333333335,38.045,2.795865742887567,33.569,42.571,75,0.12963736559902395,0.07436024097015785
som-rs-bc-l4bits,38.2972,38.996,3.002747602140772,33.299,42.742,75,0.10904086982860384,0.07840645274695729
som-rs-bc-baseline,42.47316,40.675,3.810950044847652,37.278,49.193,75,0.0,0.08972607747687368
