exe,mean,median,std,min,max,n,pct_vs_baseline,cov
som-rs-bc-nan,11.3684,11.331,0.14250192981149354,11.248,11.615,5,0.13430210055944536,0.012534915186965057
som-rs-bc-l4bits,11.3902,11.409,0.09852766109068059,11.263,11.517,5,0.1321311302698811,0.008650213437049446
som-rs-bc-l3bits,11.4312,11.44,0.10027063378676745,11.281,11.563,5,0.12807054377493166,0.008771662973858164
som-rs-bc-baseline,12.895199999999999,12.916,0.10673190713184166,12.764,13.037,5,0.0,0.008276871016489986
