exe,mean,median,std,min,max,n,pct_vs_baseline,cov
som-rs-bc-nan,6.4522,6.493,0.957375944966239,5.363,7.936,5,0.6819069464678713,0.14837976891079616
som-rs-bc-l3bits,9.675799999999999,10.164,1.6358901858009913,6.959,11.348,5,0.12156100787531798,0.1690702769591136
som-rs-bc-l4bits,9.771799999999999,9.899,1.2804898281517116,8.53,11.62,5,0.1105425817147303,0.13103929963279148
som-rs-bc-baseline,10.852,10.26,4.199134494154719,5.545,15.596,5,0.0,0.3869456776773607
