exe,mean,median,std,min,max,n,pct_vs_baseline,cov
som-rs-bc-nan,33.4576,32.618,2.3917245451765554,31.132,37.033,5,0.19648749462005655,0.07148523938287729
som-rs-bc-l3bits,35.7822,35.022,3.106479068012532,32.36,39.122,5,0.11875737098333805,0.08681632398266545
som-rs-bc-l4bits,39.2796,33.295,11.47966098367021,32.92,59.534,5,0.019144797808531733,0.2922550378229465
som-rs-bc-baseline,40.031600000000005,41.758,5.819898220759535,33.286,46.939,5,0.0,0.14538260326241106
