exe,mean,median,std,min,max,n,pct_vs_baseline,cov
som-rs-bc-l3bits,296.33,0.0,601.1754159164702,0.0,1937.0,300,0.806690738928447,2.028736259968516
som-rs-bc-l4bits,296.64666666666665,0.0,600.441600441451,0.0,1884.0,300,0.8047621187945255,2.024096906897491
som-rs-bc-nan,296.95666666666665,0.0,601.6446590594855,0.0,1833.0,300,0.8028780854670154,2.02603519837738
som-rs-bc-baseline,535.3766666666667,0.0,674.6127055309353,0.0,2109.0,300,0.0,1.260071175180593
