exe,mean,median,std,min,max,n,pct_vs_baseline,cov
som-rs-bc-l4bits,8513.8,8166.5,8990.528680536843,0.0,18236.0,10,0.804564354342362,1.0559948178882337
som-rs-bc-l3bits,8540.7,8171.0,9029.845169707445,0.0,18839.0,10,0.7988806538105775,1.0572722575090385
som-rs-bc-nan,8799.9,8231.5,9287.710918197228,0.0,18393.0,10,0.7458948397140879,1.0554336888143308
som-rs-bc-baseline,15363.7,14620.5,16227.77175811064,0.0,33201.0,10,0.0,1.0562411240853857
