exe,mean,median,std,min,max,n,pct_vs_baseline,cov
som-rs-bc-nan,333.74666666666667,0.0,673.3388186379013,0.0,1875.0,75,0.006152371059885864,2.0175147376390314
som-rs-bc-l3bits,334.74666666666667,0.0,675.7003792529072,0.0,1952.0,75,0.0031466581693619933,2.018542517484587
som-rs-bc-baseline,335.8,0.0,676.798405052111,0.0,1821.0,75,0.0,2.0154806582850235
som-rs-bc-l4bits,340.08,0.0,685.4981964216223,0.0,1834.0,75,-0.012585274053163897,2.0156968843261067
