exe,mean,median,std,min,max,n,pct_vs_baseline,cov
som-rs-bc-nan,8216.8,8210.0,288.91469329198173,7862.0,8648.0,5,0.943579008859897,0.03516146106659305
som-rs-bc-l4bits,8228.2,8217.0,95.22447164463541,8112.0,8343.0,5,0.9408862205585666,0.011572940818725288
som-rs-bc-l3bits,8332.2,8477.0,272.37143756275174,7960.0,8568.0,5,0.9166606658505556,0.03268901821400731
som-rs-bc-baseline,15970.0,15984.0,425.5443572649037,15463.0,16505.0,5,0.0,0.026646484487470486
