exe,mean,median,std,min,max,n,pct_vs_baseline,cov
som-rs-bc-l4bits,22357.7,22149.0,23568.481377796823,0.0,45135.0,10,1.0825934689167491,1.0541550060067368
som-rs-bc-nan,22578.4,22056.5,23807.306269761437,0.0,45841.0,10,1.0622364737979662,1.0544284036850013
som-rs-bc-l3bits,22767.1,22252.5,24008.562280292143,0.0,46684.0,10,1.0451440894975645,1.0545287840916122
som-rs-bc-baseline,46562.0,45042.0,49132.06078858624,0.0,98062.0,10,0.0,1.055196529113574
