exe,mean,median,std,min,max,n,pct_vs_baseline,cov
som-rs-bc-l4bits,14370.2,13885.5,15155.374087541797,0.0,29736.0,10,1.2746447509429233,1.0546390507816032
som-rs-bc-l3bits,14592.6,14187.5,15391.614312850863,0.0,30544.0,10,1.2399777969655852,1.0547547601421858
som-rs-bc-nan,14732.2,14455.5,15534.761656791949,0.0,30531.0,10,1.2187521212038934,1.054476701157461
som-rs-bc-baseline,32687.1,31507.5,34476.29366664707,0.0,67752.0,10,0.0,1.054736996143649
