exe,mean,median,std,min,max,n,pct_vs_baseline,cov
som-rs-bc-nan,14751.7,14343.5,15561.067223112374,0.0,30648.0,10,1.2486560870950467,1.0548660305668074
som-rs-bc-l4bits,14801.6,14517.0,15604.371297812675,0.0,30016.0,10,1.2410752891579286,1.0542354406153844
som-rs-bc-l3bits,14861.2,14209.5,15674.605093731849,0.0,30600.0,10,1.2320875837751997,1.0547334733219287
som-rs-bc-baseline,33171.5,31817.5,34993.37313216128,0.0,69102.0,10,0.0,1.0549228443742755
