exe,mean,median,std,min,max,n,pct_vs_baseline,cov
som-rs-bc-l3bits,13563.4,12598.0,14318.251671671835,0.0,28128.0,10,1.2040859961366621,1.055653572973726
som-rs-bc-nan,13734.6,13116.0,14485.15166337968,0.0,27910.0,10,1.176612351287988,1.0546467799120236
som-rs-bc-l4bits,14143.3,13856.5,14916.9111045149,0.0,29590.0,10,1.1137146210573206,1.054698062299103
som-rs-bc-baseline,29894.9,29459.5,31517.996099054264,0.0,61064.0,10,0.0,1.0542934112191131
