rank,exe,geo_mean_speedup_vs_baseline,median_speedup_vs_baseline,win_rate
1,som-rs-bc-nan,1.2795351152658065,1.286954985770036,0.48148148148148145
2,som-rs-bc-l4bits,1.2777092985801317,1.2770758816713643,0.37037037037037035
3,som-rs-bc-l3bits,1.2638282365372047,1.2619647803367753,0.14814814814814814
4,som-rs-bc-baseline,1.0,1.0,0.0
