exe,mean,median,std,min,max,n,pct_vs_baseline,cov
som-rs-bc-l3bits,223.2,0.0,454.3343512246269,0.0,1440.0,75,0.9111111111111112,2.0355481685691172
som-rs-bc-nan,227.76,0.0,471.78539097256413,0.0,1711.0,75,0.87284861257464,2.0714146073611
som-rs-bc-l4bits,257.9066666666667,0.0,531.6700148444378,0.0,1729.0,75,0.6539316548622238,2.061482247496915
som-rs-bc-baseline,426.56,0.0,543.2764275732535,0.0,1727.0,75,0.0,1.2736225327580024
