exe,mean,median,std,min,max,n,pct_vs_baseline,cov
som-rs-bc-nan,3719.9142999999995,3684.1095,3863.432042416519,54.792,7492.973,10,0.22834198088918356,1.0385809270973043
som-rs-bc-l3bits,3832.875,3823.957,3983.3021354679813,53.722,7650.251,10,0.19214086032025568,1.0392465539491846
som-rs-bc-l4bits,3992.6017999999995,3926.183,4152.324424140312,54.199,8181.669,10,0.14444843961148357,1.0400046466292512
som-rs-bc-baseline,4569.3269,4532.819,4741.43175621341,69.984,9159.475,10,0.0,1.0376652535438886
