exe,mean,median,std,min,max,n,pct_vs_baseline,cov
som-rs-bc-nan,10.5916,10.514,0.1379539778331896,10.463,10.778,5,0.2569961101250047,0.013024847788170778
som-rs-bc-l4bits,10.8018,10.771,0.10543813351913987,10.682,10.914,5,0.23253531818770945,0.009761163280114414
som-rs-bc-l3bits,10.8998,10.875,0.04778284210885745,10.859,10.975,5,0.22145360465329622,0.0043838274196643465
som-rs-bc-baseline,13.3136,13.383,0.11918389152901497,13.141,13.413,5,0.0,0.008952040885186198
