exe,mean,median,std,min,max,n,pct_vs_baseline,cov
som-rs-bc-nan,10.7578,10.756,0.07579709756976229,10.652,10.84,5,0.24694640168064108,0.00704578050993347
som-rs-bc-l4bits,10.828199999999999,10.824,0.08056488068631341,10.721,10.947,5,0.238839326942613,0.0074402837670447
som-rs-bc-l3bits,10.861,10.925,0.18163837700221824,10.576,11.017,5,0.23509805726912814,0.016723909124594257
som-rs-bc-baseline,13.4144,13.422,0.1815676182583228,13.129,13.597,5,0.0,0.01353527688590789
