exe,mean,median,std,min,max,n,pct_vs_baseline,cov
som-rs-bc-l3bits,33.893,33.797,0.38953369558999623,33.616,34.567,5,0.30154899241731314,0.011493042681084479
som-rs-bc-l4bits,34.1844,34.246,0.30069802127716166,33.784,34.505,5,0.29045412527351666,0.008796352174593139
som-rs-bc-nan,34.3452,34.219,0.27963047044268985,34.039,34.644,5,0.2844123778577501,0.008141762762851574
som-rs-bc-baseline,44.1134,43.786,0.780190874081464,43.292,45.324,5,0.0,0.017686029054243473
