exe,mean,median,std,min,max,n,pct_vs_baseline,cov
som-rs-bc-l3bits,33.0746,33.102,0.07222741861647693,32.972,33.136,5,0.3931173770809022,0.002183773004555669
som-rs-bc-l4bits,33.381,33.272,0.5902791712401859,32.875,34.389,5,0.38033012791707876,0.01768308832090668
som-rs-bc-nan,34.3626,34.368,0.12751784188888934,34.188,34.543,5,0.3408996990914541,0.003710948586221338
som-rs-bc-baseline,46.076800000000006,45.557,1.797508748240186,44.932,49.252,5,0.0,0.039011145484065424
