exe,mean,median,std,min,max,n,pct_vs_baseline,cov
som-rs-bc-nan,9.400200000000002,9.409,0.024631280924873208,9.362,9.421,5,0.35499244696921317,0.002620293283640051
som-rs-bc-l4bits,9.6918,9.686,0.03589150317275664,9.663,9.752,5,0.314224395881054,0.0037032855788147337
som-rs-bc-l3bits,10.769400000000001,10.76,0.0359972221150467,10.73,10.815,5,0.182721414377774,0.0033425466706637967
som-rs-bc-baseline,12.7372,12.74,0.020437710243566883,12.708,12.763,5,0.0,0.00160456852711482
