exe,mean,median,std,min,max,n,pct_vs_baseline,cov
som-rs-bc-l4bits,53.898799999999994,53.605,0.6543750453677162,53.349,54.788,5,0.1685677603211948,0.01214080917140486
som-rs-bc-nan,54.467200000000005,54.542,0.3167107513173504,54.046,54.897,5,0.15637300981140956,0.005814705938938487
som-rs-bc-l3bits,56.05499999999999,55.537,1.8752409178556235,54.633,59.286,5,0.12361787530104396,0.033453588758462646
som-rs-bc-baseline,62.98440000000001,63.045,0.417524011285579,62.389,63.506,5,0.0,0.006629006726833611
