exe,mean,median,std,min,max,n,pct_vs_baseline,cov
som-rs-bc-l4bits,4445.7894,4432.82,46.31742673443775,4390.106,4495.061,5,0.25822289287927136,0.010418268290989617
som-rs-bc-l3bits,4502.6777999999995,4509.687,70.35158696646428,4421.712,4604.607,5,0.24232606650202704,0.015624388439800043
som-rs-bc-nan,4727.6384,4731.281,25.472505428402552,4691.651,4754.451,5,0.18321105099747048,0.005387997827499361
som-rs-bc-baseline,5593.794,5606.766,52.948523326907164,5535.483,5664.202,5,0.0,0.00946558334591999
