exe,mean,median,std,min,max,n,pct_vs_baseline,cov
som-rs-bc-l4bits,7.6331999999999995,7.648,0.1541093767426237,7.466,7.809,5,0.4263742598123985,0.020189353972465508
som-rs-bc-l3bits,7.8436,7.791,0.11566892408940234,7.75,8.017,5,0.3881126013565199,0.014746917753251355
som-rs-bc-nan,7.938599999999999,7.971,0.11221987346276956,7.742,8.023,5,0.37150127226463114,0.014135977812557576
som-rs-bc-baseline,10.8878,10.837,0.19030685746971931,10.671,11.154,5,0.0,0.017478908270699253
