exe,mean,median,std,min,max,n,pct_vs_baseline,cov
som-rs-bc-nan,6.401999999999999,6.434,0.06113509630318762,6.321,6.46,5,0.40346766635426445,0.009549374617805003
som-rs-bc-l4bits,6.518600000000001,6.543,0.05566237508407286,6.428,6.569,5,0.3783634522750281,0.008539007621893175
som-rs-bc-l3bits,6.531000000000001,6.528,0.07274613391789297,6.438,6.618,5,0.3757464400551216,0.01113859040237222
som-rs-bc-baseline,8.985,8.973,0.08711199687758321,8.862,9.076,5,0.0,0.009695269546753836
