exe,mean,median,std,min,max,n,pct_vs_baseline,cov
som-rs-bc-nan,67.4526,67.322,0.29957353020585376,67.286,67.987,5,0.39977702860972,0.004441245114433746
som-rs-bc-l3bits,70.089,69.931,0.3736315029544465,69.777,70.707,5,0.3471243704432936,0.005330815148660226
som-rs-bc-l4bits,73.107,73.07,0.4582122870460813,72.669,73.84,5,0.29151244066915605,0.0062676937508868
som-rs-bc-baseline,94.4186,94.334,0.2678400642174399,94.063,94.718,5,0.0,0.0028367298839152445
