exe,mean,median,std,min,max,n,pct_vs_baseline,cov
som-rs-bc-nan,67.4614,67.377,0.4058537914076996,66.957,68.078,5,0.42830122114275726,0.006016089073273007
som-rs-bc-l3bits,69.8586,69.837,0.10999909090533751,69.758,70.024,5,0.3792890209652069,0.001574596268824991
som-rs-bc-l4bits,73.075,72.97,0.2644598268168558,72.82,73.366,5,0.3185795415668833,0.003619019183261797
som-rs-bc-baseline,96.3552,96.487,0.3050880200860107,95.867,96.598,5,0.0,0.0031662849548961627
