exe,mean,median,std,min,max,n,pct_vs_baseline,cov
som-rs-bc-l3bits,32.328199999999995,32.278,0.35128578109567626,31.96,32.885,5,0.22152176737337692,0.01086623384833292
som-rs-bc-l4bits,32.3584,32.245,0.35152638592287827,32.082,32.935,5,0.220381724683544,0.010863528045975025
som-rs-bc-nan,35.6152,35.397,0.5522695899648994,35.13,36.482,5,0.10878501314045663,0.015506569946677243
som-rs-bc-baseline,39.489599999999996,39.638,0.8620700667579171,38.469,40.547,5,0.0,0.02183030637833549
