exe,mean,median,std,min,max,n,pct_vs_baseline,cov
som-rs-bc-l3bits,32.4122,31.975,1.022460610488246,31.882,34.239,5,0.2400269034499356,0.03154554798774061
som-rs-bc-l4bits,34.0132,32.761,2.779190115843099,32.662,38.982,5,0.18165888537391384,0.0817091633790146
som-rs-bc-nan,35.468,35.406,0.5392462331810972,34.788,36.299,5,0.13319048156084357,0.015203739516778425
som-rs-bc-baseline,40.192,40.038,0.45025770398739595,39.843,40.975,5,0.0,0.01120266978471825
