exe,mean,median,std,min,max,n,pct_vs_baseline,cov
som-rs-bc-nan,20.179399999999998,20.156,0.06305394515809372,20.105,20.252,5,0.17810242128110865,0.003124668977179387
som-rs-bc-l4bits,21.9478,21.967,0.07875722189107429,21.811,22.009,5,0.08317917968999167,0.003588387988366683
som-rs-bc-l3bits,22.0946,22.062,0.13165029434072661,21.962,22.313,5,0.07598236673214287,0.005958482812122718
som-rs-bc-baseline,23.773400000000002,23.857,0.1416520384604482,23.568,23.881,5,0.0,0.005958425738869837
