exe,mean,median,std,min,max,n,pct_vs_baseline,cov
som-rs-bc-nan,20.1172,20.124,0.11614947266345907,19.939,20.262,5,0.16335275286819217,0.005773640102174213
som-rs-bc-l4bits,21.9136,21.867,0.25562726771610306,21.588,22.241,5,0.06798517815420557,0.011665233814439575
som-rs-bc-l3bits,22.178199999999997,22.008,0.4053359100795282,21.813,22.766,5,0.055243437249190785,0.018276321346165525
som-rs-bc-baseline,23.403399999999998,23.449,0.28893563297039143,22.932,23.726,5,0.0,0.01234588277645092
