exe,mean,median,std,min,max,n,pct_vs_baseline,cov
som-rs-bc-l4bits,42.8304,42.822,0.2974597451757136,42.364,43.099,5,0.5061404983376294,0.006945061105563189
som-rs-bc-l3bits,43.208,43.171,0.2306935196315658,42.939,43.454,5,0.4929781521940382,0.005339139039797394
som-rs-bc-nan,59.0458,58.67,0.8556288330812598,58.377,60.413,5,0.09251801144196548,0.014490934716461795
som-rs-bc-baseline,64.5086,64.527,0.3091638724042598,64.203,64.996,5,0.0,0.004792599318606508
