exe,mean,median,std,min,max,n,pct_vs_baseline,cov
som-rs-bc-l4bits,53.9276,53.662,0.6515468517305542,53.423,55.044,5,0.34133542008173934,0.012081881109683246
som-rs-bc-l3bits,53.9498,54.058,0.5430287285218004,53.257,54.512,5,0.34078346907680857,0.010065444700847833
som-rs-bc-nan,54.975,54.995,0.1629677882282263,54.745,55.137,5,0.31577989995452493,0.002964398148762643
som-rs-bc-baseline,72.33500000000001,72.119,0.5565891662617938,71.644,72.933,5,0.0,0.007694603805374904
