exe,mean,median,std,min,max,n,pct_vs_baseline,cov
som-rs-bc-l3bits,39.919599999999996,39.797,0.35471298256477773,39.552,40.436,5,0.32564454553652866,0.008885684790548447
som-rs-bc-l4bits,40.178399999999996,40.071,0.34497072339547474,39.929,40.785,5,0.31710570853991227,0.008585974638001384
som-rs-bc-nan,40.5892,40.55,0.24033975950724312,40.31,40.906,5,0.30377538852699737,0.005921273627153113
som-rs-bc-baseline,52.919200000000004,52.981,0.23232025309903578,52.592,53.165,5,0.0,0.004390093824151457
