exe,mean,median,std,min,max,n,pct_vs_baseline,cov
som-rs-bc-l3bits,36.9654,37.127,0.48170872942058834,36.444,37.443,5,0.37407413419035085,0.01303134091395165
som-rs-bc-nan,37.0832,37.077,0.2629024533928892,36.814,37.356,5,0.36970919446002504,0.0070895298516009736
som-rs-bc-l4bits,37.669200000000004,36.778,1.9912741398411242,36.48,41.167,5,0.34840134645811416,0.05286212979944156
som-rs-bc-baseline,50.7932,50.983,0.7177803981720291,49.999,51.69,5,0.0,0.014131427005426496
