exe,mean,median,std,min,max,n,pct_vs_baseline,cov
som-rs-bc-l4bits,37.0246,37.165,0.32720223104373725,36.64,37.351,5,0.38074685479383974,0.008837427846451744
som-rs-bc-l3bits,37.1848,37.006,0.27226310804073445,36.958,37.518,5,0.37479830468363406,0.007321892494802565
som-rs-bc-nan,37.2704,37.355,0.27292453169328545,36.967,37.595,5,0.37164076586245387,0.007322822714360067
som-rs-bc-baseline,51.1216,51.235,0.9036325580677143,49.896,52.343,5,0.0,0.01767613998911838
