exe,mean,median,std,min,max,n,pct_vs_baseline,cov
som-rs-bc-nan,193.2106,191.684,2.549425288177707,190.955,196.01,5,0.38753774378838424,0.013195059112583403
som-rs-bc-l3bits,200.0806,200.657,2.4273313123675506,196.876,202.813,5,0.33989502230601065,0.012131767459551553
som-rs-bc-l4bits,211.3674,210.857,2.123454802909636,208.899,213.845,5,0.26834601740855013,0.010046273942479473
som-rs-bc-baseline,268.087,268.939,3.686713509346779,264.054,271.775,5,0.0,0.01375192944583952
