exe,mean,median,std,min,max,n,pct_vs_baseline,cov
som-rs-bc-nan,193.8904,193.87,2.665842887343506,190.031,197.378,5,0.40106472522621006,0.013749225786029148
som-rs-bc-l3bits,200.442,201.788,2.139111380924327,197.782,202.191,5,0.35526985362349195,0.010671971846840118
som-rs-bc-l4bits,202.07319999999999,202.99,2.3446333828554016,198.443,204.476,5,0.3443296785521286,0.011602891342619416
som-rs-bc-baseline,271.65299999999996,272.774,6.726105819863376,264.477,281.162,5,0.0,0.02475991732049113
