exe,mean,median,std,min,max,n,pct_vs_baseline,cov
som-rs-bc-l4bits,62.1336,62.158,0.311278492671756,61.792,62.524,5,0.30363281702653655,0.005009825483663525
som-rs-bc-nan,62.798,62.787,0.10558172190298971,62.683,62.964,5,0.2898404407783688,0.0016812911542244929
som-rs-bc-l3bits,62.955999999999996,62.268,1.6783645313220874,61.882,65.929,5,0.2866033420166467,0.026659326058232534
som-rs-bc-baseline,80.99940000000001,81.081,0.8477489604829984,80.011,82.052,5,0.0,0.010466114075943752
