exe,mean,median,std,min,max,n,pct_vs_baseline,cov
som-rs-bc-nan,48.8636,48.862,0.8185739429031443,48.147,50.19,5,0.295893057408787,0.01675222339130036
som-rs-bc-l3bits,48.9024,48.967,0.34648780642325555,48.464,49.303,5,0.29486487370763004,0.007085292468738866
som-rs-bc-l4bits,49.294799999999995,49.44,0.3283210319184512,48.81,49.593,5,0.28455739753483145,0.006660358332287609
som-rs-bc-baseline,63.322,62.5,1.4252254207668347,62.114,65.103,5,0.0,0.02250758694871979
