exe,mean,median,std,min,max,n,pct_vs_baseline,cov
som-rs-bc-l3bits,43.2644,43.258,0.11992205802103179,43.131,43.449,5,0.3137544956130214,0.002771841468297995
som-rs-bc-l4bits,44.0376,44.001,0.16564057473940552,43.894,44.289,5,0.2906879575635368,0.0037613442771496524
som-rs-bc-nan,45.305600000000005,45.209,0.2686555415397207,45.003,45.707,5,0.25456455714083903,0.00592985285571145
som-rs-bc-baseline,56.838800000000006,56.841,0.24368052856147654,56.481,57.167,5,0.0,0.004287221555723845
