exe,mean,median,std,min,max,n,pct_vs_baseline,cov
som-rs-bc-nan,19.990199999999998,20.038,0.15236206877041325,19.758,20.163,5,0.3544136626947205,0.007621838139208876
som-rs-bc-l3bits,20.5356,20.554,0.16705927091903644,20.302,20.762,5,0.3184421200257115,0.008135105422731085
som-rs-bc-l4bits,20.831799999999998,20.772,0.25696244861847084,20.601,21.235,5,0.2996956576003995,0.012335105397443853
som-rs-bc-baseline,27.075,27.02,0.18409915806434377,26.957,27.399,5,0.0,0.006799599559163204
