exe,mean,median,std,min,max,n,pct_vs_baseline,cov
som-rs-bc-l3bits,32.574200000000005,32.519,0.10604574484627027,32.483,32.731,5,0.24478268077189913,0.003255513407735885
som-rs-bc-l4bits,32.717,32.651,0.14147968051985418,32.612,32.962,5,0.23934957361616305,0.0043243476027708585
som-rs-bc-nan,35.6096,35.485,0.45354415441057305,35.053,36.252,5,0.13867608734723236,0.012736569756767081
som-rs-bc-baseline,40.5478,40.51,0.1326167410246552,40.432,40.77,5,0.0,0.0032706272849490035
