exe,mean,median,std,min,max,n,pct_vs_baseline,cov
som-rs-bc-baseline,31948800.0,31948800.0,0.0,31948800.0,31948800.0,5,0.0,0.0
som-rs-bc-l3bits,110229505.0,110229505.0,95985905.08246873,19169280.0,201289730.0,10,-0.7101610861810548,0.8707823289460361
som-rs-bc-l4bits,110229505.0,110229505.0,95985905.08246872,19169280.0,201289730.0,10,-0.7101610861810548,0.870782328946036
som-rs-bc-nan,112160770.0,112160770.0,98021637.13759041,19169280.0,205152260.0,10,-0.7151517415581223,0.8739386965477359
