exe,mean,median,std,min,max,n,pct_vs_baseline,cov
som-rs-bc-l3bits,3.0420933333333333,3.043,0.019139017267926245,3.007,3.136,75,0.09263358126202581,0.006291397130460465
som-rs-bc-nan,3.0520666666666667,3.048,0.013238287360993965,3.033,3.093,75,0.08906314846770491,0.004337483026035025
som-rs-bc-l4bits,3.0750533333333334,3.074,0.01694098926028575,3.046,3.142,75,0.08092217370755628,0.0055091692481059685
som-rs-bc-baseline,3.3238933333333334,3.304,0.037921531120492985,3.281,3.481,75,0.0,0.011408768969870569
