exe,mean,median,std,min,max,n,pct_vs_baseline,cov
som-rs-bc-l3bits,8.864173333333333,8.864,0.10320202875301712,8.662,9.103,75,0.13270649039654758,0.011642600485363981
som-rs-bc-nan,9.108573333333334,9.122,0.08966682675226048,8.518,9.273,75,0.10231386400797482,0.009844222961253406
som-rs-bc-l4bits,9.252839999999999,9.266,0.06658403347284926,8.962,9.36,75,0.08512701685824764,0.0071960645026661295
som-rs-bc-baseline,10.040506666666667,10.028,0.08615736283784009,9.89,10.518,75,0.0,0.008580977603836734
