exe,mean,median,std,min,max,n,pct_vs_baseline,cov
som-rs-bc-nan,3.1843066666666666,3.171,0.05432633459594554,3.11,3.346,75,0.06734276011941898,0.01706064782159137
som-rs-bc-l3bits,3.2381466666666667,3.24,0.04755926411966025,3.144,3.347,75,0.049596271118046875,0.014687186534579528
som-rs-bc-l4bits,3.2620533333333332,3.27,0.049708853236522056,3.173,3.423,75,0.041904076777816934,0.01523851640577777
som-rs-bc-baseline,3.398746666666667,3.402,0.04944942634415254,3.297,3.529,75,0.0,0.014549312200620779
