exe,mean,median,std,min,max,n,pct_vs_baseline,cov
som-rs-bc-l3bits,3.06648,3.063,0.021538375556703973,3.041,3.157,75,0.062395102310575545,0.007023810870021645
som-rs-bc-l4bits,3.0845866666666666,3.078,0.0321806947892229,3.038,3.2,75,0.05615879383083211,0.010432741325436222
som-rs-bc-nan,3.1034,3.103,0.01203149021346712,3.073,3.142,75,0.04975618139245119,0.0038768738201543852
som-rs-bc-baseline,3.2578133333333334,3.246,0.042497915158191034,3.232,3.434,75,0.0,0.013044920260887988
