exe,mean,median,std,min,max,n,pct_vs_baseline,cov
som-rs-bc-l3bits,1482.8817999999999,1474.995,16.082426408972047,1471.643,1509.647,5,0.22367608800647498,0.010845386603957273
som-rs-bc-nan,1521.8888000000002,1516.96,17.127689473481293,1505.208,1550.515,5,0.19231247381543226,0.011254231894919847
som-rs-bc-l4bits,1532.4162000000001,1531.455,2.1742862507038807,1530.37,1535.567,5,0.1841215199891515,0.0014188614364060367
som-rs-bc-baseline,1814.5669999999998,1814.757,15.114157849513246,1794.666,1833.818,5,0.0,0.008329346808088788
