exe,mean,median,std,min,max,n,pct_vs_baseline,cov
som-rs-bc-nan,1849.679,1845.0125,1947.3218136256894,2.287,3712.646,10,0.1555309867279675,1.0527890588722093
som-rs-bc-l3bits,1957.2332999999999,1952.1565,2060.62053136579,2.311,3932.343,10,0.09203200252110988,1.0528231516221342
som-rs-bc-l4bits,1957.7578,1953.1164999999999,2061.210283597576,2.29,3921.442,10,0.0917394378405747,1.0528423299335474
som-rs-bc-baseline,2137.3614000000002,2129.9925000000003,2250.0656224900645,2.746,4290.749,10,0.0,1.0527305407920553
