exe,mean,median,std,min,max,n,pct_vs_baseline,cov
som-rs-bc-nan,3.1452,3.128,0.039796101941392784,3.097,3.234,75,0.11987366993089976,0.012652963862836316
som-rs-bc-l4bits,3.15076,3.109,0.09599842904120034,3.08,3.403,75,0.1178974808194424,0.030468340667394643
som-rs-bc-l3bits,3.165653333333333,3.152,0.045708090635570735,3.096,3.275,75,0.11263814947098849,0.014438754286288687
som-rs-bc-baseline,3.522226666666666,3.533,0.06459176864412822,3.411,3.646,75,0.0,0.0183383338884479
