exe,mean,median,std,min,max,n,pct_vs_baseline,cov
som-rs-bc-l3bits,3.03524,3.033,0.014366665621537664,3.009,3.063,75,0.10180853353716124,0.004733288182001313
som-rs-bc-nan,3.0554,3.052,0.013114877048604031,3.035,3.094,75,0.09453863105758109,0.004292360099693667
som-rs-bc-l4bits,3.05852,3.057,0.01226218092677974,3.036,3.092,75,0.09342209085875952,0.004009187753155036
som-rs-bc-baseline,3.344253333333333,3.334,0.0466459040041069,3.266,3.462,75,0.0,0.013948077299997278
