exe,mean,median,std,min,max,n,pct_vs_baseline,cov
som-rs-bc-l4bits,3.17396,3.157,0.03888320696372394,3.12,3.24,75,0.30863232890983716,0.01225069218380948
som-rs-bc-nan,3.196746666666667,3.168,0.07652681800436947,3.11,3.406,75,0.29930429269757597,0.02393896857775284
som-rs-bc-l3bits,3.19744,3.217,0.038317746929193666,3.129,3.275,75,0.2990225513744331,0.011983883021790454
som-rs-bc-baseline,4.153546666666667,4.138,0.1857023405325827,3.862,4.468,75,0.0,0.04470934250550116
