exe,mean,median,std,min,max,n,pct_vs_baseline,cov
som-rs-bc-nan,1275.4265,1272.0335,1303.8203626198963,38.456,2522.13,10,0.15408328116124292,1.0222622492318423
som-rs-bc-l3bits,1349.4764,1347.935,1381.6461141282966,38.704,2662.71,10,0.09075519957221934,1.0238386637426906
som-rs-bc-l4bits,1354.7674,1351.521,1386.0016678074942,39.708,2673.433,10,0.08649529063070172,1.0230550777996978
som-rs-bc-baseline,1471.9484,1469.2465,1507.2634361371752,41.709,2907.757,10,0.0,1.023992034053079
