exe,mean,median,std,min,max,n,pct_vs_baseline,cov
som-rs-bc-nan,24.7266,24.703,0.11888355647439258,24.571,24.864,5,0.18001666221801615,0.004807921690583929
som-rs-bc-l3bits,25.3838,25.481,0.15288786740614885,25.2,25.516,5,0.14946540707065137,0.006023048850296206
som-rs-bc-l4bits,25.5254,25.541,0.04885488716597368,25.451,25.579,5,0.14308884483690765,0.0019139714623854543
som-rs-bc-baseline,29.1778,29.186,0.041433078572559665,29.111,29.217,5,0.0,0.00142002065174755
