exe,mean,median,std,min,max,n,pct_vs_baseline,cov
som-rs-bc-nan,1233.5178,1231.117,1281.1305334610433,18.024,2455.946,10,0.15542913122129232,1.0385991458421138
som-rs-bc-l3bits,1306.4603,1312.046,1353.9494145759122,17.787,2595.747,10,0.09091902754335512,1.0363494509369418
som-rs-bc-l4bits,1316.9001,1304.47,1368.8413039408713,18.428,2671.928,10,0.0822707052721765,1.0394420229301153
som-rs-bc-baseline,1425.2423999999999,1431.8395,1475.7226397295212,20.693,2830.864,10,0.0,1.0354187047266636
