exe,mean,median,std,min,max,n,pct_vs_baseline,cov
som-rs-bc-l4bits,6.437293333333334,6.463,0.056928065878656724,6.279,6.525,75,0.04654129996665257,0.008843478606742075
som-rs-bc-l3bits,6.438253333333334,6.454,0.04411259957700797,6.299,6.515,75,0.046385251486428025,0.006851640855543838
som-rs-bc-nan,6.732826666666667,6.396,1.588099130384476,6.204,16.799,75,0.0006040058459844122,0.2358740554315685
som-rs-bc-baseline,6.736893333333334,6.738,0.04334761233903772,6.617,6.823,75,0.0,0.006434362278612752
