exe,mean,median,std,min,max,n,pct_vs_baseline,cov
som-rs-bc-nan,6.954599999999999,6.924,0.10117460155592385,6.883,7.129,5,0.17392804762315595,0.014547867822149924
som-rs-bc-l4bits,6.969800000000001,6.94,0.0454774669479291,6.937,7.04,5,0.1713679015179772,0.006524931410934186
som-rs-bc-l3bits,7.023000000000001,6.999,0.08755284118747939,6.933,7.167,5,0.1624946604015376,0.012466587097747313
som-rs-bc-baseline,8.1642,8.116,0.13725960804256954,8.06,8.402,5,0.0,0.016812376968051927
