exe,mean,median,std,min,max,n,pct_vs_baseline,cov
som-rs-bc-nan,11.2776,11.305,0.07512855648819566,11.19,11.366,5,0.13392920479534665,0.006661750415708632
som-rs-bc-l3bits,11.2988,11.297,0.04953988292275222,11.225,11.353,5,0.1318016072503274,0.004384526049027527
som-rs-bc-l4bits,11.3456,11.282,0.14130569698352555,11.251,11.594,5,0.12713298547454532,0.01245466938579939
som-rs-bc-baseline,12.788,12.76,0.09076618313006256,12.715,12.934,5,0.0,0.007097762209107175
