exe,mean,median,std,min,max,n,pct_vs_baseline,cov
som-rs-bc-l3bits,25.05392,24.963,0.26983337000372504,24.894,26.071,75,0.21360489695824025,0.01077010583588217
som-rs-bc-l4bits,25.09972,24.77,0.945955123785593,24.721,30.291,75,0.21139040594875147,0.03768787555341625
som-rs-bc-nan,25.15052,25.058,0.25932122207065145,24.981,26.489,75,0.20894359241876503,0.010310769800014132
som-rs-bc-baseline,30.405559999999998,30.088,1.1093280927197768,29.926,37.041,75,0.0,0.03648438287996593
