exe,mean,median,std,min,max,n,pct_vs_baseline,cov
som-rs-bc-l4bits,18.639986666666665,18.607,0.1620745151727083,18.373,19.419,75,0.24589431036789033,0.008694990939158842
som-rs-bc-nan,18.736706666666667,18.656,0.25325389318708247,18.437,19.426,75,0.23946292945113812,0.013516457171079646
som-rs-bc-l3bits,19.29764,19.231,0.48548010898101296,19.093,23.253,75,0.20343489324774078,0.025157486043941794
som-rs-bc-baseline,23.223453333333335,23.072,0.494828807233844,23.016,26.571,75,0.0,0.02130728794427834
