exe,mean,median,std,min,max,n,pct_vs_baseline,cov
som-rs-bc-l4bits,5.99972,5.971,0.09789687900499637,5.917,6.571,75,0.4483831467690713,0.01631690795653737
som-rs-bc-nan,6.1621733333333335,6.159,0.022170331607885528,6.135,6.281,75,0.41019943180219953,0.0035978104491086794
som-rs-bc-l3bits,6.306546666666667,6.267,0.3652102797957207,6.157,9.409,75,0.37791628170514846,0.05790970860899901
som-rs-bc-baseline,8.689893333333332,8.514,1.1731197788356884,8.439,18.365,75,0.0,0.13499817936035524
