exe,mean,median,std,min,max,n,pct_vs_baseline,cov
som-rs-bc-nan,2337.969133333333,2323.061,33.852038176382244,2320.473,2432.55,15,0.4896259964880634,0.014479249402287054
som-rs-bc-l3bits,2402.6403333333337,2389.736,35.230758881706635,2387.149,2492.57,15,0.44953014884597065,0.014663351144542218
som-rs-bc-l4bits,2404.5728,2391.064,37.00756806036919,2387.403,2500.259,15,0.448365214810714,0.015390496000108288
som-rs-bc-baseline,3482.6996,3471.395,38.02793420218505,3458.279,3577.018,15,0.0,0.0109190968414804
