exe,mean,median,std,min,max,n,pct_vs_baseline,cov
som-rs-bc-nan,9.080653333333332,9.035,0.2907282325905504,8.998,11.516,75,0.5458182891392547,0.03201622415463687
som-rs-bc-l3bits,9.427186666666666,9.404,0.10796667320299609,9.381,10.092,75,0.4889956565337983,0.011452692836215127
som-rs-bc-l4bits,9.591746666666666,9.537,0.16911175685417706,9.495,10.305,75,0.4634498270040497,0.017630965738688234
som-rs-bc-baseline,14.037040000000001,13.906,0.63132981571934,13.857,18.089,75,0.0,0.04497599320934755
