exe,mean,median,std,min,max,n,pct_vs_baseline,cov
som-rs-bc-l3bits,5.578906666666667,5.577,0.030099013781694512,5.529,5.8,75,0.36221673063778326,0.00539514560469934
som-rs-bc-l4bits,5.663786666666667,5.654,0.08894415091495339,5.614,6.409,75,0.3418019511092696,0.015704007963156578
som-rs-bc-nan,5.666173333333334,5.6,0.3016174135293653,5.545,7.888,75,0.34123676649496537,0.05323123663637162
som-rs-bc-baseline,7.59968,7.555,0.20753099149869733,7.518,9.02,75,0.0,0.027307859212321747
