exe,mean,median,std,min,max,n,pct_vs_baseline,cov
som-rs-bc-nan,3738.1788,3713.081,3865.156696961566,71.388,7484.04,10,0.2669884062260477,1.0339678500561733
som-rs-bc-l4bits,4089.4074,4040.1745,4228.4447104138835,78.492,8334.975,10,0.15817005661993955,1.0339993785930655
som-rs-bc-l3bits,4113.3888,4073.9795,4261.075543994179,70.748,8202.706,10,0.15141782853106434,1.0359039106622205
som-rs-bc-baseline,4736.2292,4688.4310000000005,4885.444543328018,101.643,9474.758,10,0.0,1.031505093403845
