exe,mean,median,std,min,max,n,pct_vs_baseline,cov
som-rs-bc-nan,119.86890000000001,119.587,84.16750138919414,38.739,202.835,10,0.2943290544920325,0.7021629579415022
som-rs-bc-l4bits,123.5824,123.53899999999999,93.92096092779289,34.224,213.123,10,0.2554360491461567,0.7599865428070088
som-rs-bc-l3bits,124.498,123.6165,94.47068959912028,34.834,216.493,10,0.24620315185786112,0.7588129094372622
som-rs-bc-baseline,155.1498,152.57899999999998,115.1376266298535,45.73,281.177,10,0.0,0.7421061878897266
