exe,mean,median,std,min,max,n,pct_vs_baseline,cov
som-rs-bc-nan,3650.1778,3611.29,3788.06441420754,56.409,7349.866,10,0.26515620691134556,1.0377753144538713
som-rs-bc-l3bits,4022.6378000000004,3992.203,4179.621152775633,57.035,8065.51,10,0.14801414633949883,1.0390249782805783
som-rs-bc-l4bits,4039.1747000000005,3983.9055000000003,4200.222708087409,55.402,8333.913,10,0.1433140289772561,1.0398715133780692
som-rs-bc-baseline,4618.0451,4586.7725,4790.206300153991,72.793,9243.777,10,0.0,1.0372801036858628
