exe,mean,median,std,min,max,n,pct_vs_baseline,cov
som-rs-bc-l3bits,23695360.0,23695360.0,0.0,23695360.0,23695360.0,20,0.5740708729472774,0.0
som-rs-bc-l4bits,23695360.0,23695360.0,0.0,23695360.0,23695360.0,20,0.5740708729472774,0.0
som-rs-bc-nan,23695360.0,23695360.0,0.0,23695360.0,23695360.0,20,0.5740708729472774,0.0
som-rs-bc-baseline,37298176.0,37298176.0,0.0,37298176.0,37298176.0,20,0.0,0.0
