exe,mean,median,std,min,max,n,pct_vs_baseline,cov
som-rs-bc-l3bits,18814.4,18740.0,19832.335740737482,0.0,37846.0,10,0.7086540096947018,1.05410407670388
som-rs-bc-nan,18859.4,18453.0,19887.912516568114,0.0,39135.0,10,0.7045770279012056,1.054535802653749
som-rs-bc-l4bits,19028.9,18626.0,20065.537789121594,0.0,39211.0,10,0.689393501463563,1.0544770212214891
som-rs-bc-baseline,32147.3,31682.5,33891.10421810157,0.0,65304.0,10,0.0,1.0542441890330314
