exe,mean,median,std,min,max,n,pct_vs_baseline,cov
som-rs-bc-nan,11070.5,10894.5,11670.557772541217,0.0,22427.0,10,0.8531502642157083,1.0542033126363954
som-rs-bc-l4bits,11087.6,10904.0,11690.664254485762,0.0,22827.0,10,0.8502922183339947,1.0543908739930878
som-rs-bc-l3bits,11096.4,11000.5,11697.324311330538,0.0,22498.0,10,0.8488248440935799,1.0541548890929076
som-rs-bc-baseline,20515.3,20170.0,21627.755911996253,0.0,41616.0,10,0.0,1.0542256711818132
