exe,mean,median,std,min,max,n,pct_vs_baseline,cov
som-rs-bc-nan,22594.9,21606.5,23844.201416929674,0.0,47806.0,10,0.6517001624260341,1.0552913009984408
som-rs-bc-l3bits,23049.8,21982.0,24325.14546627739,0.0,48483.0,10,0.6191029857092036,1.0553300014003328
som-rs-bc-l4bits,23209.6,22292.0,24480.99751598733,0.0,47831.0,10,0.6079553288294499,1.0547789499167297
som-rs-bc-baseline,37320.0,36707.0,39361.15317868057,0.0,78176.0,10,0.0,1.0546932791715051
