exe,mean,median,std,min,max,n,pct_vs_baseline,cov
som-rs-bc-l3bits,16240640.0,16240640.0,0.0,16240640.0,16240640.0,5,0.3974779319041615,0.0
som-rs-bc-l4bits,16240640.0,16240640.0,0.0,16240640.0,16240640.0,5,0.3974779319041615,0.0
som-rs-bc-nan,16240640.0,16240640.0,0.0,16240640.0,16240640.0,5,0.3974779319041615,0.0
som-rs-bc-baseline,22695936.0,22695936.0,0.0,22695936.0,22695936.0,5,0.0,0.0
