rank,exe,geo_mean_speedup_vs_baseline,median_speedup_vs_baseline,win_rate
1,som-rs-bc-nan,1.7043299053333334,1.6489236461486714,0.9615384615384616
2,som-rs-bc-l3bits,1.549240086076314,1.6489236461486714,0.9615384615384616
3,som-rs-bc-l4bits,1.549240086076314,1.6489236461486714,0.9615384615384616
4,som-rs-bc-baseline,1.0,1.0,0.11538461538461539
