exe,mean,median,std,min,max,n,pct_vs_baseline,cov
som-rs-bc-nan,35.2102,35.196,0.0467675100898026,35.156,35.278,5,0.3221850486506752,0.001328237558713174
som-rs-bc-l3bits,35.3112,35.268,0.20880301721957897,35.048,35.598,5,0.3184032261718661,0.005913223487720014
som-rs-bc-l4bits,35.8224,35.85,0.28805954245606974,35.498,36.262,5,0.29958908392514183,0.00804132449126998
som-rs-bc-baseline,46.5544,46.352,0.7031801333939951,46.116,47.794,5,0.0,0.015104482785601255
