exe,mean,median,std,min,max,n,pct_vs_baseline,cov
som-rs-bc-nan,119.6084,119.991,83.71606053958025,38.602,200.201,10,0.27812177071175603,0.6999179032541214
som-rs-bc-l3bits,126.6025,125.2055,96.26047959832738,34.664,226.281,10,0.20751248987974158,0.7603363250988517
som-rs-bc-l4bits,129.96800000000002,126.9915,101.51710795723054,33.855,246.936,10,0.17624415240674618,0.7810930995108836
som-rs-bc-baseline,152.8741,152.83800000000002,114.26608553571597,44.208,262.533,10,0.0,0.747452220720946
