exe,mean,median,std,min,max,n,pct_vs_baseline,cov
som-rs-bc-l3bits,44.5828,44.55,0.10686299640193722,44.491,44.764,5,0.33920704845815,0.0023969556959620576
som-rs-bc-l4bits,48.6442,48.673,0.07573770527287091,48.55,48.728,5,0.22739401614169852,0.0015569729849164117
som-rs-bc-nan,48.807,48.791,0.12111977542911635,48.677,49.005,5,0.22329993648452073,0.0024816066430863675
som-rs-bc-baseline,59.705600000000004,59.689,0.08556459548200718,59.615,59.836,5,0.0,0.0014331083764673191
