exe,mean,median,std,min,max,n,pct_vs_baseline,cov
som-rs-bc-l3bits,5.0,5.0,5.063696835418333,0.0,10.0,40,0.8,1.0127393670836666
som-rs-bc-l4bits,5.0,5.0,5.063696835418333,0.0,10.0,40,0.8,1.0127393670836666
som-rs-bc-nan,5.0,5.0,5.063696835418333,0.0,10.0,40,0.8,1.0127393670836666
som-rs-bc-baseline,9.0,9.0,9.114654303753,0.0,18.0,40,0.0,1.0127393670836666
