exe,mean,median,std,min,max,n,pct_vs_baseline,cov
som-rs-bc-nan,5.618826666666666,5.596,0.08753167354663029,5.5,5.858,75,0.3991295928924665,0.015578283285709168
som-rs-bc-l4bits,5.7128266666666665,5.677,0.14056434261367445,5.54,6.184,75,0.3761080329177384,0.024605042444897293
som-rs-bc-l3bits,5.83544,5.792,0.23530975789831193,5.651,7.658,75,0.3471934707008668,0.040324252823833666
som-rs-bc-baseline,7.861466666666667,7.833,0.16041671522170806,7.73,8.854,75,0.0,0.020405443668913528
