exe,mean,median,std,min,max,n,pct_vs_baseline,cov
som-rs-bc-nan,8.539959999999999,8.52,0.06608275728819726,8.48,8.774,75,0.3267525062568599,0.007738064029362815
som-rs-bc-l4bits,8.657613333333334,8.577,0.20227829994992216,8.546,9.89,75,0.30872249626917947,0.02336421045406534
som-rs-bc-l3bits,8.869746666666666,8.838,0.24984200917689883,8.486,10.201,75,0.277422429201285,0.028167885573984697
som-rs-bc-baseline,11.330413333333333,11.275,0.13488544622605955,11.171,12.008,75,0.0,0.011904724237132234
