exe,mean,median,std,min,max,n,pct_vs_baseline,cov
som-rs-bc-nan,1260.0128,1662.2959999999998,740.4362536081862,10.836,1757.4,20,0.2697984496665431,0.5876418506289668
som-rs-bc-l3bits,1329.6082000000001,1753.6644999999999,781.5329871894892,11.125,1869.086,20,0.20333365874247744,0.587791942911821
som-rs-bc-l4bits,1332.5899,1765.8035,782.9327172849864,11.24,1859.538,20,0.20064117250175761,0.5875271284023588
som-rs-bc-baseline,1599.9623,2110.0995000000003,940.6389861902163,13.423,2290.588,20,0.0,0.5879132190741096
