exe,mean,median,std,min,max,n,pct_vs_baseline,cov
som-rs-bc-l3bits,35.324,35.379,0.3069356610105777,34.966,35.692,5,0.3147435171554751,0.008689153578603151
som-rs-bc-nan,35.3528,35.43,0.2090901719354618,35.121,35.576,5,0.3136724672444615,0.005914387882585306
som-rs-bc-l4bits,35.934000000000005,35.786,0.27845376635987235,35.664,36.287,5,0.2924250013914398,0.007749033404571501
som-rs-bc-baseline,46.442,46.337,0.31628468189275233,46.059,46.888,5,0.0,0.006810315703302018
