exe,mean,median,std,min,max,n,pct_vs_baseline,cov
som-rs-bc-l4bits,6.6961466666666665,6.694,0.02544824813878812,6.649,6.774,75,0.6633904872653129,0.0038004317117886883
som-rs-bc-nan,7.2268,7.206,0.106873883746344,7.177,8.089,75,0.5412501614361358,0.014788548700163835
som-rs-bc-l3bits,8.052546666666666,8.037,0.10850062813784203,8.016,8.927,75,0.38320299499454435,0.013474076292780508
som-rs-bc-baseline,11.138306666666667,11.005,0.3821936318834367,10.949,13.064,75,0.0,0.034313441290606414
