exe,mean,median,std,min,max,n,pct_vs_baseline,cov
som-rs-bc-l4bits,6.155906666666667,6.048,0.3493819320091046,5.967,8.437,75,0.38428782762571645,0.05675556029803971
som-rs-bc-nan,6.16728,6.161,0.03928260738855359,6.127,6.448,75,0.3817350058156377,0.006369519040574385
som-rs-bc-l3bits,6.271826666666667,6.26,0.0539487678223471,6.23,6.584,75,0.3587025151630465,0.008601763200675258
som-rs-bc-baseline,8.521546666666666,8.39,0.430690717817803,8.347,11.031,75,0.0,0.05054137877370497
