exe,mean,median,std,min,max,n,pct_vs_baseline,cov
som-rs-bc-l4bits,9.9012,9.853,0.12197417759509634,9.836,10.119,5,0.3884781642629178,0.012319130771532374
som-rs-bc-nan,10.0196,10.016,0.01040672859259802,10.009,10.033,5,0.37207074134695994,0.0010386371304840533
som-rs-bc-l3bits,10.6992,10.627,0.15821725569608397,10.622,10.982,5,0.28491849857933316,0.014787765038141542
som-rs-bc-baseline,13.7476,13.393,0.8390666242915392,13.337,15.248,5,0.0,0.06103368037268608
