exe,mean,median,std,min,max,n,pct_vs_baseline,cov
som-rs-bc-nan,55.274,55.27,0.2672162045984509,54.931,55.618,5,0.14277237037305057,0.0048343923833710405
som-rs-bc-l4bits,55.7856,55.855,0.4652545539809361,55.26,56.339,5,0.13229220443985534,0.008340047502956607
som-rs-bc-l3bits,55.8524,55.554,0.7315868369510211,55.366,57.123,5,0.1309379722267976,0.013098574760458299
som-rs-bc-baseline,63.1656,63.038,0.283657011194857,62.965,63.66,5,0.0,0.0044906881466313464
