exe,mean,median,std,min,max,n,pct_vs_baseline,cov
som-rs-bc-nan,2352.826866666667,2339.176,35.86626253950049,2335.309,2445.532,15,0.11776554291301711,0.015243902153460826
som-rs-bc-l3bits,2425.213133333333,2412.099,33.21847428522394,2404.185,2506.352,15,0.08440316599527997,0.013697136069672699
som-rs-bc-l4bits,2439.9664666666667,2426.366,37.36488710936025,2420.002,2532.775,15,0.0778462884339639,0.015313688782127351
som-rs-bc-baseline,2629.9087999999997,2615.655,39.65766711350688,2610.192,2732.242,15,0.0,0.015079483787995571
