exe,mean,median,std,min,max,n,pct_vs_baseline,cov
som-rs-bc-nan,5405.8087,5362.065500000001,5691.5186379395955,6.463,10897.583,10,0.2877740568215077,1.0528523952280435
som-rs-bc-l3bits,5987.302000000001,5927.3595,6304.441481945583,6.58,12081.031,10,0.1627040359748011,1.05296867970675
som-rs-bc-l4bits,6206.672100000001,6118.6665,6535.91525641658,6.729,12538.87,10,0.12160914703388293,1.0530466490112438
som-rs-bc-baseline,6961.4601999999995,6929.2765,7328.581959559158,8.941,13986.421,10,0.0,1.052736315228687
