exe,mean,median,std,min,max,n,pct_vs_baseline,cov
som-rs-bc-nan,9.04692,9.038,0.03476203272133153,9.005,9.218,75,0.48713890104772317,0.0038424162832578963
som-rs-bc-l3bits,9.175573333333334,9.145,0.13347164627875224,9.048,9.93,75,0.4662873019378988,0.014546409410066172
som-rs-bc-l4bits,10.666373333333333,10.666,0.010296645128433703,10.646,10.687,75,0.26134968711639583,0.0009653370275589176
som-rs-bc-baseline,13.454026666666667,13.352,0.38278223903744873,13.249,15.948,75,0.0,0.02845112831430754
