exe,mean,median,std,min,max,n,pct_vs_baseline,cov
som-rs-bc-l3bits,5.610226666666667,5.6,0.04217036660760535,5.551,5.805,75,0.3583242031813332,0.00751669569041869
som-rs-bc-l4bits,5.65772,5.656,0.018613102040432792,5.607,5.696,75,0.34692184602042264,0.003289859173029558
som-rs-bc-nan,5.6608,5.595,0.1809795419228223,5.542,6.275,75,0.3461889956661013,0.03197066526335894
som-rs-bc-baseline,7.6205066666666665,7.516,0.5125899887596094,7.462,10.575,75,0.0,0.06726455486244258
