exe,mean,median,std,min,max,n,pct_vs_baseline,cov
som-rs-bc-l3bits,6.304826666666667,6.299,0.06414686976697222,6.207,6.513,75,0.4108619428078384,0.010174247946595235
som-rs-bc-l4bits,6.3318,6.313,0.09284453730892357,6.257,6.971,75,0.40485170093812206,0.014663213826861804
som-rs-bc-nan,6.798746666666667,6.797,0.018878769237636463,6.735,6.898,75,0.3083646789800474,0.002776801396380381
som-rs-bc-baseline,8.895240000000001,8.85,0.29537876920540074,8.788,11.285,75,0.0,0.03320638557311559
