exe,mean,median,std,min,max,n,pct_vs_baseline,cov
som-rs-bc-l3bits,6.731133333333333,6.721,0.07780785990542996,6.605,7.327,75,0.6622956015331745,0.011559399591762155
som-rs-bc-nan,6.77144,6.725,0.2758998173054655,6.645,9.052,75,0.652400867959154,0.0407446299908831
som-rs-bc-l4bits,6.925746666666667,6.89,0.26695136176755047,6.771,9.127,75,0.6155851306525795,0.038544777136070595
som-rs-bc-baseline,11.189133333333334,11.121,0.42418730989254505,11.06,14.674,75,0.0,0.037910649310868134
