exe,mean,median,std,min,max,n,pct_vs_baseline,cov
som-rs-bc-nan,3475.0179,3445.743,3624.221730611797,36.945,6993.99,10,0.2852459551359434,1.0429361329654725
som-rs-bc-l3bits,3798.5982000000004,3740.017,3964.7626311656704,37.479,7662.511,10,0.17576339082138226,1.0437436186764029
som-rs-bc-l4bits,3976.9428,3941.3835,4152.325663535631,37.831,8024.675,10,0.12303669542342943,1.0440999210588675
som-rs-bc-baseline,4466.2527,4425.726500000001,4656.963478872044,48.498,9025.491,10,0.0,1.0427004004659306
