exe,mean,median,std,min,max,n,pct_vs_baseline,cov
som-rs-bc-nan,3738.78865,4905.1044999999995,2099.6578268823578,191.031,5011.347,20,0.31374719456260247,0.5615877289245429
som-rs-bc-l3bits,4004.95055,5253.102999999999,2247.6930861067185,207.835,5356.689,20,0.22643788947656285,0.5612286738738181
som-rs-bc-l4bits,4430.93425,5815.026,2489.591231780618,225.9,5934.931,20,0.10852989976098137,0.5618659838567042
som-rs-bc-baseline,4911.8231,6442.177,2748.652805461114,268.918,6652.924,20,0.0,0.5595993075282198
