exe,mean,median,std,min,max,n,pct_vs_baseline,cov
som-rs-bc-l4bits,16.410253333333333,16.312,0.44058898212639236,16.275,19.88,75,0.25759748579952846,0.02684839613240131
som-rs-bc-nan,16.55605333333333,16.525,0.07456701925355777,16.496,16.806,75,0.24652252066515046,0.004503912723174632
som-rs-bc-l3bits,16.743573333333334,16.616,0.4606392788562714,16.561,20.399,75,0.23256206560447468,0.02751140808988631
som-rs-bc-baseline,20.63749333333333,20.458,0.47488551602816176,20.434,23.458,75,0.0,0.02301081378236642
