exe,mean,median,std,min,max,n,pct_vs_baseline,cov
som-rs-bc-l4bits,129.79198666666665,134.79,19.938289514652205,104.735,159.465,75,0.16517599083415457,0.15361726117851915
som-rs-bc-nan,129.96641333333332,132.936,20.479876349060135,104.277,169.459,75,0.16361221940314663,0.15757822212523526
som-rs-bc-l3bits,131.60634666666667,136.028,20.1556935115677,106.348,156.609,75,0.14911256559460773,0.15315137926150446
som-rs-bc-baseline,151.23050666666668,130.26,28.416293443923525,125.591,195.094,75,0.0,0.1879005372015121
