exe,mean,median,std,min,max,n,pct_vs_baseline,cov
som-rs-bc-l3bits,47.606,47.596,0.26615127277546546,47.255,47.99,5,0.3010965004411208,0.005590708582436362
som-rs-bc-nan,47.745799999999996,47.593,0.7509764976349136,47.177,49.022,5,0.29728688177808316,0.01572863995649698
som-rs-bc-l4bits,48.134,47.796,1.0588751106716978,47.362,49.999,5,0.2868242822121576,0.021998485699748573
som-rs-bc-baseline,61.94,61.83,0.714264306822064,61.221,62.965,5,0.0,0.011531551611592897
