exe,mean,median,std,min,max,n,pct_vs_baseline,cov
som-rs-bc-l3bits,44.4654,44.366,0.18243848278255134,44.319,44.726,5,0.34664705591313694,0.004102931330485081
som-rs-bc-l4bits,47.7998,47.753,0.09713238388920496,47.705,47.909,5,0.2527081703270726,0.002032066742731245
som-rs-bc-nan,48.8356,48.894,0.1252888662252163,48.668,48.975,5,0.22613830893856135,0.0025655232294722764
som-rs-bc-baseline,59.879200000000004,59.765,0.2701003517213544,59.624,60.227,5,0.0,0.00451075418043919
