exe,mean,median,std,min,max,n,pct_vs_baseline,cov
som-rs-bc-nan,34.8832,34.891,0.15050647826588687,34.701,35.091,5,0.29920993486836056,0.004314583474735313
som-rs-bc-l3bits,35.2856,35.235,0.27722157203219217,35.021,35.579,5,0.2843936336635906,0.007856507244660488
som-rs-bc-l4bits,35.3312,35.322,0.09477710694044203,35.235,35.467,5,0.28273593877366165,0.002682532915396081
som-rs-bc-baseline,45.3206,45.276,0.2925829796826876,45.062,45.769,5,0.0,0.0064558496507700165
