exe,mean,median,std,min,max,n,pct_vs_baseline,cov
som-rs-bc-l3bits,1994752.0,1994752.0,0.0,1994752.0,1994752.0,5,0.6016427104722792,0.0
som-rs-bc-l4bits,1994752.0,1994752.0,0.0,1994752.0,1994752.0,5,0.6016427104722792,0.0
som-rs-bc-nan,1994752.0,1994752.0,0.0,1994752.0,1994752.0,5,0.6016427104722792,0.0
som-rs-bc-baseline,3194880.0,3194880.0,0.0,3194880.0,3194880.0,5,0.0,0.0
