exe,mean,median,std,min,max,n,pct_vs_baseline,cov
som-rs-bc-l3bits,294.96666666666664,0.0,599.7653154924697,0.0,1876.0,300,0.02035258221267955,2.033332519468199
som-rs-bc-nan,295.79,0.0,600.4305527944902,0.0,1846.0,300,0.017512424355116796,2.029921744462254
som-rs-bc-l4bits,300.12666666666667,0.0,607.072748272015,0.0,1899.0,300,0.002809924698460753,2.02272178948449
som-rs-bc-baseline,300.97,0.0,608.2299686378202,0.0,1838.0,300,0.0,2.020898988729176
