exe,mean,median,std,min,max,n,pct_vs_baseline,cov
som-rs-bc-baseline,298.3433333333333,0.0,604.5688577834298,0.0,2048.0,300,0.0,2.026419866764566
som-rs-bc-l3bits,300.61,0.0,611.7241365988913,0.0,2265.0,300,-0.00754022376722896,2.034942738428167
som-rs-bc-nan,304.3066666666667,0.0,615.2019539164062,0.0,1919.0,300,-0.019596459711694436,2.021651252847148
som-rs-bc-l4bits,304.72333333333336,0.0,616.0354527560868,0.0,1941.0,300,-0.02093702484220672,2.021622190914447
