exe,mean,median,std,min,max,n,pct_vs_baseline,cov
som-rs-bc-l3bits,7696.75,7944.5,744.5284537350148,5919.0,8819.0,20,0.48572449410465457,0.09673283577289307
som-rs-bc-nan,7706.55,7977.0,813.3843187571296,5738.0,8821.0,20,0.48383517916577445,0.105544545712041
som-rs-bc-l4bits,7765.7,8060.5,706.7424231157903,6006.0,8552.0,20,0.47253306205493395,0.0910082057143323
som-rs-bc-baseline,11435.25,11872.0,988.4851714671925,9288.0,12595.0,20,0.0,0.08644193799586301
