exe,mean,median,std,min,max,n,pct_vs_baseline,cov
som-rs-bc-nan,7673.4,7954.5,789.9114140872151,5808.0,8650.0,20,0.4864532019704433,0.10294151407292923
som-rs-bc-l3bits,7715.7,7995.0,834.4596171364902,5973.0,8642.0,20,0.4783039776041058,0.10815086345198624
som-rs-bc-l4bits,7752.6,8071.0,753.8098601525177,6048.0,8930.0,20,0.47126770373810056,0.09723316824710647
som-rs-bc-baseline,11406.15,11749.0,953.8690892746679,9174.0,12401.0,20,0.0,0.08362761223328362
