exe,mean,median,std,min,max,n,pct_vs_baseline,cov
som-rs-bc-l3bits,18504.725,12184.0,19403.72405967407,0.0,48575.0,40,0.6580643592379787,1.048582135626121
som-rs-bc-nan,18523.275,12613.0,19392.704199084903,0.0,48315.0,40,0.6564039026576023,1.0469371209510685
som-rs-bc-l4bits,18622.85,13079.5,19487.647883421057,0.0,47617.0,40,0.6475472336403936,1.0464374616893257
som-rs-bc-baseline,30682.025,21626.5,31990.726074019465,0.0,74988.0,40,0.0,1.0426536734136507
