exe,mean,median,std,min,max,n,pct_vs_baseline,cov
som-rs-bc-l3bits,18418.975,12965.5,19204.504401495273,0.0,45758.0,40,0.670437687222009,1.0426478347191022
som-rs-bc-l4bits,18552.875,12819.0,19373.62616891046,0.0,47489.0,40,0.658381787189317,1.0442384896632173
som-rs-bc-nan,18585.475,13311.0,19421.62971453708,0.0,46462.0,40,0.6554728894472701,1.0449896876209557
som-rs-bc-baseline,30767.75,21577.5,32022.917709080855,0.0,75376.0,40,0.0,1.0407949138003545
