exe,mean,median,std,min,max,n,pct_vs_baseline,cov
som-rs-bc-nan,11772.425,8089.0,12352.47604969681,0.0,29830.0,40,0.7344493594140544,1.0492720106262567
som-rs-bc-l3bits,11775.1,7503.5,12363.590443573026,0.0,29598.0,40,0.7340553371096634,1.049977532553696
som-rs-bc-l4bits,11981.925,8416.5,12557.398804602031,0.0,31530.0,40,0.7041230853973799,1.048028493301538
som-rs-bc-baseline,20418.675,14048.0,21205.972666629103,0.0,49080.0,40,0.0,1.0385577255443412
