exe,mean,median,std,min,max,n,pct_vs_baseline,cov
som-rs-bc-nan,11857.175,7817.0,12455.279164721835,0.0,31342.0,40,0.7372350496640221,1.0504423831748992
som-rs-bc-l4bits,11871.525,8454.5,12356.848257996611,0.0,29695.0,40,0.7351351237520034,1.040881290145673
som-rs-bc-l3bits,11950.4,7720.5,12527.5248866093,0.0,30568.0,40,0.7236828892756728,1.048293353076826
som-rs-bc-baseline,20598.7,14362.5,21463.765760593855,0.0,51928.0,40,0.0,1.0419961337654247
