exe,mean,median,std,min,max,n,pct_vs_baseline,cov
som-rs-bc-nan,11981.975,8443.5,12511.530473696288,0.0,30204.0,40,0.7350207290534321,1.044196008896387
som-rs-bc-l3bits,11989.825,8244.5,12586.368279045757,0.0,31247.0,40,0.73388477313055,1.049754127274231
som-rs-bc-l4bits,12065.475,8492.0,12644.49999414461,0.0,31735.0,40,0.7230133915158747,1.0479902361195568
som-rs-bc-baseline,20788.975,14357.5,21627.783461577783,0.0,50238.0,40,0.0,1.0403487166432104
