exe,mean,median,std,min,max,n,pct_vs_baseline,cov
som-rs-bc-nan,11916.6,8453.0,12445.09179494532,0.0,30034.0,40,0.7482566336035448,1.0443492099210614
som-rs-bc-l4bits,11960.9,8525.5,12461.597728159162,0.0,30204.0,40,0.7417815548997151,1.041861208450799
som-rs-bc-l3bits,12012.175,8569.5,12523.03572577762,0.0,29778.0,40,0.7343466108344245,1.0425285783613392
som-rs-bc-baseline,20833.275,14796.5,21634.877777812784,0.0,50280.0,40,0.0,1.0384770410707285
