exe,mean,median,std,min,max,n,pct_vs_baseline,cov
som-rs-bc-l3bits,10870.175,7443.5,11377.97777735231,0.0,27383.0,40,0.7879081983500726,1.0467152347917408
som-rs-bc-nan,10920.375,7690.5,11433.883190084076,0.0,28873.0,40,0.7796893421700262,1.0470229447325825
som-rs-bc-l4bits,10940.1,7323.0,11431.42937604424,0.0,27935.0,40,0.7764805623348963,1.044910866997947
som-rs-bc-baseline,19434.875,13871.0,20236.55063617911,0.0,48519.0,40,0.0,1.0412493332825197
