exe,mean,median,std,min,max,n,pct_vs_baseline,cov
som-rs-bc-nan,10928.525,7052.0,11473.944420445025,0.0,27711.0,40,0.7835366620838584,1.049907871414031
som-rs-bc-l3bits,10947.925,7567.5,11490.049821113338,0.0,29017.0,40,0.780376190008609,1.049518499726052
som-rs-bc-l4bits,10986.4,7279.0,11533.993730462966,0.0,29271.0,40,0.7741412109517221,1.04984287213855
som-rs-bc-baseline,19491.425,13478.0,20310.617850804298,0.0,48940.0,40,0.0,1.0420283714917866
