exe,mean,median,std,min,max,n,pct_vs_baseline,cov
som-rs-bc-l4bits,296.64666666666665,0.0,600.2745819495204,0.0,1789.0,300,0.8460795109782684,2.0235338852603113
som-rs-bc-nan,299.13666666666666,0.0,605.9634397303643,0.0,1850.0,300,0.830712829141641,2.0257076689485216
som-rs-bc-l3bits,303.67333333333335,0.0,615.6897646079823,0.0,2052.0,300,0.8033632631555838,2.0274739235405885
som-rs-bc-baseline,547.6333333333333,0.0,685.6022513423568,0.0,1784.0,300,0.0,1.2519366693207563
