exe,mean,median,std,min,max,n,pct_vs_baseline,cov
som-rs-bc-l4bits,292.84,0.0,594.4331110211317,0.0,1784.0,300,0.854619132176843,2.029890421462682
som-rs-bc-l3bits,294.38666666666666,0.0,597.2175201522571,0.0,1790.0,300,0.8448752207980434,2.0286839988866925
som-rs-bc-nan,299.24333333333334,0.0,607.8225769683648,0.0,1886.0,300,0.8149332204560391,2.0311983902789197
som-rs-bc-baseline,543.1066666666667,0.0,679.0488837907624,0.0,1813.0,300,0.0,1.2503048212581243
