exe,mean,median,std,min,max,n,pct_vs_baseline,cov
som-rs-bc-baseline,331.1333333333333,0.0,667.7247841643946,0.0,1828.0,75,0.0,2.0164831412252706
som-rs-bc-nan,333.3066666666667,0.0,672.6392546133826,0.0,1854.0,75,-0.006520521641731336,2.018079210176962
som-rs-bc-l3bits,335.61333333333334,0.0,676.5080230309358,0.0,1818.0,75,-0.013348694926701432,2.015736431898621
som-rs-bc-l4bits,352.8666666666667,0.0,716.2850356193771,0.0,2327.0,75,-0.06159078027583609,2.0299028026243446
