exe,mean,median,std,min,max,n,pct_vs_baseline,cov
som-rs-bc-l3bits,326.6,0.0,658.2200404284432,0.0,1747.0,75,0.04584609103898751,2.015370607558001
som-rs-bc-nan,338.4,0.0,683.5001532256299,0.0,1923.0,75,0.009377462568952,2.0197995071679373
som-rs-bc-l4bits,340.82666666666665,0.0,687.4622028594447,0.0,1926.0,75,0.0021907518973476314,2.0170434713425536
som-rs-bc-baseline,341.5733333333333,0.0,688.4418005850549,0.0,1887.0,75,0.0,2.0155021876758186
