exe,mean,median,std,min,max,n,pct_vs_baseline,cov
som-rs-bc-l3bits,8219.0,8153.0,163.25287133768887,8046.0,8470.0,5,0.44594232875045625,0.01986286304145138
som-rs-bc-nan,8397.8,8397.0,299.9261575788282,8063.0,8862.0,5,0.41515635047274313,0.03571484883884211
som-rs-bc-l4bits,8476.8,8478.0,358.2774064883246,7974.0,8915.0,5,0.40196772366930933,0.04226564346077819
som-rs-bc-baseline,11884.2,11954.0,260.73204636177735,11519.0,12158.0,5,0.0,0.02193938560119969
