exe,mean,median,std,min,max,n,pct_vs_baseline,cov
som-rs-bc-nan,8098.8,8097.0,161.75506174460202,7848.0,8292.0,5,0.4379414234207537,0.019972719630636886
som-rs-bc-l3bits,8138.0,8126.0,117.14307491268966,8022.0,8294.0,5,0.43101499139837807,0.014394577895390717
som-rs-bc-l4bits,8333.4,8359.0,250.83520486566476,8074.0,8642.0,5,0.39746082031343755,0.0300999837840095
som-rs-bc-baseline,11645.6,11599.0,249.70242289573417,11332.0,12022.0,5,0.0,0.021441782552700947
