exe,mean,median,std,min,max,n,pct_vs_baseline,cov
som-rs-bc-l3bits,22694.4,21872.5,23938.297837936967,0.0,47452.0,10,0.5944594261139313,1.0548107831860267
som-rs-bc-nan,22939.4,21792.0,24197.196624586264,0.0,47047.0,10,0.5774300984332634,1.054831278263
som-rs-bc-l4bits,25262.9,21512.5,27654.329359473213,0.0,70221.0,10,0.43234941356693013,1.0946617118174562
som-rs-bc-baseline,36185.3,35525.5,38154.58121626929,0.0,74022.0,10,0.0,1.0544221331941226
