exe,mean,median,std,min,max,n,pct_vs_baseline,cov
som-rs-bc-l4bits,22133.2,21328.0,23346.67464210791,0.0,45902.0,10,0.6509406683172789,1.0548259918180791
som-rs-bc-nan,22558.4,22108.0,23787.882210159954,0.0,46822.0,10,0.6198223278246682,1.0545021903220066
som-rs-bc-l3bits,23227.6,22203.5,24504.346472502475,0.0,48458.0,10,0.5731543508584616,1.0549667840199795
som-rs-bc-baseline,36540.6,35441.5,38531.95157614868,0.0,75330.0,10,0.0,1.0544969588936328
