exe,mean,median,std,min,max,n,pct_vs_baseline,cov
som-rs-bc-l4bits,14564.9,14350.0,15357.041609271262,0.0,30010.0,10,0.6515939004043969,1.0543870269807045
som-rs-bc-nan,14636.0,14380.5,15431.542545492117,0.0,29899.0,10,0.6435706477179557,1.0543551889513607
som-rs-bc-l3bits,14923.3,14306.5,15753.953133878633,0.0,31225.0,10,0.6119289969376747,1.0556614913510172
som-rs-bc-baseline,24055.3,23744.0,25361.269868530722,0.0,49390.0,10,0.0,1.054290317249451
