exe,mean,median,std,min,max,n,pct_vs_baseline,cov
som-rs-bc-nan,14620.4,14370.0,15413.182887097366,0.0,29706.0,10,0.6449207956006677,1.0542244321015408
som-rs-bc-l4bits,14621.1,14329.5,15420.434389687816,0.0,30563.0,10,0.6448420433483117,1.0546699215303785
som-rs-bc-l3bits,14761.0,14284.5,15571.605761770365,0.0,30769.0,10,0.6292527606530725,1.0549153689973827
som-rs-bc-baseline,24049.4,23537.0,25371.456145308915,0.0,50809.0,10,0.0,1.0549725209489182
