exe,mean,median,std,min,max,n,pct_vs_baseline,cov
som-rs-bc-nan,14660.8,14046.0,15463.03437089744,0.0,30243.0,10,0.6968719305904181,1.0547196858900907
som-rs-bc-l3bits,14902.6,14715.5,15709.838928377194,0.0,30112.0,10,0.6693395783286138,1.054167657212647
som-rs-bc-l4bits,14908.4,14711.5,15716.2740014575,0.0,30286.0,10,0.6686901344208633,1.0541891820354632
som-rs-bc-baseline,24877.5,24181.5,26238.041433723247,0.0,51418.0,10,0.0,1.0546896365681135
