exe,mean,median,std,min,max,n,pct_vs_baseline,cov
som-rs-bc-nan,14584.3,13804.5,15385.836618642339,0.0,29953.0,10,0.7013980787559226,1.0549588680047957
som-rs-bc-l4bits,14837.5,14397.0,15651.763019261156,0.0,30672.0,10,0.6723639427127213,1.0548787207589658
som-rs-bc-l3bits,15011.2,14401.0,15833.101786377101,0.0,30909.0,10,0.6530124173950116,1.054752570505829
som-rs-bc-baseline,24813.7,23972.0,26173.739570841273,0.0,51952.0,10,0.0,1.0548100271560175
