exe,mean,median,std,min,max,n,pct_vs_baseline,cov
som-rs-bc-nan,13534.5,13057.0,14274.533650681708,0.0,28036.0,10,0.9450515349661974,1.0546775758751123
som-rs-bc-l3bits,13584.7,13376.0,14320.768795703672,0.0,27549.0,10,0.9378639204399064,1.0541836621864062
som-rs-bc-l4bits,13684.6,13088.5,14440.616547317732,0.0,28660.0,10,0.9237171711266678,1.0552457906930222
som-rs-bc-baseline,26325.3,22521.0,29289.721147528875,0.0,77711.0,10,0.0,1.1126073073252298
