exe,mean,median,std,min,max,n,pct_vs_baseline,cov
som-rs-bc-nan,13216.7,12584.0,13945.378016070814,0.0,27654.0,10,0.7588732436992591,1.0551331282446308
som-rs-bc-l4bits,13454.7,13338.0,14183.537750583322,0.0,27308.0,10,0.7277605595070866,1.0541697511340513
som-rs-bc-l3bits,13518.3,13270.5,14251.951016927082,0.0,27464.0,10,0.7196319063787608,1.0542709524812353
som-rs-bc-baseline,23246.5,22328.5,24524.042875195853,0.0,48205.0,10,0.0,1.0549563536530597
