exe,mean,median,std,min,max,n,pct_vs_baseline,cov
som-rs-bc-l3bits,336.5733333333333,0.0,680.366995031305,0.0,1971.0,75,0.7594184526403358,2.021452467113571
som-rs-bc-l4bits,338.8933333333333,0.0,683.090207594657,0.0,1826.0,75,0.7473738049337058,2.015649587661773
som-rs-bc-nan,340.2133333333333,0.0,686.1873176873462,0.0,1879.0,75,0.7405941370120708,2.0169324669443083
som-rs-bc-baseline,592.1733333333333,0.0,742.78039338205,0.0,1941.0,75,0.0,1.2543293518486422
