exe,mean,median,std,min,max,n,pct_vs_baseline,cov
som-rs-bc-l4bits,331.9066666666667,0.0,670.2099746274223,0.0,1824.0,75,0.7869682239987144,2.0192724097961943
som-rs-bc-l3bits,338.93333333333334,0.0,683.4197660124973,0.0,1872.0,75,0.7499213217938632,2.016384046063623
som-rs-bc-nan,339.92,0.0,686.4542810704876,0.0,1895.0,75,0.7448419235898642,2.019458346288796
som-rs-bc-baseline,593.1066666666667,0.0,746.8887643460076,0.0,1967.0,75,0.0,1.2592823623845193
