exe,mean,median,std,min,max,n,pct_vs_baseline,cov
som-rs-bc-nan,5.00711,5.52,1.0393648584254551,2.646,7.598,300,0.37797518595224266,0.207577796059095
som-rs-bc-l4bits,5.1011999999999995,5.5625,1.0166479808944942,2.731,7.662,300,0.3525588750359394,0.19929584821110607
som-rs-bc-l3bits,5.120896666666667,5.5915,0.9736286192810724,2.748,8.281,300,0.3473564850947326,0.1901285424520847
som-rs-bc-baseline,6.899673333333333,7.761,1.857611093997888,2.854,21.451,300,0.0,0.269231745367349
