exe,mean,median,std,min,max,n,pct_vs_baseline,cov
som-rs-bc-nan,5.032133333333333,5.518000000000001,1.0724006587084036,2.627,12.397,300,0.3338146842955936,0.21311054132940377
som-rs-bc-l3bits,5.07971,5.593,1.0179083245019191,2.756,7.988,300,0.3213221489678215,0.20038709385022355
som-rs-bc-l4bits,5.152056666666667,5.5725,1.0016753792222426,2.718,7.687,300,0.30276776200054734,0.19442243050294658
som-rs-bc-baseline,6.7119333333333335,7.7615,1.7696321487893991,2.818,9.407,300,0.0,0.26365460753325903
