exe,mean,median,std,min,max,n,pct_vs_baseline,cov
som-rs-bc-l4bits,20.928873333333335,24.753,6.557644351091863,8.827,30.105,300,0.2191788632673648,0.31333002243592006
som-rs-bc-nan,20.962383333333335,24.988500000000002,6.6914524244155205,8.681,28.668,300,0.21722991103905964,0.3192123871609154
som-rs-bc-l3bits,21.349146666666666,24.950000000000003,6.669130307770957,8.758,31.134,300,0.1951784489746975,0.3123839285896965
som-rs-bc-baseline,25.51604,29.939500000000002,7.515701624027164,10.203,56.092,300,0.0,0.29454812047743945
