exe,mean,median,std,min,max,n,pct_vs_baseline,cov
som-rs-bc-l4bits,15.609716666666667,18.2795,4.468750233778482,7.053,23.13,300,0.19797241675324018,0.28628003500673077
som-rs-bc-l3bits,15.95108,18.743499999999997,4.648241946972207,7.285,19.656,300,0.17233503938291328,0.29140609582374405
som-rs-bc-nan,15.967803333333334,18.477,4.461197510618801,7.244,24.463,300,0.1711072343284119,0.2793870526515002
som-rs-bc-baseline,18.70001,22.137999999999998,5.654249660267528,7.564,25.977,300,0.0,0.30236613029979814
