exe,mean,median,std,min,max,n,pct_vs_baseline,cov
som-rs-bc-l4bits,15.602819999999998,18.2815,4.444551015949519,7.093,22.666,300,0.1940149280706951,0.28485562327512076
som-rs-bc-nan,15.853733333333333,18.469,4.5750740859424095,7.254,21.126,300,0.1751175327788197,0.2885802346834653
som-rs-bc-l3bits,16.06461,18.743,4.540202678195868,7.239,21.457,300,0.1596920186671198,0.2826214068188315
som-rs-bc-baseline,18.63,22.295499999999997,5.887861997619343,7.523,31.676,300,0.0,0.31604197518085575
