exe,mean,median,std,min,max,n,pct_vs_baseline,cov
som-rs-bc-l4bits,20.779763333333335,24.750500000000002,6.615219696485123,8.803,28.282,300,0.22105015953823015,0.3183491356647688
som-rs-bc-nan,21.017546666666668,24.988500000000002,6.660348485450871,8.763,30.454,300,0.20723573192177192,0.31689466858727267
som-rs-bc-l3bits,21.297303333333332,24.9575,6.679209595507884,8.71,31.988,300,0.1913777503286409,0.31361762054888725
som-rs-bc-baseline,25.37313333333333,29.945500000000003,7.4071461492134905,10.331,35.026,300,0.0,0.29192871262306946
