exe,mean,median,std,min,max,n,pct_vs_baseline,cov
som-rs-bc-l4bits,78.60776666666666,92.379,24.15960893056459,28.402,117.067,300,0.13484715038759965,0.30734378999739964
som-rs-bc-l3bits,79.34487333333333,93.3375,23.981462486831614,27.582,107.288,300,0.12430452343444842,0.3022433772889626
som-rs-bc-nan,79.58597666666667,93.82499999999999,23.88326770909577,27.752,103.46,300,0.12089847654484198,0.30009391992671114
som-rs-bc-baseline,89.2078,90.17099999999999,30.041146496698808,26.828,125.15,300,0.0,0.3367547063900108
