exe,mean,median,std,min,max,n,pct_vs_baseline,cov
som-rs-bc-l4bits,79.05397666666667,93.0305,23.115141290050236,28.285,102.984,300,0.12519235275239993,0.2923969452860782
som-rs-bc-nan,79.45674666666667,93.848,24.248212884998562,27.932,109.726,300,0.1194886995960569,0.30517500278136933
som-rs-bc-l3bits,79.51244,93.42150000000001,24.02051773854648,27.541,112.965,300,0.11870457000187651,0.30209760558909377
som-rs-bc-baseline,88.95093,90.546,30.705415423769377,26.919,132.185,300,0.0,0.3451949903589471
