exe,mean,median,std,min,max,n,pct_vs_baseline,cov
som-rs-bc-l4bits,47.9798,53.8185,11.37297843042654,22.171,56.891,20,0.28294511440231096,0.23703680362207724
som-rs-bc-l3bits,48.13835,54.2655,11.961235204103913,21.192,56.375,20,0.27871956558544264,0.2484762191496782
som-rs-bc-nan,48.269999999999996,55.3605,13.128420212011715,22.41,55.986,20,0.2752320281748497,0.2719788732548522
som-rs-bc-baseline,61.55544999999999,69.7355,15.584404871790735,31.289,72.091,20,0.0,0.25317668657756115
