exe,mean,median,std,min,max,n,pct_vs_baseline,cov
som-rs-bc-l3bits,47.61225,54.376999999999995,12.624240979268087,24.038,56.19,20,0.2958881380317038,0.2651469102860732
som-rs-bc-nan,47.656099999999995,55.4195,13.748632142105901,21.314,55.949,20,0.2946957472390732,0.28849679562754615
som-rs-bc-l4bits,47.92595,53.661,10.665736747444571,26.876,55.23,20,0.28740588345144946,0.22254617274033317
som-rs-bc-baseline,61.700149999999994,69.8275,15.967924369201098,27.808,74.699,20,0.0,0.25879879334492867
