exe,mean,median,std,min,max,n,pct_vs_baseline,cov
som-rs-bc-l4bits,22.288,24.5685,4.763461434934187,12.852,26.587,20,0.28751121679827696,0.21372314406560422
som-rs-bc-nan,23.3173,25.158,4.136432649416389,12.817,26.022,20,0.23067636475921294,0.1773975824566476
som-rs-bc-l3bits,23.410249999999998,25.2435,4.055089354262446,14.237,27.471,20,0.22578998515607474,0.17321854120577296
som-rs-bc-baseline,28.696049999999996,31.813499999999998,6.148660765393937,15.935,32.885,20,0.0,0.2142685409801676
