exe,mean,median,std,min,max,n,pct_vs_baseline,cov
som-rs-bc-l4bits,22.4635,24.6075,4.355350786525034,10.892,25.25,20,0.2922029069379215,0.1938856717130026
som-rs-bc-nan,23.6311,25.049,4.167555169969181,11.67,28.83,20,0.2283558530919001,0.1763589155802811
som-rs-bc-l3bits,23.70335,25.16,3.2632035966451567,16.918,26.257,20,0.22461171100287514,0.1376684560049595
som-rs-bc-baseline,29.0274,31.967,6.409450903487016,14.859,34.859,20,0.0,0.22080692392315593
