exe,mean,median,std,min,max,n,pct_vs_baseline,cov
som-rs-bc-nan,7.2949399999999995,8.484,2.060115162965965,3.006,9.946,300,0.3103667290843608,0.28240330461470076
som-rs-bc-l4bits,7.299729999999999,8.525500000000001,2.071820060956858,3.046,9.587,300,0.3095068813047426,0.283821464760595
som-rs-bc-l3bits,7.313893333333334,8.438500000000001,1.9397237697583236,3.022,10.643,300,0.30697102500811235,0.2652108366029844
som-rs-bc-baseline,9.559046666666667,11.118500000000001,2.551158746069656,4.508,12.81,300,0.0,0.2668842233991593
