exe,mean,median,std,min,max,n,pct_vs_baseline,cov
som-rs-bc-nan,7.2293,8.4555,2.151407795298754,2.993,9.414,300,0.3247234633136449,0.29759558951748494
som-rs-bc-l3bits,7.32503,8.3645,1.9434406674399738,3.016,9.862,300,0.30741080013779243,0.26531504545919593
som-rs-bc-l4bits,7.415536666666667,8.532,1.9233536264982838,3.047,9.882,300,0.2914538439789254,0.25936809606024697
som-rs-bc-baseline,9.576823333333333,11.1785,2.502411976030624,4.547,13.687,300,0.0,0.2612987510504308
