exe,mean,median,std,min,max,n,pct_vs_baseline,cov
som-rs-bc-nan,1062.1627,1592.7055,724.2439203783644,6.856,1784.752,80,0.24540837764308598,0.6818577986012541
som-rs-bc-l4bits,1098.99045,1615.6805,766.9571696051756,5.225,1899.328,80,0.2036740856119359,0.6978742805318969
som-rs-bc-l3bits,1116.434875,1596.4885,768.1844816868971,4.886,1928.401,80,0.18486653778170448,0.688069227223753
som-rs-bc-baseline,1322.826325,1983.7640000000001,910.217537618799,6.942,2239.089,80,0.0,0.6880854428254586
