exe,mean,median,std,min,max,n,pct_vs_baseline,cov
som-rs-bc-nan,1055.7907375,1588.608,726.1183836884819,6.31,1782.644,80,0.24695547208283775,0.6877483935953567
som-rs-bc-l3bits,1103.6609,1592.592,768.047316667101,4.77,1895.057,80,0.19287005410810498,0.695908785630714
som-rs-bc-l4bits,1103.77485,1625.214,762.0551854341594,6.836,1887.296,80,0.19274690621914403,0.6904081801049909
som-rs-bc-baseline,1316.5240374999998,1974.333,917.3422148899234,7.501,2294.555,80,0.0,0.6967910868014998
