exe,mean,median,std,min,max,n,pct_vs_baseline,cov
som-rs-bc-l3bits,29.7027,33.337500000000006,7.0618073063188955,15.268,34.381,20,0.30062586902874155,0.23774967616812262
som-rs-bc-l4bits,30.8678,34.4685,6.632805293626363,16.906,34.977,20,0.2515339609560774,0.2148778109753971
som-rs-bc-nan,31.957099999999997,33.2535,3.4403538358415218,21.936,34.663,20,0.20887377139978303,0.10765538286770458
som-rs-bc-baseline,38.6321,42.718,8.400589233092994,19.817,44.0,20,0.0,0.21745101180347415
