exe,mean,median,std,min,max,n,pct_vs_baseline,cov
som-rs-bc-nan,30.24675,33.3715,6.967649319496038,16.968,38.426,20,0.26118177986064617,0.23036026414395064
som-rs-bc-l4bits,30.2588,34.2875,7.389509695293868,16.29,34.897,20,0.260679537853451,0.24421026925370035
som-rs-bc-l3bits,30.279500000000002,33.5085,6.160973850737694,18.297,34.727,20,0.25981769844284086,0.20347013163155578
som-rs-bc-baseline,38.14665,42.9075,9.058822859946803,19.231,44.203,20,0.0,0.23747361458861532
