exe,mean,median,std,min,max,n,pct_vs_baseline,cov
som-rs-bc-l3bits,31.07175,35.0985,7.043880299313205,16.442,35.891,20,0.2995679355041154,0.2266972506959925
som-rs-bc-nan,31.199099999999998,34.9655,7.123539221630305,16.529,35.931,20,0.29426329605661694,0.22832515109827867
som-rs-bc-l4bits,32.7404,34.412,4.951938763331941,19.15,37.168,20,0.2333340460104334,0.15124857250772564
som-rs-bc-baseline,40.37985,45.7085,10.512233271038879,17.271,46.952,20,0.0,0.2603336384617298
