exe,mean,median,std,min,max,n,pct_vs_baseline,cov
som-rs-bc-l4bits,31.0971,34.3525,7.093527671869542,13.899,35.88,20,0.28921346363487266,0.22810897710299488
som-rs-bc-nan,31.190649999999998,34.7785,7.3480849511964665,13.634,36.266,20,0.2853467305105859,0.23558614364229238
som-rs-bc-l3bits,31.3637,34.655,6.8346931868149525,15.424,36.146,20,0.2782547977438887,0.21791731163143865
som-rs-bc-baseline,40.0908,45.578,10.581211479738387,19.713,47.056,20,0.0,0.26393116325287563
