exe,mean,median,std,min,max,n,pct_vs_baseline,cov
som-rs-bc-nan,103.36510000000001,116.332,25.3452512024598,58.471,122.176,20,0.27407703373769277,0.24520124493141104
som-rs-bc-l4bits,103.7938,119.243,29.12376968009031,49.136,123.374,20,0.2688147076222278,0.2805925756653124
som-rs-bc-l3bits,106.04265000000001,120.759,27.076043144165965,57.031,124.206,20,0.2419069119830557,0.2553316344335601
som-rs-bc-baseline,131.6951,148.421,35.213138757392365,64.769,160.162,20,0.0,0.2673838188162837
