exe,mean,median,std,min,max,n,pct_vs_baseline,cov
som-rs-bc-nan,101.92150000000001,115.987,26.962266317948867,49.247,122.749,20,0.300818276811075,0.26453953599533825
som-rs-bc-l3bits,105.22094999999999,120.551,27.965642427196087,52.577,123.371,20,0.26002806475326445,0.2657801742637383
som-rs-bc-l4bits,105.57650000000001,119.62299999999999,27.615899473615592,56.222,129.492,20,0.2557846679895619,0.2615724093298754
som-rs-bc-baseline,132.58135,148.8835,34.23669365688314,65.589,158.921,20,0.0,0.2582315963510942
