exe,mean,median,std,min,max,n,pct_vs_baseline,cov
som-rs-bc-nan,8.66765,9.887,2.1040974380829818,4.587,10.059,20,0.42077725796496157,0.2427529305039984
som-rs-bc-l4bits,9.277750000000001,9.8015,1.600820081773878,4.296,10.265,20,0.3273476866697205,0.17254399846664092
som-rs-bc-l3bits,10.2075,10.6405,0.9954790700699676,7.222,10.751,20,0.2064462405094294,0.09752427823364855
som-rs-bc-baseline,12.3148,13.326,2.1884067648453875,6.66,15.023,20,0.0,0.17770542476088833
