exe,mean,median,std,min,max,n,pct_vs_baseline,cov
som-rs-bc-l4bits,5.361556666666667,5.919,1.152842742130295,2.691,8.163,300,0.3703196894931633,0.21502015437002342
som-rs-bc-nan,5.52645,6.136,1.1618801483358732,2.704,8.21,300,0.3294333010642758,0.21023987339718503
som-rs-bc-l3bits,5.675529999999999,6.2995,1.1840432129785932,2.791,8.003,300,0.29451287662415093,0.20862249216876544
som-rs-bc-baseline,7.3470466666666665,8.338999999999999,1.7467971736031378,3.134,11.039,300,0.0,0.2377550127084812
