exe,mean,median,std,min,max,n,pct_vs_baseline,cov
som-rs-bc-nan,9.24685,9.707,1.1443459761618833,5.988,10.04,20,0.3397210942104609,0.12375522217424131
som-rs-bc-l3bits,9.3995,10.6175,2.3457595448181086,4.515,10.774,20,0.31796372147454677,0.24956216232970996
som-rs-bc-l4bits,10.00805,9.804,2.434846530881848,4.237,18.683,20,0.23782355204060734,0.24328880559967705
som-rs-bc-baseline,12.388200000000001,13.350999999999999,2.0363486310964585,6.636,15.221,20,0.0,0.1643780881077524
