exe,mean,median,std,min,max,n,pct_vs_baseline,cov
som-rs-bc-nan,8.496353333333333,9.995,2.3712988626789944,3.845,11.918,300,0.3660072203525748,0.2790960744741855
som-rs-bc-l4bits,8.59924,9.795,2.1815376881186994,3.977,12.383,300,0.34966345863122794,0.2536895921172917
som-rs-bc-l3bits,9.30698,10.641,2.639614909255493,3.937,17.754,300,0.24702964871526545,0.28361669513155646
som-rs-bc-baseline,11.60608,13.319,3.0455179711573126,5.235,19.12,300,0.0,0.26240711516354465
