exe,mean,median,std,min,max,n,pct_vs_baseline,cov
som-rs-bc-l4bits,5.241343333333333,5.767,0.9689674324106389,2.759,7.692,300,0.3414652604961961,0.18487005540131357
som-rs-bc-nan,5.249626666666666,5.773,1.0585080498485597,2.778,8.145,300,0.3393485758987307,0.201634919406693
som-rs-bc-l3bits,5.481143333333334,6.083,1.1856345560319523,2.772,8.979,300,0.28277616044827636,0.2163115401163782
som-rs-bc-baseline,7.03108,7.953,1.6049733784141256,3.037,9.307,300,0.0,0.22826839950820152
