exe,mean,median,std,min,max,n,pct_vs_baseline,cov
som-rs-bc-l4bits,5.201173333333333,5.757,1.0283621015943463,2.761,7.973,300,0.34994026988782023,0.19771732947328802
som-rs-bc-nan,5.268786666666666,5.774,1.0046826323744598,2.779,7.426,300,0.3326167441460275,0.1906857680783798
som-rs-bc-l3bits,5.50179,6.0785,1.1869614248070302,2.776,8.919,300,0.27617981299419525,0.21574095427252407
som-rs-bc-baseline,7.021273333333333,7.955,1.6846477630573524,2.993,11.99,300,0.0,0.23993479288999134
