exe,mean,median,std,min,max,n,pct_vs_baseline,cov
som-rs-bc-l4bits,5.959523333333333,6.6485,1.4190948158751409,2.797,9.228,300,0.5806476692487152,0.23812220147502974
som-rs-bc-nan,6.362010000000001,7.184,1.5945004239279312,2.783,7.997,300,0.48064945931657865,0.2506284057912407
som-rs-bc-l3bits,6.910493333333334,7.435499999999999,1.473606050678927,2.905,8.344,300,0.36313085221122665,0.21324180193776712
som-rs-bc-baseline,9.419906666666668,10.961,2.7230125478486795,3.936,15.207,300,0.0,0.2890700135580267
