exe,mean,median,std,min,max,n,pct_vs_baseline,cov
som-rs-bc-l4bits,5.452603333333333,5.932,1.036849711257457,2.708,8.139,300,0.3498267799907202,0.19015682012276527
som-rs-bc-nan,5.56808,6.14,1.1520617058910527,2.703,8.283,300,0.3218326604502808,0.2069046611921978
som-rs-bc-l3bits,5.632333333333333,6.296,1.225647865903117,2.773,8.053,300,0.3067532698112092,0.21760925594539568
som-rs-bc-baseline,7.36007,8.347,1.811426708657052,3.127,10.455,300,0.0,0.2461154185567599
