exe,mean,median,std,min,max,n,pct_vs_baseline,cov
som-rs-bc-nan,8.512856666666666,10.000499999999999,2.4009265023502606,3.835,12.041,300,0.38349014843039386,0.282035349162102
som-rs-bc-l4bits,8.765106666666668,9.795,2.6985460587867567,3.983,20.782,300,0.3436748440406885,0.30787372720165673
som-rs-bc-l3bits,9.172206666666666,10.6595,2.722135687217107,3.922,11.537,300,0.28403706559889996,0.2967808932074987
som-rs-bc-baseline,11.777453333333334,13.312000000000001,2.926546852993263,5.22,17.035,300,0.0,0.2484872382988226
