exe,mean,median,std,min,max,n,pct_vs_baseline,cov
som-rs-bc-l4bits,6.024206666666666,6.6455,1.2976948216443767,2.86,7.949,300,0.5464946421714174,0.2154133968917141
som-rs-bc-nan,6.337,7.189,1.5652401612985165,2.779,9.358,300,0.47015990742201885,0.2470001832568276
som-rs-bc-l3bits,6.749016666666666,7.442,1.746679568430186,2.894,10.595,300,0.3804089978540086,0.2588050459346205
som-rs-bc-baseline,9.316403333333334,10.954,2.713630532986037,3.91,12.734,300,0.0,0.29127447963495606
