exe,mean,median,std,min,max,n,pct_vs_baseline,cov
som-rs-bc-l3bits,5.2338233333333335,5.765000000000001,1.039665002061044,2.658,7.453,300,0.2661069313892266,0.19864350319958143
som-rs-bc-nan,5.326066666666667,5.788,1.0125006109526482,2.606,8.174,300,0.2441789438109423,0.1901028797272499
som-rs-bc-l4bits,5.34259,5.87,1.043294785089678,2.65,8.489,300,0.24033100050724454,0.19527884136527004
som-rs-bc-baseline,6.62658,7.605,1.7507467733746098,2.859,13.011,300,0.0,0.26420065454195224
