exe,mean,median,std,min,max,n,pct_vs_baseline,cov
som-rs-bc-nan,5.1461266666666665,5.78,1.1736934573081605,2.599,8.181,300,0.29967004310037715,0.22807317684397468
som-rs-bc-l3bits,5.22793,5.7605,1.0085205322550115,2.662,8.123,300,0.2793336304553937,0.1929101063432394
som-rs-bc-l4bits,5.30129,5.865,1.0635210651825178,2.677,8.126,300,0.2616300309295787,0.20061552286000536
som-rs-bc-baseline,6.688266666666666,7.618,1.6316617754261598,2.907,10.125,300,0.0,0.24395883967338222
