exe,mean,median,std,min,max,n,pct_vs_baseline,cov
som-rs-bc-l4bits,47.61985,54.2835,12.548203479194276,22.743,55.896,20,0.2110705934605004,0.2635078329560945
som-rs-bc-nan,48.1128,54.931,12.347099078006346,24.489,55.816,20,0.19866231023760839,0.2566281546284221
som-rs-bc-l3bits,49.045100000000005,55.8625,13.0190383422853,22.335,57.624,20,0.1758768969784954,0.26545033738916424
som-rs-bc-baseline,57.67100000000001,63.1295,11.032663089304652,30.326,67.308,20,0.0,0.1913034816338307
