exe,mean,median,std,min,max,n,pct_vs_baseline,cov
som-rs-bc-l4bits,47.2978,54.807500000000005,13.562717456321206,21.403,55.605,20,0.1675891901948927,0.2867515498886038
som-rs-bc-nan,48.14975,55.144000000000005,12.764517006447788,22.087,55.676,20,0.14693015020846434,0.26510037967897626
som-rs-bc-l3bits,50.48305,56.113,10.325532648297264,29.432,57.364,20,0.09391964233539785,0.20453464377245956
som-rs-bc-baseline,55.2244,63.523,14.92780139062329,26.917,64.306,20,0.0,0.2703116990066581
