exe,mean,median,std,min,max,n,pct_vs_baseline,cov
som-rs-bc-l3bits,3847.3263500000003,4486.6625,1161.1985690773529,1674.87,4597.873,20,0.22955364834074965,0.30181961794776074
som-rs-bc-l4bits,3942.1525500000002,4504.374,1262.0388346190787,1688.474,5292.574,20,0.1999774463319539,0.32013952240865934
som-rs-bc-nan,3993.7684500000005,4682.021000000001,1265.7266288471567,1721.915,4828.975,20,0.1844688066480169,0.31692539131735503
som-rs-bc-baseline,4730.49415,5557.412,1514.9749526075125,1991.081,5753.354,20,0.0,0.32025722991487315
