exe,mean,median,std,min,max,n,pct_vs_baseline,cov
som-rs-bc-l3bits,3854.3594,4484.6165,1211.0254702936854,1672.352,5048.176,20,0.22048702827245426,0.3141963020609042
som-rs-bc-l4bits,3890.1648999999998,4499.6965,1230.2257427406905,1685.185,5366.094,20,0.20925353318570128,0.31623999865421915
som-rs-bc-nan,4006.9214999999995,4673.374,1291.1022508096053,1715.413,5188.499,20,0.17401742210322824,0.3222180047224797
som-rs-bc-baseline,4704.19565,5540.2255000000005,1527.3800735789814,2006.105,5632.672,20,0.0,0.3246846405248858
