exe,mean,median,std,min,max,n,pct_vs_baseline,cov
som-rs-bc-nan,1975.9750999999999,2327.2,621.2746456910987,840.647,2510.034,60,0.13277464883034207,0.3144142077959883
som-rs-bc-l3bits,2015.6318833333332,2392.899,612.3417188269434,850.742,2510.558,60,0.11048774258242733,0.30379640443784245
som-rs-bc-l4bits,2042.6595833333333,2385.8025,627.3902776740125,886.741,2589.238,60,0.0957941882549771,0.3071438250372584
som-rs-bc-baseline,2238.3345,2612.4275,678.453428076031,968.446,2793.696,60,0.0,0.30310636237614663
