exe,mean,median,std,min,max,n,pct_vs_baseline,cov
som-rs-bc-nan,7.34695,7.952500000000001,1.535469531309217,3.672,8.524,20,0.30087315144379634,0.2089941446871446
som-rs-bc-l4bits,7.40655,8.025500000000001,1.5665833918704142,3.237,8.743,20,0.2904051143919908,0.21151324056010073
som-rs-bc-l3bits,7.4582,8.0185,1.1987350613744567,3.942,8.254,20,0.28146871899385917,0.16072712737315395
som-rs-bc-baseline,9.55745,9.2975,1.3530800915727519,6.018,12.68,20,0.0,0.1415733371948325
