exe,mean,median,std,min,max,n,pct_vs_baseline,cov
som-rs-bc-nan,7.60655,7.973,1.3609034721560218,4.043,10.118,20,0.14948958463429518,0.17891205239642435
som-rs-bc-l3bits,7.624549999999999,8.062000000000001,1.2576804662803505,3.858,9.128,20,0.14677587529755853,0.1649514353345903
som-rs-bc-l4bits,7.7456000000000005,8.0835,1.4387440209761904,4.046,9.811,20,0.12885380086758902,0.1857498477814747
som-rs-bc-baseline,8.743649999999999,9.299,1.6804037195050234,4.675,11.543,20,0.0,0.19218561121557057
