exe,mean,median,std,min,max,n,pct_vs_baseline,cov
som-rs-bc-nan,1962.2600666666667,2295.4825,613.9624211061325,840.729,2514.201,60,0.1439586872973444,0.31288534661416395
som-rs-bc-l3bits,1995.9433833333335,2371.864,641.8981377083337,847.83,2510.454,60,0.1246533688000484,0.3216013756043165
som-rs-bc-l4bits,2006.6019166666667,2388.917,629.310885571826,840.819,2507.11,60,0.11867951054732928,0.31362019558778587
som-rs-bc-baseline,2244.7444499999997,2619.7219999999998,655.2881871092002,977.874,2826.81,60,0.0,0.2919210634908576
