exe,mean,median,std,min,max,n,pct_vs_baseline,cov
som-rs-bc-nan,4640.9454,2056.5370000000003,5114.451424159979,3.775,11175.001,40,0.2704558428978716,1.1020279239139463
som-rs-bc-l3bits,5019.5646,2251.202,5528.665282812521,5.958,12202.932,40,0.17462701844697848,1.101423275399727
som-rs-bc-l4bits,5190.739375,2316.0674999999997,5743.527180993743,3.545,14435.407,40,0.13589139697463604,1.106495003131176
som-rs-bc-baseline,5896.1161999999995,2805.9995000000004,6474.712163526182,4.417,14248.82,40,0.0,1.0981317097390622
