exe,mean,median,std,min,max,n,pct_vs_baseline,cov
som-rs-bc-nan,4627.221675,2010.1770000000001,5104.167575532313,3.672,11030.724,40,0.27285736748283207,1.1030739251393902
som-rs-bc-l3bits,5009.064775000001,2168.9025,5525.096749210166,6.45,12110.695,40,0.17582691870859257,1.1030196248979762
som-rs-bc-l4bits,5117.4183,2322.861,5654.217125848359,4.334,12433.407,40,0.1509305776313028,1.1048964134607402
som-rs-bc-baseline,5889.7932,2699.6495,6482.897186589279,4.892,14092.701,40,0.0,1.1007003075403867
