exe,mean,median,std,min,max,n,pct_vs_baseline,cov
som-rs-bc-nan,8.021133333333333,9.004000000000001,2.000409522175459,3.988,21.237,300,0.4276727312017421,0.24939237873809925
som-rs-bc-l3bits,8.03106,9.171,2.005335289123996,4.029,11.906,300,0.4259080785516898,0.24969746074914095
som-rs-bc-l4bits,8.68717,9.8575,2.555180880526338,3.984,11.862,300,0.31821448565336397,0.2941327130154398
som-rs-bc-baseline,11.451553333333333,13.258,3.148887184730946,5.017,16.764,300,0.0,0.2749746775020576
