exe,mean,median,std,min,max,n,pct_vs_baseline,cov
som-rs-bc-l4bits,5.868483333333334,6.741,1.4671133568092074,2.89,9.071,300,0.6056794912938892,0.24999872598698822
som-rs-bc-l3bits,5.941233333333334,6.6690000000000005,1.500538620872958,2.813,11.088,300,0.5860180546126785,0.25256348920924804
som-rs-bc-nan,6.089283333333333,6.68,1.2468407285603391,2.844,9.296,300,0.5474568709508782,0.2047598478026159
som-rs-bc-baseline,9.422903333333334,11.072,2.680291774036699,3.981,12.879,300,0.0,0.28444436700896847
