exe,mean,median,std,min,max,n,pct_vs_baseline,cov
som-rs-bc-l3bits,5.64049,6.334,1.215121474266703,2.801,9.015,300,0.35258047911913093,0.2154283536123108
som-rs-bc-l4bits,5.64525,6.262,1.1549141163830037,2.853,8.544,300,0.35144000118093377,0.20458157147743744
som-rs-bc-nan,5.7965,6.7765,1.3972466056223134,2.812,7.628,300,0.3161764283044366,0.24105004841237185
som-rs-bc-baseline,7.629216666666666,8.798,2.0483449677104435,3.304,16.354,300,0.0,0.2684869308614616
