exe,mean,median,std,min,max,n,pct_vs_baseline,cov
som-rs-bc-l4bits,5.03088,5.595,1.029753429719982,2.682,6.519,300,0.3115233650309026,0.20468654186146001
som-rs-bc-l3bits,5.06827,5.5625,0.9254487063728006,2.64,7.486,300,0.30184790207835555,0.1825965677386565
som-rs-bc-nan,5.098613333333334,5.564,0.9434088392360536,2.65,8.162,300,0.29410022594378593,0.18503243481287465
som-rs-bc-baseline,6.598116666666667,7.484999999999999,1.5953360146756832,2.931,8.773,300,0.0,0.24178657263446637
