exe,mean,median,std,min,max,n,pct_vs_baseline,cov
som-rs-bc-nan,7.880373333333334,9.006,1.90859448030649,4.031,11.563,300,0.4769241051185391,0.2421959467622291
som-rs-bc-l3bits,8.028156666666668,9.1735,2.0556766819853767,4.029,11.656,300,0.44973669754825396,0.2560583664891164
som-rs-bc-l4bits,8.834273333333334,10.437999999999999,2.3925190832749927,3.992,12.112,300,0.31744999211404656,0.2708223973835606
som-rs-bc-baseline,11.638713333333333,13.2865,2.9462510294015543,5.068,17.395,300,0.0,0.25314233154651866
