exe,mean,median,std,min,max,n,pct_vs_baseline,cov
som-rs-bc-l3bits,5.61634,6.3260000000000005,1.2208593926364453,2.8,8.201,300,0.3655886217714739,0.2173763327427551
som-rs-bc-l4bits,5.644136666666666,6.257,1.1655722687595247,2.853,8.517,300,0.3588632687254798,0.20651028449456246
som-rs-bc-nan,5.89825,6.78,1.2873361132177754,2.795,7.513,300,0.3003195863179755,0.21825729889675335
som-rs-bc-baseline,7.66961,8.7895,1.9278164466757675,3.269,11.281,300,0.0,0.2513578195861025
