exe,mean,median,std,min,max,n,pct_vs_baseline,cov
som-rs-bc-l3bits,5.911866666666667,6.67,1.3202382584540724,2.805,8.66,300,0.618559281896299,0.22332003289216137
som-rs-bc-l4bits,5.950793333333333,6.7265,1.3358737062884096,2.898,8.1,300,0.6079715981846678,0.22448665773780463
som-rs-bc-nan,5.981566666666667,6.6884999999999994,1.622462400084467,2.824,16.304,300,0.5996990754930427,0.2712437210013765
som-rs-bc-baseline,9.568706666666667,11.07,2.7832786314746927,3.995,23.234,300,0.0,0.2908730227012246
