exe,mean,median,std,min,max,n,pct_vs_baseline,cov
som-rs-bc-l3bits,5.024803333333334,5.56,1.0268608809791002,2.643,7.585,300,0.3279902828701089,0.204358422182845
som-rs-bc-nan,5.06044,5.561999999999999,0.98036295906415,2.683,7.89,300,0.3186383002268578,0.19373077421412963
som-rs-bc-l4bits,5.156376666666667,5.602,0.9778675051599357,2.67,7.843,300,0.29410445189871703,0.18964237261434916
som-rs-bc-baseline,6.67289,7.483,1.5001258580086614,2.952,9.355,300,0.0,0.22480901948161314
