exe,mean,median,std,min,max,n,pct_vs_baseline,cov
som-rs-bc-nan,3209.46495,1489.5945000000002,3476.6293300163,38.796,7889.508,40,0.26464624578623286,1.0832426538935407
som-rs-bc-l3bits,3446.2420749999997,1581.5249999999999,3749.0779752766666,37.016,8268.037,40,0.17775760137221353,1.0878742391527059
som-rs-bc-l4bits,3586.83845,1664.6515000000002,3860.237440306211,43.153,8557.988,40,0.13159202918659463,1.07622283359492
som-rs-bc-baseline,4058.8378,1829.004,4384.991848388665,39.17,9619.14,40,0.0,1.080356512001703
