exe,mean,median,std,min,max,n,pct_vs_baseline,cov
som-rs-bc-nan,3219.171575,1447.7005,3499.0054266785573,32.776,7871.093,40,0.2600984462904872,1.0869272870858266
som-rs-bc-l3bits,3446.8873249999997,1495.0905,3742.4586050749595,32.561,8239.057,40,0.17685108839465769,1.0857502007481372
som-rs-bc-l4bits,3551.97145,1558.1585,3855.868012750429,39.163,8500.015,40,0.14203426381706996,1.0855571524231786
som-rs-bc-baseline,4056.4731,1814.0305,4369.834877902202,37.809,9609.508,40,0.0,1.0772498104085053
