exe,mean,median,std,min,max,n,pct_vs_baseline,cov
som-rs-bc-nan,102.73232499999999,58.879000000000005,78.5463372249513,16.616,204.336,40,0.28499720024831543,0.7645727595958849
som-rs-bc-l3bits,105.9364,59.14450000000001,86.19143195796264,13.632,218.337,40,0.24613211323020212,0.8136148855158626
som-rs-bc-l4bits,109.93424999999999,68.28999999999999,88.6826801787107,15.317,224.401,40,0.20081548743908306,0.806688363078028
som-rs-bc-baseline,132.01075,77.1425,107.41081463498578,18.836,298.367,40,0.0,0.8136520293611375
