exe,mean,median,std,min,max,n,pct_vs_baseline,cov
som-rs-bc-nan,102.383725,61.462,78.873601136927,14.215,203.842,40,0.2881251390296651,0.7703724506695473
som-rs-bc-l3bits,105.66062500000001,59.376000000000005,85.5937549599141,15.362,216.152,40,0.24817594065906756,0.8100818536698423
som-rs-bc-l4bits,108.53122499999999,61.605500000000006,88.66030111827939,13.894,222.292,40,0.21516227242436448,0.8169105353623292
som-rs-bc-baseline,131.88305,75.763,106.9821668642573,15.062,283.05,40,0.0,0.8111896628433851
