exe,mean,median,std,min,max,n,pct_vs_baseline,cov
som-rs-bc-nan,18.8619,21.5915,4.868119651040027,8.029,22.892,20,0.1846394053621323,0.2580927505203626
som-rs-bc-l4bits,20.020850000000003,22.147,4.335037828706434,9.833,23.017,20,0.11606400327658406,0.21652616291048749
som-rs-bc-l3bits,20.878,23.006999999999998,4.199229616063053,11.01,23.829,20,0.07024379729859187,0.20113179500254108
som-rs-bc-baseline,22.34455,24.3705,4.95428129022077,11.87,26.703,20,0.0,0.22172213314749098
