exe,mean,median,std,min,max,n,pct_vs_baseline,cov
som-rs-bc-nan,18.6783,20.927,4.458954587179189,10.461,21.79,20,0.17404688863547557,0.23872379109336445
som-rs-bc-l4bits,20.85035,22.211,4.320550406883484,10.296,26.813,20,0.05174253669602691,0.20721716455040248
som-rs-bc-l3bits,20.9224,23.427,4.798014473113908,9.256,24.049,20,0.04812067449241009,0.22932428751548142
som-rs-bc-baseline,21.9292,24.2785,5.462549901976084,8.889,26.116,20,0.0,0.2490993698801636
