exe,mean,median,std,min,max,n,pct_vs_baseline,cov
som-rs-bc-l4bits,38.2219,43.727000000000004,10.336781917527638,17.529,45.311,20,0.49521347709035934,0.27044134167918493
som-rs-bc-l3bits,39.021249999999995,44.638000000000005,10.455321631011396,19.037,48.07,20,0.4645840407470292,0.26793917752535856
som-rs-bc-nan,52.852850000000004,60.272999999999996,13.70848954509193,26.3,61.878,20,0.08130214359301347,0.25937086732488274
som-rs-bc-baseline,57.1499,66.20599999999999,17.00366331087138,25.776,68.652,20,0.0,0.29752743768355466
