exe,mean,median,std,min,max,n,pct_vs_baseline,cov
som-rs-bc-l4bits,38.2193,43.4075,10.459464317067107,17.169,45.392,20,0.5006096396323325,0.2736696987403513
som-rs-bc-l3bits,38.37835,44.3455,10.993383542529475,18.036,45.623,20,0.49439071768327736,0.2864475294672511
som-rs-bc-nan,53.033249999999995,59.798500000000004,13.406945823066174,25.919,61.62,20,0.08143947429207166,0.25280264405945657
som-rs-bc-baseline,57.352250000000005,65.88499999999999,17.14804268675705,24.248,71.148,20,0.0,0.2989951167871714
