exe,mean,median,std,min,max,n,pct_vs_baseline,cov
som-rs-bc-nan,65.4066,72.95599999999999,14.904054878843501,33.945,77.201,20,0.34290423290615935,0.2278677515547896
som-rs-bc-l3bits,66.56645,75.57050000000001,17.232794322316487,30.737,81.588,20,0.3195055467130965,0.25888107781497266
som-rs-bc-l4bits,67.4337,77.572,18.896891607658098,30.719,80.029,20,0.3025356757822868,0.28022919708777805
som-rs-bc-baseline,87.8348,98.9085,21.780111723651398,47.468,103.609,20,0.0,0.24796677084312138
