exe,mean,median,std,min,max,n,pct_vs_baseline,cov
som-rs-bc-nan,64.8392,72.7525,14.932580369253353,35.848,74.943,20,0.335818455502227,0.2303017367464952
som-rs-bc-l3bits,65.5253,75.3985,18.212831659661212,31.13,78.341,20,0.32183141473598753,0.27795113734177807
som-rs-bc-l4bits,68.46979999999999,77.595,17.898403109010356,33.73,84.049,20,0.264986899333721,0.26140580385820256
som-rs-bc-baseline,86.6134,98.5425,22.526080623415858,43.09,102.503,20,0.0,0.2600761616957175
