exe,mean,median,std,min,max,n,pct_vs_baseline,cov
som-rs-bc-nan,3137.401775,1377.8129999999999,3412.5090784745253,21.311,7517.058,40,0.2732032782125904,1.0876863478776242
som-rs-bc-l3bits,3378.6662499999998,1554.4769999999999,3668.3775608983033,21.175,8134.222,40,0.18228612399937405,1.0857472415034493
som-rs-bc-l4bits,3494.6232000000005,1496.3325,3803.2323973739135,22.788,8416.224,40,0.14305605966331347,1.0883097203080185
som-rs-bc-baseline,3994.550225,1823.1254999999999,4339.341592413056,26.997,9912.685,40,0.0,1.0863154417874559
