exe,mean,median,std,min,max,n,pct_vs_baseline,cov
som-rs-bc-nan,3134.83435,1510.6129999999998,3396.5133470501296,22.549,7400.624,40,0.27387864210432666,1.0834745852042005
som-rs-bc-l3bits,3373.8466249999997,1527.11,3670.3743952666896,23.939,8079.915,40,0.18363368844604788,1.0878901157122665
som-rs-bc-l4bits,3486.111675,1598.4325000000001,3788.2217503270704,24.619,8398.705,40,0.1455165230758133,1.0866610434466561
som-rs-bc-baseline,3993.3985249999996,1916.1895,4325.334172187203,31.192,9479.025,40,0.0,1.083121092249916
