exe,mean,median,std,min,max,n,pct_vs_baseline,cov
som-rs-bc-l3bits,35.8309,40.6245,9.671603420649328,16.57,42.799,20,0.3553748301047419,0.2699235414307017
som-rs-bc-nan,36.99355,41.2435,8.282168044883187,18.054,42.762,20,0.31277749769892305,0.22388140756654032
som-rs-bc-l4bits,37.8493,41.004000000000005,6.433689144691897,22.87,42.506,20,0.2830963848736965,0.16998172078986656
som-rs-bc-baseline,48.564299999999996,54.0095,12.208643418324144,25.392,59.726,20,0.0,0.25139131869138737
