exe,mean,median,std,min,max,n,pct_vs_baseline,cov
som-rs-bc-nan,36.2391,41.229,9.2130709029703,16.506,42.125,20,0.33470615992119,0.2542301244503947
som-rs-bc-l4bits,36.80825,41.2645,8.18683358155675,20.156,42.09,20,0.31406817765039086,0.22241844101680328
som-rs-bc-l3bits,37.115300000000005,40.845,7.894544579378185,20.425,43.521,20,0.3031970642834625,0.21270324042586708
som-rs-bc-baseline,48.36855,54.1165,11.406728907350672,25.916,56.876,20,0.0,0.23582945751631323
