exe,mean,median,std,min,max,n,pct_vs_baseline,cov
som-rs-bc-nan,2997.1997,1288.802,3269.460427056963,23.405,7256.448,40,0.2594506882541059,1.0908383672455868
som-rs-bc-l3bits,3190.370125,1378.2505,3487.0729047008213,18.039,7649.623,40,0.1831935095618411,1.0929994853499392
som-rs-bc-l4bits,3306.9913500000002,1413.592,3627.354363831979,19.26,8037.898,40,0.14146812781956597,1.0968744638028698
som-rs-bc-baseline,3774.8252249999996,1640.2034999999998,4122.72486590089,24.671,9009.262,40,0.0,1.0921631122407502
