exe,mean,median,std,min,max,n,pct_vs_baseline,cov
som-rs-bc-nan,2978.675225,1361.5430000000001,3242.444959344632,18.61,7154.258,40,0.2657907929522596,1.0885527002510427
som-rs-bc-l3bits,3175.242975,1372.418,3503.274036843963,17.553,7696.509,40,0.18743028633895342,1.1033089638892795
som-rs-bc-l4bits,3319.773775,1532.6200000000001,3614.0320936110893,17.343,7970.147,40,0.13573391759202025,1.0886380634810242
som-rs-bc-baseline,3770.379675,1710.357,4109.358401542854,24.53,9009.872,40,0.0,1.0899057272111075
