exe,mean,median,std,min,max,n,pct_vs_baseline,cov
som-rs-bc-nan,3093.6772499999997,4667.592500000001,2047.3018228158624,73.438,4993.267,80,0.3366552498325417,0.6617696861609796
som-rs-bc-l3bits,3288.2556375,4831.1615,2211.361332862583,83.566,5449.728,80,0.2575603582463257,0.6725028637201212
som-rs-bc-l4bits,3587.1754124999998,5202.9645,2422.434733874759,88.218,5965.121,80,0.15276769658110512,0.6753042311322318
som-rs-bc-baseline,4135.1799375,6114.986,2770.2043419809092,98.301,6789.842,80,0.0,0.6699114388854595
