exe,mean,median,std,min,max,n,pct_vs_baseline,cov
som-rs-bc-nan,3102.3701625000003,4633.3595000000005,2052.1297252877753,73.882,5037.968,80,0.3086543392128178,0.6614715903643478
som-rs-bc-l3bits,3305.3154999999997,4806.841,2223.032699144469,74.624,5502.178,80,0.22830337224994124,0.6725629366226822
som-rs-bc-l4bits,3604.0535250000003,5251.0,2441.879897391736,78.745,5970.119,80,0.12648997769809744,0.6775370788622613
som-rs-bc-baseline,4059.930175,6136.6630000000005,2706.3514711140456,98.35,6533.171,80,0.0,0.6666004966733314
