exe,mean,median,std,min,max,n,pct_vs_baseline,cov
som-rs-bc-nan,113.12154333333335,113.113,36.628913016596314,39.507,161.329,300,0.16338308444224126,0.3238013904094511
som-rs-bc-l3bits,113.99800666666667,111.649,38.741830673831366,38.558,171.345,300,0.154438519129662,0.3398465622922123
som-rs-bc-l4bits,115.29661,115.4,37.7582062198542,40.366,175.19,300,0.14143590171471643,0.3274875663721093
som-rs-bc-baseline,131.60369,129.02,46.92734621664673,45.786,202.918,300,0.0,0.35658077837062724
