exe,mean,median,std,min,max,n,pct_vs_baseline,cov
som-rs-bc-l4bits,14.15948,16.248,3.883658967113728,6.123,19.86,300,0.2080537797527402,0.274279773488414
som-rs-bc-nan,14.407556666666666,16.509,3.839951037886655,6.57,20.361,300,0.1872528929841677,0.26652340342833897
som-rs-bc-l3bits,14.816016666666668,16.680500000000002,4.736067006001921,6.269,28.744,300,0.15452173942388892,0.31965859060196705
som-rs-bc-baseline,17.10541333333333,20.4135,4.976634981082967,7.267,22.394,300,0.0,0.29093918305879196
