exe,mean,median,std,min,max,n,pct_vs_baseline,cov
som-rs-bc-l4bits,14.121039999999999,16.25,3.859678256783361,6.176,19.829,300,0.21867841650945463,0.2733281866479637
som-rs-bc-nan,14.423703333333332,16.504,3.9238798604424865,6.578,20.403,300,0.19310597763727366,0.272043855157112
som-rs-bc-l3bits,14.474883333333334,16.685,4.029115735296888,6.33,19.483,300,0.18888741763030903,0.2783522079254678
som-rs-bc-baseline,17.209006666666667,20.427,4.7891426362754,7.269,23.402,300,0.0,0.27829279917427346
