exe,mean,median,std,min,max,n,pct_vs_baseline,cov
som-rs-bc-nan,113.76490333333332,113.5755,37.45729618689479,39.657,174.235,300,0.16169374556083804,0.32925177352055757
som-rs-bc-l4bits,114.62787333333334,115.40350000000001,38.81310497305584,40.252,176.095,300,0.1529479944406773,0.3386009339996116
som-rs-bc-l3bits,115.27457666666666,114.5355,38.131021812855124,38.674,202.524,300,0.14647982658679903,0.33078431442100686
som-rs-bc-baseline,132.15997666666667,129.119,46.591460436380046,45.949,203.804,300,0.0,0.35253835246878734
