exe,mean,median,std,min,max,n,pct_vs_baseline,cov
som-rs-bc-l4bits,55.30069999999999,63.485,15.053603671022117,26.095,65.96,20,0.27357791131034515,0.27221361883343465
som-rs-bc-l3bits,55.67915000000001,63.2795,15.223375783297007,24.899,70.721,20,0.2649214292962445,0.27341250330324735
som-rs-bc-nan,55.729549999999996,63.359,13.711898461497631,31.135,64.454,20,0.2637774753250297,0.24604358839247098
som-rs-bc-baseline,70.42975,80.447,18.14206776897856,34.907,81.708,20,0.0,0.2575909721244014
