exe,mean,median,std,min,max,n,pct_vs_baseline,cov
som-rs-bc-nan,55.7814,63.254999999999995,13.73228241235344,29.957,64.102,20,0.2668398426715717,0.24618031122118555
som-rs-bc-l4bits,56.370050000000006,63.3755,13.257098112550478,31.639,65.237,20,0.2536107383264694,0.23517981822883743
som-rs-bc-l3bits,56.593650000000004,62.864000000000004,12.825754436720384,30.167,67.881,20,0.24865775577295324,0.2266288609538417
som-rs-bc-baseline,70.6661,80.66999999999999,18.52680943333059,32.074,83.098,20,0.0,0.2621739339418843
