exe,mean,median,std,min,max,n,pct_vs_baseline,cov
som-rs-bc-l4bits,42.386849999999995,48.039500000000004,10.91172680277604,19.994,50.144,20,0.29456777278802293,0.257431887549465
som-rs-bc-nan,42.76035,47.331,9.774875550560603,20.227,49.314,20,0.2832600762154658,0.22859671519434716
som-rs-bc-l3bits,43.1043,48.464,10.31558930683887,21.441,49.785,20,0.2730203251183756,0.23931694301586778
som-rs-bc-baseline,54.87265,61.41,12.71932803287559,26.66,64.281,20,0.0,0.231797225628352
