exe,mean,median,std,min,max,n,pct_vs_baseline,cov
som-rs-bc-nan,42.70205,47.436499999999995,9.621383265660757,23.451,49.544,20,0.3111314328000647,0.22531431782925543
som-rs-bc-l3bits,42.918099999999995,48.1945,10.635352818238854,22.612,50.642,20,0.3045311884729287,0.24780577001868337
som-rs-bc-l4bits,43.51825,47.8275,8.765437809193678,25.571,49.729,20,0.2865407041873236,0.20141981373776927
som-rs-bc-baseline,55.988,62.1815,12.04179962070716,30.833,64.087,20,0.0,0.2150782242749725
