exe,mean,median,std,min,max,n,pct_vs_baseline,cov
som-rs-bc-l3bits,39.31245,43.927499999999995,9.00150467816646,19.505,45.344,20,0.27660448534751714,0.2289733831945468
som-rs-bc-l4bits,41.92675,46.5605,9.88522517314017,20.745,48.939,20,0.19700310660854958,0.23577370469068484
som-rs-bc-nan,43.06475,48.4525,8.807577293235399,21.776,48.945,20,0.16537191090160763,0.20451941073001467
som-rs-bc-baseline,50.18645,58.121,15.689658385717845,21.009,62.294,20,0.0,0.3126273802135406
