exe,mean,median,std,min,max,n,pct_vs_baseline,cov
som-rs-bc-l3bits,39.97385,44.402,7.928280295877535,22.892,44.8,20,0.26061412648518956,0.19833666999494756
som-rs-bc-nan,41.50745,47.174499999999995,11.045368162242207,20.235,48.991,20,0.2140374800186473,0.26610567891407944
som-rs-bc-l4bits,42.5713,46.476,8.574794059825637,25.185,48.866,20,0.18369887694291687,0.2014219452970813
som-rs-bc-baseline,50.3916,58.185,14.809257703420373,25.28,60.17,20,0.0,0.29388345881893757
