exe,mean,median,std,min,max,n,pct_vs_baseline,cov
som-rs-bc-l4bits,19.46895,21.21,3.5835912812502277,11.032,22.182,20,0.2686200334378588,0.18406700316402413
som-rs-bc-nan,20.03445,20.0175,1.9375977116277936,13.869,24.288,20,0.23281148222187276,0.09671329692743218
som-rs-bc-l3bits,20.4914,20.7635,2.6382345253078454,10.737,24.33,20,0.20532028070312425,0.12874837860311378
som-rs-bc-baseline,24.6987,26.639499999999998,4.784566241132991,12.438,29.696,20,0.0,0.19371733091753782
