exe,mean,median,std,min,max,n,pct_vs_baseline,cov
som-rs-bc-nan,18.7579,19.856,3.2556029743068775,10.854,22.988,20,0.28043117833019693,0.1735590324240388
som-rs-bc-l3bits,19.83625,20.7015,3.039247671364533,11.189,23.003,20,0.21082361837544905,0.1532168464989367
som-rs-bc-l4bits,20.24455,21.241999999999997,2.7859199458593302,12.361,22.574,20,0.1864032542091576,0.13761333029676284
som-rs-bc-baseline,24.0182,26.468,6.154955834635679,11.21,30.64,20,0.0,0.25626216097108356
