exe,mean,median,std,min,max,n,pct_vs_baseline,cov
som-rs-bc-nan,31.343049999999998,34.891999999999996,6.958712611388308,14.849,36.03,20,0.26301205530412664,0.22201772359066232
som-rs-bc-l4bits,32.17645,35.492999999999995,6.452851980448566,14.671,35.901,20,0.2302988676500981,0.2005458023010172
som-rs-bc-l3bits,32.9601,35.427,5.14941405864477,19.428,36.078,20,0.20104763031665596,0.15623174864896558
som-rs-bc-baseline,39.586650000000006,45.209500000000006,10.581372203696358,19.411,46.683,20,0.0,0.26729648009357587
