exe,mean,median,std,min,max,n,pct_vs_baseline,cov
som-rs-bc-l3bits,31.8418,35.4075,6.948503001215061,17.19,36.179,20,0.2545160763524674,0.21821954164698795
som-rs-bc-l4bits,31.9255,35.235,7.460265915255021,17.033,42.764,20,0.2512270755352304,0.23367733990869433
som-rs-bc-nan,31.95785,34.839,5.9331788433218575,18.169,36.035,20,0.24996049483929617,0.18565638312095017
som-rs-bc-baseline,39.94605,45.117,9.734114651574632,19.602,46.003,20,0.0,0.2436815317553208
