exe,mean,median,std,min,max,n,pct_vs_baseline,cov
som-rs-bc-l3bits,29.14165,33.295,7.62152501161228,13.698,33.958,20,0.2573086973455516,0.2615337502033097
som-rs-bc-l4bits,31.5043,34.4015,6.811215403559352,15.266,36.182,20,0.16301742936678476,0.21619954747635567
som-rs-bc-nan,31.51395,34.421499999999995,6.538135517867463,18.581,36.978,20,0.1626612976158175,0.207467979033649
som-rs-bc-baseline,36.640049999999995,41.5265,9.622755040855804,15.645,43.07,20,0.0,0.26262941892425923
