exe,mean,median,std,min,max,n,pct_vs_baseline,cov
som-rs-bc-l3bits,30.278699999999997,33.224000000000004,6.157440933750933,16.51,33.807,20,0.20523668453401256,0.20335882761647406
som-rs-bc-nan,30.86885,34.425,7.827602081399951,14.285,36.6,20,0.18219499592631427,0.25357608337855
som-rs-bc-l4bits,31.877699999999997,34.688,5.834799695294647,19.537,36.214,20,0.14478146164873884,0.18303703514665887
som-rs-bc-baseline,36.493,41.409,9.806072511727779,16.685,42.984,20,0.0,0.26871105449614385
