exe,mean,median,std,min,max,n,pct_vs_baseline,cov
som-rs-bc-nan,32.4852,36.8375,8.10540999060439,16.365,37.356,20,0.35559116151355075,0.24951085388436547
som-rs-bc-l4bits,33.2803,37.8355,8.420614723778533,15.954,41.167,20,0.3232047187074636,0.2530209981213671
som-rs-bc-l3bits,33.80785,37.629999999999995,7.898940630336386,15.5,38.793,20,0.30255695053071974,0.23364220529659194
som-rs-bc-baseline,44.036649999999995,49.8035,11.25927929017708,21.136,51.69,20,0.0,0.2556797415374939
