exe,mean,median,std,min,max,n,pct_vs_baseline,cov
som-rs-bc-nan,18.023699999999998,19.799500000000002,3.560084344062948,9.303,20.163,20,0.3361657151417303,0.19752239240904745
som-rs-bc-l4bits,18.85765,20.72,3.911722292303645,9.22,21.588,20,0.2770758816713643,0.2074342398073803
som-rs-bc-l3bits,20.464000000000002,21.159,2.277822344165353,13.75,23.551,20,0.1768300430023455,0.11130875411284953
som-rs-bc-baseline,24.08265,26.9075,5.314347296408291,13.847,28.278,20,0.0,0.22067120090223838
