exe,mean,median,std,min,max,n,pct_vs_baseline,cov
som-rs-bc-nan,307.2266666666667,0.0,618.6263897459356,0.0,1550.0,75,0.00021699505251282503,2.0135829889308727
som-rs-bc-baseline,307.29333333333335,0.0,618.8351256940679,0.0,1568.0,75,0.0,2.013825418798763
som-rs-bc-l3bits,308.36,0.0,621.175164397986,0.0,1680.0,75,-0.0034591602888398576,2.014447932280406
som-rs-bc-l4bits,310.6,0.0,625.453241063436,0.0,1597.0,75,-0.010646061386563654,2.0136936286652802
