exe,mean,median,std,min,max,n,pct_vs_baseline,cov
som-rs-bc-nan,12140.9,11930.0,12799.043631372533,0.0,24582.0,10,0.7379354084128853,1.054208800943302
som-rs-bc-l4bits,12183.7,11999.5,12844.078437163174,0.0,24665.0,10,0.7318302321954742,1.0542017972506852
som-rs-bc-l3bits,12221.8,12049.5,12883.903400928011,0.0,24770.0,10,0.726431458541295,1.0541739679039104
som-rs-bc-baseline,21100.1,20945.0,22242.26634360806,0.0,42623.0,10,0.0,1.0541308497878237
