exe,mean,median,std,min,max,n,pct_vs_baseline,cov
som-rs-bc-l3bits,301.62666666666667,0.0,607.4450653247479,0.0,1554.0,75,0.869905401821236,2.0138970868780874
som-rs-bc-nan,304.72,0.0,613.6221559479989,0.0,1565.0,75,0.8509232519471426,2.013724586334992
som-rs-bc-l4bits,305.05333333333334,0.0,614.3468272434914,0.0,1581.0,75,0.848900738668648,2.0138997352708534
som-rs-bc-baseline,564.0133333333333,0.0,698.465857342987,0.0,1540.0,75,0.0,1.2383853644293048
