exe,mean,median,std,min,max,n,pct_vs_baseline,cov
som-rs-bc-baseline,0.2,0.0,0.4026936331284146,0.0,1.0,75,0.0,2.013468165642073
som-rs-bc-l3bits,0.2,0.0,0.4026936331284146,0.0,1.0,75,0.0,2.013468165642073
som-rs-bc-l4bits,0.2,0.0,0.4026936331284146,0.0,1.0,75,0.0,2.013468165642073
som-rs-bc-nan,0.2,0.0,0.4026936331284146,0.0,1.0,75,0.0,2.013468165642073
