rank,exe,geo_mean_speedup_vs_baseline,median_speedup_vs_baseline,win_rate
1,som-rs-bc-nan,1.1549824116337166,1.15548005897463,0.6538461538461539
2,som-rs-bc-l3bits,1.131613474248996,1.131436517910878,0.23076923076923078
3,som-rs-bc-l4bits,1.1137914811705552,1.1063237776525954,0.11538461538461539
4,som-rs-bc-baseline,1.0,1.0,0.0
