rank,exe,geo_mean_speedup_vs_baseline,median_speedup_vs_baseline,win_rate
1,som-rs-bc-l3bits,1.667572321053522,1.7458005982709313,0.9615384615384616
2,som-rs-bc-nan,1.6319181935573142,1.686053525508746,0.8461538461538461
3,som-rs-bc-l4bits,1.6223134575741518,1.6887878402442125,0.8076923076923077
4,som-rs-bc-baseline,1.0,1.0,0.8076923076923077
