exe,mean,median,std,min,max,n,pct_vs_baseline,cov
som-rs-bc-l3bits,8450048.0,8450048.0,0.0,8450048.0,8450048.0,20,1.2370334464372275,0.0
som-rs-bc-l4bits,8450048.0,8450048.0,0.0,8450048.0,8450048.0,20,1.2370334464372275,0.0
som-rs-bc-nan,8450048.0,8450048.0,0.0,8450048.0,8450048.0,20,1.2370334464372275,0.0
som-rs-bc-baseline,18903040.0,18903040.0,0.0,18903040.0,18903040.0,20,0.0,0.0
