exe,mean,median,std,min,max,n,pct_vs_baseline,cov
som-rs-bc-l3bits,68472830.0,68472830.0,0.0,68472830.0,68472830.0,20,0.9500509034021232,0.0
som-rs-bc-l4bits,68472830.0,68472830.0,0.0,68472830.0,68472830.0,20,0.9500509034021232,0.0
som-rs-bc-nan,68472830.0,68472830.0,0.0,68472830.0,68472830.0,20,0.9500509034021232,0.0
som-rs-bc-baseline,133525504.0,133525504.0,0.0,133525504.0,133525504.0,20,0.0,0.0
