exe,mean,median,std,min,max,n,pct_vs_baseline,cov
som-rs-bc-l3bits,1994752.0,1994752.0,0.0,1994752.0,1994752.0,20,1.1683778234086244,0.0
som-rs-bc-l4bits,1994752.0,1994752.0,0.0,1994752.0,1994752.0,20,1.1683778234086244,0.0
som-rs-bc-nan,1994752.0,1994752.0,0.0,1994752.0,1994752.0,20,1.1683778234086244,0.0
som-rs-bc-baseline,4325376.0,4325376.0,0.0,4325376.0,4325376.0,20,0.0,0.0
