exe,mean,median,std,min,max,n,pct_vs_baseline,cov
som-rs-bc-baseline,0.0,0.0,0.0,0.0,0.0,20,,
som-rs-bc-nan,35502080.0,35502080.0,35887983.142192505,65536.0,70938624.0,40,-1.0,1.0108698741649083
som-rs-bc-l3bits,35733503.0,35733503.0,35583090.86655639,598016.0,70868990.0,40,-1.0,0.9957907252069966
som-rs-bc-l4bits,35733503.0,35733503.0,35583090.8665564,598016.0,70868990.0,40,-1.0,0.9957907252069969
