exe,mean,median,std,min,max,n,pct_vs_baseline,cov
som-rs-bc-baseline,60551168.0,60551168.0,22470693.484512147,38363136.0,82739200.0,40,0.0,0.3711025604743437
som-rs-bc-l3bits,110229505.0,110229505.0,92220274.63299629,19169280.0,201289730.0,40,-0.45068094064288866,0.8366206002013371
som-rs-bc-l4bits,110229505.0,110229505.0,92220274.63299626,19169280.0,201289730.0,40,-0.45068094064288866,0.8366206002013369
som-rs-bc-nan,112160770.0,112160770.0,94176142.72676712,19169280.0,205152260.0,40,-0.4601395122376567,0.8396531401020796
