exe,mean,median,std,min,max,n,pct_vs_baseline,cov
som-rs-bc-l3bits,79519744.0,79519744.0,0.0,79519744.0,79519744.0,20,1.0394045785660477,0.0
som-rs-bc-l4bits,79519744.0,79519744.0,0.0,79519744.0,79519744.0,20,1.0394045785660477,0.0
som-rs-bc-nan,79519744.0,79519744.0,0.0,79519744.0,79519744.0,20,1.0394045785660477,0.0
som-rs-bc-baseline,162172930.0,162172930.0,0.0,162172930.0,162172930.0,20,0.0,0.0
