exe,mean,median,std,min,max,n,pct_vs_baseline,cov
som-rs-bc-l3bits,23695360.0,23695360.0,0.0,23695360.0,23695360.0,20,1.0712186689714778,0.0
som-rs-bc-l4bits,23695360.0,23695360.0,0.0,23695360.0,23695360.0,20,1.0712186689714778,0.0
som-rs-bc-nan,23695360.0,23695360.0,0.0,23695360.0,23695360.0,20,1.0712186689714778,0.0
som-rs-bc-baseline,49078272.0,49078272.0,0.0,49078272.0,49078272.0,20,0.0,0.0
