exe,mean,median,std,min,max,n,pct_vs_baseline,cov
som-rs-bc-l4bits,13335.4,12576.5,14076.38645391636,0.0,27779.0,10,0.6543410771330445,1.0555653714111584
som-rs-bc-nan,13741.5,13399.5,14494.599455965967,0.0,28856.0,10,0.6054506422151875,1.0548047488240706
som-rs-bc-l3bits,13797.9,13247.5,14560.3080358899,0.0,28865.0,10,0.5988882366157169,1.055255367547953
som-rs-bc-baseline,22061.3,21704.0,23259.294840032348,0.0,44874.0,10,0.0,1.0543030029976632
