exe,mean,median,std,min,max,n,pct_vs_baseline,cov
som-rs-bc-nan,7879.8,7331.5,8329.177961306332,0.0,17235.0,10,0.8210487575826797,1.057029107503532
som-rs-bc-l4bits,7986.6,7698.5,8425.58302895282,0.0,16727.0,10,0.7966969674204292,1.054964944901813
som-rs-bc-l3bits,8029.5,7521.0,8476.892384594723,0.0,17027.0,10,0.7870975776822966,1.0557185857892426
som-rs-bc-baseline,14349.5,13922.5,15130.885002022995,0.0,29386.0,10,0.0,1.0544538138627126
