exe,mean,median,std,min,max,n,pct_vs_baseline,cov
som-rs-bc-l3bits,219.05333333333334,0.0,447.83264530201257,0.0,1535.0,75,1.1199099153935115,2.0444000485513993
som-rs-bc-nan,237.73333333333332,0.0,488.2515781885437,0.0,1632.0,75,0.9533370723499721,2.053778371516589
som-rs-bc-l4bits,238.4,0.0,485.9607091224668,0.0,1525.0,75,0.9478747203579418,2.038425793298938
som-rs-bc-baseline,464.37333333333333,0.0,585.28911251212,0.0,1525.0,75,0.0,1.2603848466294074
