exe,mean,median,std,min,max,n,pct_vs_baseline,cov
som-rs-bc-l4bits,15.611203333333332,18.2825,4.511063500811092,7.03,24.019,300,0.19026805749119058,0.28896321471766273
som-rs-bc-nan,15.832536666666668,18.455,4.687639672691603,7.243,22.908,300,0.1736285257300314,0.2960763503274124
som-rs-bc-l3bits,16.00298,18.738999999999997,4.765261189793958,7.284,23.141,300,0.16112853147767892,0.29777336407306376
som-rs-bc-baseline,18.581516666666666,22.2865,5.958062864728418,7.531,26.027,300,0.0,0.3206445938515111
