exe,mean,median,std,min,max,n,pct_vs_baseline,cov
som-rs-bc-nan,21.008083333333335,24.9805,6.733220504652274,8.783,30.495,300,0.19254366374847764,0.32050617839889917
som-rs-bc-l4bits,21.075873333333334,24.759500000000003,6.9989856864706015,8.841,60.205,300,0.18870787798117328,0.33208520357735755
som-rs-bc-l3bits,21.098476666666667,24.936999999999998,6.755067609641297,8.717,26.643,300,0.18743438507329824,0.3201684991937631
som-rs-bc-baseline,25.053056666666667,29.93,7.911701438521088,10.329,36.568,300,0.0,0.31579785028976853
