exe,mean,median,std,min,max,n,pct_vs_baseline,cov
som-rs-bc-l4bits,6.019816666666666,6.646,1.335043813138313,2.804,8.185,300,0.555093316795362,0.2217748292121266
som-rs-bc-nan,6.490283333333333,7.189,1.4863648535881617,2.767,9.393,300,0.4423679500381339,0.22901386230002724
som-rs-bc-l3bits,6.8258833333333335,7.442,1.7704014518534017,2.89,11.627,300,0.3714527790054034,0.2593659113990231
som-rs-bc-baseline,9.361376666666667,10.964500000000001,2.742571479930952,3.915,13.191,300,0.0,0.2929666840237834
