exe,mean,median,std,min,max,n,pct_vs_baseline,cov
som-rs-bc-l4bits,5.35231,5.935,1.1310628147320407,2.684,7.347,300,0.37397871199538146,0.21132236636742655
som-rs-bc-nan,5.4211833333333335,6.133,1.2695895933360688,2.7,8.534,300,0.3565230223413709,0.23419049223620958
som-rs-bc-l3bits,5.6899766666666665,6.304,1.3834093806621026,2.775,9.6,300,0.29244115236559276,0.2431309408993656
som-rs-bc-baseline,7.353960000000001,8.331,1.9205234319255897,3.13,18.199,300,0.0,0.26115500110492706
