exe,mean,median,std,min,max,n,pct_vs_baseline,cov
som-rs-bc-l4bits,5.157546666666667,5.759,1.0162828957708312,2.74,8.47,300,0.33511734261250825,0.1970477363470289
som-rs-bc-nan,5.185816666666667,5.7885,1.1598491236742154,2.78,8.076,300,0.3278390738842163,0.22365794979399878
som-rs-bc-l3bits,5.4952266666666665,6.081,1.162466839296402,2.773,8.387,300,0.25307478975692854,0.21154119926440437
som-rs-bc-baseline,6.88593,7.923,1.7958543373847662,3.016,12.024,300,0.0,0.26080055088924314
