exe,mean,median,std,min,max,n,pct_vs_baseline,cov
som-rs-bc-l4bits,47.43175,54.536500000000004,13.05166041009826,22.147,55.757,20,0.1449798921608414,0.27516716988300577
som-rs-bc-l3bits,48.15785,56.216,14.646637560150827,21.884,59.286,20,0.1277164574415175,0.30413811165055804
som-rs-bc-nan,49.8703,54.9025,9.087761649603268,30.609,55.661,20,0.08899284744627556,0.1822279322483175
som-rs-bc-baseline,54.30839999999999,63.0355,15.732968992064503,24.83,63.556,20,0.0,0.2896967870912143
