exe,mean,median,std,min,max,n,pct_vs_baseline,cov
som-rs-bc-nan,7.1837,7.943,1.5518845283956166,3.287,8.037,20,0.13233431240168736,0.2160285825404202
som-rs-bc-l3bits,7.85985,8.1025,0.7332098338990796,5.837,8.977,20,0.034924330616996624,0.09328547413743005
som-rs-bc-l4bits,8.02415,8.065999999999999,1.0635674464545701,4.592,9.956,20,0.013733541870478483,0.13254580814847305
som-rs-bc-baseline,8.134350000000001,9.2895,2.102659100307338,3.75,9.422,20,0.0,0.2584913484552961
