exe,mean,median,std,min,max,n,pct_vs_baseline,cov
som-rs-bc-l4bits,5.560796666666667,6.2545,1.2198270706387424,2.846,7.897,300,0.37018077146020456,0.21936192667335
som-rs-bc-l3bits,5.611873333333333,6.331,1.3877437369896748,2.794,15.905,300,0.3577100219653333,0.24728707413026815
som-rs-bc-nan,5.85203,6.777,1.3578310423485023,2.808,7.572,300,0.3019920722666607,0.23202735501159466
som-rs-bc-baseline,7.619296666666667,8.798,2.160935532721296,3.262,19.221,300,0.0,0.2836135180527987
