exe,mean,median,std,min,max,n,pct_vs_baseline,cov
som-rs-bc-l4bits,5.94649,6.7595,1.4228311465074026,2.881,9.674,300,0.5731134389082189,0.2392724357574641
som-rs-bc-nan,5.95146,6.699,1.3533336895672565,2.825,7.579,300,0.5717997488571431,0.2273952424392093
som-rs-bc-l3bits,6.015843333333333,6.6754999999999995,1.4284376052512326,2.815,17.172,300,0.5549778834001109,0.2374459449993267
som-rs-bc-baseline,9.354503333333334,11.063500000000001,2.8044052773903916,3.947,14.522,300,0.0,0.29979200150555557
