exe,mean,median,std,min,max,n,pct_vs_baseline,cov
som-rs-bc-nan,101.63215,60.062,78.37441575999475,19.013,202.889,40,0.28664428529751684,0.7711577070837796
som-rs-bc-l3bits,104.99402500000001,59.4785,86.67795788167729,11.171,226.281,40,0.2454463480183755,0.8255513385802409
som-rs-bc-l4bits,108.47617499999998,60.44199999999999,90.85647408818933,11.977,246.936,40,0.20546677646036127,0.8375707761468298
som-rs-bc-baseline,130.76442500000002,75.1015,107.32183733312775,13.698,276.497,40,0.0,0.8207265648369404
