exe,mean,median,std,min,max,n,pct_vs_baseline,cov
som-rs-bc-nan,3061.6223999999997,4723.6795,2060.070260035492,77.53,5065.459,80,0.3321815216337587,0.6728688227638693
som-rs-bc-l3bits,3266.3258125,4840.701,2225.630055410219,74.666,5407.974,80,0.24869257435720038,0.6813864210645761
som-rs-bc-l4bits,3581.4106874999998,5180.307000000001,2493.631068002605,75.826,6084.164,80,0.1388352644770512,0.6962706278578963
som-rs-bc-baseline,4078.6367874999996,6112.8495,2788.295159326981,100.349,6834.553,80,0.0,0.6836340926145734
