exe,mean,median,std,min,max,n,pct_vs_baseline,cov
som-rs-bc-l4bits,14.035676666666665,16.251,4.054417151731726,6.129,19.925,300,0.2048403793855802,0.28886510055910325
som-rs-bc-nan,14.271973333333332,16.504,4.020851729179904,6.488,18.664,300,0.18489220831877495,0.28173060832371966
som-rs-bc-l3bits,14.569463333333333,16.6785,4.3903394062794225,6.224,28.7,300,0.1606982091996525,0.3013384436909771
som-rs-bc-baseline,16.91075,20.0465,5.1245893475252435,7.252,21.115,300,0.0,0.3030373784441993
