exe,mean,median,std,min,max,n,pct_vs_baseline,cov
som-rs-bc-nan,112.00759333333333,113.529,38.78310164145018,39.456,162.958,300,0.164492151395212,0.3462542180156671
som-rs-bc-l4bits,113.49124333333333,115.321,39.02596564784291,40.305,163.662,300,0.14926896122059108,0.3438676368468391
som-rs-bc-l3bits,113.73021,115.491,40.19304777900179,38.463,168.022,300,0.1468541501271592,0.3534069600240938
som-rs-bc-baseline,130.43196333333333,129.382,48.619712555078436,45.805,204.245,300,0.0,0.372759186571664
