exe,mean,median,std,min,max,n,pct_vs_baseline,cov
som-rs-bc-nan,42.31185,47.227,10.467194387453441,21.362,50.984,20,0.26241348463846403,0.2473821018805238
som-rs-bc-l3bits,42.56175,48.4825,11.460611639207434,21.153,50.932,20,0.2550012628710048,0.26927021654907124
som-rs-bc-l4bits,42.767900000000004,48.147000000000006,10.393613539598551,20.431,49.593,20,0.24895190084151864,0.24302370562030284
som-rs-bc-baseline,53.415049999999994,61.819500000000005,15.849292524389984,25.323,65.103,20,0.0,0.2967196047628896
