exe,mean,median,std,min,max,n,pct_vs_baseline,cov
som-rs-bc-l3bits,2.5994,2.417,0.3936023373914336,2.413,3.303,5,0.08632761406478417,0.15142045756383532
som-rs-bc-nan,2.6092,2.381,0.518692779976741,2.369,3.537,5,0.08224743216311503,0.19879379885663845
som-rs-bc-l4bits,2.7028,2.403,0.6776748482864035,2.388,3.915,5,0.04476838833801988,0.25073066756193707
som-rs-bc-baseline,2.8238,2.619,0.44708914099986813,2.612,3.623,5,0.0,0.1583288975847681
