exe,mean,median,std,min,max,n,pct_vs_baseline,cov
som-rs-bc-nan,36.8779,36.8145,26.416601991298325,11.805,62.038,10,0.16112631142228828,0.7163260920849162
som-rs-bc-l4bits,40.676100000000005,40.618,26.65017463961958,15.35,66.257,10,0.05270416780369791,0.6551801829482073
som-rs-bc-l3bits,41.123599999999996,41.09,25.821601913471167,16.581,65.757,10,0.0412488206285444,0.6279022729885314
som-rs-bc-baseline,42.819900000000004,42.7905,31.79305827255727,12.5,73.241,10,0.0,0.7424832442989654
