exe,mean,median,std,min,max,n,pct_vs_baseline,cov
som-rs-bc-nan,15.2988,15.256,0.12273222885615694,15.174,15.5,5,0.1948257379663767,0.008022343507736354
som-rs-bc-l3bits,15.587799999999998,15.557,0.05249476164342469,15.544,15.655,5,0.17267350107135093,0.003367682523731681
som-rs-bc-l4bits,15.616,15.563,0.12166552510879952,15.512,15.809,5,0.17055584016393466,0.0077910812697745595
som-rs-bc-baseline,18.279400000000003,18.254,0.11558892680529377,18.164,18.427,5,0.0,0.006323453002029265
