exe,mean,median,std,min,max,n,pct_vs_baseline,cov
som-rs-bc-baseline,15.9744,15.913,2.507724227262639,12.161,19.021,5,0.0,0.15698393850552378
som-rs-bc-nan,17.1308,16.039,6.057583197942889,11.787,27.09,5,-0.06750414458168918,0.35360772397920054
som-rs-bc-l3bits,17.4058,15.242,5.691003004743539,12.787,26.596,5,-0.0822369554975928,0.32696015148648955
som-rs-bc-l4bits,17.5304,15.864,7.6522773603679575,10.364,26.948,5,-0.08876009674622376,0.43651470362159206
