exe,mean,median,std,min,max,n,pct_vs_baseline,cov
som-rs-bc-l3bits,23.4926,22.713,2.1302452440974955,21.925,27.241,5,0.4701225066616721,0.09067728749042232
som-rs-bc-l4bits,27.4908,26.284,2.043548188812781,25.829,30.295,5,0.25631120229313065,0.07433571190408358
som-rs-bc-nan,29.155,27.829,6.4636437479180415,23.078,40.144,5,0.18459955410735707,0.22169932251476732
som-rs-bc-baseline,34.537,31.497,7.2556417014623875,28.685,46.594,5,0.0,0.2100831485497405
