exe,mean,median,std,min,max,n,pct_vs_baseline,cov
som-rs-bc-nan,38.5424,35.346,7.681832353026191,32.39,50.171,5,0.05702291502345469,0.1993086147470368
som-rs-bc-baseline,40.7402,40.069,2.9233260509221366,37.457,44.409,5,0.0,0.07175531909323313
som-rs-bc-l3bits,40.935199999999995,39.014,8.876470312010289,31.84,55.81,5,-0.0047636264144304,0.21684199202667362
som-rs-bc-l4bits,42.0504,38.618,6.8558102949250275,34.715,50.945,5,-0.031157848676825917,0.16303793293107857
