rank,exe,geo_mean_speedup_vs_baseline,median_speedup_vs_baseline,win_rate
1,som-rs-bc-l3bits,1.5814868309071473,1.7458005982709313,0.9523809523809523
2,som-rs-bc-nan,1.5494777924718062,1.686053525508746,0.8571428571428571
3,som-rs-bc-l4bits,1.5482748468788465,1.6887878402442125,0.8333333333333334
4,som-rs-bc-baseline,1.0,1.0,0.8571428571428571
