rank,exe,geo_mean_speedup_vs_baseline,median_speedup_vs_baseline,win_rate
1,som-rs-bc-nan,1.1401600259683655,1.1339292047953466,0.6046511627906976
2,som-rs-bc-l3bits,1.1240421524402022,1.1158067813180466,0.2558139534883721
3,som-rs-bc-l4bits,1.1102481266473716,1.0977571809557123,0.13953488372093023
4,som-rs-bc-baseline,1.0,1.0,0.0
