exe,mean,median,std,min,max,n,pct_vs_baseline,cov
som-rs-bc-l4bits,9.810226666666667,9.809,0.0180161889161685,9.779,9.906,75,0.3774442180744719,0.0018364701987349766
som-rs-bc-nan,10.049013333333335,10.01,0.21536891625787172,9.997,11.853,75,0.34471311279648,0.021431846999692677
som-rs-bc-l3bits,10.6572,10.633,0.0844630096551144,10.58,10.963,75,0.2679728258829712,0.007925440984040312
som-rs-bc-baseline,13.51304,13.364,0.7266584468499476,13.313,19.119,75,0.0,0.05377460932920702
