exe,mean,median,std,min,max,n,pct_vs_baseline,cov
som-rs-bc-l4bits,5.995306666666666,5.981,0.07588130370685682,5.911,6.564,75,0.41120165106928086,0.012656784369138219
som-rs-bc-nan,6.202613333333334,6.16,0.28745617260927153,6.129,8.534,75,0.3640358042631491,0.046344364409185296
som-rs-bc-l3bits,6.36364,6.313,0.3785599184962561,6.286,9.582,75,0.3295200021790463,0.0594879531991527
som-rs-bc-baseline,8.460586666666666,8.386,0.28073042245202157,8.32,9.526,75,0.0,0.0331809641000492
