exe,mean,median,std,min,max,n,pct_vs_baseline,cov
som-rs-bc-l4bits,9.8142,9.818,0.01613071604114329,9.794,9.834,5,0.36047767520531493,0.0016436098756030335
som-rs-bc-nan,10.0144,10.012,0.006188699378705633,10.009,10.024,5,0.33328007668956694,0.0006179800466034542
som-rs-bc-l3bits,10.8118,10.664,0.3567319722144338,10.595,11.439,5,0.234947002349285,0.032994688415845075
som-rs-bc-baseline,13.352,13.364,0.03928740256112638,13.31,13.4,5,0.0,0.002942435781989693
