exe,mean,median,std,min,max,n,pct_vs_baseline,cov
som-rs-bc-nan,2339.924666666667,2320.185,50.90870780365685,2317.616,2492.83,15,0.12480792116669281,0.021756558460567326
som-rs-bc-l3bits,2406.6644,2393.855,34.41553291922526,2389.455,2492.531,15,0.09361562833604875,0.014300096398660842
som-rs-bc-l4bits,2412.7618666666667,2401.27,34.765919627594776,2395.636,2499.524,15,0.09085187243786019,0.014409179831586684
som-rs-bc-baseline,2631.9658,2617.141,45.028638517535214,2611.601,2790.396,15,0.0,0.017108367638187096
