exe,mean,median,std,min,max,n,pct_vs_baseline,cov
som-rs-bc-nan,7.9884,7.983,0.03421695486158872,7.953,8.033,5,0.1662911221270842,0.00428333018646897
som-rs-bc-l4bits,8.1372,8.101,0.09542117165493234,8.049,8.264,5,0.14496386963574692,0.011726536358321332
som-rs-bc-l3bits,8.149,8.11,0.05777975423969877,8.103,8.219,5,0.1433059271076207,0.007090410386513532
som-rs-bc-baseline,9.3168,9.311,0.03018608951156148,9.278,9.351,5,0.0,0.0032399632396918985
