exe,mean,median,std,min,max,n,pct_vs_baseline,cov
som-rs-bc-nan,6.747319999999999,6.721,0.08721240923357373,6.657,7.391,75,0.6595665637122099,0.012925488821276261
som-rs-bc-l3bits,6.77984,6.704,0.30146803156231033,6.667,9.127,75,0.6516063309261968,0.044465360769916445
som-rs-bc-l4bits,6.865066666666666,6.827,0.3313118206803411,6.736,9.674,75,0.6311023927905532,0.048260539448076414
som-rs-bc-baseline,11.197626666666666,11.118,0.4109098268060354,11.054,14.522,75,0.0,0.03669615348306267
