exe,mean,median,std,min,max,n,pct_vs_baseline,cov
som-rs-bc-nan,9.061773333333333,9.046,0.048621976271811536,9.009,9.229,75,0.478615664630764,0.005365613824499201
som-rs-bc-l3bits,9.260586666666667,9.248,0.06979721463762836,9.17,9.448,75,0.4468716164850608,0.007537018673866778
som-rs-bc-l4bits,10.641453333333335,10.638,0.031034110846551256,10.613,10.884,75,0.25912124784960433,0.0029163413938338547
som-rs-bc-baseline,13.39888,13.354,0.31469882470430405,13.278,15.957,75,0.0,0.023486950006590405
