exe,mean,median,std,min,max,n,pct_vs_baseline,cov
som-rs-bc-l4bits,6.339973333333333,6.312,0.11975424986346184,6.252,6.753,75,0.3996841206482469,0.018888762391765346
som-rs-bc-l3bits,6.364586666666667,6.347,0.08927244866189175,6.31,6.916,75,0.394271217402963,0.014026433032869129
som-rs-bc-nan,6.79524,6.795,0.008472275931499202,6.777,6.822,75,0.30590825342445593,0.001246795688084483
som-rs-bc-baseline,8.87396,8.837,0.23493273562930814,8.787,10.85,75,0.0,0.02647439650723106
