exe,mean,median,std,min,max,n,pct_vs_baseline,cov
som-rs-bc-nan,3744.3,3717.915,3871.809592516485,71.267,7520.892,10,0.2806280479662422,1.0340543205716648
som-rs-bc-l3bits,4132.3311,4117.063,4280.339986070017,71.28,8264.422,10,0.160375459749583,1.0358172862939314
som-rs-bc-l4bits,4266.0324,4241.875,4403.548024750022,88.287,8485.24,10,0.12400824710098313,1.032235016487456
som-rs-bc-baseline,4795.055600000001,4758.6165,4950.944000944269,98.158,9594.384,10,0.0,1.0325102384515141
