exe,mean,median,std,min,max,n,pct_vs_baseline,cov
som-rs-bc-nan,3602.7728,4723.6795,2019.8704958402814,190.432,4852.931,20,0.36458046979815095,0.5606433177913082
som-rs-bc-l3bits,4042.4512499999996,5307.221,2271.4702392726977,206.791,5407.974,20,0.21616145649251806,0.5619041761536884
som-rs-bc-l4bits,4484.95475,5888.327499999999,2522.9477243789734,222.997,5992.929,20,0.09617012300960237,0.562535825891883
som-rs-bc-baseline,4916.2734,6447.1955,2749.4840554779385,272.836,6565.84,20,0.0,0.5592618293925513
