exe,mean,median,std,min,max,n,pct_vs_baseline,cov
som-rs-bc-l3bits,307.08,0.0,618.394297375895,0.0,1575.0,75,0.014892970344318579,2.0137889063953858
som-rs-bc-l4bits,309.8666666666667,0.0,624.0049448291024,0.0,1612.0,75,0.005765920826161786,2.013785321092198
som-rs-bc-nan,310.81333333333333,0.0,625.9170071341886,0.0,1596.0,75,0.0027025867616146115,2.0138035920837436
som-rs-bc-baseline,311.6533333333333,0.0,628.326294414178,0.0,1814.0,75,0.0,2.016106446524487
