exe,mean,median,std,min,max,n,pct_vs_baseline,cov
som-rs-bc-l4bits,54.17620000000001,54.143,0.43387175524571786,53.664,54.831,5,0.31724262683613813,0.00800853059545922
som-rs-bc-l3bits,54.50599999999999,54.188,0.4509362482657616,54.174,55.085,5,0.30927237368363114,0.008273148795834618
som-rs-bc-nan,55.4396,55.406,0.29196284010127055,55.135,55.831,5,0.2872242945475796,0.0052663229911700405
som-rs-bc-baseline,71.36319999999999,71.67,1.3025423985421727,69.765,72.606,5,0.0,0.018252298082795795
