exe,mean,median,std,min,max,n,pct_vs_baseline,cov
som-rs-bc-nan,6.4866,6.472,0.027718225051398718,6.463,6.531,5,0.4094286683316375,0.004273151581937952
som-rs-bc-l3bits,6.7054,6.708,0.036548597784320035,6.651,6.744,5,0.3634384227637426,0.00545062155640529
som-rs-bc-l4bits,6.7604,6.748,0.056949978050917636,6.703,6.854,5,0.35234601502869656,0.008424054501348683
som-rs-bc-baseline,9.1424,9.16,0.10915264540999498,9.031,9.3,5,0.0,0.011939167550095706
