exe,mean,median,std,min,max,n,pct_vs_baseline,cov
som-rs-bc-l4bits,33.9462,33.944,0.10841909425926688,33.855,34.123,5,0.3101024562395791,0.003193850689009871
som-rs-bc-l3bits,35.3528,35.183,0.9180611090771672,34.664,36.903,5,0.25797673734470816,0.02596855437411371
som-rs-bc-nan,40.1964,40.222,1.5485206811663879,38.602,42.048,5,0.10639261227373598,0.03852386485273278
som-rs-bc-baseline,44.473,44.44,0.32190060577762314,44.208,45.004,5,0.0,0.007238113142302592
