exe,mean,median,std,min,max,n,pct_vs_baseline,cov
som-rs-bc-l4bits,17.640946666666665,17.532,0.28038235926567756,17.483,19.383,75,0.1827143063373018,0.015893838611023763
som-rs-bc-nan,18.011653333333335,17.933,0.5745655584012163,17.881,22.908,75,0.1583722834253971,0.0318996567260094
som-rs-bc-l3bits,18.204720000000002,18.084,0.42335106382675153,18.026,21.397,75,0.1460873883256648,0.023255016491698387
som-rs-bc-baseline,20.8642,20.594,0.5330424657288291,20.351,23.111,75,0.0,0.025548186162365635
