exe,mean,median,std,min,max,n,pct_vs_baseline,cov
som-rs-bc-nan,24.04568,23.968,0.23345212831802842,23.867,25.558,75,0.17039401672150678,0.009708693133986163
som-rs-bc-l3bits,24.656093333333335,24.595,0.1832627838049182,24.494,25.345,75,0.14141845666818265,0.007432758358241595
som-rs-bc-l4bits,24.770946666666667,23.971,4.400299694625642,23.877,60.205,75,0.13612613917056593,0.1776395449814181
som-rs-bc-baseline,28.14292,27.839,0.9078277720932445,27.771,32.863,75,0.0,0.032257767569720715
