exe,mean,median,std,min,max,n,pct_vs_baseline,cov
som-rs-bc-l4bits,95.29552,97.909,8.530444832290796,76.33,103.478,75,0.12563024998446948,0.08951569635477928
som-rs-bc-l3bits,95.78782666666667,98.26,8.47421294977877,77.115,103.852,75,0.11984501301278772,0.08846857940798987
som-rs-bc-nan,95.86445333333333,98.615,8.623633084465936,76.895,104.604,75,0.11894989508798126,0.08995652491211135
som-rs-bc-baseline,107.26752,116.19,16.38285709032958,79.333,129.6,75,0.0,0.15272896297341057
