exe,mean,median,std,min,max,n,pct_vs_baseline,cov
som-rs-bc-l3bits,2266.0395333333336,2283.651,60.31571539333295,2203.037,2421.288,15,0.1261397822626984,0.026617238801923643
som-rs-bc-l4bits,2267.5696666666668,2229.65,64.4991212572108,2225.037,2437.304,15,0.12537987440003695,0.02844416301970765
som-rs-bc-nan,2285.3328666666666,2253.39,55.25384927103871,2243.711,2429.267,15,0.11663263758542786,0.024177593591270006
som-rs-bc-baseline,2551.877266666667,2557.643,65.95219607896378,2487.749,2719.84,15,0.0,0.025844579964894775
