exe,mean,median,std,min,max,n,pct_vs_baseline,cov
som-rs-bc-nan,135.82514666666668,142.981,21.050295701006668,107.509,162.958,75,0.17035009521064626,0.1549808427791869
som-rs-bc-l3bits,137.42386666666664,144.489,21.02631903201404,108.765,168.022,75,0.15673483208642103,0.1530034013888954
som-rs-bc-l4bits,137.85662666666667,145.183,21.14027386982418,109.695,163.662,75,0.1531036060943316,0.15334971108019893
som-rs-bc-baseline,158.96297333333334,138.619,30.122129160493305,128.352,204.245,75,0.0,0.18949148049294146
