exe,mean,median,std,min,max,n,pct_vs_baseline,cov
som-rs-bc-nan,5.676146666666667,5.647,0.24905951168417642,5.502,7.645,75,0.8850581732677802,0.04387827276324368
som-rs-bc-l4bits,5.6846,5.66,0.09485408424151957,5.551,5.993,75,0.8822549812944918,0.016686149287816133
som-rs-bc-l3bits,5.813706666666667,5.76,0.18003736649188495,5.519,6.266,75,0.8404552001247627,0.03096774172046605
som-rs-bc-baseline,10.699866666666667,10.655,0.09441059453451424,10.577,10.973,75,0.0,0.008823530000484203
