exe,mean,median,std,min,max,n,pct_vs_baseline,cov
som-rs-bc-l4bits,18.395439999999997,18.367,0.08254961489261496,18.322,18.745,75,1.0771763726952628,0.004487504234343673
som-rs-bc-nan,18.71932,18.648,0.2367477937338348,18.483,19.645,75,1.0412372529201561,0.01264724326171222
som-rs-bc-l3bits,19.510080000000002,19.469,0.4780422846840502,19.063,23.382,75,0.9585041851870075,0.02450232314188615
som-rs-bc-baseline,38.210573333333336,37.851,1.4139445034154403,37.574,49.387,75,0.0,0.03700401171897552
