exe,mean,median,std,min,max,n,pct_vs_baseline,cov
som-rs-bc-l4bits,90.03144,93.352,8.163752623541356,73.1,99.609,75,0.3716202547317544,0.09067668609478373
som-rs-bc-l3bits,90.63705333333333,93.836,8.55115929218725,73.472,113.907,75,0.3624554431675404,0.09434507166444273
som-rs-bc-nan,91.31614666666667,94.271,8.57150569524419,74.13,120.992,75,0.35232323279519306,0.09386626580437023
som-rs-bc-baseline,123.48894666666666,135.688,18.600474566666986,99.107,142.687,75,0.0,0.1506246110987989
