exe,mean,median,std,min,max,n,pct_vs_baseline,cov
som-rs-bc-l4bits,25.4974,25.337,0.3337863088863892,25.245,26.063,5,1.182583322221089,0.013090993940024834
som-rs-bc-nan,25.9276,25.965,0.05680933021960565,25.863,25.974,5,1.1463691201653834,0.002191075541878371
som-rs-bc-l3bits,26.475599999999996,26.237,0.5375823657822126,26.217,27.437,5,1.1019429210291745,0.020304822771994316
som-rs-bc-baseline,55.6502,55.412,0.7324600330393443,55.101,56.939,5,0.0,0.013161858053328547
