exe,mean,median,std,min,max,n,pct_vs_baseline,cov
som-rs-bc-l3bits,8.56672,8.488,0.27216665999128337,8.434,9.558,75,0.6547974798600475,0.03177022944502486
som-rs-bc-nan,8.59948,8.521,0.20571978842919178,8.47,9.388,75,0.6484934747992515,0.023922352099102713
som-rs-bc-l4bits,8.642386666666667,8.571,0.21069485385609568,8.545,9.337,75,0.6403092355661013,0.024379244065616406
som-rs-bc-baseline,14.176186666666666,14.058,0.2873565773086155,13.932,15.878,75,0.0,0.020270372002387255
