exe,mean,median,std,min,max,n,pct_vs_baseline,cov
som-rs-bc-l4bits,35.4624,35.326,0.5247273577773502,35.019,36.361,5,0.9480914997292904,0.014796724355298857
som-rs-bc-nan,35.5086,35.412,0.37927733915962,35.153,36.154,5,0.9455568510163732,0.010681281130757617
som-rs-bc-l3bits,36.3628,36.299,0.3102880919403788,35.912,36.658,5,0.8998536966350223,0.00853311879009259
som-rs-bc-baseline,69.08399999999999,69.209,0.2816948703828348,68.749,69.351,5,0.0,0.004077570354681762
