exe,mean,median,std,min,max,n,pct_vs_baseline,cov
som-rs-bc-nan,116.4754,116.335,0.42234144954053954,115.964,117.045,5,0.7575385016922029,0.0036260141587025206
som-rs-bc-l4bits,117.43620000000001,117.59,0.5036717184833784,116.686,118.031,5,0.7431592643494935,0.004288896596478585
som-rs-bc-l3bits,118.16159999999999,117.99,0.4548211736495985,117.801,118.877,5,0.7324579220322001,0.003849145353901763
som-rs-bc-baseline,204.71,204.954,0.6512008138815413,203.622,205.335,5,0.0,0.0031810894137147246
