exe,mean,median,std,min,max,n,pct_vs_baseline,cov
som-rs-bc-l4bits,9.8378,9.833,0.00925742944882615,9.832,9.854,5,2.1987639512899224,0.0009410060632281759
som-rs-bc-nan,10.015,10.011,0.006964194138592197,10.009,10.024,5,2.142166749875187,0.0006953763493352168
som-rs-bc-l3bits,10.8818,10.881,0.013700364958642873,10.866,10.903,5,1.8918745060559834,0.0012590164273045704
som-rs-bc-baseline,31.468799999999998,31.524,0.09590464013800447,31.364,31.556,5,0.0,0.003047610335888387
