exe,mean,median,std,min,max,n,pct_vs_baseline,cov
som-rs-bc-l4bits,9.872386666666666,9.84,0.2522807795130494,9.811,12.021,75,2.2005499514470674,0.025554183403781735
som-rs-bc-nan,10.016413333333333,10.013,0.015653419739774157,9.996,10.072,75,2.154529033013814,0.0015627769360996308
som-rs-bc-l3bits,10.91588,10.905,0.06699051163148895,10.795,11.347,75,1.8945963739677123,0.0061369776537932765
som-rs-bc-baseline,31.59706666666667,31.585,0.18254531709357208,31.307,32.061,75,0.0,0.005777286829164692
