exe,mean,median,std,min,max,n,pct_vs_baseline,cov
som-rs-bc-l4bits,6.76616,6.718,0.1777708090225738,6.654,7.482,75,3.293578632488738,0.026273515409415946
som-rs-bc-nan,7.2077599999999995,7.203,0.022189503240362382,7.189,7.318,75,3.030522658912062,0.0030785574492439237
som-rs-bc-l3bits,7.4865466666666665,7.454,0.1853125404759692,7.388,8.916,75,2.880432633826722,0.024752739644442547
som-rs-bc-baseline,29.05104,28.983,0.25130338292643395,28.878,30.874,75,0.0,0.008650409173868953
