exe,mean,median,std,min,max,n,pct_vs_baseline,cov
som-rs-bc-nan,5.8475866666666665,5.829,0.09786671760314847,5.762,6.404,75,2.359535215667318,0.016736257738773457
som-rs-bc-l4bits,5.8486666666666665,5.817,0.10485979485282523,5.78,6.204,75,2.3589148523880086,0.017928837601645715
som-rs-bc-l3bits,6.114,6.116,0.0260493295032246,6.031,6.175,75,2.213145785628612,0.004260603451623258
som-rs-bc-baseline,19.645173333333332,19.602,0.18220832844564186,19.49,20.653,75,0.0,0.00927496669812917
