exe,mean,median,std,min,max,n,pct_vs_baseline,cov
som-rs-bc-nan,2328.277666666667,2314.237,36.53223110324568,2311.232,2423.459,15,1.3959101957054663,0.015690667666605203
som-rs-bc-l4bits,3689.475066666667,3677.416,33.21542047317058,3671.3,3770.838,15,0.5119614848189966,0.009002749679286963
som-rs-bc-l3bits,3797.484933333333,3783.77,34.24320545632095,3781.814,3882.209,15,0.4689575595243969,0.009017338069137027
som-rs-bc-baseline,5578.3442000000005,5538.864,75.80028657710626,5530.443,5732.892,15,0.0,0.013588312922158202
