exe,mean,median,std,min,max,n,pct_vs_baseline,cov
som-rs-bc-nan,3741.7338000000004,3705.2965000000004,3868.9831199649807,71.18,7463.341,10,0.8840563698037522,1.0340081167626036
som-rs-bc-l3bits,4546.4625,4505.249,4717.4473304504,70.905,9081.505,10,0.5505763876860306,1.037608323053451
som-rs-bc-l4bits,4559.4667,4529.637,4713.730369838451,87.58,9118.718,10,0.5461539394508572,1.033833709069188
som-rs-bc-baseline,7049.6374,7008.4455,7291.895249571483,131.878,14089.869,10,0.0,1.0343645830027348
