exe,mean,median,std,min,max,n,pct_vs_baseline,cov
som-rs-bc-nan,119.0024,118.752,84.36760150831992,38.668,199.776,10,0.8376915087426808,0.7089571429510659
som-rs-bc-l4bits,135.3261,134.0105,106.72960429301912,33.839,239.833,10,0.6160201173313942,0.7886845500832369
som-rs-bc-l3bits,135.8519,135.30349999999999,105.85602323958709,35.213,240.202,10,0.6097654872695928,0.7792016397237513
som-rs-bc-baseline,218.6897,218.0815,169.10709447109411,57.476,381.781,10,0.0,0.7732741618425291
