exe,mean,median,std,min,max,n,pct_vs_baseline,cov
som-rs-bc-nan,21.7286,21.508,0.31914933808485335,21.487,22.153,5,0.5981977669983343,0.01468798441155221
som-rs-bc-l4bits,22.4192,22.445,0.2554548883854055,22.133,22.801,5,0.5489669568940909,0.011394469400576536
som-rs-bc-l3bits,24.412399999999998,24.48,0.17789547492839722,24.177,24.589,5,0.42249840245121373,0.007287094875079764
som-rs-bc-baseline,34.726600000000005,34.857,0.37018887071331613,34.168,35.154,5,0.0,0.010660095451708951
