exe,mean,median,std,min,max,n,pct_vs_baseline,cov
som-rs-bc-nan,3478.5071,3446.0605,3627.923213555915,36.784,7008.823,10,0.8852408551933095,1.0429540918734692
som-rs-bc-l3bits,4163.026400000001,4127.178,4348.493978277594,37.709,8350.85,10,0.575253930650067,1.044551141515123
som-rs-bc-l4bits,4174.4809000000005,4143.646500000001,4360.640576316651,37.458,8404.044,10,0.5709315378589943,1.0445946887232496
som-rs-bc-baseline,6557.823699999999,6534.7505,6841.427992068307,67.053,13078.205,10,0.0,1.0432467088232804
