exe,mean,median,std,min,max,n,pct_vs_baseline,cov
som-rs-bc-l4bits,16.42076,16.318,0.3386831749186446,16.269,18.926,75,0.6758266162264517,0.020625304487651274
som-rs-bc-nan,16.564320000000002,16.517,0.1413910773590629,16.485,17.506,75,0.6613025265550694,0.008535881784405449
som-rs-bc-l3bits,16.69877333333333,16.62,0.2465571899741073,16.555,18.123,75,0.6479262349010868,0.01476498812532182
som-rs-bc-baseline,27.51834666666667,27.357,0.4034617599125262,27.268,29.66,75,0.0,0.014661555245295483
