exe,mean,median,std,min,max,n,pct_vs_baseline,cov
som-rs-bc-nan,128.69747999999998,132.882,19.925608316096312,103.946,152.038,75,0.4823911082019634,0.15482516297985255
som-rs-bc-l4bits,130.31332,134.366,20.060680042338568,105.039,155.383,75,0.46400997227298024,0.1539418997408597
som-rs-bc-l3bits,132.6694666666667,136.359,20.406045677646564,106.783,173.201,75,0.43800985104836965,0.15381116838976183
som-rs-bc-baseline,190.78,169.278,28.936371318949238,163.997,241.827,75,0.0,0.15167402934767396
