exe,mean,median,std,min,max,n,pct_vs_baseline,cov
som-rs-bc-nan,34.4642,34.429,0.08411123587250209,34.391,34.564,5,0.8713911827345477,0.002440539338574582
som-rs-bc-l3bits,34.9856,35.007,0.05484341346050419,34.892,35.031,5,0.8435013262599469,0.001567599625574642
som-rs-bc-l4bits,35.4904,35.489,0.01672722332008487,35.467,35.512,5,0.817280165904019,0.00047131684399400603
som-rs-bc-baseline,64.496,64.535,0.08714069083958467,64.371,64.582,5,0.0,0.0013511022519161603
