exe,mean,median,std,min,max,n,pct_vs_baseline,cov
som-rs-bc-nan,19.62335,20.878500000000003,3.551934006543773,8.284,22.163,20,0.12123821875469787,0.18100548614501463
som-rs-bc-l4bits,20.218,22.211,3.8840579024357598,11.169,22.809,20,0.08826046097536855,0.19210890802432287
som-rs-bc-l3bits,20.7732,23.106499999999997,4.870195409459029,8.592,24.331,20,0.05917480214892268,0.23444608483329624
som-rs-bc-baseline,22.00245,24.5235,5.262728694618211,10.734,26.114,20,0.0,0.23918830378517897
