exe,mean,median,std,min,max,n,pct_vs_baseline,cov
som-rs-bc-nan,17.741,19.872500000000002,4.014452273054392,9.817,20.33,20,0.3501916464686319,0.22628105930073794
som-rs-bc-l3bits,19.18365,20.755499999999998,3.5774630716399263,8.946,21.304,20,0.24865445314108636,0.18648500528522602
som-rs-bc-l4bits,19.29535,21.072000000000003,4.149495610121914,8.727,22.313,20,0.24142604306218862,0.2150515854919405
som-rs-bc-baseline,23.95375,26.4085,5.074752126433058,11.669,26.894,20,0.0,0.21185626995493642
