exe,mean,median,std,min,max,n,pct_vs_baseline,cov
som-rs-bc-nan,5.609893333333334,5.594,0.08746591202157407,5.491,5.903,75,0.39516615883367945,0.015591368110666524
som-rs-bc-l4bits,5.660826666666667,5.639,0.08877048653285204,5.53,6.062,75,0.382613140130299,0.015681541188245537
som-rs-bc-l3bits,5.706066666666667,5.705,0.07004773147422168,5.588,6.0,75,0.37165122501197567,0.012276010002375545
som-rs-bc-baseline,7.826733333333333,7.776,0.17495399652737514,7.704,8.486,75,0.0,0.02235338666545112
