exe,mean,median,std,min,max,n,pct_vs_baseline,cov
som-rs-bc-l3bits,24.88965333333333,24.732,0.7438589028756641,24.51,30.549,75,0.21515339171725456,0.02988627012652905
som-rs-bc-nan,25.19714666666667,25.026,0.8527368925570935,24.979,30.405,75,0.20032426952046434,0.033842597490817486
som-rs-bc-l4bits,25.351613333333333,25.217,0.5031837795835982,25.102,28.593,75,0.19301072752240378,0.019848195575071812
som-rs-bc-baseline,30.24474666666667,29.854,1.2516764012049346,29.591,35.352,75,0.0,0.0413849193382212
