exe,mean,median,std,min,max,n,pct_vs_baseline,cov
som-rs-bc-l4bits,18.78389333333333,18.745,0.18977942910576875,18.627,19.882,75,0.2006605659316636,0.010103306366683412
som-rs-bc-l3bits,18.807693333333333,18.729,0.2501902504923847,18.65,19.637,75,0.1991412025008208,0.013302548380505886
som-rs-bc-nan,18.87904,18.682,1.0307511750489853,18.469,24.232,75,0.1946094716680511,0.05459764771137649
som-rs-bc-baseline,22.55308,22.408,0.522591224675757,22.36,25.687,75,0.0,0.023171612244347866
