exe,mean,median,std,min,max,n,pct_vs_baseline,cov
som-rs-bc-l4bits,90.3844,93.59,8.32529542045433,73.111,104.342,75,0.13854440958100422,0.09210987095620848
som-rs-bc-l3bits,90.85968,94.427,8.003203353860455,74.485,100.169,75,0.13258877131565217,0.08808311182540435
som-rs-bc-nan,91.14017333333334,94.503,7.990947055758027,74.244,100.368,75,0.12910311193907442,0.08767754946583409
som-rs-bc-baseline,102.90665333333332,113.654,15.46006297624785,77.306,118.578,75,0.0,0.15023385248152907
