exe,mean,median,std,min,max,n,pct_vs_baseline,cov
som-rs-bc-l4bits,54.1684,54.117,0.43088200240901364,53.519,54.584,5,0.309479327430753,0.007954490116174997
som-rs-bc-l3bits,55.5278,55.847,0.8926599016422773,54.366,56.313,5,0.27742139973130575,0.016075909754074125
som-rs-bc-nan,56.263400000000004,55.974,0.6693416915148784,55.507,56.986,5,0.2607201128975496,0.011896573820900948
som-rs-bc-baseline,70.9324,71.044,0.1996867546934495,70.669,71.091,5,0.0,0.0028151698616351553
