exe,mean,median,std,min,max,n,pct_vs_baseline,cov
som-rs-bc-l3bits,25.0626,25.007,0.1400760507724289,24.985,25.312,5,0.32694931890546064,0.005589047057066262
som-rs-bc-l4bits,25.3956,25.207,0.3664236618997203,25.172,26.038,5,0.3095496857723383,0.014428627868596146
som-rs-bc-nan,25.909000000000002,25.876,0.0774338427304237,25.846,26.038,5,0.28360029333436243,0.0029886851183150136
som-rs-bc-baseline,33.2568,33.231,0.08346675985085514,33.176,33.392,5,0.0,0.0025097652164626527
