exe,mean,median,std,min,max,n,pct_vs_baseline,cov
som-rs-bc-l3bits,8.594573333333333,8.536,0.1471680573939784,8.509,9.234,75,0.3129618224212798,0.017123369792331564
som-rs-bc-l4bits,8.639253333333333,8.562,0.1925061665093979,8.53,9.33,75,0.3061715209956417,0.022282731977153646
som-rs-bc-nan,8.8468,8.525,0.9296302374484049,8.481,12.186,75,0.27552862805383493,0.10508096005882409
som-rs-bc-baseline,11.284346666666666,11.23,0.11963305307224867,11.142,11.501,75,0.0,0.010601681834681494
