exe,mean,median,std,min,max,n,pct_vs_baseline,cov
som-rs-bc-nan,1267.99265,1669.908,745.2090331405979,10.786,1771.801,20,0.30036061328904373,0.5877076914764434
som-rs-bc-l4bits,1303.5839,1727.066,765.816421585205,11.099,1815.961,20,0.2648573674467747,0.5874699906812327
som-rs-bc-l3bits,1345.1173999999999,1774.7275,790.7640784539976,11.169,1895.927,20,0.2258020749712999,0.5878773692571353
som-rs-bc-baseline,1648.8476999999998,2167.2250000000004,969.5387653139153,13.439,2343.185,20,0.0,0.5880098964348953
