exe,mean,median,std,min,max,n,pct_vs_baseline,cov
som-rs-bc-l3bits,33.5888,33.351,0.6598948401071173,33.049,34.675,5,0.29756347353879886,0.01964627614285468
som-rs-bc-nan,33.8208,33.686,0.38203756359813484,33.423,34.242,5,0.2886625981644433,0.011295935152277144
som-rs-bc-l4bits,35.2446,34.897,0.8581787692549833,34.424,36.562,5,0.23660362154769832,0.024349227094504784
som-rs-bc-baseline,43.583600000000004,43.36,0.6470241881104601,43.088,44.72,5,0.0,0.014845588434880553
