exe,mean,median,std,min,max,n,pct_vs_baseline,cov
som-rs-bc-l3bits,35.293,35.337,0.2324553720609629,35.037,35.612,5,0.3407757912333891,0.00658644411245751
som-rs-bc-l4bits,35.370799999999996,35.383,0.22835651950404104,35.106,35.635,5,0.33782668189580134,0.006456074488109997
som-rs-bc-nan,35.5776,35.656,0.2819251673760237,35.129,35.855,5,0.33005036877136185,0.007924232308419448
som-rs-bc-baseline,47.32,47.186,0.5510285836506116,46.798,48.26,5,0.0,0.011644729155761022
