exe,mean,median,std,min,max,n,pct_vs_baseline,cov
som-rs-bc-nan,117.6414,117.018,0.9740987116304015,116.959,119.153,5,0.279535945678987,0.008280237328273902
som-rs-bc-l4bits,119.02640000000001,117.268,3.0380970688903233,116.607,123.657,5,0.2646471707117075,0.025524564877122412
som-rs-bc-l3bits,121.42939999999999,122.207,2.1573477466556,118.847,123.824,5,0.23962071788216033,0.017766271979072615
som-rs-bc-baseline,150.5264,149.688,1.4590713827637074,149.535,152.904,5,0.0,0.009693126141086928
