exe,mean,median,std,min,max,n,pct_vs_baseline,cov
som-rs-bc-l4bits,9.818,9.82,0.008631338250815798,9.805,9.828,5,0.36431045019352215,0.0008791340650657769
som-rs-bc-nan,10.0236,10.019,0.007266360849834428,10.017,10.032,5,0.33632627000279336,0.0007249252613666175
som-rs-bc-l3bits,10.6674,10.669,0.015241391012634008,10.65,10.685,5,0.25567617226315686,0.0014287821786596554
som-rs-bc-baseline,13.3948,13.4,0.021064187617849884,13.363,13.421,5,0.0,0.0015725645487689166
