exe,mean,median,std,min,max,n,pct_vs_baseline,cov
som-rs-bc-l4bits,5.795906666666666,5.793,0.02040877747926597,5.748,5.865,75,0.385209791738077,0.0035212398427049616
som-rs-bc-nan,5.83972,5.828,0.08305363945684155,5.74,6.444,75,0.37481705743882676,0.014222195491708773
som-rs-bc-l3bits,6.175719999999999,6.166,0.06268659928349701,6.111,6.557,75,0.3000179196379802,0.010150492458125857
som-rs-bc-baseline,8.028546666666665,7.995,0.17447591743781057,7.864,9.199,75,0.0,0.021731942863608016
