exe,mean,median,std,min,max,n,pct_vs_baseline,cov
som-rs-bc-l4bits,6.721946666666667,6.68,0.29570894626456756,6.638,9.233,75,0.7057459545449136,0.04399156389189355
som-rs-bc-nan,7.214533333333334,7.206,0.029639424682262185,7.182,7.328,75,0.5892827440906319,0.004108294093717614
som-rs-bc-l3bits,8.091253333333334,8.09,0.03186504198806127,8.06,8.35,75,0.4170775355775125,0.0039382084178217055
som-rs-bc-baseline,11.465933333333334,11.439,0.2014089112962725,11.408,13.178,75,0.0,0.01756585403394454
