exe,mean,median,std,min,max,n,pct_vs_baseline,cov
som-rs-bc-l4bits,6.006293333333333,6.007,0.03948409646774101,5.872,6.094,75,0.5410569358361899,0.00657378757188144
som-rs-bc-nan,6.23056,6.159,0.4040308136496254,6.133,8.704,75,0.48558717033460885,0.06484662913921468
som-rs-bc-l3bits,6.318906666666667,6.293,0.10617580695234698,6.243,6.917,75,0.46481669824737626,0.016802876281183713
som-rs-bc-baseline,9.25604,8.64,2.3041503296490045,8.577,17.921,75,0.0,0.24893478524822757
