exe,mean,median,std,min,max,n,pct_vs_baseline,cov
som-rs-bc-l4bits,9.835693333333333,9.814,0.07784321965879192,9.787,10.148,75,0.3722265978199131,0.007914360179874652
som-rs-bc-nan,10.05264,10.012,0.2252593484276603,9.997,11.921,75,0.34261248786388454,0.022407979240046425
som-rs-bc-l3bits,10.791066666666667,10.667,0.5062064351180796,10.637,14.442,75,0.2507382649846168,0.04690976812160178
som-rs-bc-baseline,13.4968,13.389,0.34168157295543056,13.337,15.078,75,0.0,0.025315746914485696
