exe,mean,median,std,min,max,n,pct_vs_baseline,cov
som-rs-bc-nan,5.845533333333334,5.823,0.12183066819036867,5.756,6.577,75,0.3046018042265888,0.02084166854299613
som-rs-bc-l4bits,5.930173333333333,5.926,0.02257562266558194,5.889,6.008,75,0.2859815227435736,0.003806907723705986
som-rs-bc-l3bits,6.2359333333333336,6.2,0.2658358228017522,6.166,8.497,75,0.2229273351222485,0.042629676840957066
som-rs-bc-baseline,7.626093333333333,7.623,0.02440877851242167,7.569,7.687,75,0.0,0.003200692339514378
