exe,mean,median,std,min,max,n,pct_vs_baseline,cov
som-rs-bc-l4bits,54.637,54.523,0.35842363203338123,54.219,55.182,5,0.15567472591833353,0.006560089903058023
som-rs-bc-nan,55.3586,55.466,0.4981037040617139,54.768,55.933,5,0.14061049231736344,0.008997765551544185
som-rs-bc-l3bits,55.587,55.599,0.34823483455852083,55.12,55.993,5,0.13592386709122617,0.006264681212487107
som-rs-bc-baseline,63.142599999999995,62.882,0.6418604209639314,62.623,64.252,5,0.0,0.010165251683711653
