exe,mean,median,std,min,max,n,pct_vs_baseline,cov
som-rs-bc-l3bits,4468.6024,4468.598,10.703632341406147,4454.52,4479.786,5,0.25022897539508104,0.0023952975412191847
som-rs-bc-l4bits,4486.890600000001,4465.435,39.09287918918226,4459.055,4551.13,5,0.24513314409760723,0.008712688290011407
som-rs-bc-nan,4672.1102,4675.82,11.426847539894855,4656.695,4686.363,5,0.19577149528707616,0.0024457572811306663
som-rs-bc-baseline,5586.7762,5599.323,23.802931945455995,5549.686,5604.97,5,0.0,0.004260584475436119
