exe,mean,median,std,min,max,n,pct_vs_baseline,cov
som-rs-bc-nan,8.0408,8.035,0.0739202272723773,7.981,8.165,5,0.1640384041388916,0.00919314337782028
som-rs-bc-l4bits,8.084,8.054,0.08676116642830481,8.0,8.197,5,0.15781791192478978,0.010732455025767543
som-rs-bc-l3bits,8.1482,8.161,0.04185928809714746,8.1,8.202,5,0.14869541739279857,0.0051372435749180755
som-rs-bc-baseline,9.3598,9.342,0.03585665907471029,9.325,9.4,5,0.0,0.0038309215020310575
