exe,mean,median,std,min,max,n,pct_vs_baseline,cov
som-rs-bc-nan,2342.1954666666666,2329.459,35.34390330709037,2326.558,2439.803,15,0.13511992110422222,0.015090074167631543
som-rs-bc-l4bits,2377.3648000000003,2364.769,34.47545384182781,2360.768,2462.736,15,0.1183276261738766,0.014501541303979853
som-rs-bc-l3bits,2389.3879333333334,2376.471,33.239375770885076,2374.351,2474.252,15,0.11270032640716154,0.013911251206711434
som-rs-bc-baseline,2658.6727333333333,2644.962,38.80280073556302,2639.965,2754.731,15,0.0,0.014594801477094053
