exe,mean,median,std,min,max,n,pct_vs_baseline,cov
som-rs-bc-nan,5428.2088,5390.8145,5715.0766420637665,6.46,10926.222,10,0.2812988881341483,1.052847606389748
som-rs-bc-l3bits,5947.3252999999995,5900.148999999999,6262.3341909438395,6.592,12019.673,10,0.16945980741964806,1.0529664807377932
som-rs-bc-l4bits,5968.3632,5902.521000000001,6284.741501313917,6.424,12060.578,10,0.16533757530037718,1.0530092239215465
som-rs-bc-baseline,6955.1579,6912.647499999999,7321.859811701037,9.112,13986.327,10,0.0,1.052723736394401
