exe,mean,median,std,min,max,n,pct_vs_baseline,cov
som-rs-bc-nan,5.597040000000001,5.593,0.039967703177657195,5.543,5.814,75,0.34435820838633746,0.007140864310002643
som-rs-bc-l3bits,5.653693333333333,5.614,0.27408003237037193,5.584,7.898,75,0.3308869482367869,0.04847805075567805
som-rs-bc-l4bits,5.69404,5.628,0.3683495123428878,5.589,7.921,75,0.32145658735566784,0.06469036261474942
som-rs-bc-baseline,7.524426666666667,7.51,0.0809739987185299,7.475,8.101,75,0.0,0.010761484204138241
