exe,mean,median,std,min,max,n,pct_vs_baseline,cov
som-rs-bc-l3bits,6.568133333333334,6.537,0.14880799649151866,6.461,7.67,75,0.7043766874403683,0.02265605598112888
som-rs-bc-nan,6.754613333333333,6.724,0.12189072347175749,6.672,7.556,75,0.6573226002574042,0.018045551604003607
som-rs-bc-l4bits,6.9048,6.875,0.15378758604523837,6.763,7.694,75,0.6212740895222646,0.022272561992416635
som-rs-bc-baseline,11.194573333333333,11.113,0.30731162867212936,11.041,12.796,75,0.0,0.02745183934407469
