exe,mean,median,std,min,max,n,pct_vs_baseline,cov
som-rs-bc-l4bits,6.30576,6.296,0.04592321440863667,6.236,6.495,75,0.5010741501949538,0.007282740606784379
som-rs-bc-l3bits,6.41052,6.396,0.07227095412965563,6.374,6.965,75,0.4765437645204027,0.011273805265353768
som-rs-bc-nan,6.807546666666666,6.799,0.031361576307138365,6.779,6.911,75,0.39042944496891674,0.0046068837780725265
som-rs-bc-baseline,9.465413333333332,9.46,0.027528900456799628,9.433,9.574,75,0.0,0.0029083674940907278
