exe,mean,median,std,min,max,n,pct_vs_baseline,cov
som-rs-bc-nan,9.083026666666667,9.033,0.2922886842745628,9.007,11.527,75,0.4738596679227334,0.032179657178285956
som-rs-bc-l3bits,9.138853333333333,9.126,0.05076221550053277,9.023,9.321,75,0.46485627664448037,0.005554549750282249
som-rs-bc-l4bits,10.742013333333333,10.65,0.6562026197739523,10.621,16.225,75,0.24623813537127126,0.06108748885441268
som-rs-bc-baseline,13.387106666666666,13.35,0.20832793621837906,13.3,15.103,75,0.0,0.015561834338491294
