exe,mean,median,std,min,max,n,pct_vs_baseline,cov
som-rs-bc-nan,3738.0767,3707.7585,3865.1491947739883,71.306,7496.574,10,0.28445082467141436,1.0339940843840867
som-rs-bc-l3bits,4093.4269999999997,4064.654,4240.75622387593,69.995,8154.108,10,0.17294767929170352,1.035991657815305
som-rs-bc-l4bits,4116.0142,4076.098,4246.71108782078,87.416,8243.237,10,0.1665109658756765,1.031753264558898
som-rs-bc-baseline,4801.3757,4739.084500000001,4957.275849781748,98.687,9591.415,10,0.0,1.0324698918648978
