exe,mean,median,std,min,max,n,pct_vs_baseline,cov
som-rs-bc-nan,119.6239,120.276,83.90966922623134,38.809,200.972,10,0.31055248992885187,0.7014456912559391
som-rs-bc-l3bits,123.93319999999999,122.9165,94.51945985033981,33.771,216.061,10,0.2649830715256283,0.7626645632513308
som-rs-bc-l4bits,125.2767,124.39699999999999,96.05066395634938,34.003,218.626,10,0.25141706318892476,0.7667081265418819
som-rs-bc-baseline,156.77339999999998,153.774,118.90282171233594,43.834,293.887,10,0.0,0.7584374754412161
