exe,mean,median,std,min,max,n,pct_vs_baseline,cov
som-rs-bc-nan,21.8584,21.774,0.3816664774380874,21.51,22.397,5,0.1601123595505618,0.017460860696029326
som-rs-bc-l4bits,22.2908,22.311,0.19944222220984104,22.035,22.543,5,0.13760834066072092,0.008947288666617665
som-rs-bc-l3bits,23.3618,23.337,0.33301831781450175,23.009,23.831,5,0.08545574399232936,0.014254822736882508
som-rs-bc-baseline,25.3582,25.24,0.23127516079337318,25.216,25.76,5,0.0,0.009120330338642853
