exe,mean,median,std,min,max,n,pct_vs_baseline,cov
som-rs-bc-l3bits,44.3842,44.301,0.24469818143991387,44.107,44.737,5,0.5212170096565896,0.005513182200871343
som-rs-bc-l4bits,44.511399999999995,44.59,0.1609155057786519,44.274,44.669,5,0.5168698355926797,0.003615152652548604
som-rs-bc-nan,61.795399999999994,61.789,0.6116995177372616,61.152,62.668,5,0.09260559847496741,0.009898787251757602
som-rs-bc-baseline,67.518,67.505,0.49774792817248364,66.83,68.115,5,0.0,0.007372077493001624
