exe,mean,median,std,min,max,n,pct_vs_baseline,cov
som-rs-bc-nan,73.015,72.756,0.5691550755286309,72.559,73.987,5,0.38659179620625883,0.007795043149060205
som-rs-bc-l4bits,74.875,74.726,0.9674652448537904,73.716,76.395,5,0.35214691151919864,0.012921071717579839
som-rs-bc-l3bits,76.4666,76.433,0.6555088100094442,75.622,77.134,5,0.32400289799729554,0.008572485372822175
som-rs-bc-baseline,101.24199999999999,100.515,1.6843255326687878,100.024,104.036,5,0.0,0.016636628401935836
