exe,mean,median,std,min,max,n,pct_vs_baseline,cov
som-rs-bc-nan,3648.1705,3599.449,3786.1393812656315,56.271,7321.752,10,0.2933623031050767,1.0378186494478894
som-rs-bc-l3bits,4009.3680999999997,3985.323,4167.641210218196,54.915,8069.684,10,0.17684534877204205,1.0394758241874065
som-rs-bc-l4bits,4040.1837,3996.433,4199.700977983871,55.868,8154.703,10,0.16786922337219456,1.0394826794593204
som-rs-bc-baseline,4718.406199999999,4695.6175,4895.081215099927,73.236,9458.219,10,0.0,1.0374437908927654
