exe,mean,median,std,min,max,n,pct_vs_baseline,cov
som-rs-bc-l3bits,40.8868,40.88,0.3907181848852177,40.492,41.405,5,0.3738223583161313,0.00955609597437847
som-rs-bc-l4bits,41.3664,41.302,0.25644356104219107,41.014,41.671,5,0.3578943296975323,0.006199320246436506
som-rs-bc-nan,41.5718,41.67,0.3102711717191925,41.055,41.868,5,0.35118517841421326,0.007463501020383829
som-rs-bc-baseline,56.1712,56.217,0.6497685741862256,55.489,57.034,5,0.0,0.01156764630604697
