exe,mean,median,std,min,max,n,pct_vs_baseline,cov
som-rs-bc-nan,3469.6593000000003,3444.9604999999997,3618.5842863592093,36.793,6976.349,10,0.2904453471843762,1.0429220777841817
som-rs-bc-l3bits,3808.9179000000004,3784.9705,3975.8976158531786,36.895,7672.854,10,0.17550596194262935,1.0438391480827607
som-rs-bc-l4bits,3830.6739000000002,3794.1890000000003,3998.2757874480917,37.488,7735.631,10,0.16882977170152746,1.0437525855302097
som-rs-bc-baseline,4477.4057,4435.1849999999995,4667.11813429782,49.032,9023.015,10,0.0,1.04237106195175
