exe,mean,median,std,min,max,n,pct_vs_baseline,cov
som-rs-bc-nan,3689.23415,4834.034,2068.7902705734573,194.241,4960.395,20,0.35459766087224365,0.5607641549597651
som-rs-bc-l3bits,4003.2845,5252.8155,2248.028045181645,207.642,5450.47,20,0.24833195092679516,0.5615459119084955
som-rs-bc-l4bits,4071.4328,5342.494,2287.1990842879513,207.469,5452.12,20,0.22743716904771216,0.5617676126910289
som-rs-bc-baseline,4997.42795,6554.897,2796.6030645712326,275.264,6772.942,20,0.0,0.5596084811130159
