exe,mean,median,std,min,max,n,pct_vs_baseline,cov
som-rs-bc-l4bits,16.289893333333332,16.259,0.1604964067403897,16.23,17.56,75,0.2689905069973857,0.009852514283317779
som-rs-bc-nan,16.60249333333333,16.522,0.4553796566731016,16.496,20.346,75,0.24509732273144502,0.027428389671979088
som-rs-bc-l3bits,16.729813333333336,16.628,0.40970977510894213,16.598,20.036,75,0.23562167659172895,0.02448979955398638
som-rs-bc-baseline,20.671719999999997,20.681,0.48896837238127033,20.393,23.474,75,0.0,0.02365397617524185
