exe,mean,median,std,min,max,n,pct_vs_baseline,cov
som-rs-bc-nan,129.57768,133.721,20.33862824851645,104.357,156.259,75,0.16492151014485423,0.1569608920958953
som-rs-bc-l4bits,130.59732,133.681,19.500025106816825,104.714,153.248,75,0.1558263727514979,0.1493141291629631
som-rs-bc-l3bits,133.03554666666665,137.034,20.276452417263467,107.916,157.767,75,0.13464281125465627,0.15241379409721273
som-rs-bc-baseline,150.94782666666666,130.144,28.878624585600264,125.129,197.707,75,0.0,0.19131527245749635
