exe,mean,median,std,min,max,n,pct_vs_baseline,cov
som-rs-bc-l3bits,62.379200000000004,62.355,0.18366736237012896,62.14,62.621,5,0.296534742350014,0.00294436867369458
som-rs-bc-nan,63.712799999999994,63.286,0.989348624095671,62.964,65.356,5,0.26939641641867906,0.01552825529714078
som-rs-bc-l4bits,63.895399999999995,63.753,0.562289782941144,63.436,64.812,5,0.2657687407857219,0.008800160620970273
som-rs-bc-baseline,80.8768,80.854,0.15925357138852467,80.69,81.085,5,0.0,0.0019690884331294593
