exe,mean,median,std,min,max,n,pct_vs_baseline,cov
som-rs-bc-nan,47.4174,47.273,0.4248626836990986,47.107,48.148,5,0.3132858402189913,0.008960058621921459
som-rs-bc-l4bits,47.694599999999994,47.677,0.6798921237961203,46.919,48.775,5,0.3056530508694906,0.01425511743040345
som-rs-bc-l3bits,50.759,50.414,1.0852469764988977,49.523,52.33,5,0.22682873973088502,0.021380385281406206
som-rs-bc-baseline,62.2726,62.301,0.07655912747674255,62.184,62.354,5,0.0,0.0012294191582934157
