exe,mean,median,std,min,max,n,pct_vs_baseline,cov
som-rs-bc-l3bits,44.6232,44.564,0.32935042128407827,44.368,45.176,5,0.33943329927033483,0.007380699306281896
som-rs-bc-nan,48.7986,48.814,0.05200288453537761,48.734,48.855,5,0.2248261220608787,0.001065663452135463
som-rs-bc-l4bits,49.2672,49.245,0.06351928840911189,49.204,49.372,5,0.21317631202909837,0.0012892814775167228
som-rs-bc-baseline,59.7698,59.746,0.11144146445555746,59.666,59.919,5,0.0,0.001864511249084947
