exe,mean,median,std,min,max,n,pct_vs_baseline,cov
som-rs-bc-nan,19.8714,19.853,0.2358363839614227,19.559,20.145,5,0.3720824904133577,0.011868131282215783
som-rs-bc-l4bits,20.7044,20.49,0.4082778465702034,20.354,21.164,5,0.3168795038735728,0.019719375908995352
som-rs-bc-l3bits,20.8786,20.823,0.21139370851565217,20.726,21.244,5,0.3058921575201403,0.010124898629010191
som-rs-bc-baseline,27.2652,27.125,0.4447400364257768,26.698,27.824,5,0.0,0.016311636680669015
