exe,mean,median,std,min,max,n,pct_vs_baseline,cov
som-rs-bc-l4bits,34.8786,34.848,0.09768981523168217,34.789,35.023,5,0.3085444943317679,0.002800852535127046
som-rs-bc-nan,34.955200000000005,34.866,0.3031100460228907,34.755,35.486,5,0.30567698082116523,0.00867138640382234
som-rs-bc-l3bits,35.273199999999996,35.223,0.19158862179158984,35.05,35.475,5,0.29390585486998644,0.00543156339066458
som-rs-bc-baseline,45.6402,45.656,0.11340282183437751,45.526,45.812,5,0.0,0.0024847135164696365
