exe,mean,median,std,min,max,n,pct_vs_baseline,cov
som-rs-bc-l3bits,33.5618,33.574,0.0395436467716354,33.499,33.603,5,0.2886972689188303,0.001178233788760895
som-rs-bc-nan,34.4486,34.42,0.05581487256995119,34.411,34.545,5,0.2555227208072317,0.0016202363106178827
som-rs-bc-l4bits,35.543,35.522,0.06667833231267793,35.476,35.641,5,0.21686408012829528,0.0018759905554589632
som-rs-bc-baseline,43.251,43.172,0.12420547491958467,43.15,43.424,5,0.0,0.002871736489782541
