exe,mean,median,std,min,max,n,pct_vs_baseline,cov
som-rs-bc-l4bits,5.955626666666667,6.6645,1.3911740574598805,2.809,7.378,300,0.5908043262170004,0.23358986976907223
som-rs-bc-nan,6.302856666666667,7.1884999999999994,1.618731140267111,2.801,8.089,300,0.5031654958571696,0.25682499632713274
som-rs-bc-l3bits,6.982243333333333,8.019,1.8775684724356922,2.911,9.055,300,0.35690439510128824,0.26890619286671846
som-rs-bc-baseline,9.474236666666668,10.9605,2.546108086593655,3.902,13.064,300,0.0,0.2687401820509362
