exe,mean,median,std,min,max,n,pct_vs_baseline,cov
som-rs-bc-l4bits,5.20456,5.782,1.0158590182121452,2.79,7.501,300,0.34020359069738837,0.19518634009640493
som-rs-bc-nan,5.282843333333333,5.783,1.0504550656447365,2.778,7.746,300,0.3203439057123909,0.19884274421250486
som-rs-bc-l3bits,5.440526666666666,6.1114999999999995,1.1642327612481256,2.737,6.957,300,0.2820762450694112,0.21399265780300541
som-rs-bc-baseline,6.975169999999999,7.9595,1.6089859894191614,3.039,9.166,300,0.0,0.2306733727520851
