exe,mean,median,std,min,max,n,pct_vs_baseline,cov
som-rs-bc-nan,65.66884999999999,73.06800000000001,13.943340739446771,38.108,74.624,20,0.3288355133369931,0.212328078525005
som-rs-bc-l3bits,68.4865,76.9325,17.0412181566682,32.014,80.001,20,0.2741649814196956,0.24882594608672073
som-rs-bc-l4bits,69.1119,77.95750000000001,17.534992368344355,31.061,81.512,20,0.26263494419918976,0.2537188583781426
som-rs-bc-baseline,87.2631,98.92750000000001,22.24905084173018,41.545,101.876,20,0.0,0.254965166739781
