exe,mean,median,std,min,max,n,pct_vs_baseline,cov
som-rs-bc-l3bits,24.3476,21.941,5.636128706834151,20.919,34.372,5,0.284865859468695,0.2314860071150401
som-rs-bc-l4bits,26.6342,25.44,3.0981770769276564,24.192,31.933,5,0.1745575237852086,0.11632326395865678
som-rs-bc-nan,29.318600000000004,29.021,3.40680646647267,24.417,32.636,5,0.06701547822883747,0.11619949337528632
som-rs-bc-baseline,31.2834,32.344,3.5133391239673974,27.324,35.537,5,0.0,0.11230681843940868
