exe,mean,median,std,min,max,n,pct_vs_baseline,cov
som-rs-bc-l3bits,21.9782,21.771,1.185633459379415,20.501,23.704,5,0.43184610204657314,0.05394588544009131
som-rs-bc-l4bits,25.2746,26.122,2.868628818791307,21.459,28.951,5,0.24509982353825577,0.11349848538814886
som-rs-bc-nan,26.3088,25.706,3.9499409109504438,21.544,32.316,5,0.19615489874110548,0.15013763117095585
som-rs-bc-baseline,31.469399999999997,28.237,6.41446274445491,27.346,42.502,5,0.0,0.20383174590093583
