exe,mean,median,std,min,max,n,pct_vs_baseline,cov
som-rs-bc-l4bits,12.690000000000001,11.903,1.3591039327439236,11.392,14.411,5,0.5702127659574465,0.10710038871110508
som-rs-bc-nan,14.533599999999998,15.14,2.164932978177384,11.39,17.002,5,0.3710298893598283,0.1489605450939467
som-rs-bc-l3bits,15.756799999999998,15.924,2.4020409446968216,13.206,18.423,5,0.2645968724614136,0.1524447187688377
som-rs-bc-baseline,19.926,17.847,4.815561234165754,15.817,26.532,5,0.0,0.2416722490296976
