exe,mean,median,std,min,max,n,pct_vs_baseline,cov
som-rs-bc-nan,16.7992,16.424,2.1866259853939356,14.346,20.166,5,0.3228248964236393,0.13016250686901373
som-rs-bc-l3bits,19.3342,19.589,4.656036909217966,14.496,25.637,5,0.1493829586949551,0.24081869998334382
som-rs-bc-l4bits,20.6598,18.637,4.851033673352516,14.901,26.454,5,0.0756348076941693,0.2348054518123368
som-rs-bc-baseline,22.2224,20.934,3.5059719479767666,19.047,27.384,5,0.0,0.15776747551915035
