exe,mean,median,std,min,max,n,pct_vs_baseline,cov
som-rs-bc-l3bits,19.3788,16.9,4.672291643294542,16.455,27.439,5,0.1622804301607943,0.24110324908118883
som-rs-bc-nan,19.9282,19.915,2.420364683265726,16.721,22.977,5,0.13023755281460425,0.12145425493851557
som-rs-bc-baseline,22.5236,22.669,1.4202532520645739,20.282,24.238,5,0.0,0.06305622778173
som-rs-bc-l4bits,23.8046,20.319,7.967224441422496,15.732,35.027,5,-0.05381312855498532,0.334692640977899
