exe,mean,median,std,min,max,n,pct_vs_baseline,cov
som-rs-bc-l4bits,19.5674,18.954,4.838677484602585,13.8,26.253,5,0.23150750738473191,0.24728259679888925
som-rs-bc-l3bits,19.624599999999997,20.081,4.676450074575799,13.477,25.22,5,0.22791802125903216,0.23829530663431608
som-rs-bc-nan,23.7056,25.545,6.51484568504888,16.569,32.012,5,0.016527740280777525,0.27482306649268023
som-rs-bc-baseline,24.0974,22.028,4.699487450775882,20.695,32.269,5,0.0,0.19502051884335578
