exe,mean,median,std,min,max,n,pct_vs_baseline,cov
som-rs-bc-nan,56.247400000000006,57.026,6.176017551788533,49.363,65.512,5,0.2918072657580615,0.10980094283093142
som-rs-bc-l4bits,58.205,58.618,3.672588528544955,52.627,62.883,5,0.24836010652005847,0.06309747493419732
som-rs-bc-l3bits,58.821400000000004,57.304,9.303197315976915,51.415,74.561,5,0.23527831707507785,0.1581600797664951
som-rs-bc-baseline,72.6608,74.637,4.363843569606961,66.844,77.593,5,0.0,0.060057741858154066
