exe,mean,median,std,min,max,n,pct_vs_baseline,cov
som-rs-bc-nan,5.7062,4.752,1.9471059806800448,3.993,8.305,5,1.0800532753846697,0.34122638194946636
som-rs-bc-l4bits,7.7,6.281,2.394699772414071,5.497,10.999,5,0.5414545454545456,0.31099997044338584
som-rs-bc-l3bits,8.1294,8.454,2.515750444698361,5.665,11.595,5,0.4600339508450808,0.30946323771721906
som-rs-bc-baseline,11.869200000000001,11.284,3.8374184942484435,8.33,18.258,5,0.0,0.3233089419883769
