exe,mean,median,std,min,max,n,pct_vs_baseline,cov
som-rs-bc-l3bits,1677.2962,1679.773,7.143342683926052,1668.378,1686.298,5,0.18964223492547116,0.004258843896460298
som-rs-bc-l4bits,1693.1942,1688.803,8.565991051828142,1686.542,1706.991,5,0.17847226266189664,0.005059071813397508
som-rs-bc-nan,1722.659,1719.395,6.300095713558668,1717.279,1731.145,5,0.15831537175958776,0.003657192580515742
som-rs-bc-baseline,1995.3824,2002.515,11.975233830702376,1979.246,2005.308,5,0.0,0.006001473116482523
