exe,mean,median,std,min,max,n,pct_vs_baseline,cov
som-rs-bc-nan,6.7246,6.159,2.316445293979549,4.923,10.735,5,0.23977634357433897,0.34447332093798133
som-rs-bc-l4bits,6.8347999999999995,6.161,2.4344933148398664,3.84,10.422,5,0.21978697255223278,0.3561908636448567
som-rs-bc-baseline,8.337,6.931,2.970314208968472,5.54,12.721,5,0.0,0.35628094146197337
som-rs-bc-l3bits,9.150400000000001,9.353,0.6639885541182166,7.989,9.647,5,-0.0888922888616892,0.07256388290328472
