exe,mean,median,std,min,max,n,pct_vs_baseline,cov
som-rs-bc-baseline,4.707,4.343,1.1661374275787568,3.75,6.588,5,0.0,0.24774536383657464
som-rs-bc-nan,4.8734,4.849,1.5887952353906405,3.287,7.222,5,-0.03414453974637832,0.32601371432483284
som-rs-bc-l3bits,7.406000000000001,6.86,1.4387438965986958,5.837,8.977,5,-0.36443424250607626,0.19426733683482253
som-rs-bc-l4bits,7.956,8.883,2.301381215705039,4.592,9.956,5,-0.408371040723982,0.2892636017728807
