exe,mean,median,std,min,max,n,pct_vs_baseline,cov
som-rs-bc-l3bits,5.1666,4.645,2.1580980746944753,3.443,8.848,5,0.5813494367669259,0.41770179125430174
som-rs-bc-nan,5.439,4.798,2.4105884136451006,3.413,9.425,5,0.5021511307225592,0.44320434154166216
som-rs-bc-l4bits,5.926,6.446,1.5870322933072285,3.513,7.734,5,0.37870401619979743,0.2678083518911962
som-rs-bc-baseline,8.1702,8.984,2.4325840581570866,5.061,10.892,5,0.0,0.2977386181681093
