exe,mean,median,std,min,max,n,pct_vs_baseline,cov
som-rs-bc-nan,4.4292,4.555,1.6656256181987592,2.75,6.576,5,0.700713447123634,0.37605563492250504
som-rs-bc-l3bits,4.4344,4.297,1.3339858694903783,2.857,6.124,5,0.6987191051777015,0.30082668895236747
som-rs-bc-l4bits,6.0686,6.754,2.359966588746544,3.146,8.397,5,0.24127475859341518,0.38888155237559635
som-rs-bc-baseline,7.5328,5.535,3.6238261133779583,4.318,12.594,5,0.0,0.48107292286771963
