exe,mean,median,std,min,max,n,pct_vs_baseline,cov
som-rs-bc-l3bits,35.9964,36.329,2.9799964429508985,32.365,38.959,5,0.17210609949883882,0.08278595756661496
som-rs-bc-nan,37.511,37.878,4.594618101648926,32.759,43.079,5,0.12477939804324056,0.12248721979283213
som-rs-bc-l4bits,42.0384,42.577,2.9237827894698323,39.029,45.749,5,0.003644287127959167,0.06955028710583257
som-rs-bc-baseline,42.1916,40.319,3.920183452339955,38.818,47.864,5,0.0,0.09291383716995694
