exe,mean,median,std,min,max,n,pct_vs_baseline,cov
som-rs-bc-l3bits,16.012,14.778,4.483504488678472,11.171,22.484,5,0.18877092180864352,0.28000902377457354
som-rs-bc-l4bits,17.466,17.883,4.016155499977559,11.977,22.785,5,0.08980877132714982,0.2299413431797526
som-rs-bc-baseline,19.0346,20.627,3.646063946230234,13.698,22.774,5,0.0,0.19154928111072644
som-rs-bc-nan,21.1976,21.864,1.989308497945957,19.013,23.177,5,-0.10203985356832845,0.09384593057449697
