exe,mean,median,std,min,max,n,pct_vs_baseline,cov
som-rs-bc-nan,15.5424,14.202,3.5893808379719205,12.307,20.911,5,0.18751286802553024,0.23094122130249642
som-rs-bc-l4bits,17.5228,18.315,2.1748129114937687,14.495,19.559,5,0.053301983701234956,0.1241133215863771
som-rs-bc-baseline,18.4568,18.537,3.6780246328702044,13.557,22.347,5,0.0,0.19927748216755906
som-rs-bc-l3bits,21.0574,19.494,5.407269717704121,15.616,26.934,5,-0.12350052713060489,0.25678714930162894
