exe,mean,median,std,min,max,n,pct_vs_baseline,cov
som-rs-bc-l3bits,18.8682,17.861,2.4012263949906925,16.708,21.768,5,0.47320889115018905,0.12726314089264965
som-rs-bc-l4bits,23.2492,23.083,5.548734288105712,16.883,31.022,5,0.19560242933090177,0.2386634502738035
som-rs-bc-nan,27.581799999999998,25.695,5.074449891367536,22.92,35.519,5,0.007794995250491432,0.18397819907937613
som-rs-bc-baseline,27.7968,29.49,2.906237550510969,24.255,30.242,5,0.0,0.10455295395552615
