exe,mean,median,std,min,max,n,pct_vs_baseline,cov
som-rs-bc-nan,34.0034,33.675,2.1447249940260407,31.358,37.256,5,0.41298811295341054,0.06307383949916892
som-rs-bc-l3bits,34.3752,31.624,4.444205013272902,30.649,39.443,5,0.3977053224417604,0.12928521181761568
som-rs-bc-l4bits,36.67659999999999,37.454,3.476383796418341,31.275,40.858,5,0.3100014723284057,0.0947847891139948
som-rs-bc-baseline,48.0464,47.47,3.8168656381905826,43.447,53.798,5,0.0,0.07944124092940538
