exe,mean,median,std,min,max,n,pct_vs_baseline,cov
som-rs-bc-nan,28.3692,26.927,3.191748220019868,25.62,33.046,5,0.1987930572592811,0.11250751589822301
som-rs-bc-l4bits,30.025799999999997,29.83,5.708291749726883,24.343,36.341,5,0.13265258544318548,0.1901128945682341
som-rs-bc-l3bits,33.403800000000004,31.422,7.375306956323921,27.783,45.843,5,0.018111711841167555,0.2207924534431388
som-rs-bc-baseline,34.008799999999994,33.132,4.230340376376349,29.01,38.885,5,0.0,0.1243895808254437
