exe,mean,median,std,min,max,n,pct_vs_baseline,cov
som-rs-bc-l4bits,77.434,76.96,2.078359328893827,75.826,80.937,5,0.3277526667871995,0.026840397356378685
som-rs-bc-l3bits,77.52000000000001,78.317,2.417433349649996,74.666,80.089,5,0.3262796697626418,0.031184640733359078
som-rs-bc-nan,80.8438,79.887,2.7159596278295446,77.53,84.21,5,0.27175120417397514,0.033595150497991735
som-rs-bc-baseline,102.81320000000001,101.973,2.7442201442304186,100.349,107.299,5,0.0,0.02669132119446159
