exe,mean,median,std,min,max,n,pct_vs_baseline,cov
som-rs-bc-l3bits,82.04780000000001,83.337,6.015548329121795,74.475,88.613,5,0.3082934582036323,0.07331760667710523
som-rs-bc-nan,82.387,77.68,7.724748830868226,75.539,92.657,5,0.3029070120285966,0.09376174433913391
som-rs-bc-l4bits,84.6434,86.952,5.927346396154015,76.658,90.509,5,0.26817448259403553,0.07002727201594
som-rs-bc-baseline,107.34259999999999,106.967,6.727308696648307,101.156,117.553,5,0.0,0.0626713783404567
