exe,mean,median,std,min,max,n,pct_vs_baseline,cov
som-rs-bc-l4bits,22.1484,20.918,1.9228746188974455,20.512,24.538,5,0.3419931010817938,0.08681776647060038
som-rs-bc-nan,23.527,21.779,5.501200141787244,20.094,33.214,5,0.2633569940918945,0.23382497308569913
som-rs-bc-l3bits,29.2312,27.877,4.75988457843255,24.267,36.145,5,0.01682448890226884,0.16283575694574803
som-rs-bc-baseline,29.723000000000003,29.476,2.8871809780476188,25.81,32.821,5,0.0,0.09713625737804456
