exe,mean,median,std,min,max,n,pct_vs_baseline,cov
som-rs-bc-nan,11.037,10.833,1.237647566959189,9.817,12.73,5,0.4594726827942375,0.11213622967828114
som-rs-bc-l4bits,12.9254,12.663,3.6534497122582645,8.727,18.551,5,0.24624382997818262,0.2826566073203355
som-rs-bc-l3bits,14.1528,12.78,4.2827233975590815,8.946,20.458,5,0.13816347295234865,0.30260608484251045
som-rs-bc-baseline,16.1082,14.298,4.413482604474613,11.669,22.466,5,0.0,0.2739898067117749
