exe,mean,median,std,min,max,n,pct_vs_baseline,cov
som-rs-bc-l3bits,24.7876,23.674,5.90071777837239,18.649,31.993,5,0.03276638319159564,0.23805119407979755
som-rs-bc-baseline,25.5998,24.934,2.631236439394985,22.472,28.749,5,0.0,0.10278347640977607
som-rs-bc-l4bits,25.9204,26.174,3.0080811657932376,22.064,30.277,5,-0.012368636286477108,0.1160507232061711
som-rs-bc-nan,26.1586,25.071,2.859332142301765,23.884,30.913,5,-0.021361999495385864,0.10930753718860202
