exe,mean,median,std,min,max,n,pct_vs_baseline,cov
som-rs-bc-l4bits,305.17333333333335,0.0,614.5378701706461,0.0,1577.0,75,0.8573488290807412,2.0137338458055947
som-rs-bc-l3bits,305.5733333333333,0.0,615.3038180187641,0.0,1553.0,75,0.8549175320708615,2.0136044310763292
som-rs-bc-nan,306.28,0.0,616.8214196862685,0.0,1583.0,75,0.8506377606547388,2.0139134768390643
som-rs-bc-baseline,566.8133333333334,0.0,702.276966486626,0.0,1567.0,75,0.0,1.23899161361758
