exe,mean,median,std,min,max,n,pct_vs_baseline,cov
som-rs-bc-baseline,308.70666666666665,0.0,621.6701083401098,0.0,1590.0,75,0.0,2.013789060834805
som-rs-bc-nan,309.4533333333333,0.0,623.2117833023111,0.0,1610.0,75,-0.0024128570813046757,2.0139120060180677
som-rs-bc-l4bits,309.61333333333334,0.0,623.6848626733921,0.0,1670.0,75,-0.0029283837905345056,2.0143992377806472
som-rs-bc-l3bits,311.02666666666664,0.0,626.5813071058012,0.0,1636.0,75,-0.007459167488318208,2.0145581529101513
