exe,mean,median,std,min,max,n,pct_vs_baseline,cov
som-rs-bc-l4bits,3.4255066666666667,3.059,0.8733384591005621,2.735,7.378,75,0.19761942758832785,0.2549516156541014
som-rs-bc-l3bits,3.72904,3.297,1.0963458154373675,2.714,7.736,75,0.10013658564492034,0.294002160190657
som-rs-bc-nan,4.099733333333334,3.754,1.4223530212704287,2.627,7.176,75,0.0006634577858721791,0.34693793611058327
som-rs-bc-baseline,4.102453333333334,3.627,1.265630195480383,2.855,7.254,75,0.0,0.30850568980196796
