exe,mean,median,std,min,max,n,pct_vs_baseline,cov
som-rs-bc-l4bits,8.079973333333333,7.338,1.5322935906437538,7.024,13.583,75,0.05341271753372112,0.18964092174938124
som-rs-bc-l3bits,8.109720000000001,7.521,1.4844048999605963,7.047,15.461,75,0.04954877192636298,0.18304021593354594
som-rs-bc-nan,8.215813333333333,7.602,1.5007347362103896,7.233,16.769,75,0.035995624697737316,0.18266417155822953
som-rs-bc-baseline,8.511546666666666,7.529,1.6902037482595493,7.329,15.788,75,0.0,0.19857774555578808
