exe,mean,median,std,min,max,n,pct_vs_baseline,cov
som-rs-bc-l4bits,9.448106666666666,8.943,1.355643724356583,8.653,17.287,75,0.22614054597182087,0.14348310959902194
som-rs-bc-nan,9.718946666666668,9.026,1.6650654470810038,8.734,20.366,75,0.1919714207712493,0.17132159524979426
som-rs-bc-l3bits,10.034013333333334,9.248,1.4693663047918502,8.957,17.075,75,0.15454367876728603,0.14643854417758898
som-rs-bc-baseline,11.584706666666666,10.812,1.6868644250408713,10.259,19.061,75,0.0,0.14561131961110263
