exe,mean,median,std,min,max,n,pct_vs_baseline,cov
som-rs-bc-l3bits,36.67530666666667,37.761,5.002447779144033,27.551,50.864,75,0.10574235598302617,0.13639825358817356
som-rs-bc-nan,37.37486666666666,38.125,5.703049808402265,27.711,55.303,75,0.08504574375293195,0.15259050578737224
som-rs-bc-l4bits,37.53204,38.566,5.0570928258960945,28.24,49.516,75,0.08050188585539164,0.13474068624823202
som-rs-bc-baseline,40.553439999999995,45.967,9.238334695843859,26.738,57.657,75,0.0,0.22780643752648014
