exe,mean,median,std,min,max,n,pct_vs_baseline,cov
som-rs-bc-l4bits,23.2536,22.422,2.1342800425436215,21.683,26.998,5,0.2744779302989644,0.09178277954998888
som-rs-bc-nan,28.2252,28.431,2.7250565498719475,24.081,30.832,5,0.04999078837351001,0.09654693500389536
som-rs-bc-l3bits,28.6466,28.706,2.7023707739686653,25.98,32.609,5,0.034545111810825535,0.0943347822767332
som-rs-bc-baseline,29.636199999999995,29.266,1.973742941722654,27.504,31.944,5,0.0,0.06659905594248433
