exe,mean,median,std,min,max,n,pct_vs_baseline,cov
som-rs-bc-l3bits,15.508199999999999,15.944,1.2822861225171238,13.637,16.986,5,0.3293870339562297,0.0826843942248052
som-rs-bc-nan,15.7524,15.327,2.4136044207781837,13.116,19.578,5,0.3087783448871282,0.15322137710940453
som-rs-bc-l4bits,17.918,18.044,4.39357212299969,12.853,24.223,5,0.1505971648621498,0.2452043823529239
som-rs-bc-baseline,20.6164,19.941,4.96223768072429,14.883,28.176,5,0.0,0.2406937040765745
