exe,mean,median,std,min,max,n,pct_vs_baseline,cov
som-rs-bc-nan,3.876746666666666,3.452,1.1227741234336726,2.988,7.96,75,0.2945390636822631,0.28961761496762045
som-rs-bc-l4bits,4.231613333333333,3.821,1.2962454085856119,3.066,8.358,75,0.18597792488916776,0.30632416208135244
som-rs-bc-l3bits,4.452826666666667,3.986,1.403273868719371,3.055,8.42,75,0.1270593660356567,0.31514226215543334
som-rs-bc-baseline,5.0186,4.727,0.7564067438634865,4.551,9.24,75,0.0,0.15072066788815336
