exe,mean,median,std,min,max,n,pct_vs_baseline,cov
som-rs-bc-nan,447.75280000000004,585.151,260.76520686314524,5.481,652.777,20,0.1850712044681797,0.5823865464674821
som-rs-bc-l3bits,451.68305,594.4765,263.8477946419459,4.79,652.775,20,0.17475949119631573,0.5841436703058613
som-rs-bc-l4bits,467.8708,614.9259999999999,273.0272240585466,5.978,693.936,20,0.13411426829800033,0.5835526048185666
som-rs-bc-baseline,530.61895,696.4385,309.854438572368,5.465,763.007,20,0.0,0.5839490628300553
