exe,mean,median,std,min,max,n,pct_vs_baseline,cov
som-rs-bc-nan,15.769,15.816,1.2600361105936602,14.464,17.726,5,0.5013761176992835,0.07990589831908555
som-rs-bc-l3bits,17.830000000000002,16.588,3.769013332425345,14.892,24.44,5,0.3278295008412786,0.21138605341701316
som-rs-bc-l4bits,17.9266,17.078,2.7644114744371904,15.49,22.435,5,0.3206743052224068,0.1542072380951876
som-rs-bc-baseline,23.6752,23.178,1.812241485012414,21.525,25.621,5,0.0,0.07654598419495565
