exe,mean,median,std,min,max,n,pct_vs_baseline,cov
som-rs-bc-l4bits,17.0262,15.897,3.0007788488990643,14.157,21.831,5,0.15908423488505963,0.1762447785706185
som-rs-bc-nan,17.3832,16.947,2.758711692076576,14.651,21.783,5,0.13528004049887254,0.15869987643682268
som-rs-bc-l3bits,19.1644,18.583,3.408730379481486,15.743,24.797,5,0.029763519859739906,0.17786783721282617
som-rs-bc-baseline,19.7348,18.794,2.9724371650213235,17.219,24.367,5,0.0,0.15061906708055434
