exe,mean,median,std,min,max,n,pct_vs_baseline,cov
som-rs-bc-l3bits,51.89639999999999,52.23,2.0618882850435902,49.761,54.602,5,0.3733284004285462,0.03973085387509712
som-rs-bc-l4bits,53.1746,52.548,4.349125118917592,48.954,60.131,5,0.3403166173323353,0.08178952204469037
som-rs-bc-nan,55.2906,56.89,4.150412425289809,49.592,60.029,5,0.2890220037402378,0.07506542568338577
som-rs-bc-baseline,71.2708,70.611,4.193632518473685,67.313,76.672,5,0.0,0.05884082286818284
