exe,mean,median,std,min,max,n,pct_vs_baseline,cov
som-rs-bc-baseline,6.1386,6.018,0.2609430972453573,5.908,6.565,5,0.0,0.042508568280284965
som-rs-bc-l4bits,7.8427999999999995,8.938,2.419738560258112,5.1,10.031,5,-0.21729484367827812,0.30852993322003774
som-rs-bc-nan,8.0732,7.238,3.1114553990054237,4.179,11.468,5,-0.23963236387058406,0.38540546487209826
som-rs-bc-l3bits,9.4538,9.108,2.365727731587048,6.447,12.833,5,-0.35067380312678487,0.2502409329144945
