exe,mean,median,std,min,max,n,pct_vs_baseline,cov
som-rs-bc-l3bits,4.509186666666667,4.225,0.662757154443289,3.926,6.748,75,0.5807285275393343,0.14697931211023027
som-rs-bc-nan,4.586973333333334,4.318,0.9255205105752626,3.855,8.151,75,0.5539222668251831,0.20177150450157313
som-rs-bc-l4bits,4.721146666666667,4.177,1.0771667753797374,4.013,8.853,75,0.5097603407081897,0.2281578716850717
som-rs-bc-baseline,7.127800000000001,5.964,2.280453748116216,5.811,16.837,75,0.0,0.3199379539431825
