exe,mean,median,std,min,max,n,pct_vs_baseline,cov
som-rs-bc-l3bits,3.731266666666667,3.374,1.0033442368687118,2.895,6.659,75,0.35851274812842804,0.2689017769306344
som-rs-bc-nan,3.7729733333333333,3.267,1.0843913845816717,2.799,6.984,75,0.34349566919812125,0.28741029654286937
som-rs-bc-l4bits,3.7887733333333333,3.193,1.1928684662013902,2.812,7.365,75,0.3378930031883669,0.31484292177276113
som-rs-bc-baseline,5.068973333333333,4.869,1.0617008915240973,3.992,8.163,75,0.0,0.20945087332426895
