exe,mean,median,std,min,max,n,pct_vs_baseline,cov
som-rs-bc-l4bits,3.47808,2.994,1.0702577582943231,2.752,7.589,75,0.14086699175023765,0.30771510669516605
som-rs-bc-nan,3.6023600000000005,2.979,1.1729372767267372,2.779,7.454,75,0.10150753024868853,0.32560245970051216
som-rs-bc-l3bits,3.6253599999999997,3.14,1.0599377039318,2.735,7.189,75,0.09451934888305336,0.29236757285670945
som-rs-bc-baseline,3.9680266666666664,3.611,1.273326628160262,3.041,10.028,75,0.0,0.32089669125886133
