exe,mean,median,std,min,max,n,pct_vs_baseline,cov
som-rs-bc-l4bits,3.5112133333333335,2.968,1.2074125707628012,2.692,7.318,75,0.17427973615958026,0.3438733156143938
som-rs-bc-l3bits,3.69696,3.364,1.0312094242959364,2.757,6.704,75,0.11528030237456366,0.2789344283670736
som-rs-bc-nan,3.737733333333333,3.268,1.076912708617547,2.722,7.106,75,0.10311418685121132,0.288119192188906
som-rs-bc-baseline,4.123146666666667,3.688,1.2618989839784187,3.215,9.924,75,0.0,0.30605241239177
