exe,mean,median,std,min,max,n,pct_vs_baseline,cov
som-rs-bc-nan,3.1218533333333336,2.827,0.806037466323444,2.605,7.576,75,0.23168716019116853,0.25819197132582905
som-rs-bc-l3bits,3.4558933333333335,3.122,0.9528296488983852,2.66,6.694,75,0.1126346492175685,0.2757115330233143
som-rs-bc-baseline,3.845146666666667,3.588,0.9751689069679762,2.942,7.482,75,0.0,0.25361032790287397
som-rs-bc-l4bits,3.851053333333333,3.277,1.364701174035699,2.687,7.974,75,-0.0015337795027506873,0.3543708839925264
