exe,mean,median,std,min,max,n,pct_vs_baseline,cov
som-rs-bc-l4bits,27.252999999999997,27.363,1.8500562153621178,24.592,29.812,5,0.18020034491615622,0.06788449768326855
som-rs-bc-l3bits,27.862600000000004,27.297,3.3754488294151357,23.825,32.651,5,0.15437898832126207,0.12114622574401294
som-rs-bc-nan,30.0382,31.53,5.566602527574607,23.269,36.725,5,0.07076988634472103,0.1853174467036842
som-rs-bc-baseline,32.164,32.84,3.8492138807813734,26.543,36.691,5,0.0,0.11967460144202752
