exe,mean,median,std,min,max,n,pct_vs_baseline,cov
som-rs-bc-l3bits,1671.3218000000002,1667.361,11.78465954960096,1661.316,1690.996,5,0.19357636572442227,0.007051101439352349
som-rs-bc-l4bits,1692.1248,1692.141,4.9898557794789555,1684.848,1697.628,5,0.17890252539292617,0.0029488698348248046
som-rs-bc-nan,1723.0646000000002,1718.708,10.809370208296158,1715.279,1742.088,5,0.15773384236435462,0.006273340075755812
som-rs-bc-baseline,1994.8502,1994.758,12.797941307100915,1976.211,2011.568,5,0.0,0.006415489898490079
