exe,mean,median,std,min,max,n,pct_vs_baseline,cov
som-rs-bc-l4bits,5.4686,4.516,1.5766963245977328,4.211,7.829,5,0.6113813407453463,0.2883180932227138
som-rs-bc-l3bits,5.7536000000000005,5.448,1.6647146301994227,4.512,8.598,5,0.531562847608454,0.2893344393422244
som-rs-bc-nan,8.0494,7.994,2.36725638662144,4.472,10.681,5,0.09473998061967359,0.29409103617927296
som-rs-bc-baseline,8.812000000000001,8.804,3.0352867245122,5.615,12.271,5,0.0,0.344449242454857
