exe,mean,median,std,min,max,n,pct_vs_baseline,cov
som-rs-bc-nan,847.1958,839.684,17.48800719350267,838.278,904.567,15,0.15865612176075472,0.020642226027917834
som-rs-bc-l3bits,862.3066,854.455,16.73805877462667,853.18,916.748,15,0.13835218239081093,0.019410797475777952
som-rs-bc-l4bits,891.8484000000001,885.16,17.88721214323638,882.568,951.683,15,0.10064513206504588,0.020056337089617897
som-rs-bc-baseline,981.6086,974.025,18.046951099047973,971.874,1040.029,15,0.0,0.01838507843049457
