exe,mean,median,std,min,max,n,pct_vs_baseline,cov
som-rs-bc-nan,1991.7135999999998,1982.653,2094.1813907990236,3.392,3994.524,10,0.25990292981882557,1.0514470508204712
som-rs-bc-l3bits,2101.0028,2091.2885,2210.1499621776197,2.863,4214.224,10,0.19436575715177518,1.0519500317551311
som-rs-bc-l4bits,2133.2446,2113.3239999999996,2243.1070817201157,2.95,4300.729,10,0.17631414606651297,1.0515001803919324
som-rs-bc-baseline,2509.3658,2491.837,2638.3972803429488,4.614,5058.352,10,0.0,1.0514199565256483
