exe,mean,median,std,min,max,n,pct_vs_baseline,cov
som-rs-bc-l4bits,3.95548,3.484,1.1249950914007028,2.903,7.152,75,0.16910547729563352,0.2844143040543
som-rs-bc-l3bits,4.041733333333333,3.701,1.1961064574935034,2.825,8.09,75,0.1441559726849866,0.29593898430380616
som-rs-bc-nan,4.0984,3.721,1.4126939952885496,2.828,9.835,75,0.1283362613052248,0.34469402578775854
som-rs-bc-baseline,4.624373333333333,4.271,0.7916921114166031,4.001,7.42,75,0.0,0.17119986954987845
