exe,mean,median,std,min,max,n,pct_vs_baseline,cov
som-rs-bc-l4bits,3.484213333333333,3.092,0.8810321080956672,2.865,6.944,75,0.2861057110930827,0.25286399649150854
som-rs-bc-nan,3.6898933333333335,3.338,1.0358527310194054,2.797,8.39,75,0.21441631555745033,0.2807270122585491
som-rs-bc-l3bits,3.80092,3.273,1.0772320355329106,2.807,6.865,75,0.17894264195685938,0.2834134987142351
som-rs-bc-baseline,4.481066666666666,4.116,1.1769246609947712,3.299,7.645,75,0.0,0.2626438632903114
