exe,mean,median,std,min,max,n,pct_vs_baseline,cov
som-rs-bc-l3bits,3.52244,3.049,1.038535016000645,2.606,6.996,75,0.0850092549482746,0.2948339832617859
som-rs-bc-nan,3.587946666666667,3.083,1.18448676185469,2.681,7.157,75,0.06519978000416216,0.3301294227305562
som-rs-bc-l4bits,3.6423733333333335,3.355,0.872526260323983,2.715,6.378,75,0.0492828851518059,0.23954882722729764
som-rs-bc-baseline,3.82188,3.601,0.9367248140715059,2.924,7.047,75,0.0,0.2450952970976341
