exe,mean,median,std,min,max,n,pct_vs_baseline,cov
som-rs-bc-l4bits,4.68096,4.235,1.1569193183576758,4.008,10.596,75,0.330852360769301,0.24715428424034297
som-rs-bc-l3bits,4.851186666666667,4.377,1.1254906400769846,4.051,9.313,75,0.2841531556540118,0.2320031607545476
som-rs-bc-nan,5.0485066666666665,4.357,1.563748038850571,3.99,11.025,75,0.23396225418473593,0.3097446714640179
som-rs-bc-baseline,6.229666666666667,5.532,1.2020252654327772,5.151,10.142,75,0.0,0.19295177892334162
