exe,mean,median,std,min,max,n,pct_vs_baseline,cov
som-rs-bc-nan,1384.0683000000001,1380.34,1421.2163144557278,33.071,2753.046,10,0.2631646863091941,1.0268397263745783
som-rs-bc-l3bits,1464.3614,1460.827,1505.3331002158957,33.426,2911.804,10,0.19390349950497177,1.02797922713334
som-rs-bc-l4bits,1480.4649,1476.832,1514.504258980729,40.15,2932.466,10,0.1809170214032092,1.022992344486336
som-rs-bc-baseline,1748.3061999999998,1744.244,1795.569356883635,37.632,3479.483,10,0.0,1.0270336837355123
