exe,mean,median,std,min,max,n,pct_vs_baseline,cov
som-rs-bc-nan,46.2154,46.827,33.75259404747038,12.421,78.283,10,0.38017414108716974,0.7303321846715679
som-rs-bc-l3bits,49.4957,50.665,34.572725881827715,13.169,83.151,10,0.2887038672046258,0.6984995844452693
som-rs-bc-l4bits,50.1421,52.0685,34.82808296140726,14.924,84.758,10,0.2720907181789354,0.6945876411519912
som-rs-bc-baseline,63.78529999999999,65.1645,44.02403573062233,17.842,106.645,10,0.0,0.6901909331871503
