exe,mean,median,std,min,max,n,pct_vs_baseline,cov
som-rs-bc-baseline,11.9856,11.465,2.694877696668255,9.0,15.431,5,0.0,0.2248429529325403
som-rs-bc-nan,12.5872,12.991,2.341820915441657,9.458,14.805,5,-0.04779458497521283,0.18604780375632843
som-rs-bc-l3bits,13.052600000000002,11.546,3.7885748375873485,8.751,18.041,5,-0.08174616551491676,0.2902544196242395
som-rs-bc-l4bits,14.524200000000002,12.509,4.061043363472003,10.495,20.133,5,-0.17478415334407416,0.279605304489886
