exe,mean,median,std,min,max,n,pct_vs_baseline,cov
som-rs-bc-l4bits,18.690199999999997,18.137,1.7417689858302088,17.213,21.433,5,0.5841671036157989,0.09319156487518641
som-rs-bc-l3bits,22.0244,19.976,5.12640598275244,17.588,30.731,5,0.34434536241622915,0.23276030142716445
som-rs-bc-nan,23.9624,22.681,2.1643450048455763,22.439,27.448,5,0.2356191366474143,0.0903225471925006
som-rs-bc-baseline,29.6084,30.962,3.283104902375191,24.423,32.587,5,0.0,0.11088423901241509
