exe,mean,median,std,min,max,n,pct_vs_baseline,cov
som-rs-bc-l4bits,33.498599999999996,34.183,1.8536311121687599,31.129,35.781,5,0.43357035816422185,0.05533458449513592
som-rs-bc-l3bits,33.6164,34.257,1.443425543628767,31.411,34.822,5,0.42854678073797303,0.04293813566083123
som-rs-bc-nan,36.855000000000004,37.685,2.182437742525543,33.412,39.039,5,0.3030145163478495,0.05921686996406302
som-rs-bc-baseline,48.0226,48.696,3.1249894079820497,44.359,51.674,5,0.0,0.06507330731743075
