exe,mean,median,std,min,max,n,pct_vs_baseline,cov
som-rs-bc-nan,1360.9744,1355.332,1401.5474836749554,26.009,2716.56,10,0.25803512542190354,1.029811790489928
som-rs-bc-l3bits,1436.9565,1430.6995000000002,1488.2347454081482,21.706,2867.452,10,0.1915138697657166,1.0356853150447827
som-rs-bc-l4bits,1452.8296,1446.4344999999998,1502.7626055612966,23.015,2899.899,10,0.17849581258531622,1.0343694852867098
som-rs-bc-baseline,1712.1536,1704.377,1772.7867732179438,27.064,3408.933,10,0.0,1.035413395864684
