exe,mean,median,std,min,max,n,pct_vs_baseline,cov
som-rs-bc-nan,20.7144,18.418,5.180973344845542,16.459,29.489,5,0.21128297223187742,0.25011457463626957
som-rs-bc-l3bits,23.303,19.377,5.606993178165994,18.993,30.311,5,0.07672831824228643,0.24061250389074343
som-rs-bc-l4bits,24.1356,22.08,5.105246987169182,19.945,32.237,5,0.03958467989194392,0.21152351659661173
som-rs-bc-baseline,25.091,22.89,4.5645240715763595,20.298,30.582,5,0.0,0.1819187785092806
