exe,mean,median,std,min,max,n,pct_vs_baseline,cov
som-rs-bc-nan,1288.1309999999999,1282.7335,1335.438325801516,16.341,2588.766,10,0.25364469918044064,1.03672555493309
som-rs-bc-l3bits,1354.1777,1351.7704999999999,1399.9018925204127,20.546,2691.907,10,0.1925012500205845,1.0337652824444035
som-rs-bc-l4bits,1371.3395,1370.276,1421.7153815671836,17.371,2731.566,10,0.17757754370817724,1.0367347994914342
som-rs-bc-baseline,1614.8586,1605.7540000000001,1674.6266885445248,22.093,3221.906,10,0.0,1.0370113448598688
