exe,mean,median,std,min,max,n,pct_vs_baseline,cov
som-rs-bc-nan,1268.71515,1656.3955,705.0414278692592,75.379,1735.796,20,0.23230194736777587,0.5557129414504581
som-rs-bc-l4bits,1288.0654,1681.9135,713.2692603427801,76.616,1752.571,20,0.21378941628274473,0.5537523640824294
som-rs-bc-l3bits,1307.3159,1708.6779999999999,725.9714872774854,77.477,1772.79,20,0.1959161133127807,0.5553145091232237
som-rs-bc-baseline,1563.44015,2043.7995,865.2895933808443,101.016,2113.612,20,0.0,0.5534523297107627
