exe,mean,median,std,min,max,n,pct_vs_baseline,cov
som-rs-bc-l4bits,7.24752,6.494,1.7155662240756515,6.152,14.294,75,0.07405751668616767,0.2367107954273533
som-rs-bc-baseline,7.784253333333333,7.393,0.711584263938351,7.258,10.125,75,0.0,0.09141329726400875
som-rs-bc-nan,7.887853333333332,7.041,1.7383157481770566,6.494,13.68,75,-0.013134118450478183,0.22037881217074567
som-rs-bc-l3bits,8.145573333333333,7.176,2.1787108770476555,6.593,16.817,75,-0.044357835257759604,0.26747176507906817
