exe,mean,median,std,min,max,n,pct_vs_baseline,cov
som-rs-bc-l3bits,52.63158666666667,54.911,11.645881948305757,38.961,72.891,75,0.16477126916688056,0.2212717245646231
som-rs-bc-nan,53.212653333333336,55.509,11.618708602116714,39.537,73.775,75,0.1520523063562076,0.21834484609017893
som-rs-bc-l4bits,54.37621333333333,56.574,11.65983370992327,40.749,74.397,75,0.12740031425505682,0.21442893859575982
som-rs-bc-baseline,61.303760000000004,47.696,17.680916443045195,45.943,97.409,75,0.0,0.28841487770155033
