exe,mean,median,std,min,max,n,pct_vs_baseline,cov
som-rs-bc-l3bits,27.0868,25.62,2.1322563635735747,25.497,30.059,5,0.3654104582305773,0.07871938965007216
som-rs-bc-l4bits,32.891000000000005,31.916,5.424833591917819,28.063,41.305,5,0.12445957860812973,0.16493367766008385
som-rs-bc-nan,33.9714,31.826,6.80919692768538,29.835,46.03,5,0.08869814020028599,0.2004391025299334
som-rs-bc-baseline,36.9846,35.489,3.9397948296833927,32.294,42.385,5,0.0,0.10652527889130592
