exe,mean,median,std,min,max,n,pct_vs_baseline,cov
som-rs-bc-nan,24.1498,22.572,4.127776302078397,21.099,30.982,5,0.28109549561487057,0.1709238296829952
som-rs-bc-l3bits,25.290399999999998,24.313,6.224108916142133,20.003,35.64,5,0.2233179388226365,0.246105594065026
som-rs-bc-l4bits,26.1144,26.426,3.9979800899954463,20.786,30.662,5,0.1847180099868273,0.15309484767007653
som-rs-bc-baseline,30.938200000000002,31.074,2.4510270704339434,27.637,34.391,5,0.0,0.07922332490041253
