exe,mean,median,std,min,max,n,pct_vs_baseline,cov
som-rs-bc-l3bits,21.053,19.949,2.282059705616836,19.342,24.98,5,0.26858879969600546,0.10839593908786567
som-rs-bc-l4bits,23.7788,23.078,3.349550372811252,20.616,28.12,5,0.12316853667973171,0.14086288512503792
som-rs-bc-nan,24.351599999999998,23.88,2.9190735345311194,20.827,28.932,5,0.09674928957440199,0.1198719400175397
som-rs-bc-baseline,26.707600000000003,26.729,5.469496942132794,21.363,34.08,5,0.0,0.20479177994775996
