exe,mean,median,std,min,max,n,pct_vs_baseline,cov
som-rs-bc-l4bits,13.8766,14.399,4.025411755336341,9.222,18.88,5,0.22463715895824632,0.2900863147555122
som-rs-bc-l3bits,15.380799999999999,14.505,4.0738528692136144,9.961,20.454,5,0.10487100800998661,0.26486612329746273
som-rs-bc-nan,15.555000000000001,12.985,4.868818183091253,11.001,21.416,5,0.09249758919961426,0.31300663343563184
som-rs-bc-baseline,16.9938,15.248,6.054191746220134,11.817,26.631,5,0.0,0.356258855948648
