exe,mean,median,std,min,max,n,pct_vs_baseline,cov
som-rs-bc-l3bits,18.5512,17.656,2.7425823050548543,15.783,22.589,5,0.1398831342446849,0.14783853901930086
som-rs-bc-l4bits,19.644399999999997,18.56,4.7728711275290046,14.728,27.534,5,0.07644926798476925,0.24296344645440968
som-rs-bc-baseline,21.1462,20.733,1.9881129746571236,19.063,24.149,5,0.0,0.0940175054930495
som-rs-bc-nan,25.086,25.389,2.534626994253789,21.368,28.269,5,-0.15705174200749417,0.10103751073322925
