exe,mean,median,std,min,max,n,pct_vs_baseline,cov
som-rs-bc-baseline,18.3564,18.574,1.3601526752537745,16.557,20.13,5,0.0,0.07409691852725886
som-rs-bc-l4bits,19.055799999999998,18.985,2.0292618608745405,16.245,21.07,5,-0.03670273617481279,0.106490510021859
som-rs-bc-l3bits,20.433,22.139,3.7443891357603314,14.693,23.391,5,-0.10162971663485532,0.18325204990751878
som-rs-bc-nan,21.4042,20.547,3.895661907814897,17.457,26.6,5,-0.1423926145335962,0.18200455554586936
