exe,mean,median,std,min,max,n,pct_vs_baseline,cov
som-rs-bc-l3bits,3526656.0,3526656.0,0.0,3526656.0,3526656.0,20,0.5667828106852497,0.0
som-rs-bc-l4bits,3526656.0,3526656.0,0.0,3526656.0,3526656.0,20,0.5667828106852497,0.0
som-rs-bc-nan,3526656.0,3526656.0,0.0,3526656.0,3526656.0,20,0.5667828106852497,0.0
som-rs-bc-baseline,5525504.0,5525504.0,0.0,5525504.0,5525504.0,20,0.0,0.0
