exe,mean,median,std,min,max,n,pct_vs_baseline,cov
som-rs-bc-nan,4633.706700000001,2070.251,5110.156573432766,3.413,11018.977,40,0.26565463239181697,1.102822622207134
som-rs-bc-l4bits,4915.1835249999995,2022.25,5459.390238703163,3.513,11939.989,40,0.1931746434635928,1.110719510458801
som-rs-bc-l3bits,4940.9493,2059.6575,5476.208725492226,3.443,12286.886,40,0.18695254573852838,1.108331292833186
som-rs-bc-baseline,5864.67235,2593.063,6487.516070784126,5.061,15233.877,40,0.0,1.1062026458791216
