exe,mean,median,std,min,max,n,pct_vs_baseline,cov
som-rs-bc-nan,101.574325,59.658500000000004,79.28897297030996,12.307,204.481,40,0.2965402428221895,0.7806005402478426
som-rs-bc-l4bits,104.867425,59.382,85.17558088484724,14.495,214.548,40,0.2558256293601182,0.8122215348078513
som-rs-bc-l3bits,105.64134999999999,57.819500000000005,85.30295659635419,15.616,218.769,40,0.2466254927639604,0.8074769642413147
som-rs-bc-baseline,131.6952,76.6175,106.88001240552477,13.557,281.177,40,0.0,0.811571055023454
