exe,mean,median,std,min,max,n,pct_vs_baseline,cov
som-rs-bc-l4bits,33.5544,33.396,0.5589193143916209,33.152,34.51,5,0.3436568676537204,0.016657109481666217
som-rs-bc-nan,34.464,34.428,0.2238157724558295,34.25,34.835,5,0.30819405756731655,0.006494190240710003
som-rs-bc-l3bits,35.4262,34.929,1.803159088932533,33.933,38.417,5,0.2726626056421517,0.05089902639663675
som-rs-bc-baseline,45.0856,45.001,0.44776980693208884,44.688,45.837,5,0.0,0.009931548142468745
