exe,mean,median,std,min,max,n,pct_vs_baseline,cov
som-rs-bc-nan,54.150400000000005,53.902,0.47189013551885073,53.688,54.743,5,0.15024081077886775,0.008714434898335944
som-rs-bc-l3bits,54.5308,54.569,0.4680386736157601,54.038,55.235,5,0.14221687560057816,0.008583014986315259
som-rs-bc-l4bits,55.4568,54.581,3.005399840287477,53.163,60.729,5,0.12314450166616187,0.05419353154685227
som-rs-bc-baseline,62.286,62.229,0.5356075989005373,61.59,62.896,5,0.0,0.008599165123792463
