exe,mean,median,std,min,max,n,pct_vs_baseline,cov
som-rs-bc-nan,6.380599999999999,6.412,0.10432545231150456,6.266,6.495,5,0.41071372598188294,0.016350414116463118
som-rs-bc-l4bits,6.5144,6.465,0.11316050547783904,6.382,6.638,5,0.38173891686110784,0.017370825475537123
som-rs-bc-l3bits,6.5798000000000005,6.609,0.09862403358208384,6.472,6.679,5,0.36800510653819263,0.014988910541670541
som-rs-bc-baseline,9.0012,9.037,0.20169828953166596,8.698,9.245,5,0.0,0.022407933334629378
