exe,mean,median,std,min,max,n,pct_vs_baseline,cov
som-rs-bc-nan,67.3798,67.14,0.500027699232753,66.941,68.031,5,0.40337014951068406,0.007421032701681409
som-rs-bc-l3bits,69.926,69.89,0.28129610733175336,69.519,70.212,5,0.3522695420873494,0.004022768459968443
som-rs-bc-l4bits,73.6058,73.592,0.7451695780156349,72.921,74.762,5,0.2846650671550339,0.010123788859242545
som-rs-bc-baseline,94.55879999999999,94.617,0.434604647927287,93.972,94.967,5,0.0,0.004596131168408303
