exe,mean,median,std,min,max,n,pct_vs_baseline,cov
som-rs-bc-nan,35.3142,35.35,0.39790978877127364,34.822,35.874,5,0.12436357046174051,0.011267699360916391
som-rs-bc-baseline,39.705999999999996,39.684,0.14877667827989982,39.492,39.849,5,0.0,0.0037469570916209096
som-rs-bc-l4bits,59.342200000000005,59.412,0.19027269904008712,59.079,59.574,5,-0.330897742247507,0.0032063640889634544
som-rs-bc-l3bits,60.821000000000005,60.565,1.9299988341965413,58.874,63.081,5,-0.3471662748063993,0.03173244165989611
