exe,mean,median,std,min,max,n,pct_vs_baseline,cov
som-rs-bc-l4bits,44.5406,44.363,0.34486562600526155,44.289,45.09,5,0.45249053672379813,0.007742725199150024
som-rs-bc-l3bits,44.953,45.033,0.4948732160867058,44.271,45.426,5,0.4391653504771649,0.011008680534929944
som-rs-bc-nan,58.535000000000004,58.725,0.39715928794376915,58.046,58.899,5,0.10523276672076531,0.006784988262471498
som-rs-bc-baseline,64.6948,64.493,0.7279293921803125,63.985,65.839,5,0.0,0.011251744996202361
