exe,mean,median,std,min,max,n,pct_vs_baseline,cov
som-rs-bc-l4bits,54.5812,54.362,0.6758951102057169,53.985,55.745,5,0.2880405707459712,0.012383295167671596
som-rs-bc-nan,54.8008,54.787,0.13274110139666576,54.609,54.969,5,0.28287908205719625,0.002422247510924398
som-rs-bc-l3bits,55.40219999999999,55.31,0.3917297537844189,55.022,55.882,5,0.2689532184642489,0.00707065339976425
som-rs-bc-baseline,70.3028,69.95,0.6529997702909229,69.765,71.014,5,0.0,0.009288389229033878
