exe,mean,median,std,min,max,n,pct_vs_baseline,cov
som-rs-bc-l4bits,39.824799999999996,39.751,0.1856884487522026,39.615,40.092,5,0.33377192101404174,0.004662633553770581
som-rs-bc-l3bits,40.3198,40.213,0.24570449731333716,40.121,40.732,5,0.31739740772523684,0.0060938917681470925
som-rs-bc-nan,41.3104,40.882,0.9345313263877254,40.724,42.958,5,0.2858069638638212,0.022622180525672116
som-rs-bc-baseline,53.117200000000004,52.992,0.3988542340254131,52.682,53.713,5,0.0,0.0075089468952695745
