exe,mean,median,std,min,max,n,pct_vs_baseline,cov
som-rs-bc-l4bits,36.982600000000005,36.797,0.3576671637150953,36.638,37.494,5,0.38250420468003843,0.009671228191503444
som-rs-bc-nan,37.1612,37.375,0.3240520019996798,36.698,37.404,5,0.3758597677147131,0.00872017055422537
som-rs-bc-l3bits,37.4264,37.505,0.2951953590421087,37.09,37.784,5,0.3661105529786459,0.007887356492799433
som-rs-bc-baseline,51.1286,51.55,0.7280338591027223,50.037,51.773,5,0.0,0.014239268415382434
