exe,mean,median,std,min,max,n,pct_vs_baseline,cov
som-rs-bc-l3bits,32.654,32.62,0.239941659575822,32.472,33.06,5,0.2413303117535368,0.007348002069450052
som-rs-bc-l4bits,32.7762,32.661,0.24859947707105198,32.63,33.213,5,0.2367022412604265,0.007584755922622267
som-rs-bc-nan,35.952,36.14,0.4176487758871074,35.45,36.309,5,0.12745883400088998,0.01161684401110112
som-rs-bc-baseline,40.5344,40.579,0.1727926503066619,40.348,40.734,5,0.0,0.0042628643894238455
