exe,mean,median,std,min,max,n,pct_vs_baseline,cov
som-rs-bc-l3bits,8450048.0,8450048.0,0.0,8450048.0,8450048.0,5,0.709161415414445,0.0
som-rs-bc-l4bits,8450048.0,8450048.0,0.0,8450048.0,8450048.0,5,0.709161415414445,0.0
som-rs-bc-nan,8450048.0,8450048.0,0.0,8450048.0,8450048.0,5,0.709161415414445,0.0
som-rs-bc-baseline,14442496.0,14442496.0,0.0,14442496.0,14442496.0,5,0.0,0.0
