exe,mean,median,std,min,max,n,pct_vs_baseline,cov
som-rs-bc-nan,6.547,6.485,0.11174748319313506,6.463,6.716,5,0.37941041698487865,0.017068502091512915
som-rs-bc-l3bits,6.6370000000000005,6.604,0.07488324245116551,6.58,6.767,5,0.36070513786349245,0.011282694357565995
som-rs-bc-l4bits,6.735600000000001,6.73,0.013088162590677197,6.729,6.759,5,0.34078626996852535,0.0019431323995898206
som-rs-bc-baseline,9.031,9.005,0.09330326896738436,8.941,9.189,5,0.0,0.010331443801061274
