exe,mean,median,std,min,max,n,pct_vs_baseline,cov
som-rs-bc-l3bits,70.09639999999999,69.846,0.5607774068202108,69.791,71.093,5,0.40396939072477367,0.0080000885469184
som-rs-bc-nan,71.439,71.386,0.15651996677740965,71.312,71.703,5,0.3775836727837738,0.0021909596547741383
som-rs-bc-l4bits,88.683,88.618,0.4623699817245888,88.048,89.272,5,0.10971888637055582,0.005213738616472027
som-rs-bc-baseline,98.4132,98.377,0.2592087961470498,98.137,98.7,5,0.0,0.0026338824075129125
