exe,mean,median,std,min,max,n,pct_vs_baseline,cov
som-rs-bc-nan,37.0332,37.034,0.08130006150058791,36.945,37.135,5,0.31192551548340397,0.0021953290966102825
som-rs-bc-l3bits,37.6552,37.591,0.16721004754499516,37.479,37.914,5,0.29025473241411537,0.00444055661754539
som-rs-bc-l4bits,37.998000000000005,37.962,0.1573483396798271,37.831,38.233,5,0.27861466392968026,0.004140963726507371
som-rs-bc-baseline,48.584799999999994,48.553,0.12187370512132654,48.498,48.797,5,0.0,0.002508473949081329
