exe,mean,median,std,min,max,n,pct_vs_baseline,cov
som-rs-bc-nan,20.0226,19.95,0.19812319399807765,19.818,20.236,5,0.34223327639767054,0.009894978374340876
som-rs-bc-l3bits,20.8892,20.874,0.1260543533560031,20.76,21.072,5,0.286549987553377,0.006034427041533573
som-rs-bc-l4bits,21.7686,21.562,0.4388858621555274,21.392,22.373,5,0.23457640822101555,0.020161418839775062
som-rs-bc-baseline,26.875,26.988,0.4778812614028719,26.07,27.259,5,0.0,0.01778162833126965
