exe,mean,median,std,min,max,n,pct_vs_baseline,cov
som-rs-bc-l4bits,25.1758,25.177,0.01957549488518825,25.145,25.197,5,0.29247134152638665,0.0007775520493961762
som-rs-bc-nan,25.9272,25.907,0.06198951524250135,25.86,26.007,5,0.2550140393100684,0.0023909066633690237
som-rs-bc-l3bits,26.0214,26.025,0.045302317821497115,25.97,26.078,5,0.25047076636921917,0.0017409638920848653
som-rs-bc-baseline,32.539,32.568,0.06503460617240496,32.465,32.601,5,0.0,0.0019986664056180262
