exe,mean,median,std,min,max,n,pct_vs_baseline,cov
som-rs-bc-nan,116.332,116.018,0.6865154768830781,115.682,117.302,5,0.2710827631262249,0.005901346808127412
som-rs-bc-l4bits,120.12519999999999,120.053,0.9543490975528843,119.031,121.147,5,0.23094571330578417,0.007944620259137003
som-rs-bc-l3bits,121.7588,121.299,1.5214860170241433,120.446,124.374,5,0.21443049701541073,0.012495901873409918
som-rs-bc-baseline,147.86759999999998,147.656,0.6897922150908942,147.16,148.746,5,0.0,0.004664931432517294
