exe,mean,median,std,min,max,n,pct_vs_baseline,cov
som-rs-bc-nan,3751.4105000000004,3722.2425000000003,3879.4349824106043,71.166,7556.099,10,0.27735231854791675,1.0341270256642412
som-rs-bc-l3bits,4105.3677,4066.1895,4252.4641408909165,71.155,8227.162,10,0.16722136728459192,1.0358302718879278
som-rs-bc-l4bits,4261.4923,4223.723,4399.289045640748,87.755,8520.418,10,0.12445888967111363,1.032335326674355
som-rs-bc-baseline,4791.8729,4742.7505,4946.626416773814,98.064,9627.915,10,0.0,1.032294996132684
