exe,mean,median,std,min,max,n,pct_vs_baseline,cov
som-rs-bc-l3bits,8052736.0,8052736.0,0.0,8052736.0,8052736.0,5,0.4806714140386572,0.0
som-rs-bc-l4bits,8052736.0,8052736.0,0.0,8052736.0,8052736.0,5,0.4806714140386572,0.0
som-rs-bc-nan,8187904.0,8187904.0,0.0,8187904.0,8187904.0,5,0.45622811405702857,0.0
som-rs-bc-baseline,11923456.0,11923456.0,0.0,11923456.0,11923456.0,5,0.0,0.0
