exe,mean,median,std,min,max,n,pct_vs_baseline,cov
som-rs-bc-baseline,0.0,0.0,0.0,0.0,0.0,75,,
som-rs-bc-l3bits,13107.2,0.0,26390.92994070378,0.0,65536.0,75,-1.0,2.013468165642073
som-rs-bc-l4bits,13107.2,0.0,26390.92994070378,0.0,65536.0,75,-1.0,2.013468165642073
som-rs-bc-nan,13107.2,0.0,26390.92994070378,0.0,65536.0,75,-1.0,2.013468165642073
