exe,mean,median,std,min,max,n,pct_vs_baseline,cov
som-rs-bc-l3bits,14717.8,14328.0,15519.192782558706,0.0,30250.0,10,0.6693391675386269,1.054450582461965
som-rs-bc-nan,14950.6,14641.5,15761.604276778991,0.0,30357.0,10,0.6433454175752142,1.0542456006300076
som-rs-bc-l4bits,15120.7,14711.5,15949.935444313804,0.0,31699.0,10,0.6248586374969411,1.054841075103256
som-rs-bc-baseline,24569.0,23835.5,25908.969292076785,0.0,50778.0,10,0.0,1.0545390244648454
