exe,mean,median,std,min,max,n,pct_vs_baseline,cov
som-rs-bc-l3bits,13556.5,13390.5,14290.876780892999,0.0,27467.0,10,0.6875520967801423,1.0541715620472096
som-rs-bc-nan,13714.9,12896.5,14471.705569835227,0.0,28350.0,10,0.6680617430677585,1.0551812678061983
som-rs-bc-l4bits,13775.7,13451.0,14523.722380605079,0.0,27931.0,10,0.6606996377679535,1.0543001357902015
som-rs-bc-baseline,22877.3,22315.5,24120.209792942424,0.0,46415.0,10,0.0,1.0543293917089178
