rank,exe,geo_mean_speedup_vs_baseline,median_speedup_vs_baseline,win_rate
1,som-rs-bc-l3bits,1.449292540188162,1.449292540188162,1.0
2,som-rs-bc-nan,1.435257868094784,1.435257868094784,0.9615384615384616
3,som-rs-bc-l4bits,1.4205634620970085,1.4205634620970085,0.9615384615384616
4,som-rs-bc-baseline,1.0,1.0,0.9615384615384616
