rank,exe,geo_mean_speedup_vs_baseline,median_speedup_vs_baseline,win_rate
1,som-rs-bc-l3bits,1.1732581098046,1.1672693854001812,0.38461538461538464
2,som-rs-bc-l4bits,1.1625353235521008,1.152085077003689,0.15384615384615385
3,som-rs-bc-nan,1.1525183491408177,1.1607573339951585,0.46153846153846156
4,som-rs-bc-baseline,1.0,1.0,0.0
