rank,exe,geo_mean_speedup_vs_baseline,median_speedup_vs_baseline,win_rate
1,som-rs-bc-nan,1.7043299053333334,1.6489236461486714,1.0
2,som-rs-bc-l3bits,1.2271194696713283,1.6164116680514775,0.8846153846153846
3,som-rs-bc-l4bits,1.2271194696713283,1.6164116680514775,0.8846153846153846
4,som-rs-bc-baseline,1.0,1.0,0.11538461538461539
