exe,mean,median,std,min,max,n,pct_vs_baseline,cov
som-rs-bc-l4bits,95.12936,97.825,8.518274869187247,76.325,102.773,75,0.1202309500803258,0.08954412043965444
som-rs-bc-l3bits,95.85256,98.779,8.463306719486665,76.958,104.198,75,0.11177889597662638,0.08829505147788087
som-rs-bc-nan,96.05522666666667,98.879,8.492329662499953,77.341,105.041,75,0.10943315664793962,0.08841090648789217
som-rs-bc-baseline,106.56685333333334,116.13,16.464832882740613,79.586,124.639,75,0.0,0.15450238388141027
