exe,mean,median,std,min,max,n,pct_vs_baseline,cov
som-rs-bc-l3bits,7.9289466666666675,7.918,0.05293823359894614,7.867,8.267,75,0.279156037540085,0.006676578343186333
som-rs-bc-l4bits,8.117253333333332,8.016,0.2687256258379208,7.954,9.536,75,0.24948176230383368,0.03310548713989307
som-rs-bc-nan,8.13752,8.103,0.0861578312859131,8.06,8.608,75,0.24636990139501957,0.010587725902475581
som-rs-bc-baseline,10.14236,10.066,0.15389805681649096,10.031,10.874,75,0.0,0.015173791584650018
