exe,mean,median,std,min,max,n,pct_vs_baseline,cov
som-rs-bc-l4bits,6.697,6.66,0.10827055700195487,6.603,6.997,75,0.5521576825444228,0.01616702359294533
som-rs-bc-nan,7.108546666666666,7.065,0.1292129285361991,7.038,7.767,75,0.46229609052764653,0.01817712320045716
som-rs-bc-l3bits,8.0076,7.943,0.2537729885739019,7.857,9.447,75,0.2981167890504022,0.031691516630938346
som-rs-bc-baseline,10.3948,10.362,0.149908530669764,10.211,10.737,75,0.0,0.014421492541440336
