exe,mean,median,std,min,max,n,pct_vs_baseline,cov
som-rs-bc-l4bits,5.20516,5.19,0.10131300708894904,5.161,6.032,75,0.4115275354968275,0.019463956360409485
som-rs-bc-l3bits,5.247106666666667,5.2,0.2792914574386374,5.154,7.581,75,0.4002434357474467,0.05322770722632614
som-rs-bc-nan,5.26568,5.255,0.06983845451991141,5.222,5.838,75,0.3953044367805616,0.013262950752782436
som-rs-bc-baseline,7.347226666666667,7.227,0.43452874670349706,7.19,10.013,75,0.0,0.05914187303828434
