exe,mean,median,std,min,max,n,pct_vs_baseline,cov
som-rs-bc-l4bits,15.986666666666666,15.829,0.3789662800849721,15.725,18.473,75,0.15988407005838212,0.02370514679430601
som-rs-bc-l3bits,16.12745333333333,16.053,0.5044741520534921,15.905,20.227,75,0.14975871371301452,0.031280459575772586
som-rs-bc-nan,16.532933333333332,16.473,0.43239053710341163,16.276,19.99,75,0.1215601990370736,0.026153286194630414
som-rs-bc-baseline,18.54268,18.496,0.13289135574758884,18.445,19.386,75,0.0,0.00716678256582052
