exe,mean,median,std,min,max,n,pct_vs_baseline,cov
som-rs-bc-l3bits,2699.8,2730.0,72.61335965233944,2618.0,2777.0,5,0.449292540188162,0.02689582919191771
som-rs-bc-nan,2726.2,2728.0,98.42357441182473,2585.0,2818.0,5,0.43525786809478406,0.036102844403134306
som-rs-bc-l4bits,2754.4,2700.0,131.47547299781812,2653.0,2981.0,5,0.42056346209700846,0.047732890283843345
som-rs-bc-baseline,3912.8,3902.0,102.87711115695275,3821.0,4086.0,5,0.0,0.02629245327053587
