exe,mean,median,std,min,max,n,pct_vs_baseline,cov
som-rs-bc-l3bits,12047.9,11918.0,12700.785876384885,0.0,24504.0,10,0.7614273026834553,1.0541908445774688
som-rs-bc-l4bits,12155.1,12003.5,12814.834758114432,0.0,24905.0,10,0.7458926705662643,1.0542763743707935
som-rs-bc-nan,12184.2,11970.0,12846.932135295527,0.0,25095.0,10,0.7417228870176129,1.0543927492404528
som-rs-bc-baseline,21221.5,20912.5,22371.737498956627,0.0,43164.0,10,0.0,1.054201517279958
