exe,mean,median,std,min,max,n,pct_vs_baseline,cov
som-rs-bc-l3bits,303.5733333333333,0.0,611.6671982716102,0.0,1624.0,75,0.8593200983836966,2.0148910694997704
som-rs-bc-l4bits,304.6,0.0,613.508739117034,0.0,1602.0,75,0.8530531845042679,2.0141455650592053
som-rs-bc-nan,305.68,0.0,615.6769107075385,0.0,1574.0,75,0.8465061502224549,2.014122319770801
som-rs-bc-baseline,564.44,0.0,700.8346421772227,0.0,1596.0,75,0.0,1.2416459538254245
