exe,mean,median,std,min,max,n,pct_vs_baseline,cov
som-rs-bc-baseline,0.2,0.0,0.4006683379765066,0.0,1.0,300,0.0,2.0033416898825327
som-rs-bc-l3bits,0.2,0.0,0.40066833797650675,0.0,1.0,300,0.0,2.0033416898825336
som-rs-bc-l4bits,0.2,0.0,0.40066833797650675,0.0,1.0,300,0.0,2.0033416898825336
som-rs-bc-nan,0.2,0.0,0.40066833797650675,0.0,1.0,300,0.0,2.0033416898825336
