exe,mean,median,std,min,max,n,pct_vs_baseline,cov
som-rs-bc-nan,5.65804,5.633,0.09634979067004866,5.514,5.952,75,0.38573546080739396,0.01702882812246797
som-rs-bc-l4bits,5.686693333333333,5.682,0.07687968369969912,5.57,6.19,75,0.37875320631556253,0.013519224476033955
som-rs-bc-l3bits,5.764546666666667,5.751,0.11907529906259678,5.552,6.006,75,0.36013239549337217,0.020656489737718046
som-rs-bc-baseline,7.840546666666667,7.825,0.051491089056770314,7.778,8.062,75,0.0,0.0065672830283224695
