exe,mean,median,std,min,max,n,pct_vs_baseline,cov
som-rs-bc-l4bits,5.67216,5.624,0.25413435688893243,5.465,7.672,75,0.37186304100495526,0.044803806114237336
som-rs-bc-nan,5.674413333333334,5.639,0.16590074314654735,5.502,6.498,75,0.37131826843773563,0.02923663353390083
som-rs-bc-l3bits,5.727813333333334,5.715,0.08537448402492712,5.615,6.28,75,0.35853356487408794,0.014905249011535603
som-rs-bc-baseline,7.7814266666666665,7.778,0.03397263339542309,7.692,7.944,75,0.0,0.004365861795106522
