exe,mean,median,std,min,max,n,pct_vs_baseline,cov
som-rs-bc-l3bits,24.785439999999998,24.752,0.41831047696075596,24.491,28.105,75,0.2169574825650329,0.016877266530703348
som-rs-bc-l4bits,25.319666666666667,25.2,0.6616597135813669,25.13,30.564,75,0.19128055924906873,0.026132244246818686
som-rs-bc-nan,25.343333333333334,25.04,1.1762751256280017,24.985,30.45,75,0.1901680915428121,0.046413591699118836
som-rs-bc-baseline,30.162826666666668,29.867,0.9260230044036081,29.647,35.146,75,0.0,0.03070080316534021
