exe,mean,median,std,min,max,n,pct_vs_baseline,cov
som-rs-bc-l3bits,18.759533333333334,18.706,0.18954293055274424,18.647,19.535,75,0.20159136865522598,0.010103819065474846
som-rs-bc-l4bits,18.76572,18.733,0.15017445350819933,18.652,19.829,75,0.20119522903109122,0.008002594811613906
som-rs-bc-nan,18.778826666666667,18.683,0.24952519091446648,18.492,19.589,75,0.2003568558063975,0.013287581558936579
som-rs-bc-baseline,22.541293333333332,22.398,1.0588537501204522,22.365,31.563,75,0.0,0.04697395728197431
