exe,mean,median,std,min,max,n,pct_vs_baseline,cov
som-rs-bc-l4bits,24.61377333333333,24.451,0.6574832763947225,24.407,29.68,75,0.23024723826713855,0.026712006626969393
som-rs-bc-l3bits,25.133946666666667,24.974,0.6172948809848416,24.907,29.791,75,0.20478598400251258,0.02456020493604035
som-rs-bc-nan,25.40016,25.061,1.6048673350913591,24.969,36.952,75,0.1921588945371473,0.06318335534466551
som-rs-bc-baseline,30.28102666666667,30.144,0.7280717772258398,30.019,34.586,75,0.0,0.024043827352369814
