exe,mean,median,std,min,max,n,pct_vs_baseline,cov
som-rs-bc-l4bits,18.512693333333335,18.5,0.0937487979502522,18.426,19.223,75,0.22430663789601657,0.005064028029970726
som-rs-bc-nan,18.83916,18.683,0.7983099723114396,18.574,24.168,75,0.2030904421074684,0.042375030113414806
som-rs-bc-l3bits,18.93418666666667,18.825,0.5343890346558028,18.767,23.143,75,0.19705238637131828,0.02822350091206115
som-rs-bc-baseline,22.665213333333334,22.587,0.3170875185408825,22.498,24.977,75,0.0,0.01399005223897661
