exe,mean,median,std,min,max,n,pct_vs_baseline,cov
som-rs-bc-l3bits,90.23977333333333,93.693,8.050977967409406,73.699,97.669,75,0.13921695725299532,0.08921762178712704
som-rs-bc-l4bits,90.53454666666667,93.939,7.894420375301912,73.603,98.013,75,0.13550775681798655,0.0871978782239654
som-rs-bc-nan,91.01984,94.425,7.80866316385119,74.463,98.121,75,0.12945353452609876,0.08579078104126737
som-rs-bc-baseline,102.80268,113.888,15.529806048248517,77.769,117.815,75,0.0,0.15106421397038014
