exe,mean,median,std,min,max,n,pct_vs_baseline,cov
som-rs-bc-l4bits,90.62994666666667,93.772,8.010859436791787,73.632,98.704,75,0.12533370132550736,0.08839086561813181
som-rs-bc-nan,90.89265333333333,94.309,7.970423025318199,74.088,97.911,75,0.12208115390037388,0.0876905088917146
som-rs-bc-l3bits,91.76013333333334,94.736,8.816457322060357,74.842,120.883,75,0.11147324691478211,0.09608156616374093
som-rs-bc-baseline,101.98893333333334,113.375,15.593988189608767,77.441,117.847,75,0.0,0.15289882617599784
