exe,mean,median,std,min,max,n,pct_vs_baseline,cov
som-rs-bc-l3bits,54.862,54.778,0.3362521375396767,54.419,55.322,5,0.2903393970325543,0.006129053580614573
som-rs-bc-l4bits,55.146,54.968,0.679958454613218,54.401,56.157,5,0.28369419359518355,0.012330150049200631
som-rs-bc-nan,55.9904,56.129,0.7427945880255216,54.919,56.947,5,0.26433460021718,0.01326646332273964
som-rs-bc-baseline,70.7906,70.805,0.1510870609946406,70.651,71.023,5,0.0,0.0021342814016923235
