exe,mean,median,std,min,max,n,pct_vs_baseline,cov
som-rs-bc-l4bits,54.18820000000001,54.398,0.4765796890342697,53.632,54.734,5,0.297444831162504,0.008794897948894218
som-rs-bc-l3bits,55.010799999999996,54.872,0.994716391741887,54.239,56.686,5,0.27804358416892705,0.018082201890208597
som-rs-bc-nan,55.767599999999995,55.693,0.1996529488888148,55.582,56.046,5,0.2606997611516366,0.003580088597838437
som-rs-bc-baseline,70.3062,70.399,0.46698308320536985,69.531,70.791,5,0.0,0.00664213231842099
