exe,mean,median,std,min,max,n,pct_vs_baseline,cov
som-rs-bc-nan,25.895400000000002,25.867,0.08909994388325956,25.816,26.02,5,0.29222178456405357,0.0034407633743158846
som-rs-bc-l3bits,26.0306,26.029,0.055572475201308084,25.953,26.102,5,0.2855101303850083,0.0021348902907081697
som-rs-bc-l4bits,26.0546,25.79,0.6035215820498893,25.679,27.126,5,0.28432599233916434,0.023163724718471564
som-rs-bc-baseline,33.462599999999995,33.07,0.8053783582888252,33.041,34.895,5,0.0,0.02406801498654693
