exe,mean,median,std,min,max,n,pct_vs_baseline,cov
som-rs-bc-l4bits,25.2482,25.174,0.17260851659173782,25.153,25.556,5,0.3198643863720976,0.006836468207307365
som-rs-bc-l3bits,25.283,25.09,0.4179605244517723,24.948,25.984,5,0.3180477000355968,0.016531286811366223
som-rs-bc-nan,25.9416,25.929,0.05661095300381318,25.897,26.037,5,0.2845853763838775,0.0021822460065613987
som-rs-bc-baseline,33.3242,33.318,0.12307396150283241,33.196,33.466,5,0.0,0.0036932307903215205
