exe,mean,median,std,min,max,n,pct_vs_baseline,cov
som-rs-bc-l4bits,8.5246,8.467,0.22060763751450163,8.434,9.845,75,0.34154173411851185,0.02587894300195923
som-rs-bc-l3bits,8.534786666666667,8.48,0.2242061848686011,8.45,10.214,75,0.3399405413765466,0.026269688233012005
som-rs-bc-nan,8.58424,8.536,0.1456900486315739,8.484,9.386,75,0.3322212177975763,0.016971805148921035
som-rs-bc-baseline,11.436106666666666,11.404,0.13724111484392507,11.253,11.749,75,0.0,0.012000685097136065
