exe,mean,median,std,min,max,n,pct_vs_baseline,cov
som-rs-bc-l3bits,8.555253333333333,8.534,0.0671199195738762,8.495,8.818,75,0.3345967545866555,0.007845462543155886
som-rs-bc-l4bits,8.628373333333334,8.557,0.2518074003019898,8.539,9.904,75,0.32328689223770235,0.029183646856030386
som-rs-bc-nan,8.667693333333334,8.532,0.2917377558668023,8.483,9.502,75,0.31728395251639396,0.03365806156810681
som-rs-bc-baseline,11.417813333333333,11.42,0.25354858233404454,11.156,12.268,75,0.0,0.022206404583076433
