exe,mean,median,std,min,max,n,pct_vs_baseline,cov
som-rs-bc-nan,1276.37165,1681.5430000000001,750.3170783744329,10.762,1794.261,20,0.26009497312166063,0.587851570014449
som-rs-bc-l4bits,1330.5232,1756.953,782.095736395528,11.051,1868.882,20,0.2088098125609532,0.5878106720690988
som-rs-bc-l3bits,1347.61395,1784.066,791.8287469121534,11.15,1871.487,20,0.19347940855020074,0.5875783245729636
som-rs-bc-baseline,1608.3494999999998,2128.9455,945.0712585791447,13.549,2224.959,20,0.0,0.5876031662142742
