exe,mean,median,std,min,max,n,pct_vs_baseline,cov
som-rs-bc-nan,1270.0639500000002,1673.0875,746.5483288171163,10.804,1780.16,20,0.26617529770843396,0.5878037313137785
som-rs-bc-l4bits,1331.2283,1758.2945,782.3517805350939,11.195,1861.99,20,0.2079998599789381,0.5876916683149643
som-rs-bc-l3bits,1385.55245,1829.35,814.5530232219046,11.199,1933.327,20,0.16063711626362465,0.5878904282706184
som-rs-bc-baseline,1608.1236,2116.468,945.3094780700629,13.486,2277.105,20,0.0,0.5878338444072726
