exe,mean,median,std,min,max,n,pct_vs_baseline,cov
som-rs-bc-l3bits,33.518,33.46,0.2580649143142102,33.249,33.938,5,0.27237902022793703,0.00769929334429889
som-rs-bc-nan,33.571,33.543,0.12842702207868878,33.41,33.705,5,0.27037026004587283,0.0038255346006579724
som-rs-bc-l4bits,34.226,34.279,0.2923952803996678,33.907,34.566,5,0.24605855197802828,0.008543074867050424
som-rs-bc-baseline,42.6476,42.632,0.11820871372280867,42.51,42.773,5,0.0,0.0027717553560530645
