exe,mean,median,std,min,max,n,pct_vs_baseline,cov
som-rs-bc-l3bits,33.8716,33.606,0.9749747689043035,32.953,35.325,5,0.2783925176253852,0.028784432058252443
som-rs-bc-nan,34.7528,33.58,2.2928574312416377,33.292,38.696,5,0.24597730254828387,0.06597619274537987
som-rs-bc-l4bits,34.799400000000006,34.429,0.8604692324540142,34.322,36.329,5,0.2443088099220101,0.024726553689259415
som-rs-bc-baseline,43.3012,43.259,0.2604749508110153,43.04,43.689,5,0.0,0.006015421069416443
