exe,mean,median,std,min,max,n,pct_vs_baseline,cov
som-rs-bc-l4bits,35.3858,35.452,0.1333761597887726,35.214,35.522,5,0.3257747458019884,0.003769200068636927
som-rs-bc-nan,35.4842,35.269,0.5210342599100374,35.113,36.375,5,0.32209828599771173,0.014683556622666915
som-rs-bc-l3bits,35.689,35.547,0.522837928999038,35.015,36.319,5,0.31451147412367964,0.014649834094511979
som-rs-bc-baseline,46.9136,46.697,0.34269053094592533,46.633,47.405,5,0.0,0.007304716136598456
