exe,mean,median,std,min,max,n,pct_vs_baseline,cov
som-rs-bc-nan,35.5752,35.443,0.4763320270567568,35.117,36.355,5,0.3241977557399536,0.013389440595042523
som-rs-bc-l4bits,35.758,35.813,0.1966100200905306,35.465,35.954,5,0.3174282678002125,0.005498350581423194
som-rs-bc-l3bits,35.8472,35.671,0.39962945336899375,35.538,36.488,5,0.3141500591399049,0.011148135792167693
som-rs-bc-baseline,47.1086,47.103,0.3378939182642986,46.637,47.523,5,0.0,0.007172658883182658
