exe,mean,median,std,min,max,n,pct_vs_baseline,cov
som-rs-bc-nan,116.234,116.09,1.2320917173652408,115.094,118.308,5,0.29369031436584825,0.010600097367080553
som-rs-bc-l4bits,117.3886,117.112,1.6074421607012825,115.541,119.828,5,0.28096595410457237,0.013693341267391234
som-rs-bc-l3bits,120.6454,119.631,1.6310758106231604,119.282,122.813,5,0.24638651784485788,0.013519585584060068
som-rs-bc-baseline,150.3708,149.933,0.9073575370271588,149.614,151.76,5,0.0,0.0060341338679262115
