exe,mean,median,std,min,max,n,pct_vs_baseline,cov
som-rs-bc-nan,116.1594,115.979,0.6519917944268919,115.609,117.291,5,0.28630313173105226,0.005612906010420955
som-rs-bc-l4bits,117.4962,117.423,1.3456870735798914,115.902,119.557,5,0.271668360338462,0.011453026341106277
som-rs-bc-l3bits,121.048,121.223,0.9871917240333813,119.559,122.31,5,0.23435496662480992,0.008155374099806533
som-rs-bc-baseline,149.4162,148.686,2.3656284999974124,147.968,153.608,5,0.0,0.01583247666583284
