exe,mean,median,std,min,max,n,pct_vs_baseline,cov
som-rs-bc-l4bits,5.92692,5.891,0.29775460420340144,5.838,8.456,75,0.4200922795201105,0.050237662091508144
som-rs-bc-nan,6.206666666666667,6.159,0.1393437644269905,6.121,6.693,75,0.35608592910848547,0.0224506602191714
som-rs-bc-l3bits,6.61304,6.316,0.899069555677394,6.278,9.976,75,0.2727540334450318,0.1359540477113996
som-rs-bc-baseline,8.416773333333333,8.33,0.35712907702630087,8.218,10.944,75,0.0,0.042430639733631204
