exe,mean,median,std,min,max,n,pct_vs_baseline,cov
som-rs-bc-nan,10.016853333333334,10.009,0.0260387929585598,9.991,10.152,75,0.38046678664224554,0.002599498274763578
som-rs-bc-l4bits,10.330906666666666,10.308,0.18660865057244355,10.278,11.916,75,0.33850142872261646,0.01806314359363524
som-rs-bc-l3bits,10.66672,10.648,0.09454050468993201,10.571,10.999,75,0.2963622681886591,0.008863127999041131
som-rs-bc-baseline,13.827933333333334,13.697,0.6221841722063844,13.634,19.003,75,0.0,0.0449947332842978
