exe,mean,median,std,min,max,n,pct_vs_baseline,cov
som-rs-bc-nan,10.012,10.007,0.011467344941180338,9.999,10.026,5,0.36570115860966834,0.0011453600620435814
som-rs-bc-l4bits,10.308,10.303,0.01220655561573334,10.295,10.321,5,0.32648428405122254,0.0011841827333850738
som-rs-bc-l3bits,10.622,10.615,0.025475478405713826,10.59,10.649,5,0.2872717002447751,0.002398369271861592
som-rs-bc-baseline,13.6734,13.682,0.015290519938837894,13.654,13.688,5,0.0,0.00111826758076542
