exe,mean,median,std,min,max,n,pct_vs_baseline,cov
som-rs-bc-l4bits,9.817266666666667,9.816,0.015602610084259895,9.793,9.92,75,0.38325399466246535,0.001589302869528507
som-rs-bc-nan,10.01836,10.012,0.023740511618157958,9.992,10.153,75,0.3554886561606223,0.0023697003918962743
som-rs-bc-l3bits,10.67848,10.668,0.05325876656679366,10.625,11.047,75,0.27169534740275125,0.004987485725196251
som-rs-bc-baseline,13.579773333333332,13.388,0.6174319214760903,13.346,16.346,75,0.0,0.04546702704974631
