exe,mean,median,std,min,max,n,pct_vs_baseline,cov
som-rs-bc-l4bits,5.74916,5.736,0.06537625819160298,5.694,6.138,75,0.4665469970105778,0.011371445253150543
som-rs-bc-nan,5.84928,5.832,0.0694274966947342,5.76,6.162,75,0.44144464503893355,0.011869409003284884
som-rs-bc-l3bits,6.11176,6.107,0.02981920295488907,6.065,6.327,75,0.37953933618684843,0.004878987878268955
som-rs-bc-baseline,8.431413333333333,8.297,0.28285929523510656,8.201,9.393,75,0.0,0.033548265759529426
