exe,mean,median,std,min,max,n,pct_vs_baseline,cov
som-rs-bc-l4bits,6.031546666666666,6.001,0.28580868167801066,5.886,8.453,75,0.43313378989579254,0.04738563712978164
som-rs-bc-nan,6.164759999999999,6.159,0.02821866355752859,6.119,6.319,75,0.40216542628315377,0.00457741478298078
som-rs-bc-l3bits,6.374093333333334,6.303,0.39159722044859163,6.238,9.557,75,0.3561165300372131,0.061435752501572766
som-rs-bc-baseline,8.644013333333334,8.628,0.10175042244859961,8.578,9.419,75,0.0,0.01177120146914006
