exe,mean,median,std,min,max,n,pct_vs_baseline,cov
som-rs-bc-l4bits,6.740813333333333,6.696,0.17886169300670618,6.631,7.411,75,0.7128892458081224,0.026534141232221167
som-rs-bc-nan,7.213,7.207,0.030392033095462213,7.169,7.394,75,0.6007578908452333,0.004213507984952476
som-rs-bc-l3bits,8.09412,8.093,0.011014683075025105,8.07,8.134,75,0.4265005543118545,0.0013608252750175564
som-rs-bc-baseline,11.546266666666668,11.439,0.6143293714096506,11.415,15.238,75,0.0,0.05320588802813468
