exe,mean,median,std,min,max,n,pct_vs_baseline,cov
som-rs-bc-nan,5.826626666666667,5.829,0.026359148026533004,5.738,5.882,75,0.37466161094927397,0.004523912296857817
som-rs-bc-l4bits,5.8284,5.799,0.25359709479110065,5.736,7.988,75,0.3742433600988262,0.04351058520195948
som-rs-bc-l3bits,6.176106666666667,6.167,0.04778119423499708,6.141,6.56,75,0.29687526985716994,0.007736458713201804
som-rs-bc-baseline,8.00964,7.978,0.1442697023876709,7.834,8.751,75,0.0,0.018012008328423115
