exe,mean,median,std,min,max,n,pct_vs_baseline,cov
som-rs-bc-l4bits,9.8184,9.819,0.006228964600958722,9.811,9.827,5,0.3648252261060865,0.0006344174815610203
som-rs-bc-nan,10.024,10.027,0.011597413504743746,10.01,10.037,5,0.3368316041500399,0.001156964635349536
som-rs-bc-l3bits,10.6684,10.667,0.005594640292279572,10.662,10.677,5,0.25608338644970186,0.0005244123104007697
som-rs-bc-baseline,13.4004,13.403,0.015142654985172912,13.384,13.422,5,0.0,0.0011300151476950624
