exe,mean,median,std,min,max,n,pct_vs_baseline,cov
som-rs-bc-l4bits,6.605546666666666,6.604,0.031368900649017456,6.526,6.697,75,0.7683441794370793,0.004748872762842357
som-rs-bc-nan,7.214733333333333,7.202,0.03897134544464409,7.184,7.414,75,0.6190314264329475,0.005401633524636266
som-rs-bc-l3bits,7.879266666666667,7.575,0.46379289219095066,7.415,8.903,75,0.48248314140909887,0.05886244390649095
som-rs-bc-baseline,11.68088,11.545,0.33093185221554444,11.511,13.641,75,0.0,0.02833107199248211
