exe,mean,median,std,min,max,n,pct_vs_baseline,cov
som-rs-bc-nan,5.827013333333333,5.823,0.02532517886777282,5.77,5.923,75,0.3123841602101478,0.004346167997059583
som-rs-bc-l4bits,6.04068,5.936,0.7663038554770024,5.892,12.523,75,0.2659634345802129,0.12685721731278637
som-rs-bc-l3bits,6.28824,6.218,0.29516536089160295,6.15,8.447,75,0.21612406651145633,0.04693926454645544
som-rs-bc-baseline,7.64728,7.626,0.07520001437607714,7.594,8.098,75,0.0,0.009833563616877783
