exe,mean,median,std,min,max,n,pct_vs_baseline,cov
som-rs-bc-l4bits,5.819853333333333,5.803,0.09226104172303613,5.746,6.552,75,0.31607211178288597,0.01585281216531851
som-rs-bc-nan,5.834253333333334,5.824,0.08465240427506794,5.751,6.521,75,0.3128238060740134,0.01450955236918085
som-rs-bc-l3bits,5.852626666666667,5.804,0.30226562389293854,5.738,8.233,75,0.3087024173761297,0.05164614814993699
som-rs-bc-baseline,7.659346666666667,7.653,0.027531551106072902,7.611,7.749,75,0.0,0.0035945038531667063
