exe,mean,median,std,min,max,n,pct_vs_baseline,cov
som-rs-bc-l4bits,54.4966,54.508,0.3500168567369307,54.019,54.88,5,0.1576024926325681,0.006422728330518431
som-rs-bc-l3bits,55.7026,55.635,0.4300776674043877,55.293,56.385,5,0.13253959420206618,0.007720962170605819
som-rs-bc-nan,56.7124,55.421,3.307588970836613,54.989,62.616,5,0.11237401344326825,0.05832214772847936
som-rs-bc-baseline,63.08540000000001,63.196,0.4053045768308078,62.636,63.464,5,0.0,0.0064246969478010405
