exe,mean,median,std,min,max,n,pct_vs_baseline,cov
som-rs-bc-l4bits,54.939800000000005,54.716,0.7557557145003918,54.179,56.205,5,0.1487883101139793,0.013756069634406964
som-rs-bc-nan,55.106399999999994,55.158,0.27473496319180113,54.732,55.423,5,0.14531524469027213,0.004985536402156577
som-rs-bc-l3bits,55.6032,55.538,0.2904835623576669,55.347,56.036,5,0.13508215354511965,0.005224223828083041
som-rs-bc-baseline,63.114200000000004,63.315,0.5370956153237514,62.308,63.706,5,0.0,0.008509901342704991
