exe,mean,median,std,min,max,n,pct_vs_baseline,cov
som-rs-bc-l3bits,4517.405000000001,4516.33,31.309860683178,4489.928,4568.55,5,0.23716257453117429,0.0069309394847657
som-rs-bc-l4bits,4572.523999999999,4550.829,36.38416111441888,4544.631,4626.477,5,0.2222493310040583,0.00795712851685828
som-rs-bc-nan,4689.0968,4690.095,20.841269615836776,4667.938,4720.857,5,0.19186372949263908,0.004444623454102456
som-rs-bc-baseline,5588.7644,5579.767,61.92713367176002,5530.971,5687.145,5,0.0,0.011080648465295839
