exe,mean,median,std,min,max,n,pct_vs_baseline,cov
som-rs-bc-l4bits,4485.9188,4473.085,37.17219426802752,4452.582,4535.874,5,0.24837119209558578,0.008286417103231452
som-rs-bc-l3bits,4617.323600000001,4488.118,264.8675653761705,4479.59,5088.421,5,0.21284369152727334,0.05736387317019982
som-rs-bc-nan,4695.7178,4684.467,35.547619803581746,4664.017,4756.896,5,0.1925954749665748,0.007570220638808777
som-rs-bc-baseline,5600.0918,5573.434,55.91328472018076,5544.07,5683.295,5,0.0,0.009984351456556616
