exe,mean,median,std,min,max,n,pct_vs_baseline,cov
som-rs-bc-nan,8.024600000000001,7.998,0.09734885720952237,7.941,8.17,5,0.16601450539590745,0.012131303393256031
som-rs-bc-l4bits,8.060599999999999,8.05,0.045997826035584666,8.018,8.139,5,0.16080688782472774,0.0057065015055435915
som-rs-bc-l3bits,8.104400000000002,8.099,0.10679091721677493,7.998,8.268,5,0.15453333991412044,0.013176906028425904
som-rs-bc-baseline,9.3568,9.348,0.040542570219462025,9.312,9.42,5,0.0,0.004332952528584775
