exe,mean,median,std,min,max,n,pct_vs_baseline,cov
som-rs-bc-nan,2322.4649333333336,2308.063,37.464226596784705,2305.974,2419.895,15,0.15877415185371713,0.016131234559918165
som-rs-bc-l4bits,2361.5942,2348.592,34.49371129889367,2346.267,2448.605,15,0.13957441686354644,0.01460611281095358
som-rs-bc-l3bits,2371.317,2360.483,32.17144879281269,2354.096,2450.42,15,0.1349019693838207,0.013566911886016374
som-rs-bc-baseline,2691.2123333333334,2676.958,38.88320660583917,2671.42,2792.528,15,0.0,0.014448212102862379
