exe,mean,median,std,min,max,n,pct_vs_baseline,cov
som-rs-bc-nan,2344.994533333333,2331.089,37.39276799991185,2326.089,2439.011,15,0.13240340745072965,0.01594578045636603
som-rs-bc-l4bits,2363.5662666666667,2351.353,34.33737677073244,2346.335,2450.296,15,0.12350554221820853,0.01452778255257399
som-rs-bc-l3bits,2373.4144666666666,2362.193,32.513436813254955,2356.273,2454.943,15,0.11884369009070683,0.013699013497174109
som-rs-bc-baseline,2655.4798,2640.985,40.46355968063834,2635.13,2756.005,15,0.0,0.015237758419641655
