exe,mean,median,std,min,max,n,pct_vs_baseline,cov
som-rs-bc-nan,7.955,7.942,0.02553429066960801,7.93,7.985,5,0.17604022627278426,0.003209841693225394
som-rs-bc-l4bits,8.0842,8.087,0.044493819795561926,8.018,8.137,5,0.1572449964127558,0.005503799979659327
som-rs-bc-l3bits,8.147200000000002,8.171,0.054122084217073485,8.051,8.179,5,0.14829634721131169,0.006643028797264517
som-rs-bc-baseline,9.3554,9.365,0.04973730993932002,9.282,9.42,5,0.0,0.00531642793887167
