exe,mean,median,std,min,max,n,pct_vs_baseline,cov
som-rs-bc-nan,5447.7108,5382.508,5735.831113705974,6.495,10988.359,10,0.2816713581785584,1.0528883276450678
som-rs-bc-l4bits,5957.5785000000005,5928.2395,6273.097987226217,6.449,11971.493,10,0.17198202256168327,1.0529610289190845
som-rs-bc-l3bits,5963.0324,5907.506,6278.785755660798,6.588,11981.291,10,0.1709101060728766,1.0529518094955845
som-rs-bc-baseline,6982.1749,6907.174,7350.647227743621,9.051,14128.798,10,0.0,1.0527732881259708
