exe,mean,median,std,min,max,n,pct_vs_baseline,cov
som-rs-bc-nan,5436.6062,5424.0635,5723.901268416669,6.454,10935.672,10,0.2846036926492854,1.0528445610823658
som-rs-bc-l3bits,5994.8923,5922.8395,6312.973382938661,6.669,12243.761,10,0.16497245496804003,1.0530586817946106
som-rs-bc-l4bits,6058.0189,6013.4675,6379.062009385312,6.529,12236.712,10,0.15283304910124995,1.0529947355207676
som-rs-bc-baseline,6983.8844,6916.094,7352.219055375053,9.228,14115.884,10,0.0,1.0527406575307938
