exe,mean,median,std,min,max,n,pct_vs_baseline,cov
som-rs-bc-l3bits,6.737706666666667,6.716,0.07504102901770494,6.682,7.289,75,0.6867915492511796,0.01113747343572466
som-rs-bc-l4bits,6.776173333333333,6.729,0.274156513462427,6.688,9.053,75,0.6772160491762313,0.04045889914205662
som-rs-bc-nan,6.8135200000000005,6.723,0.3164998339096963,6.662,8.102,75,0.6680227938960577,0.04645173624054766
som-rs-bc-baseline,11.365106666666668,11.161,1.4019917643793016,11.092,23.237,75,0.0,0.12335931421490998
