exe,mean,median,std,min,max,n,pct_vs_baseline,cov
som-rs-bc-l4bits,6.28688,6.218,0.19299957708958057,6.174,7.041,75,0.4138735482995275,0.03069878494413454
som-rs-bc-l3bits,6.38716,6.372,0.08448685168775132,6.33,6.877,75,0.3916753820686085,0.013227608465695446
som-rs-bc-nan,6.796466666666666,6.795,0.013604781883223609,6.773,6.844,75,0.3078638900605217,0.0020017433396603544
som-rs-bc-baseline,8.888853333333333,8.878,0.04397348504937284,8.807,9.013,75,0.0,0.004947036856201869
