exe,mean,median,std,min,max,n,pct_vs_baseline,cov
som-rs-bc-nan,9.053973333333333,9.037,0.05986222319431305,9.005,9.488,75,0.5091392655600193,0.0066117074780773655
som-rs-bc-l3bits,9.351626666666666,9.266,0.33319249258816924,9.184,11.833,75,0.4611048060087941,0.03562936208476058
som-rs-bc-l4bits,10.624133333333333,10.606,0.14367891505238584,10.57,11.842,75,0.28610082704785333,0.013523824536500468
som-rs-bc-baseline,13.663706666666666,13.53,0.7500590746704526,13.447,19.871,75,0.0,0.054894260610867864
