exe,mean,median,std,min,max,n,pct_vs_baseline,cov
som-rs-bc-l4bits,6.305266666666666,6.302,0.03639621799974127,6.235,6.374,75,0.5007369500629104,0.005772351896257299
som-rs-bc-l3bits,6.394853333333333,6.393,0.01750343080913244,6.344,6.444,75,0.4797128524188201,0.0027371121582875665
som-rs-bc-nan,6.79628,6.795,0.016543603320039096,6.777,6.905,75,0.3923126573164535,0.0024342144997026457
som-rs-bc-baseline,9.462546666666666,9.462,0.014608673222895005,9.438,9.502,75,0.0,0.0015438416039052565
