exe,mean,median,std,min,max,n,pct_vs_baseline,cov
som-rs-bc-nan,5.5933600000000006,5.59,0.02324408672259611,5.557,5.679,75,0.35997444589060335,0.004155657193993611
som-rs-bc-l3bits,5.629573333333334,5.624,0.08437355377472595,5.57,6.326,75,0.3512261438403854,0.014987557453979805
som-rs-bc-l4bits,5.6552,5.623,0.25673458794764786,5.594,7.842,75,0.34510303201772996,0.045397967878704176
som-rs-bc-baseline,7.606826666666666,7.519,0.4128294711527413,7.479,10.87,75,0.0,0.054270918642299555
