exe,mean,median,std,min,max,n,pct_vs_baseline,cov
som-rs-bc-l4bits,5.58956,5.584,0.03607770892228446,5.53,5.793,75,0.35214936417177767,0.006454481018592601
som-rs-bc-l3bits,5.594226666666667,5.593,0.019058638768592887,5.562,5.663,75,0.3510214101681022,0.003406840642005845
som-rs-bc-nan,5.6226,5.589,0.26915337735302614,5.55,7.914,75,0.34420374915519525,0.04786991380376091
som-rs-bc-baseline,7.557920000000001,7.536,0.08675170533412216,7.46,8.05,75,0.0,0.0114782513355688
