exe,mean,median,std,min,max,n,pct_vs_baseline,cov
som-rs-bc-l3bits,6.587173333333333,6.518,0.20148163173830003,6.44,7.321,75,0.7091458551771321,0.03058696371609573
som-rs-bc-nan,6.73944,6.722,0.05427463695149167,6.686,7.058,75,0.6705304891801098,0.008053285874121836
som-rs-bc-l4bits,6.888120000000001,6.864,0.2592078869337285,6.75,9.075,75,0.6344721055963018,0.03763115145115481
som-rs-bc-baseline,11.25844,11.156,0.4196690536537031,11.064,14.445,75,0.0,0.03727595063380922
