exe,mean,median,std,min,max,n,pct_vs_baseline,cov
som-rs-bc-nan,9.07672,9.035,0.2935042501649077,9.005,11.573,75,0.47160501443987113,0.03233593744931074
som-rs-bc-l3bits,9.258413333333333,9.127,0.5933802639603527,9.038,12.342,75,0.44272524737860053,0.06409092385452145
som-rs-bc-l4bits,10.664253333333333,10.65,0.058716702659219334,10.624,11.044,75,0.25253463596138626,0.0055059365924558555
som-rs-bc-baseline,13.357346666666666,13.344,0.039770114181153435,13.302,13.498,75,0.0,0.0029773962728990165
