exe,mean,median,std,min,max,n,pct_vs_baseline,cov
som-rs-bc-nan,3758.7156999999997,3716.1684999999998,3887.0660381972775,71.362,7587.643,10,0.2825768120744008,1.03414739193956
som-rs-bc-l3bits,4082.6784,4064.5715,4229.63805565373,69.749,8128.547,10,0.18080366065571063,1.035995893199359
som-rs-bc-l4bits,4126.430600000001,4099.6705,4257.449662035927,87.439,8206.54,10,0.16828369777986785,1.0317511851613175
som-rs-bc-baseline,4820.8416,4759.601500000001,4977.847626491621,98.514,9646.543,10,0.0,1.0325681778243079
