exe,mean,median,std,min,max,n,pct_vs_baseline,cov
som-rs-bc-nan,3746.8463,3714.1865,3874.453754729964,71.294,7508.514,10,0.2814049778342922,1.0340572963267707
som-rs-bc-l3bits,4130.5951000000005,4061.258,4279.491487785525,71.215,8360.473,10,0.16235733199799696,1.036047200023436
som-rs-bc-l4bits,4246.8705,4137.285,4389.772469656163,86.68,8833.238,10,0.13053305957881212,1.0336487702312003
som-rs-bc-baseline,4801.2275,4770.4710000000005,4956.653835750133,98.593,9567.62,10,0.0,1.0323722080968114
