exe,mean,median,std,min,max,n,pct_vs_baseline,cov
som-rs-bc-nan,119.69359999999999,119.684,84.42258856385666,38.662,201.451,10,0.2930599463964658,0.7053224948022006
som-rs-bc-l3bits,124.18519999999998,123.6875,94.5705342750408,34.102,215.027,10,0.24629182865591104,0.7615282197479314
som-rs-bc-l4bits,125.20039999999999,122.7155,96.08231464762099,33.981,219.207,10,0.23618614637013957,0.7674281763286779
som-rs-bc-baseline,154.77100000000002,154.4375,116.24804751144092,43.914,267.393,10,0.0,0.7510970886757914
