exe,mean,median,std,min,max,n,pct_vs_baseline,cov
som-rs-bc-nan,119.3916,119.0975,84.36235372513289,38.828,200.23,10,0.3010638939422874,0.7066020869569793
som-rs-bc-l3bits,124.04690000000001,123.44,94.40869328198073,34.393,214.548,10,0.25223685557639874,0.7610725724059265
som-rs-bc-l4bits,126.7014,127.08850000000001,94.79749601967343,36.054,218.561,10,0.22600144907633202,0.7481961211136848
som-rs-bc-baseline,155.3361,154.3725,116.15703105083414,44.628,267.534,10,0.0,0.7477787265859909
