exe,mean,median,std,min,max,n,pct_vs_baseline,cov
som-rs-bc-nan,21.6108,21.647,0.13372621283802252,21.467,21.794,5,0.18427823125474307,0.006187934404928208
som-rs-bc-l4bits,22.2886,22.28,0.1528489450405209,22.145,22.538,5,0.14826413502866953,0.006857718521599424
som-rs-bc-l3bits,23.077800000000003,23.012,0.1750591328665841,22.943,23.382,5,0.10899652479872435,0.007585607504466806
som-rs-bc-baseline,25.593200000000003,25.505,0.2777196428054731,25.35,26.061,5,0.0,0.01085130592522518
