exe,mean,median,std,min,max,n,pct_vs_baseline,cov
som-rs-bc-nan,21.9106,21.79,0.298389510539497,21.745,22.443,5,0.20540742836800452,0.01361850020261869
som-rs-bc-l4bits,23.260399999999997,23.2,0.4096148190678657,22.882,23.858,5,0.13545768774397682,0.017609964534911943
som-rs-bc-l3bits,23.580000000000002,23.552,0.1084873264487601,23.45,23.732,5,0.1200678541136555,0.004600819611906704
som-rs-bc-baseline,26.411199999999997,26.351,0.31398041340185523,26.133,26.922,5,0.0,0.011888154018062612
