exe,mean,median,std,min,max,n,pct_vs_baseline,cov
som-rs-bc-l4bits,44.1536,44.088,0.2820288992284294,43.885,44.516,5,0.5242879402812004,0.006387449703499361
som-rs-bc-l3bits,44.8198,44.812,0.15842411432607126,44.659,45.076,5,0.5016309755956074,0.003534690345027672
som-rs-bc-nan,60.9602,60.771,0.27509125758555164,60.747,61.323,5,0.1040449342357801,0.0045126370580403545
som-rs-bc-baseline,67.3028,67.252,0.6753285866894756,66.704,68.417,5,0.0,0.010034182629689635
