exe,mean,median,std,min,max,n,pct_vs_baseline,cov
som-rs-bc-l3bits,44.5058,44.459,0.24024092074415396,44.256,44.903,5,0.5156855960346742,0.005397968820786368
som-rs-bc-l4bits,44.5706,44.523,0.4218652628505945,44.065,45.176,5,0.513481981395808,0.00946510172289793
som-rs-bc-nan,61.2668,61.297,0.06844852080213239,61.152,61.321,5,0.10103351244066938,0.0011172204326345163
som-rs-bc-baseline,67.4568,67.452,0.43673641936527047,66.813,68.02,5,0.0,0.006474312735932781
