exe,mean,median,std,min,max,n,pct_vs_baseline,cov
som-rs-bc-nan,73.149,73.078,0.43656900943607685,72.671,73.632,5,0.34858713037772215,0.005968215689019355
som-rs-bc-l4bits,75.5222,75.143,1.2067481924577275,74.535,77.437,5,0.30620930004687374,0.015978721388647674
som-rs-bc-l3bits,75.71079999999999,75.557,0.5177491670683771,75.269,76.602,5,0.30295545681725744,0.006838511375766432
som-rs-bc-baseline,98.6478,98.661,0.3050388499847188,98.267,99.106,5,0.0,0.003092201245083203
