exe,mean,median,std,min,max,n,pct_vs_baseline,cov
som-rs-bc-nan,72.50399999999999,72.392,0.29756679922330115,72.256,73.006,5,0.3870351980580382,0.0041041432089719354
som-rs-bc-l4bits,73.6984,73.551,0.5001432794709951,73.201,74.346,5,0.36455608262865935,0.006786351935333672
som-rs-bc-l3bits,77.3176,76.896,1.9541249448282467,75.589,80.529,5,0.30068186286175447,0.025273998996712867
som-rs-bc-baseline,100.56559999999999,100.535,0.6191452172148372,99.785,101.337,5,0.0,0.006156630271333709
