exe,mean,median,std,min,max,n,pct_vs_baseline,cov
som-rs-bc-nan,3678.1322,3626.4515,3818.4485554118787,56.231,7534.544,10,0.29122582924017815,1.038148806998258
som-rs-bc-l3bits,3979.9361,3946.5930000000003,4136.157726117708,54.8,7941.464,10,0.19331044033596445,1.0392522950601413
som-rs-bc-l4bits,4037.7839999999997,4010.2915,4197.145443062595,55.686,8124.033,10,0.1762143046780118,1.0394675502856507
som-rs-bc-baseline,4749.299300000001,4700.5875,4927.100736896068,73.424,9494.888,10,0.0,1.0374374040600194
