exe,mean,median,std,min,max,n,pct_vs_baseline,cov
som-rs-bc-nan,3668.7477,3628.6205,3808.1506891379427,55.966,7422.135,10,0.28936050849176675,1.0379974314227012
som-rs-bc-l3bits,4035.8821000000003,3999.6299999999997,4194.825807061028,56.284,8180.542,10,0.17207051216882663,1.0393826437747098
som-rs-bc-l4bits,4090.3107000000005,4057.1055,4253.099922228102,55.216,8224.617,10,0.15647410354426117,1.0397987424838169
som-rs-bc-baseline,4730.3384,4680.4115,4909.056915289607,72.465,9568.096,10,0.0,1.0377813382842984
