exe,mean,median,std,min,max,n,pct_vs_baseline,cov
som-rs-bc-l4bits,40.906600000000005,40.726,0.3130635718188898,40.598,41.267,5,0.363481687551642,0.0076531310795541485
som-rs-bc-nan,41.3502,41.307,0.126912174356915,41.231,41.558,5,0.34885441908382564,0.0030692033982160903
som-rs-bc-l3bits,41.5948,41.556,0.29688667871765695,41.308,41.911,5,0.34092242299518216,0.007137591206536802
som-rs-bc-baseline,55.775400000000005,55.778,0.10952762208684891,55.609,55.909,5,0.0,0.0019637263396918517
