exe,mean,median,std,min,max,n,pct_vs_baseline,cov
som-rs-bc-l3bits,40.8526,40.66,0.4695942929806542,40.553,41.68,5,0.3759075309772204,0.011494844709532666
som-rs-bc-nan,41.296,41.149,0.3986991346867941,41.025,41.991,5,0.3611342502905852,0.009654667151462468
som-rs-bc-l4bits,41.3102,41.213,0.35318720248615754,40.914,41.7,5,0.36066637295389525,0.008549636711663403
som-rs-bc-baseline,56.2094,56.413,0.4887374550819726,55.608,56.64,5,0.0,0.008694941683810405
