exe,mean,median,std,min,max,n,pct_vs_baseline,cov
som-rs-bc-nan,3485.8592,3461.3444999999997,3635.524880040839,36.89,6992.454,10,0.2847832752395736,1.042935090447956
som-rs-bc-l3bits,3792.2684,3782.4205,3958.2805075086217,36.973,7605.209,10,0.18097484872115066,1.0437764656923074
som-rs-bc-l4bits,3803.611,3772.711,3969.770247728701,37.557,7617.29,10,0.17745310968971317,1.0436846059517393
som-rs-bc-baseline,4478.5736,4450.042,4668.727736417806,48.875,8952.25,10,0.0,1.0424586382632646
