exe,mean,median,std,min,max,n,pct_vs_baseline,cov
som-rs-bc-nan,3486.3406999999997,3443.3765000000003,3636.403575977692,36.673,7025.796,10,0.2794082058589398,1.043043089844229
som-rs-bc-l3bits,3808.2365,3790.3305,3974.091790856378,37.852,7609.774,10,0.17126467854609362,1.04355173079623
som-rs-bc-l4bits,3869.9714,3831.7935,4040.1721545740047,37.288,7799.325,10,0.15258032656262022,1.0439798481647706
som-rs-bc-baseline,4460.4529,4436.7715,4650.387503598275,48.733,8962.694,10,0.0,1.0425819099218097
