exe,mean,median,std,min,max,n,pct_vs_baseline,cov
som-rs-bc-nan,3626.7760000000003,4753.081,2033.2881417468395,192.525,4860.318,20,0.38724773738438767,0.5606324023724761
som-rs-bc-l3bits,4011.5610500000003,5263.5485,2252.059133789306,207.022,5374.489,20,0.2541842782125927,0.5613922125874928
som-rs-bc-l4bits,4042.1322999999998,5307.8885,2271.0580062221197,207.48,5406.978,20,0.24469869529010735,0.56184652991742
som-rs-bc-baseline,5031.236800000001,6597.055,2818.0509746440484,271.234,6741.23,20,0.0,0.5601109799968167
