exe,mean,median,std,min,max,n,pct_vs_baseline,cov
som-rs-bc-nan,3673.7413500000002,4818.6705,2061.8138077351437,192.796,4923.484,20,0.3571370504894147,0.5612299863557743
som-rs-bc-l3bits,3955.1464,5188.2075,2220.2558093468087,205.371,5301.75,20,0.26057799023570927,0.5613586918923681
som-rs-bc-l4bits,4017.8737,5272.523999999999,2255.897944869779,208.615,5373.026,20,0.2408977663981824,0.5614656192079356
som-rs-bc-baseline,4985.7705000000005,6542.5975,2791.309666513185,270.871,6659.274,20,0.0,0.5598552252882849
