exe,mean,median,std,min,max,n,pct_vs_baseline,cov
som-rs-bc-l4bits,16.281026666666666,16.262,0.09515037505902861,16.227,17.025,75,0.2608050106586237,0.005844249076370406
som-rs-bc-nan,16.557586666666666,16.527,0.09778770349565888,16.494,16.887,75,0.23974588889363124,0.0059059152438273345
som-rs-bc-l3bits,16.746199999999998,16.625,0.5505779273218767,16.593,20.476,75,0.2257825655969714,0.032877782859507036
som-rs-bc-baseline,20.5272,20.435,0.23923216135592368,20.381,21.411,75,0.0,0.011654398133010039
