exe,mean,median,std,min,max,n,pct_vs_baseline,cov
som-rs-bc-l4bits,16.162253333333336,16.114,0.13004490839013355,16.049,16.592,75,0.2752099748467416,0.008046211484751726
som-rs-bc-nan,16.604213333333334,16.518,0.5129005301945732,16.487,20.382,75,0.24126727673939796,0.03088978200279526
som-rs-bc-l3bits,16.760093333333334,16.722,0.18728163308261184,16.67,18.241,75,0.22972266661999496,0.011174259555591884
som-rs-bc-baseline,20.610266666666668,20.53,0.1370578230049156,20.474,21.131,75,0.0,0.006649978150286698
