exe,mean,median,std,min,max,n,pct_vs_baseline,cov
som-rs-bc-nan,128.95497333333333,134.359,20.014324736921676,104.304,153.379,75,0.19064235651038097,0.15520397716796092
som-rs-bc-l3bits,132.35344,137.839,20.389238368554366,106.265,159.09,75,0.16006998634363656,0.154051442626307
som-rs-bc-l4bits,133.03534666666667,137.873,20.501779765519718,107.131,170.003,75,0.15412375117149324,0.1541077636824518
som-rs-bc-baseline,153.53925333333333,130.943,30.461274374902025,125.052,227.023,75,0.0,0.19839405046975625
