exe,mean,median,std,min,max,n,pct_vs_baseline,cov
som-rs-bc-nan,129.7606,134.587,20.518532186979364,103.976,163.815,75,0.16151209740604378,0.15812605819470132
som-rs-bc-l4bits,130.93349333333333,135.485,20.520760134473008,104.839,169.924,75,0.15110735098898065,0.15672659158517074
som-rs-bc-l3bits,133.40735999999998,138.876,20.41099136702735,107.909,157.957,75,0.12976155638389586,0.1529974910456766
som-rs-bc-baseline,150.71850666666668,128.858,28.685679667912527,125.031,190.244,75,0.0,0.1903261935268148
