exe,mean,median,std,min,max,n,pct_vs_baseline,cov
som-rs-bc-l3bits,63.2008,63.123,0.34225166179290034,62.808,63.691,5,0.2735123606030303,0.005415305847282002
som-rs-bc-l4bits,63.3726,62.905,0.7363139955209325,62.84,64.5,5,0.2700599312636691,0.011618806795380535
som-rs-bc-nan,64.24940000000001,64.347,0.609273583868529,63.342,65.046,5,0.2527276519313797,0.009482945893168325
som-rs-bc-baseline,80.487,80.501,0.4326823315089303,79.869,81.043,5,0.0,0.005375803937392751
