exe,mean,median,std,min,max,n,pct_vs_baseline,cov
som-rs-bc-l3bits,62.6062,62.386,0.972789391389525,61.682,64.049,5,0.2926674993850449,0.01553822770571485
som-rs-bc-nan,63.87179999999999,63.833,0.282267072114337,63.628,64.349,5,0.26705369192664064,0.00441927536274752
som-rs-bc-l4bits,63.944,63.617,0.9333134521692044,63.311,65.591,5,0.26562304516451896,0.014595794009902482
som-rs-bc-baseline,80.929,80.962,0.20464603587658103,80.656,81.204,5,0.0,0.002528710794357783
