exe,mean,median,std,min,max,n,pct_vs_baseline,cov
som-rs-bc-nan,47.248599999999996,47.278,0.3000613270649828,46.816,47.658,5,0.3168347845227162,0.006350692445172615
som-rs-bc-l4bits,47.7772,47.202,1.1063657623046734,47.106,49.716,5,0.30226551576902794,0.023156772734791352
som-rs-bc-l3bits,49.5188,49.269,0.4009672056415588,49.222,50.116,5,0.2564642115721707,0.008097272261071731
som-rs-bc-baseline,62.2186,61.989,0.6823945339757658,61.431,63.264,5,0.0,0.010967693486767072
