exe,mean,median,std,min,max,n,pct_vs_baseline,cov
som-rs-bc-nan,47.8004,47.156,1.2521794200512952,47.045,49.986,5,0.2948176165889824,0.026196002963391418
som-rs-bc-l4bits,48.6142,48.69,1.1251249708365734,47.42,50.311,5,0.2731424151791042,0.023143957338320358
som-rs-bc-l3bits,50.404199999999996,50.532,0.37703474640940016,49.791,50.748,5,0.22792941858019788,0.00748022479097774
som-rs-bc-baseline,61.8928,61.662,0.5257429980513281,61.427,62.738,5,0.0,0.00849441288891968
