exe,mean,median,std,min,max,n,pct_vs_baseline,cov
som-rs-bc-l3bits,44.464800000000004,44.419,0.11140780942106401,44.345,44.636,5,0.3476187905939079,0.002505528180067469
som-rs-bc-nan,48.7412,48.736,0.017935997323819727,48.717,48.76,5,0.2293829450239222,0.00036798431970939835
som-rs-bc-l4bits,49.3448,49.32,0.07144018477019885,49.278,49.465,5,0.2143447739174138,0.0014477753435052701
som-rs-bc-baseline,59.9216,59.921,0.15991028734887516,59.695,60.138,5,0.0,0.002668658502925075
