exe,mean,median,std,min,max,n,pct_vs_baseline,cov
som-rs-bc-l3bits,45.559799999999996,45.41,0.342001023390281,45.373,46.169,5,0.31916733611648884,0.007506640138681053
som-rs-bc-nan,48.78959999999999,48.791,0.030680612770932526,48.74,48.82,5,0.23184039221473451,0.0006288350954082946
som-rs-bc-l4bits,51.021,51.047,0.24080282390370875,50.792,51.368,5,0.17796593559514706,0.004719680600217729
som-rs-bc-baseline,60.101,60.1,0.04578755289377462,60.034,60.155,5,0.0,0.000761843445096997
