exe,mean,median,std,min,max,n,pct_vs_baseline,cov
som-rs-bc-nan,19.846600000000002,19.808,0.1076837963669554,19.733,20.004,5,0.3549222536857697,0.005425805748438291
som-rs-bc-l4bits,20.525399999999998,20.473,0.17011995767692958,20.309,20.757,5,0.31011332300466754,0.008288265158142087
som-rs-bc-l3bits,20.8922,20.859,0.17426330652205654,20.678,21.128,5,0.28711193651219125,0.008341070185143573
som-rs-bc-baseline,26.8906,26.92,0.40845232279912547,26.497,27.459,5,0.0,0.01518940904253254
