exe,mean,median,std,min,max,n,pct_vs_baseline,cov
som-rs-bc-nan,20.0482,20.103,0.12542208736901161,19.828,20.137,5,0.3533783581568417,0.0062560273425550225
som-rs-bc-l4bits,20.6054,20.589,0.12368023285877303,20.455,20.765,5,0.3167810379803351,0.006002321374919828
som-rs-bc-l3bits,20.7944,20.797,0.20522012571870243,20.511,21.084,5,0.3048128342245988,0.009869009238963493
som-rs-bc-baseline,27.132799999999996,27.178,0.1807960176552571,26.953,27.381,5,0.0,0.006663374869355803
