exe,mean,median,std,min,max,n,pct_vs_baseline,cov
som-rs-bc-nan,34.8558,34.839,0.2387188723163717,34.604,35.245,5,0.2990492256668902,0.006848756084105707
som-rs-bc-l4bits,35.044399999999996,34.983,0.2436786818743065,34.73,35.346,5,0.2920580748992707,0.006953427134558062
som-rs-bc-l3bits,35.2964,35.177,0.2538420768903368,35.105,35.733,5,0.28283337677496845,0.007191727113539533
som-rs-bc-baseline,45.279399999999995,45.295,0.1193578652624131,45.111,45.439,5,0.0,0.0026360301872907573
