exe,mean,median,std,min,max,n,pct_vs_baseline,cov
som-rs-bc-nan,34.921,34.72,0.31115831983091935,34.692,35.399,5,0.30201884253028255,0.008910349641502802
som-rs-bc-l4bits,35.101800000000004,35.103,0.4164945377793063,34.669,35.616,5,0.2953124910973224,0.01186533276867016
som-rs-bc-l3bits,35.117399999999996,35.156,0.12398709610278072,34.958,35.252,5,0.2947370819024189,0.003530645665760584
som-rs-bc-baseline,45.4678,45.465,0.11625704279741589,45.299,45.621,5,0.0,0.002556909346777629
