exe,mean,median,std,min,max,n,pct_vs_baseline,cov
som-rs-bc-l3bits,33.3234,33.306,0.04824209779850073,33.279,33.395,5,0.30898407725502186,0.0014476943468703892
som-rs-bc-l4bits,34.1132,34.093,0.04824106134819425,34.068,34.185,5,0.27867804838009924,0.0014141464696420815
som-rs-bc-nan,34.423,34.428,0.034756294393966464,34.378,34.469,5,0.2671702059669405,0.0010096823168801808
som-rs-bc-baseline,43.6198,43.573,0.17318689326851536,43.434,43.86,5,0.0,0.003970373391636719
