exe,mean,median,std,min,max,n,pct_vs_baseline,cov
som-rs-bc-l3bits,33.6698,33.673,0.06365296536690154,33.59,33.761,5,0.2826687417210676,0.0018905061915099448
som-rs-bc-nan,34.4228,34.421,0.008642916174532717,34.412,34.433,5,0.2546103164181879,0.0002510811489632661
som-rs-bc-l4bits,35.567,35.56,0.07709409834741086,35.469,35.651,5,0.2142491635504824,0.0021675738281949804
som-rs-bc-baseline,43.187200000000004,43.147,0.1449351579155316,43.084,43.441,5,0.0,0.003355974870228484
