exe,mean,median,std,min,max,n,pct_vs_baseline,cov
som-rs-bc-l4bits,214.82666666666665,0.0,435.6268355138602,0.0,1269.0,75,0.12394488579940433,2.0278061484321945
som-rs-bc-nan,221.77333333333334,0.0,453.23055326667287,0.0,1476.0,75,0.08873925329164911,2.0436656944027214
som-rs-bc-baseline,241.45333333333335,0.0,495.6189767251554,0.0,1627.0,75,0.0,2.052649138792128
som-rs-bc-l3bits,241.61333333333334,0.0,501.52739391467634,0.0,2049.0,75,-0.000662215109541453,2.075743863120177
