exe,mean,median,std,min,max,n,pct_vs_baseline,cov
som-rs-bc-l3bits,6124.6,6502.0,624.4323822480702,5288.0,6686.0,5,0.504490089148679,0.10195480231330539
som-rs-bc-nan,6362.4,5995.0,770.8909131647615,5506.0,7373.0,5,0.448258518797938,0.12116354098528252
som-rs-bc-l4bits,6652.8,6952.0,623.5336398302821,5931.0,7335.0,5,0.38504088504088485,0.09372499396198325
som-rs-bc-baseline,9214.4,8949.0,641.2213346419471,8493.0,10034.0,5,0.0,0.06958904916673328
