exe,mean,median,std,min,max,n,pct_vs_baseline,cov
som-rs-bc-l3bits,13287.1,12665.0,14015.25569156696,0.0,27274.0,10,0.6308901114614927,1.054801701768404
som-rs-bc-nan,13369.4,13133.0,14095.527101412938,0.0,27311.0,10,0.6208505991293551,1.0543126169770474
som-rs-bc-l4bits,13536.4,12757.5,14289.099405568644,0.0,28246.0,10,0.6008539936763098,1.0556055823977308
som-rs-bc-baseline,21669.8,20510.5,22879.79822074972,0.0,46136.0,10,0.0,1.055837996693542
