exe,mean,median,std,min,max,n,pct_vs_baseline,cov
som-rs-bc-l4bits,8439.6,7956.5,8905.69875229713,0.0,17595.0,10,0.7926560500497652,1.0552275880725543
som-rs-bc-nan,8520.5,7943.0,9000.797659096665,0.0,18246.0,10,0.7756352326741387,1.056369656604268
som-rs-bc-l3bits,8747.7,8409.5,9227.872091898786,0.0,18004.0,10,0.7295174731643743,1.0548912390569847
som-rs-bc-baseline,15129.3,14682.0,15953.973639817761,0.0,30943.0,10,0.0,1.0545083804153372
