exe,mean,median,std,min,max,n,pct_vs_baseline,cov
som-rs-bc-l4bits,8321.9,7886.0,8782.253664825068,0.0,17359.0,10,0.834220550595417,1.0553183365367367
som-rs-bc-nan,8384.7,7884.5,8855.401804673927,0.0,17905.0,10,0.8204825455889895,1.0561381808143318
som-rs-bc-l3bits,8492.8,8018.0,8975.512759106796,0.0,18451.0,10,0.7973106631499625,1.0568378813944515
som-rs-bc-baseline,15264.2,14717.5,16108.21582505855,0.0,31926.0,10,0.0,1.0552938133055483
