exe,mean,median,std,min,max,n,pct_vs_baseline,cov
som-rs-bc-l3bits,7524.8,7296.5,7939.229556799297,0.0,15881.0,10,0.9228152243248988,1.055075159047323
som-rs-bc-nan,7566.1,7258.5,7980.01200848442,0.0,15634.0,10,0.9123194248027384,1.05470612448744
som-rs-bc-l4bits,7568.5,7208.0,7990.868514192379,0.0,15941.0,10,0.9117130210741891,1.05580610612306
som-rs-bc-baseline,14468.8,13430.5,15274.53433951061,0.0,30253.0,10,0.0,1.0556877100734416
