exe,mean,median,std,min,max,n,pct_vs_baseline,cov
som-rs-bc-l4bits,236.6,0.0,486.3480290958373,0.0,1766.0,75,0.966863905325444,2.0555707062376896
som-rs-bc-nan,237.01333333333332,0.0,485.39828988143313,0.0,1667.0,75,0.9634338433843386,2.047978833320628
som-rs-bc-l3bits,237.94666666666666,0.0,485.58406997039043,0.0,1584.0,75,0.9557323770032502,2.0407265072161427
som-rs-bc-baseline,465.36,0.0,587.8852075850328,0.0,1632.0,75,0.0,1.2632912317024085
