exe,mean,median,std,min,max,n,pct_vs_baseline,cov
som-rs-bc-nan,73.8418,73.996,0.849122900409591,72.645,74.71,5,0.3706410190434144,0.011499217251063638
som-rs-bc-l3bits,74.40520000000001,74.18,0.43559579887781436,73.951,74.918,5,0.36026245477466623,0.005854373066369209
som-rs-bc-l4bits,76.46979999999999,76.524,0.6061833056097766,75.674,77.213,5,0.32353687338007964,0.00792709416802158
som-rs-bc-baseline,101.2106,101.776,1.4762045251251577,99.037,102.556,5,0.0,0.014585473508952201
