exe,mean,median,std,min,max,n,pct_vs_baseline,cov
som-rs-bc-l4bits,17.60114666666667,17.536,0.2606684594763356,17.486,19.506,75,1.184638728082867,0.014809743047593239
som-rs-bc-nan,18.111453333333333,17.947,0.49329469546770505,17.871,20.235,75,1.12308454539632,0.02723661576952623
som-rs-bc-l3bits,18.187213333333332,18.043,0.5644568614770034,18.002,21.258,75,1.114240700975997,0.031035917989837004
som-rs-bc-baseline,38.452146666666664,37.902,1.0320087299721543,37.801,42.893,75,0.0,0.026838780651660742
