exe,mean,median,std,min,max,n,pct_vs_baseline,cov
som-rs-bc-nan,24.165893333333333,23.981,0.4548937379133647,23.875,26.17,75,0.7321437044606116,0.018823791516364305
som-rs-bc-l4bits,24.599266666666665,24.49,0.34328304975960006,24.342,26.651,75,0.7016279618091594,0.013955011521736423
som-rs-bc-l3bits,24.803373333333333,24.6,0.780138116207867,24.489,30.431,75,0.6876252853778491,0.03145290383382799
som-rs-bc-baseline,41.858799999999995,41.394,1.4639829326283245,41.259,50.706,75,0.0,0.03497431681338989
