exe,mean,median,std,min,max,n,pct_vs_baseline,cov
som-rs-bc-l4bits,95.93437333333334,99.014,8.566779532673959,76.79,103.645,75,0.3270678928011619,0.08929833213073532
som-rs-bc-l3bits,96.01776000000001,98.771,8.699943516188185,76.609,105.112,75,0.3259154000954265,0.09060764921185606
som-rs-bc-nan,96.44918666666668,99.223,8.689307549765658,77.324,106.565,75,0.31998445053416025,0.09009207697931503
som-rs-bc-baseline,127.31142666666666,140.475,20.371590777071596,99.314,149.46,75,0.0,0.1600138440865135
