exe,mean,median,std,min,max,n,pct_vs_baseline,cov
som-rs-bc-l3bits,7.93428,7.893,0.21097576138479018,7.855,9.514,75,0.6583987456958917,0.026590410394489502
som-rs-bc-l4bits,8.12072,8.027,0.22122823973004427,7.961,8.972,75,0.620324306219153,0.027242441523663452
som-rs-bc-nan,8.132626666666667,8.096,0.11314721017847157,8.046,8.722,75,0.6179520515716941,0.01391275104785394
som-rs-bc-baseline,13.1582,13.05,0.29412223970977114,12.974,14.454,75,0.0,0.022352771633640706
