exe,mean,median,std,min,max,n,pct_vs_baseline,cov
som-rs-bc-l3bits,34.212599999999995,33.891,0.532955251404844,33.749,34.954,5,0.9592430858806407,0.015577747712972533
som-rs-bc-l4bits,34.2322,34.407,0.3113176834039464,33.862,34.511,5,0.9581213009973066,0.009094293776150711
som-rs-bc-nan,34.3298,34.457,0.19486841714346742,34.037,34.469,5,0.9525543405437842,0.005676363309528964
som-rs-bc-baseline,67.0308,67.701,1.001949200309079,65.841,67.834,5,0.0,0.014947594244870703
