exe,mean,median,std,min,max,n,pct_vs_baseline,cov
som-rs-bc-l3bits,119.0092,120.205,2.0229771872169,116.277,120.604,5,0.784421708573791,0.01699849412664651
som-rs-bc-nan,119.5184,120.304,2.470420267889658,116.361,122.322,5,0.7768193014632059,0.020669790324248465
som-rs-bc-l4bits,119.83699999999999,121.853,2.924505171819673,116.553,122.044,5,0.7720954296252411,0.024404025232771794
som-rs-bc-baseline,212.36260000000001,214.891,5.902504324437217,205.642,218.693,5,0.0,0.02779446251099401
