exe,mean,median,std,min,max,n,pct_vs_baseline,cov
som-rs-bc-nan,9.462,9.384,0.21206956405858865,9.333,9.838,5,2.192919044599451,0.02241276305840083
som-rs-bc-l4bits,9.784600000000001,9.752,0.061683060883843864,9.728,9.854,5,2.0876479365533593,0.006304096323185808
som-rs-bc-l3bits,10.775400000000001,10.732,0.09185477668580956,10.727,10.939,5,1.8037381442916272,0.00852448880652315
som-rs-bc-baseline,30.211400000000005,30.131,0.21837650972574918,29.951,30.512,5,0.0,0.007228281699151616
