exe,mean,median,std,min,max,n,pct_vs_baseline,cov
som-rs-bc-l4bits,5.451586666666667,5.382,0.38490195639413943,5.345,7.8,75,2.3414198679772737,0.07060365723388287
som-rs-bc-nan,5.618053333333333,5.607,0.06589957415548206,5.56,6.069,75,2.2424113690625935,0.011729965923335615
som-rs-bc-l3bits,5.959546666666667,5.955,0.019449375264984668,5.934,6.061,75,2.056615044544775,0.003263566232943557
som-rs-bc-baseline,18.21604,18.117,0.3033249279104702,18.0,19.604,75,0.0,0.016651529526201646
