exe,mean,median,std,min,max,n,pct_vs_baseline,cov
som-rs-bc-l4bits,5.680266666666666,5.599,0.36589971796054127,5.517,8.184,75,2.167689310361016,0.06441594020712783
som-rs-bc-nan,5.82904,5.793,0.27972218070503174,5.736,8.198,75,2.0868410578757395,0.047987692777032194
som-rs-bc-l3bits,6.117360000000001,6.004,0.42918882129468877,5.913,9.006,75,1.9413537866007555,0.07015915710284971
som-rs-bc-baseline,17.99332,17.793,0.47447362470482923,17.73,19.937,75,0.0,0.026369431806071878
