exe,mean,median,std,min,max,n,pct_vs_baseline,cov
som-rs-bc-l4bits,4476.7684,4473.525,65.40619392916815,4411.21,4575.588,5,0.9288636865824913,0.0146101357240567
som-rs-bc-l3bits,4477.083199999999,4473.537,35.74112152269421,4425.03,4522.802,5,0.9287280611626789,0.007983126496888468
som-rs-bc-nan,4730.9684,4724.837,42.68533839387947,4687.462,4799.961,5,0.8252237744813518,0.009022537202717201
som-rs-bc-baseline,8635.076000000001,8627.396,59.69223350654563,8553.885,8721.001,5,0.0,0.006912762957331889
