exe,mean,median,std,min,max,n,pct_vs_baseline,cov
som-rs-bc-nan,7.9764,7.987,0.09557876333161056,7.84,8.08,5,1.1517476555839727,0.01198269436482756
som-rs-bc-l4bits,10.672799999999999,10.793,0.18331857516356612,10.463,10.824,5,0.6081253279364367,0.01717624008353629
som-rs-bc-l3bits,11.0062,10.856,0.34166094304148975,10.803,11.612,5,0.5594119677999674,0.031042588999063234
som-rs-bc-baseline,17.1632,17.115,0.11052239592046476,17.059,17.307,5,0.0,0.0064394982241344715
