exe,mean,median,std,min,max,n,pct_vs_baseline,cov
som-rs-bc-nan,5466.9822,5417.5275,5756.225342475683,6.279,11032.673,10,0.876535376317852,1.0529072771584445
som-rs-bc-l3bits,6229.2949,6185.1845,6559.455385796454,6.47,12555.006,10,0.6468935352538856,1.0530012611534019
som-rs-bc-l4bits,6310.0455999999995,6273.2475,6644.6062211308445,6.438,12671.147,10,0.6258179655627212,1.05302031749673
som-rs-bc-baseline,10258.985499999999,10191.285,10799.384433185493,13.59,20640.967,10,0.0,1.052675669849177
