exe,mean,median,std,min,max,n,pct_vs_baseline,cov
som-rs-bc-l3bits,5.20744,5.2,0.047129562651012154,5.158,5.532,75,1.3427352659528164,0.009050428358466377
som-rs-bc-l4bits,5.220373333333334,5.182,0.27657620880921635,5.162,7.574,75,1.3369312028769333,0.05298015891760289
som-rs-bc-nan,5.299893333333333,5.253,0.13351794831603164,5.214,5.841,75,1.301867710545118,0.02519257274033785
som-rs-bc-baseline,12.199653333333334,11.736,0.8041082099651344,11.639,15.427,75,0.0,0.06591238193367799
