exe,mean,median,std,min,max,n,pct_vs_baseline,cov
som-rs-bc-l4bits,42.6244,42.77,0.28904895779089196,42.3,42.893,5,1.1541511434765064,0.006781302676187629
som-rs-bc-l3bits,43.8892,43.744,0.5910953391797285,43.197,44.818,5,1.0920727650538171,0.013467899601262462
som-rs-bc-nan,58.761,58.805,0.525959599208912,58.132,59.535,5,0.5625908340566022,0.008950827916626878
som-rs-bc-baseline,91.8194,89.124,5.926257064960993,88.896,102.412,5,0.0,0.06454253746987013
