exe,mean,median,std,min,max,n,pct_vs_baseline,cov
som-rs-bc-l4bits,39.5418,39.526,0.23128056554756066,39.338,39.909,5,1.1559514235568433,0.005849014600942816
som-rs-bc-l3bits,40.1924,40.303,0.34945500425662934,39.716,40.505,5,1.1210527363382132,0.00869455430023162
som-rs-bc-nan,40.8134,40.789,0.18114717773125907,40.553,41.03,5,1.0887796655020163,0.004438424089423059
som-rs-bc-baseline,85.25019999999999,85.034,0.6660568294072208,84.717,86.36,5,0.0,0.00781296500661841
