exe,mean,median,std,min,max,n,pct_vs_baseline,cov
som-rs-bc-nan,3632.02625,4719.013,2037.5407344594266,192.508,5082.05,20,1.0500628402671928,0.5609928437217178
som-rs-bc-l4bits,3783.0217,4912.8099999999995,2121.71365200992,199.942,5272.1,20,0.96823667440237,0.560851567943668
som-rs-bc-l3bits,4113.69175,5345.023499999999,2308.2791458414226,216.219,5675.467,20,0.8100243048108795,0.5611210771544617
som-rs-bc-baseline,7445.88205,9723.6545,4172.066582498471,395.436,10146.373,20,0.0,0.5603186505618191
