exe,mean,median,std,min,max,n,pct_vs_baseline,cov
som-rs-bc-l3bits,16.132426666666667,16.052,0.21602797449813185,15.918,17.028,75,0.6163090157132798,0.013390916255921727
som-rs-bc-nan,16.505773333333334,16.464,0.1849203315187629,16.154,17.482,75,0.5797494694785583,0.011203372770503102
som-rs-bc-l4bits,17.134893333333334,17.39,0.6181074990326201,15.982,19.26,75,0.5217478252952843,0.036073028702792435
som-rs-bc-baseline,26.074986666666668,25.567,1.4278240531826205,25.267,31.243,75,0.0,0.05475838095088654
