exe,mean,median,std,min,max,n,pct_vs_baseline,cov
som-rs-bc-l3bits,62.833600000000004,62.612,0.5020998904600559,62.39,63.503,5,0.9034752107152859,0.007990945775191233
som-rs-bc-nan,63.161199999999994,62.919,0.4835128746993208,62.736,63.758,5,0.8936024014743229,0.0076552198928981855
som-rs-bc-l4bits,63.5092,63.091,1.5250805552494604,62.211,66.152,5,0.8832263672034917,0.02401353749141007
som-rs-bc-baseline,119.6022,119.21,0.8112149530180036,118.917,120.543,5,0.0,0.006782608957176403
