exe,mean,median,std,min,max,n,pct_vs_baseline,cov
som-rs-bc-nan,48.7872,48.615,0.4817465101067162,48.364,49.482,5,0.8612750885478158,0.009874444733592341
som-rs-bc-l4bits,49.1834,49.42,0.649277136514141,48.355,49.842,5,0.8462814689509062,0.013201143811004139
som-rs-bc-l3bits,49.2568,48.733,0.9170415475865863,48.521,50.645,5,0.8435302333890955,0.01861756239923394
som-rs-bc-baseline,90.8064,89.883,1.65630667450204,89.407,92.628,5,0.0,0.018239977297878126
