exe,mean,median,std,min,max,n,pct_vs_baseline,cov
som-rs-bc-l4bits,35.1774,35.305,0.406189980181688,34.754,35.655,5,0.9165771205376179,0.01154690170909982
som-rs-bc-nan,35.379599999999996,35.222,0.3062193658147702,35.119,35.847,5,0.905623579689991,0.008655252343575684
som-rs-bc-l3bits,35.6396,35.961,0.6251222280482431,34.959,36.225,5,0.8917215681433011,0.01754010224717009
som-rs-bc-baseline,67.4202,67.01,0.9633549190199824,66.455,68.823,5,0.0,0.014288817283543842
