exe,mean,median,std,min,max,n,pct_vs_baseline,cov
som-rs-bc-l3bits,32.5914,32.538,0.16007904297565131,32.439,32.837,5,0.9519566511410984,0.004911695814713431
som-rs-bc-l4bits,32.7844,32.802,0.07975775824332071,32.696,32.888,5,0.9404655872915166,0.0024327960323605345
som-rs-bc-nan,35.845600000000005,35.78,0.3700166212482914,35.324,36.325,5,0.774750597004932,0.010322511584358787
som-rs-bc-baseline,63.617,63.619,0.0907524104363081,63.531,63.759,5,0.0,0.0014265433836287173
