exe,mean,median,std,min,max,n,pct_vs_baseline,cov
som-rs-bc-l3bits,309.05333333333334,0.0,622.4110897828579,0.0,1611.0,75,0.004400534966995995,2.0139277679673127
som-rs-bc-l4bits,309.7866666666667,0.0,624.0260366478425,0.0,1649.0,75,0.00202289747783424,2.0143734504858477
som-rs-bc-baseline,310.41333333333336,0.0,625.083628855422,0.0,1611.0,75,0.0,2.013713850958148
som-rs-bc-nan,310.6666666666667,0.0,625.646505264394,0.0,1618.0,75,-0.0008154506437768605,2.0138836006364613
