exe,mean,median,std,min,max,n,pct_vs_baseline,cov
som-rs-bc-nan,12226.6,12088.0,12889.618296218949,0.0,24888.0,10,0.7494888194592118,1.0542275281941789
som-rs-bc-l4bits,12226.8,12102.0,12889.21819713412,0.0,24797.0,10,0.7494602021788204,1.0541775605337553
som-rs-bc-l3bits,12260.1,12058.5,12924.828178097121,0.0,24904.0,10,0.7447084444661951,1.0542188218772377
som-rs-bc-baseline,21390.3,21110.0,22551.840536121807,0.0,43932.0,10,0.0,1.05430220876387
