exe,mean,median,std,min,max,n,pct_vs_baseline,cov
som-rs-bc-l4bits,297.25666666666666,0.0,602.3948450032675,0.0,2002.0,300,0.028191125514426263,2.0265141628556718
som-rs-bc-nan,298.61,0.0,605.0971987759945,0.0,2176.0,300,0.023531250348838517,2.026379554522603
som-rs-bc-l3bits,301.28,0.0,613.6582788577876,0.0,2406.0,300,0.014460523986546292,2.036837091269874
som-rs-bc-baseline,305.63666666666666,0.0,618.0674092660756,0.0,1998.0,300,0.0,2.0222292567408218
