exe,mean,median,std,min,max,n,pct_vs_baseline,cov
som-rs-bc-l4bits,7655.95,8022.5,828.7572481226275,5595.0,8488.0,20,0.47984247546026304,0.10825008628878552
som-rs-bc-l3bits,7666.25,8054.0,855.968142237966,5874.0,8551.0,20,0.4778542312082179,0.11165408670966458
som-rs-bc-nan,7782.35,8018.5,813.590759340476,6193.0,8813.0,20,0.45580705056955795,0.10454306981059397
som-rs-bc-baseline,11329.6,11847.0,1016.3961308155598,9097.0,12628.0,20,0.0,0.08971156358702512
