exe,mean,median,std,min,max,n,pct_vs_baseline,cov
som-rs-bc-l4bits,11841.425,7772.5,12416.5830777861,0.0,30619.0,40,0.7151187462657578,1.0485716945203891
som-rs-bc-nan,11884.075,8300.0,12436.25273222894,0.0,30800.0,40,0.7089634658145458,1.0464636694255918
som-rs-bc-l3bits,11940.875,8392.5,12493.271600812443,0.0,30696.0,40,0.7008343190930313,1.0462609817800155
som-rs-bc-baseline,20309.45,14366.5,21137.083132039985,0.0,49431.0,40,0.0,1.0407511346708052
