exe,mean,median,std,min,max,n,pct_vs_baseline,cov
som-rs-bc-l3bits,2852.1,2761.5,3007.8022412090563,0.0,5859.0,10,0.7854212685389712,1.0545921395494746
som-rs-bc-l4bits,2917.8,2867.5,3076.5950804239565,0.0,5977.0,10,0.745219000616903,1.0544228803975448
som-rs-bc-nan,2957.6,2915.5,3117.9490481190783,0.0,6002.0,10,0.7217338382472274,1.0542159345817819
som-rs-bc-baseline,5092.2,5048.0,5367.895134759786,0.0,10290.0,10,0.0,1.0541406729428904
