exe,mean,median,std,min,max,n,pct_vs_baseline,cov
som-rs-bc-l3bits,22.02875,24.717,5.358851122700011,11.435,26.579,20,0.2885252227203088,0.24326623719911528
som-rs-bc-l4bits,22.47835,24.793,5.1425016365168945,10.723,28.019,20,0.2627528266087147,0.22877576141117542
som-rs-bc-nan,22.71955,25.021,4.869700082356744,14.169,27.492,20,0.24934692808616354,0.21433963623208838
som-rs-bc-baseline,28.3846,31.7695,6.692771461179515,15.64,32.871,20,0.0,0.23578882426313968
