exe,mean,median,std,min,max,n,pct_vs_baseline,cov
som-rs-bc-l3bits,29.918650000000003,33.6815,7.128408992600627,16.003,35.17,20,0.30654959364810885,0.23825971401118118
som-rs-bc-nan,30.438799999999997,33.4545,5.864125237407534,17.503,34.299,20,0.28422276830886894,0.1926529704655747
som-rs-bc-l4bits,31.208550000000002,34.1635,6.04081173941488,17.192,35.665,20,0.2525477793745623,0.1935627172494358
som-rs-bc-baseline,39.090199999999996,42.628,8.004858489166372,20.198,48.857,20,0.0,0.20477916432165538
