exe,mean,median,std,min,max,n,pct_vs_baseline,cov
som-rs-bc-nan,102.38695,116.44550000000001,27.050455222310223,49.942,120.666,20,0.2943148516485743,0.2641982715796322
som-rs-bc-l4bits,104.20509999999999,118.6425,27.96065472447047,48.411,122.922,20,0.27173190179751283,0.2683232847957583
som-rs-bc-l3bits,104.7104,118.40950000000001,27.38606933883684,53.587,131.158,20,0.26559491702829896,0.261541063149762
som-rs-bc-baseline,132.52095,150.1095,35.1446577964411,64.998,159.958,20,0.0,0.2652007686063306
