exe,mean,median,std,min,max,n,pct_vs_baseline,cov
som-rs-bc-nan,4628.11135,2133.4880000000003,5096.356943531122,2.845,11060.753,40,0.26938003555165113,1.1011742281289585
som-rs-bc-l3bits,4997.724725,2273.8905,5500.193577014288,3.247,12081.031,40,0.1755013477658076,1.100539521414775
som-rs-bc-l4bits,5116.969975,2229.564,5673.737185892117,3.472,12538.87,40,0.14810760639649834,1.1088079886363056
som-rs-bc-baseline,5874.83215,2712.7565,6469.215404845056,3.767,14159.901,40,0.0,1.101174508423199
