exe,mean,median,std,min,max,n,pct_vs_baseline,cov
som-rs-bc-nan,3221.4894,1528.87,3469.0509646045766,37.435,7571.911,40,0.2558948742777176,1.076846928195566
som-rs-bc-l3bits,3471.6651750000005,1535.4444999999998,3765.1546650912505,37.467,8592.736,40,0.1653923466280125,1.0845385356297357
som-rs-bc-l4bits,3555.0964999999997,1517.466,3874.607327445036,41.366,8571.344,40,0.13804281402769258,1.0898740237979578
som-rs-bc-baseline,4045.852025,1902.0970000000002,4372.599320959462,37.369,9670.371,40,0.0,1.0807610594605128
