exe,mean,median,std,min,max,n,pct_vs_baseline,cov
som-rs-bc-l3bits,39.5457,45.6385,11.133704084540119,18.147,46.551,20,0.450813868511621,0.2815401948768164
som-rs-bc-l4bits,39.84655,45.3095,10.24065073731568,20.996,46.633,20,0.4398599125896723,0.2570021930961571
som-rs-bc-nan,52.4207,59.8305,14.212139555583054,22.908,61.555,20,0.09448080624638755,0.2711169357826785
som-rs-bc-baseline,57.373450000000005,66.6845,17.58723772774182,24.267,71.17,20,0.0,0.30653965776403225
