exe,mean,median,std,min,max,n,pct_vs_baseline,cov
som-rs-bc-l3bits,36.27995,40.356,8.049948933966826,20.631,41.662,20,0.3028711450815118,0.22188423451429307
som-rs-bc-nan,36.57915,41.151,8.863247719330117,18.278,42.958,20,0.2922142805395971,0.2423032716542106
som-rs-bc-l4bits,37.359899999999996,40.536500000000004,7.0186805020227006,21.05,42.202,20,0.26520948931876154,0.18786668331614115
som-rs-bc-baseline,47.2681,54.2385,13.286586036894107,19.881,57.013,20,0.0,0.2810899113121557
