exe,mean,median,std,min,max,n,pct_vs_baseline,cov
som-rs-bc-nan,2979.20775,1410.5345,3243.637836192399,15.719,7133.394,40,0.2624644337072499,1.0887585252127512
som-rs-bc-l3bits,3196.1546,1430.2420000000002,3491.947914372287,19.944,7662.511,40,0.17677155698288205,1.0925466228611993
som-rs-bc-l4bits,3307.63555,1424.013,3631.814320983327,15.634,8024.675,40,0.13710950561043522,1.0980092171833524
som-rs-bc-baseline,3761.143825,1718.213,4109.4005716732845,20.829,9025.491,40,0.0,1.092593307482275
