exe,mean,median,std,min,max,n,pct_vs_baseline,cov
som-rs-bc-nan,168.4234,193.686,46.91490833233694,83.065,206.724,20,0.3758343555586694,0.2785533858854348
som-rs-bc-l3bits,177.22915,206.079,52.250197771748596,76.273,212.557,20,0.30747509650641547,0.2948171774888532
som-rs-bc-l4bits,188.69885,220.75400000000002,62.3071678619428,77.136,231.189,20,0.22800271437796238,0.33019368089388357
som-rs-bc-baseline,231.72269999999997,269.626,69.70052818579603,98.575,280.454,20,0.0,0.30079283637639315
