exe,mean,median,std,min,max,n,pct_vs_baseline,cov
som-rs-bc-baseline,15085568.0,15085568.0,12020095.666734105,3682304.0,26488832.0,10,0.0,0.7967943710660483
som-rs-bc-l3bits,57710591.0,57710591.0,44978212.526439965,15040512.0,100380670.0,10,-0.738599661888751,0.7793753580939756
som-rs-bc-l4bits,57710591.0,57710591.0,44978212.526439965,15040512.0,100380670.0,10,-0.738599661888751,0.7793753580939756
som-rs-bc-nan,58875904.0,58875904.0,46206560.282107905,15040512.0,102711296.0,10,-0.7437734798942535,0.7848127526348964
