exe,mean,median,std,min,max,n,pct_vs_baseline,cov
som-rs-bc-l3bits,102425600.0,102440960.0,29077.991125009168,102375424.0,102445056.0,240,0.3819345293884864,0.0002838937836342591
som-rs-bc-l4bits,102425600.0,102440960.0,29077.991125009168,102375424.0,102445056.0,240,0.3819345293884864,0.0002838937836342591
som-rs-bc-nan,102425600.0,102440960.0,29077.991125009168,102375424.0,102445056.0,240,0.3819345293884864,0.0002838937836342591
som-rs-bc-baseline,141545473.33333334,141537280.0,11619.44430829245,141537280.0,141561860.0,180,0.0,8.208983328579623e-05
