exe,mean,median,std,min,max,n,pct_vs_baseline,cov
som-rs-bc-nan,10.8646,10.913,0.08208105749806115,10.732,10.923,5,0.24199694420411233,0.00755490837196594
som-rs-bc-l3bits,11.2744,11.248,0.12980485353021268,11.163,11.498,5,0.1968530476122896,0.011513238268130692
som-rs-bc-l4bits,11.4732,11.462,0.2275317560253954,11.21,11.835,5,0.17611477181605806,0.019831586307690566
som-rs-bc-baseline,13.493799999999998,13.503,0.03176790833529952,13.45,13.53,5,0.0,0.002354259610732301
