exe,mean,median,std,min,max,n,pct_vs_baseline,cov
som-rs-bc-nan,10.836400000000001,10.845,0.03576730350473712,10.787,10.882,5,0.2592927540511607,0.003300662905091831
som-rs-bc-l4bits,11.1328,11.1,0.08750828532202015,11.039,11.249,5,0.22576530612244894,0.007860402173938286
som-rs-bc-l3bits,11.3088,11.283,0.053288835603717215,11.261,11.376,5,0.20668859649122795,0.004712156515608837
som-rs-bc-baseline,13.646199999999999,13.647,0.06313636036389912,13.566,13.72,5,0.0,0.004626662394212245
