exe,mean,median,std,min,max,n,pct_vs_baseline,cov
som-rs-bc-nan,33.380399999999995,33.388,0.06293885922067566,33.299,33.456,5,0.28499358905225836,0.0018855034457548642
som-rs-bc-l3bits,33.58,33.499,0.515314952237948,33.171,34.464,5,0.277355568790947,0.015345888988622634
som-rs-bc-l4bits,34.327,34.207,0.22332151710034523,34.141,34.598,5,0.24955865645119002,0.00650571028928672
som-rs-bc-baseline,42.8936,42.938,0.25745057778144587,42.486,43.194,5,0.0,0.006002074383624733
