exe,mean,median,std,min,max,n,pct_vs_baseline,cov
som-rs-bc-nan,35.3626,35.185,0.37202795593879867,35.045,35.961,5,0.3218767850780202,0.010520379042796589
som-rs-bc-l4bits,35.6862,35.897,0.41146773871107,35.126,36.067,5,0.3098900975727312,0.0115301640048834
som-rs-bc-l3bits,36.3698,36.4,0.26444980620147696,35.965,36.675,5,0.2852696467948683,0.00727113721278305
som-rs-bc-baseline,46.745,46.724,0.49325652555237637,46.144,47.411,5,0.0,0.010552070286712513
