exe,mean,median,std,min,max,n,pct_vs_baseline,cov
som-rs-bc-nan,10.0106,10.01,0.007765307463327575,10.003,10.019,5,0.33430563602581276,0.0007757084953277101
som-rs-bc-l4bits,10.5442,10.475,0.2007876988263976,10.378,10.884,5,0.2667817378274313,0.019042478218015364
som-rs-bc-l3bits,10.840399999999999,10.843,0.008734987120768894,10.826,10.848,5,0.2321685546658796,0.0008057808863850868
som-rs-bc-baseline,13.3572,13.369,0.02857796353836262,13.31,13.384,5,0.0,0.002139517529000286
