exe,mean,median,std,min,max,n,pct_vs_baseline,cov
som-rs-bc-l4bits,54.8304,54.855,0.1860330615777751,54.552,55.07,5,0.15161662143628374,0.0033928817148475136
som-rs-bc-nan,55.028600000000004,54.879,0.36703106135584834,54.718,55.652,5,0.14746877078464649,0.006669823716319302
som-rs-bc-l3bits,57.8562,58.026,0.30575349548287994,57.466,58.166,5,0.09138864979034245,0.005284714438260375
som-rs-bc-baseline,63.143600000000006,63.015,0.3148901395725208,62.762,63.493,5,0.0,0.004986889242496797
