exe,mean,median,std,min,max,n,pct_vs_baseline,cov
som-rs-bc-l3bits,4498.4326,4503.901,11.55047571747575,4485.497,4511.534,5,0.23845047717287127,0.002567666728512449
som-rs-bc-l4bits,4554.9952,4554.317,55.13208316579367,4485.273,4620.648,5,0.22307176086596092,0.012103653405780464
som-rs-bc-nan,4720.749,4670.241,106.824017699673,4658.866,4910.461,5,0.1801275602663901,0.022628616285185466
som-rs-bc-baseline,5571.086,5555.743,46.72358809530816,5536.012,5652.42,5,0.0,0.008386800723469026
