exe,mean,median,std,min,max,n,pct_vs_baseline,cov
som-rs-bc-l3bits,71.10119999999999,70.851,0.5326506359707115,70.748,72.026,5,0.43227399818849777,0.007491443688302188
som-rs-bc-nan,71.5142,71.504,0.10894585811310245,71.388,71.685,5,0.4240025057960517,0.0015234157427909765
som-rs-bc-l4bits,78.88579999999999,78.786,0.37642157217672745,78.492,79.435,5,0.29093449011102135,0.004771727892430925
som-rs-bc-baseline,101.8364,101.868,0.16835765500861485,101.643,102.038,5,0.0,0.00165321687538655
