exe,mean,median,std,min,max,n,pct_vs_baseline,cov
som-rs-bc-l3bits,71.31620000000001,71.31,0.1487521428417061,71.155,71.514,5,0.39426666030999935,0.0020858113982756524
som-rs-bc-nan,71.3584,71.379,0.12407779817517478,71.166,71.502,5,0.39344211753626745,0.0017387973689877404
som-rs-bc-l4bits,88.1482,88.209,0.2522651382969981,87.755,88.391,5,0.12802984065471534,0.002861829717419052
som-rs-bc-baseline,99.43379999999999,98.373,2.5852009012840735,98.064,104.051,5,0.0,0.02599921657710028
