exe,mean,median,std,min,max,n,pct_vs_baseline,cov
som-rs-bc-l4bits,34.4818,34.352,0.31444745188982115,34.224,35.015,5,0.33655435621110263,0.009119229619388233
som-rs-bc-l3bits,34.8814,34.862,0.05646060573532746,34.834,34.966,5,0.3212428400236229,0.0016186450582639305
som-rs-bc-nan,40.033,40.531,1.1510484351233898,38.739,41.097,5,0.15122024329927797,0.02875249007377388
som-rs-bc-baseline,46.0868,46.096,0.2566733332467551,45.73,46.39,5,0.0,0.005569345956906427
