exe,mean,median,std,min,max,n,pct_vs_baseline,cov
som-rs-bc-nan,21.759,21.694,0.22387831516250067,21.543,22.131,5,0.17036628521531316,0.010288998352980406
som-rs-bc-l4bits,23.1378,23.249,0.32240611036393224,22.736,23.551,5,0.10062322260543355,0.013934173100464705
som-rs-bc-l3bits,24.5472,24.483,0.16922381629073302,24.366,24.742,5,0.037429930908617015,0.006893813399928832
som-rs-bc-baseline,25.466,25.43,0.22397209647632432,25.232,25.775,5,0.0,0.008794946064412328
