exe,mean,median,std,min,max,n,pct_vs_baseline,cov
som-rs-bc-nan,21.7966,21.824,0.08482511420563983,21.703,21.887,5,0.17690832515162902,0.003891667241938643
som-rs-bc-l4bits,22.5948,22.592,0.20259244803299123,22.375,22.809,5,0.1353320232973958,0.008966330661612018
som-rs-bc-l3bits,23.827199999999998,23.641,0.4017451928772774,23.447,24.331,5,0.0766099247918346,0.016860780657285683
som-rs-bc-baseline,25.6526,25.615,0.1370594761408348,25.505,25.797,5,0.0,0.0053429077809202495
