exe,mean,median,std,min,max,n,pct_vs_baseline,cov
som-rs-bc-nan,73.84819999999999,73.568,1.3473830932589312,72.776,76.066,5,0.3287419327756127,0.018245307174161746
som-rs-bc-l3bits,76.3462,76.127,0.7209196903955372,75.699,77.315,5,0.2852663262873594,0.009442771092674386
som-rs-bc-l4bits,78.08340000000001,77.664,0.8285262820212809,77.24,79.016,5,0.2566717125535003,0.01061078644143673
som-rs-bc-baseline,98.12519999999999,98.104,0.21017540293764111,97.888,98.365,5,0.0,0.0021419105687187504
