exe,mean,median,std,min,max,n,pct_vs_baseline,cov
som-rs-bc-l3bits,56.613,56.288,0.6710782368695914,56.068,57.562,5,0.29366399943475896,0.01185378335134318
som-rs-bc-l4bits,56.843,56.521,1.3181449085741683,56.005,59.155,5,0.28842953397955773,0.023189221339024475
som-rs-bc-nan,56.8932,56.597,0.8923635469919184,56.358,58.477,5,0.28729268172646294,0.015684889353945963
som-rs-bc-baseline,73.2382,73.006,0.4086009055300833,72.889,73.778,5,0.0,0.005579068102849105
