exe,mean,median,std,min,max,n,pct_vs_baseline,cov
som-rs-bc-l4bits,41.404399999999995,41.445,0.21027315568089133,41.181,41.712,5,0.37427423172416474,0.005078521985124561
som-rs-bc-l3bits,41.5316,41.4,0.31372328571529595,41.182,41.918,5,0.37006520336322213,0.0075538454024236
som-rs-bc-nan,41.693400000000004,41.265,0.7734825789893414,41.15,42.987,5,0.3647483774410336,0.018551679138408987
som-rs-bc-baseline,56.900999999999996,55.912,2.097577412159084,55.178,60.166,5,0.0,0.036863630026872714
