exe,mean,median,std,min,max,n,pct_vs_baseline,cov
som-rs-bc-nan,37.0368,36.987,0.14665333272721778,36.894,37.247,5,0.31231639882495243,0.0039596653254929635
som-rs-bc-l3bits,37.5012,37.35,0.2720711304052662,37.282,37.873,5,0.29606519258050423,0.007254997984204938
som-rs-bc-l4bits,37.9534,37.847,0.23262265581838798,37.838,38.369,5,0.28062307988217117,0.0061291651293003515
som-rs-bc-baseline,48.604,48.548,0.1676558975998148,48.433,48.836,5,0.0,0.00344942592378847
