exe,mean,median,std,min,max,n,pct_vs_baseline,cov
som-rs-bc-nan,47.348,47.199,0.5740291804429484,46.812,48.33,5,0.30699501562896003,0.012123620436828342
som-rs-bc-l4bits,48.2588,48.308,0.39411825636476105,47.734,48.658,5,0.282327782704916,0.008166764535478733
som-rs-bc-l3bits,48.7922,48.305,1.209281894348873,48.007,50.932,5,0.268309278942126,0.02478432811697101
som-rs-bc-baseline,61.8836,62.005,0.6504485375492823,60.947,62.718,5,0.0,0.010510838696347374
