exe,mean,median,std,min,max,n,pct_vs_baseline,cov
som-rs-bc-l3bits,45.8474,45.897,0.08369767021847065,45.713,45.912,5,0.3529709427361203,0.0018255707023401685
som-rs-bc-l4bits,46.7876,46.842,0.1342471601189375,46.56,46.907,5,0.32578289974266683,0.002869289301416134
som-rs-bc-nan,48.8026,48.767,0.10658001688872012,48.694,48.972,5,0.27104293623700393,0.0021839003841746165
som-rs-bc-baseline,62.0302,61.829,0.5515625077903692,61.459,62.911,5,0.0,0.008891838294739806
