exe,mean,median,std,min,max,n,pct_vs_baseline,cov
som-rs-bc-nan,34.8762,34.886,0.22227393009527655,34.572,35.151,5,0.28373503994127813,0.0063732267304143385
som-rs-bc-l4bits,35.1334,35.034,0.23534187897609488,34.966,35.547,5,0.2743372403467925,0.0066985227440582145
som-rs-bc-l3bits,35.7436,35.841,0.17327665740081707,35.492,35.879,5,0.25258228046419484,0.004847767359773976
som-rs-bc-baseline,44.7718,44.589,0.27509034879472005,44.562,45.115,5,0.0,0.0061442771743535005
