exe,mean,median,std,min,max,n,pct_vs_baseline,cov
som-rs-bc-l4bits,4.0416533333333335,3.562,1.0893253490284875,3.068,7.923,75,0.3758626832583365,0.2695246868513762
som-rs-bc-nan,4.192053333333333,3.504,1.3909214026926426,2.995,8.7,75,0.32650029897838473,0.33179954835799863
som-rs-bc-l3bits,4.289386666666667,3.614,1.4367177109303346,3.003,8.558,75,0.2963997960858429,0.33494712008484534
som-rs-bc-baseline,5.56076,5.549,0.973992852518311,4.545,10.084,75,0.0,0.1751546285972261
