exe,mean,median,std,min,max,n,pct_vs_baseline,cov
som-rs-bc-l4bits,4.627653333333334,4.335,1.1768842567873334,3.997,12.073,75,0.5586474354172308,0.25431556169303954
som-rs-bc-nan,4.695106666666667,4.406,0.8213662904350671,3.852,7.593,75,0.536254767374827,0.17494092227263572
som-rs-bc-l3bits,4.7651200000000005,4.367,0.956165087521289,3.912,8.094,75,0.513682761399503,0.20065918329890725
som-rs-bc-baseline,7.21288,6.455,2.3120147523610517,5.161,16.116,75,0.0,0.3205397500528293
