exe,mean,median,std,min,max,n,pct_vs_baseline,cov
som-rs-bc-nan,3.825786666666667,3.342,1.155068692158005,2.815,7.72,75,0.19683272111356587,0.301916649514698
som-rs-bc-l3bits,4.099106666666667,3.4,1.4105366677868292,2.803,8.329,75,0.11703037735051192,0.34410831005133535
som-rs-bc-l4bits,4.149693333333333,3.43,1.4603404728269969,2.859,8.259,75,0.10341326427334407,0.3519152755449392
som-rs-bc-baseline,4.578826666666666,4.135,1.391280834857378,3.315,10.323,75,0.0,0.30385095050348665
