exe,mean,median,std,min,max,n,pct_vs_baseline,cov
som-rs-bc-l4bits,4.402826666666667,4.26,0.6406004230266962,3.995,8.916,75,0.4312320569815755,0.14549753409022753
som-rs-bc-nan,4.65696,4.29,1.0077310806017699,3.988,9.761,75,0.3531287936049843,0.21639247075383294
som-rs-bc-l3bits,4.934386666666667,4.419,1.3045004831852804,4.033,11.448,75,0.27705165653819863,0.2643693271947234
som-rs-bc-baseline,6.301466666666667,6.273,1.3497940216569713,5.106,11.963,75,0.0,0.21420315191018563
