exe,mean,median,std,min,max,n,pct_vs_baseline,cov
som-rs-bc-nan,1587.8542,1521.749,1629.9682044993529,37.435,3284.333,10,0.21296193315481982,1.026522589101287
som-rs-bc-l4bits,1603.5062,1500.4885,1642.609673185785,41.366,3269.848,10,0.20112207860499698,1.0243862313633616
som-rs-bc-l3bits,1651.7205999999999,1527.5684999999999,1701.4927300486738,37.467,3573.494,10,0.1660608337753977,1.0301335044490418
som-rs-bc-baseline,1926.0067,1877.758,1983.3766514703066,37.369,3991.057,10,0.0,1.0297869947546427
