exe,mean,median,std,min,max,n,pct_vs_baseline,cov
som-rs-bc-nan,22.2338,20.433,5.401383220990712,18.278,31.678,5,0.1350916172674037,0.24293567545766862
som-rs-bc-l3bits,22.771,23.733,1.6206953754484539,20.631,24.132,5,0.10831320539282419,0.07117365840096851
som-rs-bc-baseline,25.2374,26.538,4.911208334004982,19.881,31.716,5,0.0,0.19460040788690522
som-rs-bc-l4bits,26.675,24.845,6.406681044035203,21.05,37.742,5,-0.05389315838800379,0.24017548431247246
