exe,mean,median,std,min,max,n,pct_vs_baseline,cov
som-rs-bc-nan,1384.5076999999999,1806.4245,771.237614006154,83.065,1940.154,20,0.2215916531197335,0.5570482663304466
som-rs-bc-l4bits,1470.7561,1900.788,824.105866359663,77.136,2084.054,20,0.14995480895846702,0.5603280288007393
som-rs-bc-l3bits,1474.2965,1859.319,827.098603500625,76.273,2134.487,20,0.1471932884599536,0.5610123903167545
som-rs-bc-baseline,1691.30305,2147.9615000000003,939.6003984262601,98.575,2437.439,20,0.0,0.5555482197151245
