exe,mean,median,std,min,max,n,pct_vs_baseline,cov
som-rs-bc-l4bits,8677.1,8065.0,9177.543552364954,0.0,18791.0,10,0.7552984291986953,1.0576740561207032
som-rs-bc-nan,8707.8,8381.5,9186.86868186205,0.0,18244.0,10,0.7491099933393051,1.0550160410048521
som-rs-bc-l3bits,8778.7,8320.5,9266.483535960242,0.0,18433.0,10,0.7349835397040563,1.0555644384658596
som-rs-bc-baseline,15230.9,14971.5,16057.169789709378,0.0,30954.0,10,0.0,1.0542495709189463
