exe,mean,median,std,min,max,n,pct_vs_baseline,cov
som-rs-bc-l4bits,5.11628,5.097,0.11478140917366324,5.038,5.963,75,0.4104362284055345,0.02243454407766253
som-rs-bc-l3bits,5.17336,5.174,0.03169390767614194,5.117,5.345,75,0.39487425322549896,0.0061263681004496
som-rs-bc-nan,5.200066666666666,5.15,0.2752823284563693,5.138,7.532,75,0.3877104139690519,0.05293823062326816
som-rs-bc-baseline,7.216186666666667,7.205,0.049377118383111915,7.15,7.41,75,0.0,0.006842550042558754
