exe,mean,median,std,min,max,n,pct_vs_baseline,cov
som-rs-bc-nan,24.184373333333333,23.972,0.545351480347416,23.852,26.812,75,0.1940426545405629,0.02254974618654922
som-rs-bc-l4bits,24.311120000000003,24.211,0.38435333406308014,24.065,26.916,75,0.1878174816023832,0.01580977487104996
som-rs-bc-l3bits,24.73612,24.575,0.8094093435372519,24.432,30.439,75,0.16740917061096638,0.032721758446241846
som-rs-bc-baseline,28.877173333333335,28.676,0.5677109650339861,28.447,31.288,75,0.0,0.019659506090877295
