exe,mean,median,std,min,max,n,pct_vs_baseline,cov
som-rs-bc-l4bits,17.584546666666665,17.473,0.34984248553411207,17.39,19.238,75,0.2343383319141581,0.01989488226030159
som-rs-bc-nan,18.092853333333334,17.952,0.6131307275035306,17.892,22.922,75,0.1996604184046149,0.033888006286655205
som-rs-bc-l3bits,18.439253333333333,18.067,2.3462059717727226,18.014,38.207,75,0.1771235856260267,0.1272397493195344
som-rs-bc-baseline,21.70528,21.459,1.0297966154485017,21.363,29.845,75,0.0,0.04744452112336269
