exe,mean,median,std,min,max,n,pct_vs_baseline,cov
som-rs-bc-l4bits,23.9652,23.969,0.04098414327517351,23.924,24.023,5,0.32504631715988186,0.0017101523573837694
som-rs-bc-nan,24.178800000000003,24.178,0.05511533361960016,24.099,24.249,5,0.3133406124373417,0.0022794900334011676
som-rs-bc-l3bits,24.281200000000002,24.331,0.1334380005845399,24.122,24.432,5,0.30780192082763613,0.005495527427991198
som-rs-bc-baseline,31.755000000000003,31.611,0.4611084471141251,31.376,32.548,5,0.0,0.01452081395415289
