exe,mean,median,std,min,max,n,pct_vs_baseline,cov
som-rs-bc-l4bits,5.59112,5.567,0.10177611358908004,5.533,6.179,75,0.42930694863760155,0.018203171026391855
som-rs-bc-nan,5.808826666666667,5.793,0.10668688378226797,5.748,6.672,75,0.3757385312467003,0.018366339693776594
som-rs-bc-l3bits,6.012013333333334,6.0,0.07001206331061108,5.945,6.527,75,0.32924300456197697,0.011645360618618789
som-rs-bc-baseline,7.9914266666666665,7.965,0.1276718950779411,7.859,8.923,75,0.0,0.015976107947092606
