exe,mean,median,std,min,max,n,pct_vs_baseline,cov
som-rs-bc-nan,9.439266666666667,9.408,0.18647036815054063,9.302,10.823,75,0.38472903968528627,0.019754751585632425
som-rs-bc-l4bits,9.722173333333334,9.674,0.13353533527035358,9.648,10.695,75,0.3444346462999357,0.013735132124472194
som-rs-bc-l3bits,10.903533333333334,10.736,0.5529072140851373,10.667,14.795,75,0.19876981773492375,0.05070899470677431
som-rs-bc-baseline,13.070826666666667,12.834,1.1004598716032352,12.738,21.237,75,0.0,0.0841920637207773
