exe,mean,median,std,min,max,n,pct_vs_baseline,cov
som-rs-bc-l4bits,5.427253333333333,5.377,0.3053339374084272,5.345,7.976,75,0.34201462249781356,0.05625938548567733
som-rs-bc-nan,5.63936,5.611,0.11354694707119695,5.565,6.363,75,0.29153899260436167,0.02013472221514444
som-rs-bc-l3bits,5.949706666666667,5.95,0.0250187893356138,5.882,6.102,75,0.22417015516731342,0.004205045851383228
som-rs-bc-baseline,7.283453333333333,7.251,0.20156417349329722,7.182,8.956,75,0.0,0.02767425893577459
