exe,mean,median,std,min,max,n,pct_vs_baseline,cov
som-rs-bc-l4bits,5.7147733333333335,5.711,0.07639770997935787,5.608,6.159,75,0.49603367179334,0.013368458471264746
som-rs-bc-l3bits,5.815293333333333,5.794,0.09302321322228219,5.776,6.568,75,0.4701740468236626,0.015996306272131104
som-rs-bc-nan,6.095653333333333,5.984,0.5930624709205721,5.944,10.669,75,0.4025557008928766,0.09729268357133806
som-rs-bc-baseline,8.549493333333333,8.525,0.08962178387057568,8.485,9.211,75,0.0,0.010482701181969733
