exe,mean,median,std,min,max,n,pct_vs_baseline,cov
som-rs-bc-l4bits,48.3738,48.552,0.41345459242823684,47.721,48.785,5,0.32331551376985024,0.008547076980271073
som-rs-bc-nan,48.7586,48.737,0.5411569088536141,47.947,49.443,5,0.3128719856599653,0.01109869661667099
som-rs-bc-l3bits,48.8898,48.789,0.5021839304477993,48.411,49.445,5,0.3093487803181847,0.010271752603770097
som-rs-bc-baseline,64.01379999999999,63.954,0.8509140379615298,63.037,65.101,5,0.0,0.01329266561212629
