exe,mean,median,std,min,max,n,pct_vs_baseline,cov
som-rs-bc-nan,329.06666666666666,0.0,666.1865523429022,0.0,2176.0,75,0.043638573743922215,2.0244729102802945
som-rs-bc-l4bits,332.81333333333333,0.0,672.1540744649398,0.0,2002.0,75,0.031889748006890706,2.0196128193930725
som-rs-bc-l3bits,336.64,0.0,679.9552377954046,0.0,2017.0,75,0.020160012674271366,2.019829009610874
som-rs-bc-baseline,343.4266666666667,0.0,694.176026693544,0.0,1998.0,75,0.0,2.021322436697434
