exe,mean,median,std,min,max,n,pct_vs_baseline,cov
som-rs-bc-nan,11.5414,11.547,0.046586478725054226,11.476,11.604,5,0.20316426083490735,0.004036466869275324
som-rs-bc-l4bits,11.5992,11.583,0.13018717294726107,11.492,11.815,5,0.19716877026001778,0.011223806206226384
som-rs-bc-l3bits,11.6304,11.641,0.08420391914869513,11.498,11.733,5,0.19395721557298096,0.007239984794047937
som-rs-bc-baseline,13.886199999999999,13.915,0.06963978747813682,13.808,13.954,5,0.0,0.005015035609319815
