exe,mean,median,std,min,max,n,pct_vs_baseline,cov
som-rs-bc-nan,1272.5049999999999,1270.7685,1300.778075339013,38.458,2509.03,10,0.15706028660005278,1.022218439486692
som-rs-bc-l3bits,1343.4971,1339.988,1374.7950909452695,38.841,2652.696,10,0.09591974556550964,1.0232959125444108
som-rs-bc-l4bits,1354.0047,1348.3680000000002,1385.645200729814,39.369,2681.167,10,0.08741498460086583,1.0233680878137381
som-rs-bc-baseline,1472.365,1467.3645,1507.814692056834,41.85,2926.136,10,0.0,1.0240767011283438
