exe,mean,median,std,min,max,n,pct_vs_baseline,cov
som-rs-bc-l3bits,14708736.0,14708736.0,0.0,14708736.0,14708736.0,5,1.1901977165135058,0.0
som-rs-bc-l4bits,14708736.0,14708736.0,0.0,14708736.0,14708736.0,5,1.1901977165135058,0.0
som-rs-bc-nan,14708736.0,14708736.0,0.0,14708736.0,14708736.0,5,1.1901977165135058,0.0
som-rs-bc-baseline,32215040.0,32215040.0,0.0,32215040.0,32215040.0,5,0.0,0.0
