exe,mean,median,std,min,max,n,pct_vs_baseline,cov
som-rs-bc-l3bits,5.6531199999999995,5.613,0.2506444105511643,5.528,7.713,75,0.39522717838408994,0.04433735893651017
som-rs-bc-nan,5.662773333333334,5.626,0.25399992409731453,5.495,7.676,75,0.39284873371822493,0.04485433358283477
som-rs-bc-l4bits,5.849746666666666,5.841,0.08355433469812838,5.681,6.109,75,0.34832961427389453,0.014283410796956744
som-rs-bc-baseline,7.887386666666666,7.849,0.16339976622872984,7.802,8.915,75,0.0,0.020716591329201964
