exe,mean,median,std,min,max,n,pct_vs_baseline,cov
som-rs-bc-l4bits,24.837226666666666,24.793,0.17673117265323282,24.721,26.022,75,0.21873295569231566,0.007115575946746852
som-rs-bc-l3bits,25.070426666666666,24.968,0.5930192826119144,24.88,29.778,75,0.20739655009195435,0.02365413602634795
som-rs-bc-nan,25.331733333333336,25.048,1.1494494726129074,24.987,30.431,75,0.19494178579699772,0.04537587134238375
som-rs-bc-baseline,30.26994666666667,30.062,0.44982828235183714,29.96,32.305,75,0.0,0.01486055747984482
