exe,mean,median,std,min,max,n,pct_vs_baseline,cov
som-rs-bc-l4bits,90.43701333333333,93.52,7.829697872210018,73.796,101.405,75,0.1422441195168469,0.08657625438548339
som-rs-bc-nan,90.65058666666667,94.285,7.837148169771639,74.367,98.23,75,0.13955298542653294,0.08645446717945461
som-rs-bc-l3bits,91.40493333333333,94.09,8.903463506659328,73.801,114.926,75,0.1301484821388197,0.09740681582459439
som-rs-bc-baseline,103.30114666666667,114.44,15.830555839290703,77.923,123.583,75,0.0,0.15324666134029397
