exe,mean,median,std,min,max,n,pct_vs_baseline,cov
som-rs-bc-l3bits,8.553946666666667,8.447,0.30874418227731903,8.424,9.848,75,0.36951676107403064,0.03609376984783465
som-rs-bc-l4bits,8.568813333333333,8.549,0.06576775134605914,8.52,8.82,75,0.3671406853691137,0.007675246126580632
som-rs-bc-nan,8.605306666666667,8.531,0.1945349251859854,8.478,9.374,75,0.361342923281448,0.022606390768097985
som-rs-bc-baseline,11.714773333333333,11.672,0.11470203152532192,11.577,12.163,75,0.0,0.009791229267658779
