exe,mean,median,std,min,max,n,pct_vs_baseline,cov
som-rs-bc-nan,1265.5552,1666.8609999999999,743.8646178877049,10.774,1777.796,20,0.2612640681338909,0.5877772995501933
som-rs-bc-l3bits,1350.8183000000001,1784.2225,793.8911792273947,11.265,1884.29,20,0.1816535947136635,0.587711300052268
som-rs-bc-l4bits,1371.1262000000002,1814.422,805.9114647285427,11.006,1911.599,20,0.16415199417821635,0.5877733681469602
som-rs-bc-baseline,1596.1993,2109.395,937.787696528439,13.493,2213.225,20,0.0,0.5875129105296808
