exe,mean,median,std,min,max,n,pct_vs_baseline,cov
som-rs-bc-nan,10.018866666666666,10.008,0.028730967064623258,9.997,10.19,75,0.33593686577989534,0.002867686338237518
som-rs-bc-l4bits,10.5602,10.52,0.24053066332590528,10.217,11.899,75,0.26745453053288126,0.0227770935518177
som-rs-bc-l3bits,10.93168,10.832,0.3045039901216404,10.82,12.549,75,0.22438393122862466,0.027855186954030893
som-rs-bc-baseline,13.384573333333332,13.375,0.07517424324093223,13.315,13.96,75,0.0,0.005616484094694009
