exe,mean,median,std,min,max,n,pct_vs_baseline,cov
som-rs-bc-nan,2320.633333333333,2306.166,50.06709193909804,2303.655,2500.274,15,0.4746243410563211,0.021574753417500127
som-rs-bc-l4bits,2399.565066666667,2386.546,35.47526134498848,2382.906,2489.447,15,0.42611777756613445,0.014784038089981284
som-rs-bc-l3bits,2436.2019333333333,2423.742,34.14633861247912,2418.007,2523.147,15,0.4046710796743205,0.0140162185019525
som-rs-bc-baseline,3422.0624000000003,3407.368,38.00761127120261,3405.639,3520.581,15,0.0,0.011106638871109601
