exe,mean,median,std,min,max,n,pct_vs_baseline,cov
som-rs-bc-l3bits,5.570946666666667,5.573,0.021514855542369066,5.52,5.618,75,0.36047254685618957,0.0038619747826884715
som-rs-bc-nan,5.6209066666666665,5.599,0.12031469696718802,5.541,6.337,75,0.348380332473053,0.021404855853715418
som-rs-bc-l4bits,5.662653333333333,5.652,0.08069286001659409,5.6,6.334,75,0.33843969493688464,0.01425000883271342
som-rs-bc-baseline,7.57912,7.566,0.10972495835718732,7.502,8.486,75,0.0,0.014477268912114774
