exe,mean,median,std,min,max,n,pct_vs_baseline,cov
som-rs-bc-l4bits,6.269293333333334,6.267,0.02134388534080533,6.231,6.34,75,0.5526598425766223,0.0034045121524816186
som-rs-bc-l3bits,6.37188,6.367,0.0736817407430016,6.274,6.922,75,0.527662165640282,0.011563579468383208
som-rs-bc-nan,6.794546666666667,6.795,0.008337951873298515,6.776,6.811,75,0.43263126703572086,0.0012271535221332177
som-rs-bc-baseline,9.73408,9.671,0.30317218192290013,9.625,12.048,75,0.0,0.031145437670832797
