exe,mean,median,std,min,max,n,pct_vs_baseline,cov
som-rs-bc-l4bits,54.14639999999999,54.016,0.26821782192837323,53.914,54.514,5,0.3058781377894009,0.0049535670317578506
som-rs-bc-l3bits,55.675599999999996,55.884,0.5269319690434433,55.016,56.167,5,0.2700105611794037,0.009464324929474372
som-rs-bc-nan,55.838800000000006,55.749,0.48128442734000915,55.424,56.633,5,0.2662987026941839,0.00861917568679859
som-rs-bc-baseline,70.7086,71.04,0.8877695646957008,69.285,71.634,5,0.0,0.012555326575490121
