exe,mean,median,std,min,max,n,pct_vs_baseline,cov
som-rs-bc-l4bits,4483.894,4457.382,55.868311604164354,4425.127,4551.928,5,0.2507003510787722,0.012459775276615449
som-rs-bc-l3bits,4572.5172,4586.009,43.36010196828397,4526.493,4615.466,5,0.2264596402174277,0.009482764103825344
som-rs-bc-nan,4698.9632,4693.87,42.617998377445915,4664.717,4769.126,5,0.19345642034396016,0.009069659957636169
som-rs-bc-baseline,5608.0078,5633.915,54.5487295058283,5546.674,5666.421,5,0.0,0.009726935384403048
