exe,mean,median,std,min,max,n,pct_vs_baseline,cov
som-rs-bc-nan,7.995599999999999,7.981,0.08182175749762392,7.927,8.133,5,0.4204062234228827,0.010233348028618732
som-rs-bc-l4bits,8.1016,8.043,0.0935082884026864,8.019,8.221,5,0.4018218623481782,0.011541953244135282
som-rs-bc-l3bits,8.1376,8.14,0.029938269823087678,8.104,8.182,5,0.3956203303185213,0.003679004844559535
som-rs-bc-baseline,11.357,11.322,0.12691138640799715,11.249,11.565,5,0.0,0.011174728045082077
