exe,mean,median,std,min,max,n,pct_vs_baseline,cov
som-rs-bc-l4bits,6.5008,6.454,0.08424488115013266,6.449,6.645,5,0.4115801132168351,0.012959155973131409
som-rs-bc-nan,6.508799999999999,6.499,0.045378408962853695,6.463,6.585,5,0.4098451327433632,0.006971854867695074
som-rs-bc-l3bits,6.667,6.667,0.018411952639522264,6.644,6.692,5,0.3763911804409781,0.00276165481318768
som-rs-bc-baseline,9.176400000000001,9.159,0.08075147057484439,9.087,9.305,5,0.0,0.008799907433726122
