exe,mean,median,std,min,max,n,pct_vs_baseline,cov
som-rs-bc-l4bits,44.5276,44.391,0.31335491060457143,44.209,44.922,5,0.5107753393400944,0.007037318665379932
som-rs-bc-l3bits,45.6788,45.607,0.183276294157213,45.503,45.975,5,0.4727006839058816,0.004012283469732414
som-rs-bc-nan,61.084,61.146,0.17352809570787264,60.846,61.274,5,0.10129002684827437,0.0028408109440749237
som-rs-bc-baseline,67.2712,67.275,0.046116157689037804,67.21,67.326,5,0.0,0.000685526015427669
