exe,mean,median,std,min,max,n,pct_vs_baseline,cov
som-rs-bc-nan,72.8794,72.561,0.7289371029108092,72.535,74.183,5,0.3676018188953256,0.010001963557751698
som-rs-bc-l4bits,75.67920000000001,75.827,0.968679616798042,74.665,77.111,5,0.3170065222676772,0.012799813116391848
som-rs-bc-l3bits,77.87219999999999,78.243,1.0365052821862486,76.623,79.181,5,0.2799176085945949,0.013310337735241186
som-rs-bc-baseline,99.67,100.213,1.7072636000336903,97.882,101.905,5,0.0,0.01712916223571476
