exe,mean,median,std,min,max,n,pct_vs_baseline,cov
som-rs-bc-l4bits,56.090999999999994,55.783,0.9684010016516957,55.402,57.752,5,0.3172059688720119,0.017264819697486153
som-rs-bc-nan,56.7734,56.696,0.34362886956715494,56.409,57.17,5,0.3013735305618477,0.006052638551983057
som-rs-bc-l3bits,57.6596,57.601,0.6238491804915681,57.035,58.437,5,0.2813720525289807,0.010819519741579341
som-rs-bc-baseline,73.88340000000001,73.465,1.245167779859403,72.793,75.961,5,0.0,0.016853146713056016
