exe,mean,median,std,min,max,n,pct_vs_baseline,cov
som-rs-bc-l4bits,63.3402,63.292,0.3664508152535618,62.842,63.866,5,0.29243987230858126,0.005785438240699616
som-rs-bc-nan,63.431999999999995,63.437,0.1740330428395688,63.15,63.596,5,0.29056942867953084,0.0027436158853507506
som-rs-bc-l3bits,63.7818,63.932,0.7923911281684056,62.829,64.893,5,0.2834915289314508,0.012423467637608309
som-rs-bc-baseline,81.8634,81.147,1.4366093066662224,81.1,84.411,5,0.0,0.017548859522890845
