exe,mean,median,std,min,max,n,pct_vs_baseline,cov
som-rs-bc-nan,47.2706,47.46,0.3990091477648119,46.783,47.679,5,0.31345487470013067,0.008440957968902698
som-rs-bc-l4bits,47.7402,47.64,0.4173244541121457,47.323,48.326,5,0.3005349789066656,0.008741573225754095
som-rs-bc-l3bits,48.5424,48.358,0.5103320487682514,48.137,49.369,5,0.2790426513728206,0.010513119433078122
som-rs-bc-baseline,62.0878,62.225,0.5057224535256472,61.436,62.682,5,0.0,0.008145279000474282
