exe,mean,median,std,min,max,n,pct_vs_baseline,cov
som-rs-bc-nan,19.9082,19.845,0.1557809359324817,19.726,20.092,5,0.35758129815854756,0.007824963378531545
som-rs-bc-l4bits,20.8184,20.726,0.1652976103880514,20.668,21.051,5,0.2982265688045189,0.007939976673906323
som-rs-bc-l3bits,21.3076,21.291,0.2124942352159232,21.039,21.635,5,0.26842065741801036,0.009972696841311232
som-rs-bc-baseline,27.026999999999997,26.935,0.21875442852660124,26.856,27.387,5,0.0,0.008093921949406196
