exe,mean,median,std,min,max,n,pct_vs_baseline,cov
som-rs-bc-nan,8086.8,8093.0,171.35401950348287,7839.0,8294.0,5,0.48083296235841133,0.021189348012005102
som-rs-bc-l4bits,8196.6,8267.0,187.9209940373879,7960.0,8401.0,5,0.4609960227411365,0.022926700587730022
som-rs-bc-l3bits,8905.8,8663.0,407.22929658854355,8516.0,9379.0,5,0.34465179995059425,0.045726301577460035
som-rs-bc-baseline,11975.2,11852.0,516.7070736887587,11429.0,12745.0,5,0.0,0.043148095538175446
