exe,mean,median,std,min,max,n,pct_vs_baseline,cov
som-rs-bc-l3bits,11927.8,8171.0,12492.863776716278,0.0,30250.0,40,0.7394427304280755,1.0473736796992135
som-rs-bc-l4bits,12033.975,8166.5,12650.609750152005,0.0,31699.0,40,0.7240957372771673,1.0512411526658485
som-rs-bc-nan,12068.8,8231.5,12621.035514019992,0.0,30357.0,40,0.7191207907994166,1.045757284404414
som-rs-bc-baseline,20747.725,14620.5,21561.431630299434,0.0,50778.0,40,0.0,1.0392190772867596
