exe,mean,median,std,min,max,n,pct_vs_baseline,cov
som-rs-bc-l3bits,18934.4,18658.5,19959.91268740645,0.0,38207.0,10,0.7025625316883555,1.0541613511601344
som-rs-bc-nan,18964.4,18751.5,19991.637808510503,0.0,38309.0,10,0.6998692286600154,1.0541666389925597
som-rs-bc-l4bits,19073.2,18763.0,20110.655858690105,0.0,39092.0,10,0.6901725982006166,1.0543933822688434
som-rs-bc-baseline,32237.0,31849.0,33984.12384890594,0.0,65455.0,10,0.0,1.0541962294539176
