exe,mean,median,std,min,max,n,pct_vs_baseline,cov
som-rs-bc-nan,12053.4,11887.5,12707.228285944624,0.0,24476.0,10,0.7567242437818376,1.054244303345498
som-rs-bc-l4bits,12233.7,11854.0,12908.204514528303,0.0,25923.0,10,0.7308336807343647,1.0551349562706542
som-rs-bc-l3bits,12293.3,12045.0,12966.974795396358,0.0,25837.0,10,0.7224423059715457,1.0548001590619571
som-rs-bc-baseline,21174.5,20845.5,22321.783571957985,0.0,42920.0,10,0.0,1.054182321752957
