exe,mean,median,std,min,max,n,pct_vs_baseline,cov
som-rs-bc-nan,12152.6,12004.0,12811.275217991031,0.0,24758.0,10,0.7702220101048334,1.0542003536684357
som-rs-bc-l4bits,12201.7,11932.5,12867.671800549884,0.0,25311.0,10,0.7630985846234539,1.0545802470598264
som-rs-bc-l3bits,12202.5,12028.5,12865.678055716044,0.0,25129.0,10,0.7629829952878509,1.0543477201979958
som-rs-bc-baseline,21512.8,21186.0,22678.893475848618,0.0,43750.0,10,0.0,1.0542046351868943
