exe,mean,median,std,min,max,n,pct_vs_baseline,cov
som-rs-bc-l4bits,10939.2,10735.5,11532.375208757108,0.0,22177.0,10,0.844568158549071,1.0542247338705855
som-rs-bc-nan,11011.5,10923.5,11608.130103509351,0.0,22390.0,10,0.8324569767969849,1.054182455025142
som-rs-bc-l3bits,11146.5,10830.0,11756.802600575076,0.0,23308.0,10,0.8102633113533395,1.0547528462364937
som-rs-bc-baseline,20178.1,19980.0,21270.46656464728,0.0,40631.0,10,0.0,1.0541362449708982
