exe,mean,median,std,min,max,n,pct_vs_baseline,cov
som-rs-bc-l4bits,24.903106666666666,24.808,0.44268232076413083,24.744,28.221,75,0.21818429079531176,0.01777618859725122
som-rs-bc-l3bits,25.065613333333335,25.009,0.22277099460216124,24.94,26.618,75,0.2102864960814843,0.008887514206800229
som-rs-bc-nan,25.33108,25.064,0.8803870579988625,24.98,30.495,75,0.19760283941045276,0.03475521209513619
som-rs-bc-baseline,30.336573333333334,30.033,0.9737232551693822,29.943,36.568,75,0.0,0.03209733823495058
