exe,mean,median,std,min,max,n,pct_vs_baseline,cov
som-rs-bc-l4bits,55.1936,55.426,0.5579106559297821,54.27,55.607,5,0.1432448689703154,0.010108249071084003
som-rs-bc-nan,55.22279999999999,55.192,0.29535520987448344,54.954,55.661,5,0.1426403586924243,0.005348428726440591
som-rs-bc-l3bits,56.700599999999994,56.6,0.2800362476537622,56.367,57.083,5,0.11285947591383527,0.004938858630310124
som-rs-bc-baseline,63.0998,63.035,0.24127722644294605,62.854,63.482,5,0.0,0.0038237399554823634
