exe,mean,median,std,min,max,n,pct_vs_baseline,cov
som-rs-bc-nan,6.76984,6.728,0.13388549363319904,6.671,7.579,75,0.6455593239032729,0.019776758923873983
som-rs-bc-l4bits,6.808800000000001,6.805,0.051471850086735466,6.728,7.081,75,0.6361434222378881,0.007559606698204597
som-rs-bc-l3bits,6.882786666666667,6.711,1.209006843846828,6.663,17.172,75,0.6185556625320363,0.1756565912033926
som-rs-bc-baseline,11.140173333333333,11.116,0.13487775980527728,11.063,12.176,75,0.0,0.012107330448952675
