exe,mean,median,std,min,max,n,pct_vs_baseline,cov
som-rs-bc-l4bits,16.404,16.271,0.46927609576245677,16.238,19.925,75,0.25106965780703905,0.028607418663890317
som-rs-bc-nan,16.537573333333334,16.519,0.0735126709676157,16.488,16.814,75,0.24096481708723072,0.004445190928915953
som-rs-bc-l3bits,16.803293333333333,16.713,0.42114197302268597,16.681,20.162,75,0.221340737172951,0.025063061428990865
som-rs-bc-baseline,20.522546666666667,20.46,0.11803095028519095,20.425,20.897,75,0.0,0.005751281856110984
