exe,mean,median,std,min,max,n,pct_vs_baseline,cov
som-rs-bc-nan,128.58970666666664,133.288,19.888683801907362,104.267,152.886,75,0.1746899803696056,0.1546677748745729
som-rs-bc-l4bits,130.22545333333332,134.549,19.89507704711471,106.149,152.823,75,0.15993483711172085,0.15277410473811145
som-rs-bc-l3bits,132.23182666666668,137.447,20.034074879573563,106.659,160.922,75,0.1423349719033853,0.15150720809503723
som-rs-bc-baseline,151.05303999999998,130.108,28.046557285689435,125.6,192.693,75,0.0,0.18567357059274966
