exe,mean,median,std,min,max,n,pct_vs_baseline,cov
som-rs-bc-nan,34.9372,35.044,0.2687744407491161,34.57,35.225,5,0.30879406477908944,0.007693073307223136
som-rs-bc-l3bits,35.624199999999995,35.633,0.12445360581357116,35.492,35.815,5,0.28355443771368916,0.00349351299997112
som-rs-bc-l4bits,35.765,35.788,0.17817126592129973,35.512,36.001,5,0.278501328114078,0.004981721401406395
som-rs-bc-baseline,45.7256,45.36,1.0601322087362506,44.908,47.578,5,0.0,0.023184653864274072
