exe,mean,median,std,min,max,n,pct_vs_baseline,cov
som-rs-bc-nan,7.3432,7.328,1.9785677142822282,4.617,10.037,5,0.2059320187384246,0.2694421661240642
som-rs-bc-l4bits,8.2478,7.806,1.8978627979914668,6.52,10.776,5,0.07366812968306702,0.23010533693730048
som-rs-bc-baseline,8.8554,8.485,2.526433315961457,5.714,12.476,5,0.0,0.2852986105609523
som-rs-bc-l3bits,11.446200000000001,11.49,2.106738877981797,8.002,13.167,5,-0.22634586150862301,0.18405574583545603
