exe,mean,median,std,min,max,n,pct_vs_baseline,cov
som-rs-bc-nan,1386.6290000000001,1379.8825000000002,1422.1312985025913,32.759,2755.767,10,0.27895046187552675,1.0256033145870966
som-rs-bc-l3bits,1481.7017,1470.9775,1523.94693279706,32.365,2942.168,10,0.19688720070983234,1.0285112940054397
som-rs-bc-l4bits,1523.9315,1515.5884999999998,1562.1002856819441,39.029,3031.593,10,0.16372015408829066,1.0250462607288742
som-rs-bc-baseline,1773.4298,1766.807,1824.9211333550095,38.818,3525.559,10,0.0,1.0290348867234607
