exe,mean,median,std,min,max,n,pct_vs_baseline,cov
som-rs-bc-nan,1283.8383,1279.7965,1334.7806421889911,16.024,2559.074,10,0.264650618383951,1.0396797183796365
som-rs-bc-l3bits,1368.4082,1361.6205,1422.8403219198015,15.426,2734.372,10,0.1864931092929727,1.0397776934688066
som-rs-bc-l4bits,1409.5475000000001,1408.6444999999999,1464.751776300548,15.361,2817.539,10,0.15186391377374653,1.039164537768715
som-rs-bc-baseline,1623.6069000000002,1618.096,1688.3250478717032,20.857,3246.206,10,0.0,1.0398607248292078
