exe,mean,median,std,min,max,n,pct_vs_baseline,cov
som-rs-bc-nan,7.8533333333333335,7.444,1.4048773663257634,7.243,17.345,75,0.07456366723259755,0.17888930810599704
som-rs-bc-l3bits,7.899786666666667,7.459,1.4294889210817607,7.284,16.896,75,0.06824488087442004,0.18095285118438986
som-rs-bc-l4bits,7.943066666666667,7.334,1.288057885778864,7.03,13.982,75,0.062424252597653274,0.1621612835234331
som-rs-bc-baseline,8.438906666666666,7.749,1.3030232224324323,7.531,13.867,75,0.0,0.15440663985292316
