exe,mean,median,std,min,max,n,pct_vs_baseline,cov
som-rs-bc-l3bits,36.65624,37.636,4.81192646379524,27.353,46.483,75,0.11101156765305631,0.13127168699777284
som-rs-bc-nan,37.04313333333334,38.052,5.005632444673816,27.769,49.683,75,0.09940771748970101,0.13512983363557662
som-rs-bc-l4bits,37.796440000000004,38.638,5.276123969508453,28.289,53.333,75,0.07749583470471455,0.13959314606106957
som-rs-bc-baseline,40.72550666666667,46.037,9.381427699756886,26.572,58.088,75,0.0,0.23035754414408477
