exe,mean,median,std,min,max,n,pct_vs_baseline,cov
som-rs-bc-nan,53.8236,53.262,1.482204203205484,52.45,56.319,5,0.31371740277499094,0.027538184053193842
som-rs-bc-l4bits,56.3144,57.691,4.732189060043993,48.925,60.628,5,0.25561135340161667,0.08403159866826235
som-rs-bc-l3bits,57.241600000000005,56.225,4.468054419990874,52.374,62.064,5,0.23527294834525936,0.07805607145836023
som-rs-bc-baseline,70.709,69.568,5.0631139627703465,65.854,78.668,5,0.0,0.0716049436814316
