exe,mean,median,std,min,max,n,pct_vs_baseline,cov
som-rs-bc-nan,3.4600799999999996,2.999,1.0373238927058308,2.7,7.261,75,0.2886869667753349,0.29979766152974235
som-rs-bc-l3bits,3.7089066666666666,3.125,1.2261865535652168,2.775,7.424,75,0.20223030686491628,0.3306059342461795
som-rs-bc-l4bits,3.7832933333333334,3.193,1.3155111202066623,2.684,7.347,75,0.17859219656947922,0.3477158666540956
som-rs-bc-baseline,4.45896,4.027,1.3788938618190165,3.13,8.615,75,0.0,0.30924113735467834
