exe,mean,median,std,min,max,n,pct_vs_baseline,cov
som-rs-bc-l4bits,4.626746666666667,4.14,1.042450531502877,3.973,8.779,75,0.3153115508089197,0.22530961961094556
som-rs-bc-nan,4.9894533333333335,4.268,1.5538017308327143,3.817,10.069,75,0.21969541085329314,0.3114172289080529
som-rs-bc-l3bits,5.0576,4.369,1.5330433871965354,3.915,10.24,75,0.20326109880839383,0.30311677222329475
som-rs-bc-baseline,6.085613333333333,5.336,1.5812802792172678,5.12,15.002,75,0.0,0.2598390979847445
