exe,mean,median,std,min,max,n,pct_vs_baseline,cov
som-rs-bc-l4bits,3.9926666666666666,3.504,1.2363635686455152,2.804,7.368,75,0.21001836700617793,0.30965859959396774
som-rs-bc-l3bits,4.17556,3.412,1.5827231770385928,2.89,8.248,75,0.1570184597994042,0.3790445298447616
som-rs-bc-nan,4.340026666666667,3.774,1.5916791148609963,2.767,8.1,75,0.11317288373036116,0.36674408640983686
som-rs-bc-baseline,4.8312,4.13,1.3671467427515658,3.915,9.927,75,0.0,0.2829828495511603
