exe,mean,median,std,min,max,n,pct_vs_baseline,cov
som-rs-bc-l4bits,845.3586666666666,839.127,17.976497710966427,837.132,906.71,15,0.16228141427938292,0.021264935724678316
som-rs-bc-nan,845.8858,840.456,17.08686807045523,838.225,906.598,15,0.1615571116889143,0.02019997033932385
som-rs-bc-l3bits,851.8231333333333,847.291,16.394519061767777,846.24,910.89,15,0.15346088667702307,0.019246388622498604
som-rs-bc-baseline,982.5446666666667,978.573,16.066869748765914,971.787,1035.123,15,0.0,0.0163523046776831
