exe,mean,median,std,min,max,n,pct_vs_baseline,cov
som-rs-bc-l4bits,3.777626666666667,3.197,1.2292917953839106,2.881,7.907,75,0.2434650327189556,0.325413785917766
som-rs-bc-nan,3.825133333333333,3.525,1.072920444058775,2.825,7.067,75,0.22802168116144106,0.2804922993687649
som-rs-bc-l3bits,4.142733333333333,3.663,1.3079435719431427,2.815,7.776,75,0.133876184805523,0.3157199526745167
som-rs-bc-baseline,4.697346666666666,4.142,1.3477097539533134,3.947,12.303,75,0.0,0.2869087273283315
