exe,mean,median,std,min,max,n,pct_vs_baseline,cov
som-rs-bc-l3bits,13.252799999999999,13.232,3.9663127965403837,8.592,19.29,5,0.011152360255946014,0.29928111769138477
som-rs-bc-baseline,13.4006,14.26,1.9991501444363802,10.734,15.341,5,0.0,0.14918362942229305
som-rs-bc-l4bits,13.979400000000002,13.798,2.5213884666984576,11.169,18.024,5,-0.041403779847489997,0.18036456977398582
som-rs-bc-nan,14.822,14.791,4.371657580369258,8.284,20.213,5,-0.09589798947510453,0.29494383891305215
