exe,mean,median,std,min,max,n,pct_vs_baseline,cov
som-rs-bc-nan,1272.00745,1661.5875,705.721922385527,77.53,1723.22,20,0.2420380478117483,0.5548095825897301
som-rs-bc-l3bits,1296.8494,1695.1554999999998,722.5517209870205,74.666,1785.045,20,0.2182460430640596,0.5571593131685302
som-rs-bc-l4bits,1313.41885,1718.5025,732.2878803156494,75.826,1784.213,20,0.20287724666049978,0.5575433003079325
som-rs-bc-baseline,1579.88165,2061.7855,875.1102096332465,100.349,2139.325,20,0.0,0.5539087118539838
