exe,mean,median,std,min,max,n,pct_vs_baseline,cov
som-rs-bc-l4bits,7.126186666666667,6.579,1.2181062916090932,6.129,11.583,75,0.16582407795473597,0.1709338175642924
som-rs-bc-nan,7.429413333333334,6.817,1.3769141673118714,6.488,14.47,75,0.11824172747601436,0.18533282582813243
som-rs-bc-l3bits,7.602213333333334,6.923,1.5960953393366741,6.224,14.383,75,0.0928238442839453,0.2099514009082452
som-rs-bc-baseline,8.30788,7.557,1.668223889310084,7.252,17.055,75,0.0,0.20080019082005082
