exe,mean,median,std,min,max,n,pct_vs_baseline,cov
som-rs-bc-l3bits,27.032,25.546,2.6688783224418464,25.239,31.544,5,0.257487422314294,0.09873033154934324
som-rs-bc-nan,27.807799999999997,25.949,4.374722471197459,25.698,35.631,5,0.22240522443343247,0.15731997753139262
som-rs-bc-l4bits,29.0956,27.911,2.613970983006505,26.77,33.064,5,0.16830036156669714,0.08984076571737669
som-rs-bc-baseline,33.992399999999996,32.324,2.949075329658432,31.445,37.355,5,0.0,0.08675690241519965
