exe,mean,median,std,min,max,n,pct_vs_baseline,cov
som-rs-bc-l4bits,21.7798,21.737,0.8441816747596459,21.074,23.163,5,0.13663119036905735,0.038759845120691916
som-rs-bc-l3bits,22.9942,24.221,3.3148482921545597,19.02,26.754,5,0.07660192570300328,0.1441601922291082
som-rs-bc-nan,23.5928,21.967,3.096520095203648,20.915,27.702,5,0.04928622291546558,0.13124852053184224
som-rs-bc-baseline,24.755599999999998,25.514,3.040298718876157,21.308,28.237,5,0.0,0.12281256438446887
