exe,mean,median,std,min,max,n,pct_vs_baseline,cov
som-rs-bc-l4bits,17.9464,18.256,2.2810077378211586,14.556,20.793,5,0.26927963268399235,0.12710113102467116
som-rs-bc-l3bits,19.6844,18.079,3.6400415244884217,16.727,25.174,5,0.15721078620633588,0.1849201156493681
som-rs-bc-nan,20.128,19.286,3.815256675506907,15.935,26.364,5,0.13170707472178056,0.18954971559553394
som-rs-bc-baseline,22.779,21.742,3.073459939546958,19.47,26.766,5,0.0,0.1349251477038921
