exe,mean,median,std,min,max,n,pct_vs_baseline,cov
som-rs-bc-l3bits,15.1792,15.407,1.1066301098379716,13.533,16.593,5,0.3270659850321491,0.07290437637279776
som-rs-bc-l4bits,19.6418,18.886,4.004040609184677,16.496,26.46,5,0.02555773910741377,0.203853038376558
som-rs-bc-nan,19.6618,18.721,5.214348252658237,14.131,28.228,5,0.024514540886388714,0.26520197808228324
som-rs-bc-baseline,20.1438,20.456,3.2444958314043175,15.356,23.964,5,0.0,0.16106672184018495
