exe,mean,median,std,min,max,n,pct_vs_baseline,cov
som-rs-bc-nan,11.5808,11.584,0.04613241810267565,11.533,11.639,5,0.22038201160541582,0.003983526017431926
som-rs-bc-l4bits,11.6658,11.67,0.03178364359226309,11.617,11.704,5,0.21148999639973232,0.002724514700428868
som-rs-bc-l3bits,11.753200000000001,11.73,0.0662699026708194,11.694,11.857,5,0.2024810264438619,0.005638456137121754
som-rs-bc-baseline,14.133,14.121,0.06889484741256029,14.051,14.235,5,0.0,0.0048747504006623
