exe,mean,median,std,min,max,n,pct_vs_baseline,cov
som-rs-bc-l4bits,34.7346,34.826,0.48042980756818154,33.944,35.25,5,0.2077640162834753,0.013831447823443527
som-rs-bc-nan,34.8774,34.811,0.13960766454604023,34.754,35.059,5,0.20281901747263276,0.004002811693131949
som-rs-bc-l3bits,35.1668,35.093,0.2672128365180091,34.905,35.576,5,0.19292059556172303,0.0075984404756193075
som-rs-bc-baseline,41.9512,42.326,0.5923881328993694,41.126,42.413,5,0.0,0.014120886479990309
