exe,mean,median,std,min,max,n,pct_vs_baseline,cov
som-rs-bc-nan,4.497,4.496,0.0044158804331640026,4.491,4.503,5,0.1328885923949299,0.0009819614038612415
som-rs-bc-l3bits,4.498,4.495,0.033166247903553804,4.456,4.549,5,0.13263672743441512,0.007373554447210716
som-rs-bc-l4bits,4.5704,4.57,0.004929503017546797,4.564,4.577,5,0.11469455627516179,0.001078571463667687
som-rs-bc-baseline,5.0946,5.122,0.04863949012890657,5.013,5.128,5,0.0,0.009547263794784001
