exe,mean,median,std,min,max,n,pct_vs_baseline,cov
som-rs-bc-nan,1847.6759000000002,1843.1695000000002,1945.210959194426,2.281,3707.479,10,0.14785980593241477,1.052787969575414
som-rs-bc-l4bits,1909.6451000000002,1906.7340000000002,2010.5145456247128,2.288,3825.964,10,0.11061102400650236,1.0528210428339342
som-rs-bc-l3bits,1921.5368999999998,1914.6735,2023.0673729169248,2.312,3873.867,10,0.10373779447066567,1.0528381593488654
som-rs-bc-baseline,2120.8729,2113.976,2232.673089424844,2.757,4251.573,10,0.0,1.0527142335709245
