exe,mean,median,std,min,max,n,pct_vs_baseline,cov
som-rs-bc-nan,1233.9627,1231.227,1281.6930367396476,17.729,2456.09,10,0.1458104851953792,1.0386805344599537
som-rs-bc-l4bits,1281.5343,1279.974,1331.3941197688694,18.201,2550.599,10,0.10327706406297521,1.0389063482490242
som-rs-bc-l3bits,1284.5835,1281.2655,1334.8279028037243,18.172,2562.741,10,0.10065822891232856,1.0391133801763173
som-rs-bc-baseline,1413.8874,1407.4134999999999,1467.9368460255291,21.241,2814.474,10,0.0,1.0382275462851773
