exe,mean,median,std,min,max,n,pct_vs_baseline,cov
som-rs-bc-baseline,65536.0,65536.0,0.0,65536.0,65536.0,5,0.0,0.0
som-rs-bc-nan,65536.0,65536.0,0.0,65536.0,65536.0,5,0.0,0.0
som-rs-bc-l3bits,598016.0,598016.0,0.0,598016.0,598016.0,5,-0.8904109589041096,0.0
som-rs-bc-l4bits,598016.0,598016.0,0.0,598016.0,598016.0,5,-0.8904109589041096,0.0
