exe,mean,median,std,min,max,n,pct_vs_baseline,cov
som-rs-bc-l3bits,307.8933333333333,0.0,620.1357866418241,0.0,1601.0,75,0.0023384721981638545,2.014125411317201
som-rs-bc-nan,308.50666666666666,0.0,621.3887318225494,0.0,1595.0,75,0.00034575157749161534,2.0141825087168814
som-rs-bc-baseline,308.61333333333334,0.0,621.5022970393796,0.0,1577.0,75,0.0,2.0138543280892365
som-rs-bc-l4bits,311.3466666666667,0.0,628.3482098269976,0.0,1899.0,75,-0.008779067277632668,2.0181626370187495
