exe,mean,median,std,min,max,n,pct_vs_baseline,cov
som-rs-bc-l4bits,305.58666666666664,0.0,615.4837493921069,0.0,1571.0,75,0.0105152929883503,2.014105380008204
som-rs-bc-l3bits,307.52,0.0,619.2509066649845,0.0,1569.0,75,0.0041623309053071544,2.013693114805491
som-rs-bc-baseline,308.8,0.0,621.924171966065,0.0,1611.0,75,0.0,2.0140031475585007
som-rs-bc-nan,309.85333333333335,0.0,624.00755135186,0.0,1595.0,75,-0.003399457807995221,2.0138803886307284
