exe,mean,median,std,min,max,n,pct_vs_baseline,cov
som-rs-bc-nan,8034.2,7969.0,145.88077323622875,7884.0,8258.0,5,0.5048666948793905,0.018157473455506303
som-rs-bc-l3bits,8063.8,8076.0,131.7011769119775,7944.0,8264.0,5,0.4993427416354572,0.016332396253872554
som-rs-bc-l4bits,8122.2,8119.0,44.807365465958796,8072.0,8185.0,5,0.4885622122085149,0.0055166537965032625
som-rs-bc-baseline,12090.4,11995.0,286.4756534157833,11878.0,12595.0,5,0.0,0.023694472756549272
