exe,mean,median,std,min,max,n,pct_vs_baseline,cov
som-rs-bc-nan,7932.8,7963.0,100.40766902981065,7817.0,8024.0,5,0.5151774909237596,0.01265727977886883
som-rs-bc-l3bits,7987.4,7985.0,45.74713105758657,7951.0,8063.0,5,0.5048200916443399,0.005727412056186816
som-rs-bc-l4bits,8056.4,8081.0,78.39834181919926,7920.0,8122.0,5,0.49193188024427803,0.009731187853036003
som-rs-bc-baseline,12019.6,11940.0,241.77737694002718,11755.0,12314.0,5,0.0,0.020115259820628572
