exe,mean,median,std,min,max,n,pct_vs_baseline,cov
som-rs-bc-l3bits,18959.5,18739.0,19986.536853314254,0.0,38254.0,10,0.6829557741501622,1.0541700389416522
som-rs-bc-nan,18987.8,18606.5,20020.518101854075,0.0,38865.0,10,0.6804474452016558,1.0543885074550015
som-rs-bc-l4bits,19145.5,18826.5,20183.411583938596,0.0,38904.0,10,0.6666057298059596,1.0542117773857353
som-rs-bc-baseline,31908.0,31586.0,33636.99658279721,0.0,64743.0,10,0.0,1.0541869306379972
