exe,mean,median,std,min,max,n,pct_vs_baseline,cov
som-rs-bc-l3bits,18749.6,18618.0,19764.18395988056,0.0,37680.0,10,0.709385800230405,1.0541122989226737
som-rs-bc-nan,18901.0,18711.0,19924.569176995745,0.0,38138.0,10,0.6956933495582245,1.0541542340085575
som-rs-bc-l4bits,19119.4,18788.0,20156.6820307532,0.0,38814.0,10,0.6763235247968031,1.0542528547314873
som-rs-bc-baseline,32050.3,31803.5,33785.24499130089,0.0,64812.0,10,0.0,1.0541319423313007
