exe,mean,median,std,min,max,n,pct_vs_baseline,cov
som-rs-bc-l4bits,12105.4,11945.0,12763.411832264914,0.0,24915.0,10,0.7569597039337816,1.05435688471797
som-rs-bc-l3bits,12112.9,11922.5,12771.382796880078,0.0,24926.0,10,0.7558718391136723,1.0543621095592366
som-rs-bc-nan,12152.1,11868.0,12817.913250603626,0.0,25474.0,10,0.7502077830169271,1.0547899746219687
som-rs-bc-baseline,21268.7,20750.0,22429.325957326495,0.0,44007.0,10,0.0,1.0545696707991787
