exe,mean,median,std,min,max,n,pct_vs_baseline,cov
som-rs-bc-nan,12051.5,11924.0,12704.65081290225,0.0,24488.0,10,0.764294901049662,1.0541966404930714
som-rs-bc-l3bits,12208.9,11887.0,12880.858576024953,0.0,25843.0,10,0.7415491977164201,1.0550384208261967
som-rs-bc-l4bits,12281.2,12046.0,12947.829125635953,0.0,24956.0,10,0.7312966159658665,1.0542804551376048
som-rs-bc-baseline,21262.4,20984.0,22414.780402423952,0.0,43103.0,10,0.0,1.054198039846111
