exe,mean,median,std,min,max,n,pct_vs_baseline,cov
som-rs-bc-nan,12090.6,11830.0,12747.854749372975,0.0,24814.0,10,0.7848659289034454,1.0543608050363897
som-rs-bc-l3bits,12153.8,11933.5,12816.32510858276,0.0,25191.0,10,0.77558459082756,1.0545117665736445
som-rs-bc-l4bits,12211.5,12100.5,12873.286011047148,0.0,24725.0,10,0.7671948573066372,1.0541936708059738
som-rs-bc-baseline,21580.1,21314.0,22749.330864152173,0.0,43852.0,10,0.0,1.054180975257398
