exe,mean,median,std,min,max,n,pct_vs_baseline,cov
som-rs-bc-l3bits,12093.3,11887.0,12748.809034136833,0.0,24473.0,10,0.7928605095383394,1.0542043143010456
som-rs-bc-l4bits,12163.0,11920.5,12825.649396597602,0.0,25202.0,10,0.7825865329277315,1.0544807528239417
som-rs-bc-nan,12328.2,12078.5,12997.914856707679,0.0,25227.0,10,0.7586995668467413,1.0543238150506706
som-rs-bc-baseline,21681.6,21297.5,22863.51766072365,0.0,44527.0,10,0.0,1.054512474205024
