exe,mean,median,std,min,max,n,pct_vs_baseline,cov
som-rs-bc-l3bits,11066.8,10830.5,11671.805504433893,0.0,22918.0,10,0.8426916543174181,1.0546685134306117
som-rs-bc-l4bits,11070.6,10874.5,11672.611906129283,0.0,22830.0,10,0.8420591476523405,1.054379338620245
som-rs-bc-nan,11179.8,10919.0,11789.480120476523,0.0,23197.0,10,0.8240666201542068,1.054534081153198
som-rs-bc-baseline,20392.7,20010.0,21505.521094980857,0.0,42439.0,10,0.0,1.054569581025605
