exe,mean,median,std,min,max,n,pct_vs_baseline,cov
som-rs-bc-l3bits,10955.4,10870.5,11548.388528275274,0.0,22134.0,10,0.8446519524617999,1.0541275104765937
som-rs-bc-nan,10956.5,10823.5,11550.460820532948,0.0,22269.0,10,0.8444667548943552,1.0542108173716924
som-rs-bc-l4bits,11214.7,10808.5,11833.880870431118,0.0,23713.0,10,0.8020009451880121,1.0552115411407454
som-rs-bc-baseline,20208.9,19832.5,21307.312847158053,0.0,41457.0,10,0.0,1.0543529260453588
