exe,mean,median,std,min,max,n,pct_vs_baseline,cov
som-rs-bc-l4bits,303.7866666666667,0.0,611.8449788943259,0.0,1586.0,75,0.8769311797752806,2.0140613332634496
som-rs-bc-l3bits,305.8933333333333,0.0,616.0469351488622,0.0,1594.0,75,0.8640048818760351,2.0139273008527883
som-rs-bc-nan,309.64,0.0,623.8748063947237,0.0,1679.0,75,0.8414502863540454,2.0148391887182653
som-rs-bc-baseline,570.1866666666666,0.0,707.1385370849413,0.0,1586.0,75,0.0,1.2401877813434337
