exe,mean,median,std,min,max,n,pct_vs_baseline,cov
som-rs-bc-l3bits,303.6933333333333,0.0,611.5418920775303,0.0,1558.0,75,0.8682881854502349,2.0136823069682035
som-rs-bc-l4bits,305.46666666666664,0.0,615.2488912612507,0.0,1611.0,75,0.8574421649934527,2.014127754019808
som-rs-bc-nan,307.52,0.0,619.2536344534311,0.0,1574.0,75,0.8450398890045092,2.013701985085299
som-rs-bc-baseline,567.3866666666667,0.0,703.1720771547247,0.0,1585.0,75,0.0,1.239317238957662
