exe,mean,median,std,min,max,n,pct_vs_baseline,cov
som-rs-bc-l3bits,13.117,12.449,1.592978499541033,11.435,14.9,5,0.3099184264694672,0.1214438133369698
som-rs-bc-l4bits,14.159,13.579,2.5883273556488167,10.723,17.512,5,0.21351790380676605,0.182804389833238
som-rs-bc-nan,14.662799999999999,14.186,0.8850224290943132,14.169,16.217,5,0.17182257140518886,0.060358351003513194
som-rs-bc-baseline,17.1822,17.257,1.152468524515962,15.64,18.705,5,0.0,0.0670733971503045
