exe,mean,median,std,min,max,n,pct_vs_baseline,cov
som-rs-bc-baseline,5.3548,4.737,1.8873121628389935,3.767,8.331,5,0.0,0.35245240958373675
som-rs-bc-l3bits,5.8088,4.465,2.8920339209628927,3.247,9.803,5,-0.07815727861176147,0.4978711473906646
som-rs-bc-l4bits,6.4744,6.687,1.7685468045827908,3.472,7.835,5,-0.17292722105523295,0.2731599537536746
som-rs-bc-nan,6.7324,7.641,2.7760058177172464,2.845,10.014,5,-0.20462242291010635,0.41233524712097414
