exe,mean,median,std,min,max,n,pct_vs_baseline,cov
som-rs-bc-l4bits,23.553800000000003,23.442,2.707387430716188,20.905,27.693,5,0.500649576713736,0.11494482549381363
som-rs-bc-nan,26.906,26.737,4.19142666642278,22.556,33.044,5,0.31368467999702654,0.15578037115969598
som-rs-bc-l3bits,28.498,28.462,2.69277746945417,25.737,32.582,5,0.2402975647413852,0.09449005086161029
som-rs-bc-baseline,35.346,33.267,5.923346900190804,30.613,45.314,5,0.0,0.167581816901228
