exe,mean,median,std,min,max,n,pct_vs_baseline,cov
som-rs-bc-nan,20.091,20.273,2.629390328574287,15.719,22.212,5,0.18908964212831592,0.13087403954876745
som-rs-bc-l4bits,23.270999999999997,23.922,6.7674928149204545,15.634,32.976,5,0.026599630441321853,0.29081229061580743
som-rs-bc-baseline,23.889999999999997,21.543,4.565932434892134,20.829,31.589,5,0.0,0.1911231659645096
som-rs-bc-l3bits,24.0308,22.37,4.576997017696211,19.944,30.204,5,-0.005859147427468181,0.1904637805523
