exe,mean,median,std,min,max,n,pct_vs_baseline,cov
som-rs-bc-l4bits,21.228199999999998,22.315,3.5760319769263793,16.23,24.79,5,0.1427252428373582,0.16845667446728313
som-rs-bc-nan,21.286,23.234,4.756535766710894,15.026,26.822,5,0.13962228694916856,0.22345841241712364
som-rs-bc-baseline,24.258000000000003,24.018,1.6174920401658868,23.084,27.023,5,0.0,0.06667870558850221
som-rs-bc-l3bits,28.2466,26.064,6.612948684210394,22.936,39.403,5,-0.14120637528056468,0.23411485574229798
