exe,mean,median,std,min,max,n,pct_vs_baseline,cov
som-rs-bc-nan,16.809800000000003,16.108,2.427460751484974,14.263,20.311,5,0.09934680959916231,0.14440747370492057
som-rs-bc-baseline,18.4798,18.364,1.822320279204509,16.917,21.456,5,0.0,0.09861147194258103
som-rs-bc-l3bits,21.9566,21.641,2.2089839972258742,18.904,24.572,5,-0.15834874251933362,0.10060683335424765
som-rs-bc-l4bits,24.2332,24.632,2.7715387783684347,20.34,27.82,5,-0.23741808758232508,0.11436949219947982
