exe,mean,median,std,min,max,n,pct_vs_baseline,cov
som-rs-bc-l3bits,3.0423733333333334,3.038,0.016529885574834365,3.019,3.091,75,0.10624161838564627,0.005433220635260969
som-rs-bc-nan,3.053853333333333,3.051,0.011177551505479956,3.031,3.078,75,0.10208305135806572,0.003660146799937988
som-rs-bc-l4bits,3.073586666666667,3.071,0.015389618590477173,3.045,3.11,75,0.09500735297307372,0.005007055358932617
som-rs-bc-baseline,3.3655999999999997,3.378,0.041140497572836034,3.3,3.434,75,0.0,0.0122238226684205
