exe,mean,median,std,min,max,n,pct_vs_baseline,cov
som-rs-bc-l3bits,25.760613333333335,26.239,1.228282616626282,23.115,27.392,75,0.0851423827382991,0.04768064334232784
som-rs-bc-l4bits,25.833920000000003,26.305,1.2189461638112942,23.091,27.247,75,0.08206316862997687,0.04718394126060985
som-rs-bc-nan,25.904893333333334,26.409,1.232867516318275,23.266,27.466,75,0.07909856927931758,0.04759207075104504
som-rs-bc-baseline,27.953933333333335,29.43,2.240485965222804,24.191,30.316,75,0.0,0.08014922045160504
