exe,mean,median,std,min,max,n,pct_vs_baseline,cov
som-rs-bc-nan,3.2051333333333334,3.207,0.04286696369672791,3.106,3.313,75,0.13707594067849493,0.01337447127422507
som-rs-bc-l3bits,3.2203333333333335,3.217,0.08097903187618137,3.12,3.546,75,0.13170893282268925,0.02514616454078709
som-rs-bc-l4bits,3.229013333333333,3.24,0.04988080206266139,3.145,3.327,75,0.12866675475687117,0.01544769157430796
som-rs-bc-baseline,3.64448,3.666,0.046422082350210454,3.568,3.731,75,0.0,0.012737642228853074
