exe,mean,median,std,min,max,n,pct_vs_baseline,cov
som-rs-bc-nan,392.795,517.783,230.40989321687238,3.578,537.784,20,0.23948777352053874,0.5865906979897207
som-rs-bc-l4bits,396.53375,524.6614999999999,232.615511331439,3.598,541.089,20,0.2278011644658242,0.586622226560637
som-rs-bc-l3bits,400.01095,529.0564999999999,234.5701685012004,3.573,546.18,20,0.21712818111604193,0.586409368296544
som-rs-bc-baseline,486.8646,643.994,285.89253406009976,3.982,657.934,20,0.0,0.5872115862605327
