exe,mean,median,std,min,max,n,pct_vs_baseline,cov
som-rs-bc-nan,3.1148000000000002,3.112,0.02043050183929406,3.088,3.189,75,0.1035700526518557,0.006559169718535399
som-rs-bc-l4bits,3.1542,3.141,0.03772589618873538,3.108,3.275,75,0.08978504850675306,0.01196052761040371
som-rs-bc-l3bits,3.1669733333333334,3.156,0.039505036741255245,3.108,3.246,75,0.08538962542574824,0.012474066745511565
som-rs-bc-baseline,3.4374000000000002,3.456,0.04022302688624872,3.331,3.495,75,0.0,0.011701584594824205
