exe,mean,median,std,min,max,n,pct_vs_baseline,cov
som-rs-bc-l4bits,15.896799999999999,15.81,0.3024809084884528,15.621,16.412,5,0.12904483921292353,0.019027786000229786
som-rs-bc-nan,15.9372,15.848,0.25171253445150404,15.756,16.372,5,0.12618276736189538,0.015794024951152275
som-rs-bc-l3bits,16.0368,15.989,0.22401830282367488,15.881,16.427,5,0.11918836675646016,0.01396901519153914
som-rs-bc-baseline,17.9482,17.856,0.2663225488012619,17.745,18.411,5,0.0,0.014838398769863379
