exe,mean,median,std,min,max,n,pct_vs_baseline,cov
som-rs-bc-nan,4.432853333333333,4.409,0.059222369160723445,4.355,4.567,75,0.13640875403051167,0.013359875616771315
som-rs-bc-l3bits,4.503973333333334,4.5,0.10537987567936433,4.382,4.879,75,0.11846428930899511,0.0233970913858351
som-rs-bc-l4bits,4.678933333333333,4.698,0.05699012084452764,4.589,4.801,75,0.07664139974923057,0.012180152351930849
som-rs-bc-baseline,5.037533333333333,5.024,0.05116595503804226,4.919,5.178,75,0.0,0.010156946198147691
