exe,mean,median,std,min,max,n,pct_vs_baseline,cov
som-rs-bc-l4bits,3.143666666666667,3.135,0.03895573833916569,3.085,3.235,75,0.14276746898526116,0.012391815822022804
som-rs-bc-l3bits,3.14988,3.138,0.0398069530800024,3.085,3.216,75,0.1405132893951515,0.012637609394644367
som-rs-bc-nan,3.478066666666667,3.198,1.1382404668436108,3.103,9.23,75,0.032895670008241895,0.32726240636856035
som-rs-bc-baseline,3.5924799999999997,3.6,0.04077603959932113,3.507,3.67,75,0.0,0.01135038736452844
