exe,mean,median,std,min,max,n,pct_vs_baseline,cov
som-rs-bc-nan,36.9409,36.916000000000004,26.50139328601423,11.727,62.288,10,0.15238935705410528,0.7173997733139753
som-rs-bc-l4bits,37.3384,37.2475,28.254744188464272,10.496,64.329,10,0.14012116212799675,0.7567208072243126
som-rs-bc-l3bits,37.5212,37.371500000000005,28.38768728320236,10.56,64.838,10,0.13456659168683283,0.7565772758654403
som-rs-bc-baseline,42.570299999999996,42.439,31.192204628186623,12.971,72.839,10,0.0,0.7327222177947214
