exe,mean,median,std,min,max,n,pct_vs_baseline,cov
som-rs-bc-nan,7.6964,7.691,0.03900384596421256,7.662,7.761,5,0.04672314328777105,0.00506780390367088
som-rs-bc-baseline,8.056000000000001,8.044,0.04356604182158413,8.014,8.13,5,0.0,0.005407899928200611
som-rs-bc-l4bits,8.366,8.376,0.02943637205906977,8.335,8.405,5,-0.037054745398039546,0.0035185718454541918
som-rs-bc-l3bits,8.4476,8.46,0.04371269838387925,8.375,8.487,5,-0.046356361570149995,0.005174570100842754
