exe,mean,median,std,min,max,n,pct_vs_baseline,cov
som-rs-bc-nan,25.104400000000002,25.049,0.15621715654818435,24.991,25.375,5,0.17137234907028231,0.006222700265618153
som-rs-bc-l3bits,25.5468,25.54,0.09984588123703567,25.42,25.69,5,0.1510874160364506,0.003908351779363195
som-rs-bc-l4bits,25.799799999999998,25.877,0.1675759529288124,25.562,25.967,5,0.13979953332971573,0.006495242324700673
som-rs-bc-baseline,29.406599999999997,29.419,0.22457582238522378,29.078,29.689,5,0.0,0.007636919004074725
