exe,mean,median,std,min,max,n,pct_vs_baseline,cov
som-rs-bc-nan,1179.0790000000002,1177.4245,1231.0605760213427,11.04,2350.82,10,0.14434045555895736,1.0440865930284082
som-rs-bc-l4bits,1224.0584000000001,1220.249,1278.3072768655345,11.241,2449.591,10,0.10229038091646614,1.044318863271176
som-rs-bc-l3bits,1230.2930000000001,1227.0365000000002,1285.0820464109586,11.077,2453.344,10,0.0967044435756359,1.0445333318249868
som-rs-bc-baseline,1349.2678,1347.7195,1408.1023379361632,13.306,2690.142,10,0.0,1.043604789157618
