exe,mean,median,std,min,max,n,pct_vs_baseline,cov
som-rs-bc-l3bits,19.1188,19.112,0.02259867252738487,19.101,19.157,5,0.14240433500010452,0.0011820131246409224
som-rs-bc-nan,19.3042,19.3,0.015562776101968183,19.289,19.326,5,0.13143253799691257,0.000806186016616497
som-rs-bc-l4bits,19.7292,19.766,0.08107219005306257,19.593,19.793,5,0.10705958680534433,0.004109248730463606
som-rs-bc-baseline,21.8414,21.826,0.031895140695721864,21.809,21.88,5,0.0,0.0014603066056077846
