exe,mean,median,std,min,max,n,pct_vs_baseline,cov
som-rs-bc-l3bits,7.21352,8.346499999999999,2.0128408973039904,3.011,9.861,300,0.3195527287648747,0.2790372657598496
som-rs-bc-l4bits,7.286356666666667,8.516,1.9875395394452948,3.049,8.852,300,0.3063620730433634,0.272775494032266
som-rs-bc-nan,7.44561,8.479,1.9312829494066668,2.995,14.041,300,0.2784204383522637,0.2593854565853794
som-rs-bc-baseline,9.518619999999999,10.9305,2.6010048448519174,4.54,14.045,300,0.0,0.2732544050347548
