exe,mean,median,std,min,max,n,pct_vs_baseline,cov
som-rs-bc-nan,101.31765,116.029,28.180889882245793,52.45,120.566,20,0.292596600888394,0.278143935259511
som-rs-bc-l4bits,104.0273,119.027,28.376526457619864,48.925,121.932,20,0.25892770455447756,0.27277961129068873
som-rs-bc-l3bits,104.84034999999999,120.3015,28.31031811023379,52.374,124.374,20,0.2491645630713748,0.27003265546360533
som-rs-bc-baseline,130.96285,147.9035,35.97008198383324,65.854,158.665,20,0.0,0.2746586683462771
