exe,mean,median,std,min,max,n,pct_vs_baseline,cov
som-rs-bc-l4bits,8.497516666666668,9.789,2.302296940099213,3.973,11.949,300,0.3522931209314093,0.2709376198260918
som-rs-bc-nan,8.626103333333333,9.9985,2.2577575474644433,3.817,11.853,300,0.3321349037089363,0.26173550909596993
som-rs-bc-l3bits,9.300799999999999,10.650500000000001,2.571765841819681,3.915,11.385,300,0.23549945524399352,0.2765101756644247
som-rs-bc-baseline,11.491133333333334,13.326,3.275719300960403,5.12,19.119,300,0.0,0.2850649458098478
