exe,mean,median,std,min,max,n,pct_vs_baseline,cov
som-rs-bc-l4bits,5.1719800000000005,5.8595,1.189431243020339,2.652,8.15,300,0.28761712148925556,0.22997599430398782
som-rs-bc-l3bits,5.199223333333333,5.7565,1.0781124872849266,2.661,7.814,300,0.2808701556065747,0.20736029559894392
som-rs-bc-nan,5.200656666666667,5.7765,1.1187186615056053,2.611,8.31,300,0.2805171398227275,0.2151110394723753
som-rs-bc-baseline,6.65953,7.612500000000001,1.6666944823286436,2.892,11.221,300,0.0,0.2502720886201644
