exe,mean,median,std,min,max,n,pct_vs_baseline,cov
som-rs-bc-nan,1951.2088666666668,2317.3575,645.2273878454636,838.225,2492.83,60,0.13098789048143233,0.33068084041035184
som-rs-bc-l3bits,1977.0064666666667,2368.6899999999996,658.4396846571999,846.24,2492.531,60,0.11622983394726383,0.33304882698100763
som-rs-bc-l4bits,1981.3783,2383.3590000000004,665.3229162661988,837.132,2572.317,60,0.113766916696322,0.33578792917344397
som-rs-bc-baseline,2206.7936,2611.815,715.2435313294225,971.787,2790.396,60,0.0,0.32410984485790717
