exe,mean,median,std,min,max,n,pct_vs_baseline,cov
som-rs-bc-nan,4.9382399999999995,5.554,1.0616860804925832,2.63,7.261,300,0.346283291213064,0.21499280725371453
som-rs-bc-l4bits,4.989433333333333,5.599,1.0408389008940189,2.658,7.433,300,0.33246995316769445,0.20860863977085284
som-rs-bc-l3bits,5.055476666666666,5.562,0.9474192102701174,2.641,7.577,300,0.3150629383447523,0.18740452636581928
som-rs-bc-baseline,6.64827,7.4895,1.613497461197559,2.933,10.578,300,0.0,0.2426943341948445
