exe,mean,median,std,min,max,n,pct_vs_baseline,cov
som-rs-bc-nan,3167.698625,1394.094,3469.068279092245,32.759,7566.285,40,0.26665571760318585,1.0951383606110083
som-rs-bc-l3bits,3411.3565000000003,1487.4825,3745.53398843211,32.365,8264.422,40,0.17618418802021996,1.097960294807098
som-rs-bc-l4bits,3520.355925,1537.1375,3858.886522540092,39.029,8520.418,40,0.13976644989384135,1.096163741608057
som-rs-bc-baseline,4012.383575,1794.9005,4381.936584272974,38.818,9627.915,40,0.0,1.0921031108729364
